atom_id,order_no,service_code,service_name,service_sequence,scene_overview_code,scene_overview_name,sop,vas_des,atom_status
513993,VASC000000262686,OSF6V1603,库内其他服务需求,1,20250407062,【库内】指定单品/库位商品更换标签上架,仓库操作步骤：,,
520143,VASC000000265527,OSF8V1620,Winit线下尾程服务,1,202512301,【尾程】winit线下尾程询价,"""1、仓库/尾程SD报价；",,
523146,VASC000000266928,OSF8V1620,Winit线下尾程服务,1,202512301,【尾程】winit线下尾程询价,"""1、仓库/尾程SD报价；",,
524259,VASC000000267348,OSF8V1620,Winit线下尾程服务,1,202512301,【尾程】winit线下尾程询价,"""1、仓库/尾程SD报价；",,
524214,VASC000000267408,OSF6V1603,库内其他服务需求,1,20250808001,【库内】退货商品更换退货单重新上架,仓库操作步骤：,,
524358,VASC000000267465,OSF6V1660,審計盤點,1,20250407039,【库内】审计盘点,仓库盘点要求：,,
524367,VASC000000267477,OSF6V1660,審計盤點,1,20250407039,【库内】审计盘点,仓库盘点要求：,,
524388,VASC000000267486,OSF6V1660,審計盤點,1,20250407039,【库内】审计盘点,仓库盘点要求：,,
524502,VASC000000267492,OSF6V1646,货权转移（换标模式）,1,【In-warehouse】Transfer of ownership of goods,【库内】货权转移,仓库操作步骤：,,
524481,VASC000000267528,OSF6V1603,库内其他服务需求,1,20250407051,【库内】良品/不良品检测,背景：以下sku在库库存因批次问题需在库做改制，操作流程如下,,
524697,VASC000000267576,OW01V1602,入库其他服务需求,1,INBOUND_PICKUP_BF_SHELVE,【入库】上架前自提,【背景】M010000000010057708、M010000000010006160、M010000000010006324、M010000000010006490、M010000000010006654需要更换第三方箱唛和贴快递面单,,
525312,VASC000000267741,OW01V1602,入库其他服务需求,1,20250407003,【入库】上架前拆包装,M010000000005262799快件破损，EB0126040828647228，原包裹规格6个装，包裹破损丢失1个产品，只剩5个装，因此要拆成5件单品上架。,,
525948,VASC000000268050,OW01V1602,入库其他服务需求,1,20250407004,【入库】尺重/标签辨识后换标上架,【背景】原单WI48344461，商品件数下少，多发货到仓库，导致剩下的货物无法上架，只能通过新单处理上架。仓库已提前上架完成，此单为补收入库增值费。仓库将增值单状态更新为仓库已处理。,,
526188,VASC000000268200,OSF6V1660,审计盘点,1,20250407039,【库内】审计盘点,仓库操作步骤仓库操作步骤;,,
526206,VASC000000268206,OSF6V1660,审计盘点,1,20250407039,【库内】审计盘点,仓库操作步骤;,,
526212,VASC000000268215,OSF6V1660,审计盘点,1,20250407039,【库内】审计盘点,仓库操作步骤;,,
526230,VASC000000268218,OSF6V1603,库内其他服务需求,1,INSTOCK_SELF_PICK_ORDER_CANCEL_OUTBOUND,【库内】订单作废后重新上架,背景：商家将SKU：S25120914709600101 原计划下架后走换绑SKU的增值，因在途货物提前到仓，无法执行原方案，因此选择重新上架。,,
526299,VASC000000268248,OSF8V1601,出库其他服务需求,1,20250408001,【出库】重新打托（塑料托盘）,1、需要使用塑料托盘进行打托，规格：1mx1.2mx1.8m,NULL,RT
526305,VASC000000268257,OSF8V1601,出库其他服务需求,1,20250408001,【出库】重新打托（塑料托盘）,1、此单需要使用塑料托盘进行打托，规格：1mx1.2mx1.8m,NULL,RT
526428,VASC000000268341,OSF6V1603,库内其他服务需求,1,20250529001,【入库】上架前采集条码（含SN码、A+包第三方包裹码等）,仓库操作步骤：,,
526542,VASC000000268386,OSF8V1657,代理清关,1,【Outbound】Customs clearance agent,【出库】代理清关,打印附件的清关文件，交付尾程供应商，完成出库,NULL,CO
526713,VASC000000268452,OSF6V1603,库内其他服务需求,1,20250407043,【库内】商品外观辨识+贴标上架,问题1背景；入库单WI49060535 预报的包裹B0400000001395877651中商品M010000000009400525的SKU是：199874796383 ，而实际到货的商品码是M010000000009950617SKU是：199284085947-6pcs-pack=M010000000009950617 商品错装，一共1000件，错装件数为894；,,
526833,VASC000000268542,OSF6V1603,库内其他服务需求,1,20250401002,【库内】关联第三方条码上架,仓库操作步骤：,,
526866,VASC000000268557,OSF8V1620,Winit线下尾程服务,1,202512301,【尾程】winit线下尾程询价,"""1、仓库/尾程SD报价；",,
527028,VASC000000268647,OW01V1602,入库其他服务需求,1,2026041701,【入库】补贴透明计划标签,【背景】M010000000010002679，需贴整柜1567个透明计划标签，预计4.25到仓。,,
527043,VASC000000268686,OSF6V1603,库内其他服务需求,1,202506120002,【入库】上架前盘点,背景：,,
527061,VASC000000268689,OSF8V1620,Winit线下尾程服务,1,202512301,【尾程】winit线下尾程询价,"""1、仓库/尾程SD报价；",,
527076,VASC000000268701,OSF8V1620,Winit线下尾程服务,1,202512301,【尾程】winit线下尾程询价,"""1、仓库/尾程SD报价；",,
527322,VASC000000268737,OW01V1602,入库其他服务需求,1,INBOUND_DESTORY_BF_SHELVE,【入库】上架前销毁,VASC000000268737，EB0126041628854468，为亚马逊那边移除过来的货需入库上架，,,
527304,VASC000000268764,OSF6V1647,货权转移（改数模式）,1,【In-warehouse】Transfer of ownership of goods,【库内】货权转移,操作说明：,,
527601,VASC000000268935,OSF6V1603,库内其他服务需求,1,20250407062,【库内】指定单品/库位商品更换标签上架,仓库操作步骤：,,
527769,VASC000000269028,OW01V1602,入库其他服务需求,1,20250407003,【入库】上架前拆包装,【背景】客户的包裹到仓做了包中包，外箱没有包裹条码，里面的产品每个SKU 都用袋子单独装起来了并在外面贴了包裹条码属于A包。,,
527856,VASC000000269103,OSF8V1620,Winit线下尾程服务,1,202512301,【尾程】winit线下尾程询价,"""1、仓库/尾程SD报价；",,
527907,VASC000000269139,OW01V1602,入库其他服务需求,1,20250929,【入库】海运整柜100%A+无包裹条码异常，新单无箱单或100%A+包直接上架,【背景】VASC000000268548[海运整柜100%A+/A包裹]有计划外商品，现已下新的入库单，需仓库直接扫描上架，,,
527910,VASC000000269142,OW01V1602,入库其他服务需求,1,20250929,【入库】海运整柜100%A+无包裹条码异常，新单无箱单或100%A+包直接上架,【背景】VASC000000268551[海运整柜100%A+/A包裹]有计划外商品，现已下新的入库单，需仓库直接扫描上架，,,
527913,VASC000000269151,OW01V1602,入库其他服务需求,1,20250929,【入库】海运整柜100%A+无包裹条码异常，新单无箱单或100%A+包直接上架,【背景】VASC000000268554[海运整柜100%A+/A包裹]有计划外商品，现已下新的入库单，需仓库直接扫描上架，,,
527916,VASC000000269157,OW01V1602,入库其他服务需求,1,20250929,【入库】海运整柜100%A+无包裹条码异常，新单无箱单或100%A+包直接上架,【背景】VASC000000268908[海运整柜100%A+/A包裹]有计划外商品，现已下新的入库单，需仓库直接扫描上架，,,
528294,VASC000000269307,OSF6V1603,库内其他服务需求,1,20250530002,清除标签,仓库操作步骤：,,
528330,VASC000000269325,OSF8V1601,出库其他服务需求,1,NULL,NULL,,NULL,CD
528357,VASC000000269337,OSF6V1647,货权转移（改数模式）,1,【In-warehouse】Transfer of ownership of goods,【库内】货权转移,货权转移增值，仓库为需要实际操作，只需要将增值单更新为“仓库已处理”，以便国内收费。,NULL,CO
528423,VASC000000269370,OW01V1602,入库其他服务需求,1,20260302,【入库】覆盖/清除标签,【背景】M010000000009211607	需要清除UN标。,,
528480,VASC000000269400,OSF6V1671,逆向取货,1,20250723,【尾程】Anker Crowfoots出库,仅收费，无需仓库操作,NULL,CO
528519,VASC000000269424,OSF8V1749,审核出库单,1,NULL,NULL,仅万邑通内部发起,NULL,CO
528522,VASC000000269430,OSF8V1749,审核出库单,1,NULL,NULL,仅万邑通内部发起,NULL,CO
528543,VASC000000269454,OSF6V1647,货权转移（改数模式）,1,【In-warehouse】Transfer of ownership of goods,【库内】货权转移,货权转移增值，仓库为需要实际操作，只需要将增值单更新为“仓库已处理”，以便国内收费。,,
528609,VASC000000269472,OW01V1602,入库其他服务需求,1,2026041701,【入库】补贴透明计划标签,【背景】M010000000008935025，需要在入库时贴透明计划标签,,
528576,VASC000000269481,OSF8V1620,Winit线下尾程服务,1,NULL,NULL,"""1、仓库/尾程SD报价；",,
528600,VASC000000269484,OSF8V1755,出库核对EAN码,1,NULL,NULL,步骤1：拆开商品外箱 步骤2：核对外箱及彩盒上的条码 步骤3：若条码不一致，则需要用客户上传的标签文件覆盖EAN条码 步骤4：外箱和彩盒上不能出现除正确EAN条码以外的其他条码，若有其他条码请用白标覆盖,NULL,CD
528954,VASC000000269520,OW01V1602,入库其他服务需求,1,2026041701,【入库】补贴透明计划标签,【背景】M010000000008935025，需贴整柜1222个透明计划标签。,,
528684,VASC000000269523,OSF8V1657,代理清关,1,【Outbound】Customs clearance agent,【出库】代理清关,打印附件的清关文件，交付尾程供应商，完成出库,NULL,CO
528705,VASC000000269526,OSF8V1657,代理清关,1,【Outbound】Customs clearance agent,【出库】代理清关,打印附件的清关文件，交付尾程供应商，完成出库,NULL,CO
528708,VASC000000269529,OSF8V1657,代理清关,1,【Outbound】Customs clearance agent,【出库】代理清关,打印附件的清关文件，交付尾程供应商，完成出库,NULL,CO
528720,VASC000000269532,OSF8V1657,代理清关,1,【Outbound】Customs clearance agent,【出库】代理清关,打印附件的清关文件，交付尾程供应商，完成出库,NULL,CO
528732,VASC000000269535,OSF8V1657,代理清关,1,【Outbound】Customs clearance agent,【出库】代理清关,打印附件的清关文件，交付尾程供应商，完成出库,NULL,CO
528735,VASC000000269538,OSF8V1657,代理清关,1,【Outbound】Customs clearance agent,【出库】代理清关,打印附件的清关文件，交付尾程供应商，完成出库,NULL,CO
528747,VASC000000269541,OSF8V1657,代理清关,1,【Outbound】Customs clearance agent,【出库】代理清关,打印附件的清关文件，交付尾程供应商，完成出库,NULL,CO
528750,VASC000000269544,OSF8V1657,代理清关,1,NULL,NULL,打印附件的清关文件，交付尾程供应商，完成出库,NULL,CD
528753,VASC000000269547,OSF8V1657,代理清关,1,【Outbound】Customs clearance agent,【出库】代理清关,打印附件的清关文件，交付尾程供应商，完成出库,NULL,CO
528759,VASC000000269550,OSF8V1657,代理清关,1,【Outbound】Customs clearance agent,【出库】代理清关,打印附件的清关文件，交付尾程供应商，完成出库,NULL,CO
528762,VASC000000269553,OSF8V1657,代理清关,1,【Outbound】Customs clearance agent,【出库】代理清关,打印附件的清关文件，交付尾程供应商，完成出库,NULL,CO
528771,VASC000000269556,OSF8V1657,代理清关,1,【Outbound】Customs clearance agent,【出库】代理清关,打印附件的清关文件，交付尾程供应商，完成出库,NULL,CO
528774,VASC000000269559,OSF8V1657,代理清关,1,【Outbound】Customs clearance agent,【出库】代理清关,打印附件的清关文件，交付尾程供应商，完成出库,NULL,CO
528798,VASC000000269568,OSF8V1657,代理清关,1,【Outbound】Customs clearance agent,【出库】代理清关,打印附件的清关文件，交付尾程供应商，完成出库,NULL,CO
528897,VASC000000269589,OW01V1599,提供海外仓监控视频-少包裹调查,1,NULL,NULL,根据到仓订单具体情况提供对应视频：,,
528903,VASC000000269610,OSF8V1755,出库核对EAN码,1,NULL,NULL,步骤1：拆开商品外箱 步骤2：核对外箱及彩盒上的条码 步骤3：若条码不一致，则需要用客户上传的标签文件覆盖EAN条码 步骤4：外箱和彩盒上不能出现除正确EAN条码以外的其他条码，若有其他条码请用白标覆盖,NULL,CO
528939,VASC000000269634,OSF8V1620,Winit线下尾程服务,1,202512301,【尾程】winit线下尾程询价,"""1、仓库/尾程SD报价；",,
528999,VASC000000269637,OW01V1602,入库其他服务需求,1,NULL,NULL,,NULL,CD
529089,VASC000000269643,OW01V1602,入库其他服务需求,1,2026041701,【入库】补贴透明计划标签,【背景】M010000000010002679，需贴整柜1567个透明计划标签。,,
528972,VASC000000269646,OSF8V1620,Winit线下尾程服务,1,202512301,【尾程】winit线下尾程询价,"""1、仓库/尾程SD报价；",,
529044,VASC000000269673,OSF6V1647,货权转移（改数模式）,1,【In-warehouse】Transfer of ownership of goods,【库内】货权转移,货权转移增值，仓库为需要实际操作，只需要将增值单更新为“仓库已处理”，以便国内收费。,NULL,CD
529113,VASC000000269709,OW01V1602,入库其他服务需求,1,20250529001,【入库】上架前采集条码（含SN码、A+包第三方包裹码等）,【背景】客户发货仓出库无法提供完整的SN码表，需要仓库采集WI49136073入库单中无法识别的SN码，共计257件，采集后导入系统绑定后重新上架。,,
529152,VASC000000269721,OW01V1602,入库其他服务需求,1,NULL,NULL,,NULL,CD
529206,VASC000000269748,OSF8V1601,出库其他服务需求,1,20250414001,【出库】补增值后补订单级标签,操作步骤：,,
529218,VASC000000269757,OW01V1602,入库其他服务需求,1,2026042101,【入库】100%A+/A包裹包裹条码批量异常（需客户处理）,【背景】WI48302976 原单下错商品，实物商品条码是M010000000008832245，重下新单按照实际贴的标签M010000000008832245，1020件，进行新单上架，无需更换包裹及商品标签。,,
529353,VASC000000269763,OW01V1599,提供海外仓监控视频-少包裹调查,1,NULL,NULL,根据到仓订单具体情况提供对应视频：,,
529236,VASC000000269769,OSF8V1755,出库核对EAN码,1,NULL,NULL,步骤1：拆开商品外箱 步骤2：核对外箱及彩盒上的条码 步骤3：若条码不一致，则需要用客户上传的标签文件覆盖EAN条码 步骤4：外箱和彩盒上不能出现除正确EAN条码以外的其他条码，若有其他条码请用白标覆盖,NULL,CO
529248,VASC000000269775,OSF8V1716,Anker加急出库,1,NULL,NULL,仓库根据订单情况判断能否在【指定出库日期】之前完成增值，若无法操作加急，请“异常终止”增值订单，若可以操作，请填写加急实际操作工时并“完成”增值 注意（非常重要！！！）： 1. 加急增值完成标准： *标准出库：加急订单出库日期应早于应出库日期，若不符合此条件，请“异常终止”增值订单 *自提出库：加急订单暂存日期应早于应暂存日期，若不符合此条件，请“异常终止”增值订单 2. 仓库实际操作工时，请提前记录并如实填写，最终会根据此工时收取客户费用 3. 需要在出库前完成此增值，否则增值将会被自动“异常终止”,NULL,CO
529296,VASC000000269796,OSF8V1620,Winit线下尾程服务,1,NULL,NULL,"""1、仓库/尾程SD报价；",,
529341,VASC000000269817,OSF8V1755,出库核对EAN码,1,NULL,NULL,步骤1：拆开商品外箱 步骤2：核对外箱及彩盒上的条码 步骤3：若条码不一致，则需要用客户上传的标签文件覆盖EAN条码 步骤4：外箱和彩盒上不能出现除正确EAN条码以外的其他条码，若有其他条码请用白标覆盖,NULL,CO
529344,VASC000000269817,OSF8V1716,Anker加急出库,1,NULL,NULL,仓库根据订单情况判断能否在【指定出库日期】之前完成增值，若无法操作加急，请“异常终止”增值订单，若可以操作，请填写加急实际操作工时并“完成”增值 注意（非常重要！！！）： 1. 加急增值完成标准： *标准出库：加急订单出库日期应早于应出库日期，若不符合此条件，请“异常终止”增值订单 *自提出库：加急订单暂存日期应早于应暂存日期，若不符合此条件，请“异常终止”增值订单 2. 仓库实际操作工时，请提前记录并如实填写，最终会根据此工时收取客户费用 3. 需要在出库前完成此增值，否则增值将会被自动“异常终止”,NULL,CO
529398,VASC000000269844,OW01V1602,入库其他服务需求,1,202506120002,【入库】上架前盘点,【背景】WI48847535，M010000000008044884，12件；M010000000006833278，8件；M010000000006787864，59件；为翻新仓来货，可能存在少货、贴标错误等异常。,,
529452,VASC000000269880,OSF8V1755,出库核对EAN码,1,NULL,NULL,步骤1：拆开商品外箱 步骤2：核对外箱及彩盒上的条码 步骤3：若条码不一致，则需要用客户上传的标签文件覆盖EAN条码 步骤4：外箱和彩盒上不能出现除正确EAN条码以外的其他条码，若有其他条码请用白标覆盖,NULL,CO
529542,VASC000000269886,OSF6V1651,库内商品拍摄视频,1,NULL,NULL,,NULL,CO
529461,VASC000000269892,OSF8V1755,出库核对EAN码,1,NULL,NULL,步骤1：拆开商品外箱 步骤2：核对外箱及彩盒上的条码 步骤3：若条码不一致，则需要用客户上传的标签文件覆盖EAN条码 步骤4：外箱和彩盒上不能出现除正确EAN条码以外的其他条码，若有其他条码请用白标覆盖,NULL,CO
529470,VASC000000269895,OSF6V1752,无主货找回（6个自然日内）-仓库创建无RMA退货单,1,NULL,NULL,步骤1：按照客户提供的快递单号或者POD尝试找回无主货 步骤2： ①若货物找回，请仓库创建无RMA退货单上架并反馈退货订单号，然后【完成】增值单 ②若货物未找回，请【完成】增值单  注意：此增值无论商品是否找回，请将增值单更新为【已出库】,NULL,CO
529488,VASC000000269898,OSF8V1620,Winit线下尾程服务,1,NULL,NULL,"""1、仓库/尾程SD报价；",,
529497,VASC000000269907,OSF8V1755,出库核对EAN码,1,NULL,NULL,步骤1：拆开商品外箱 步骤2：核对外箱及彩盒上的条码 步骤3：若条码不一致，则需要用客户上传的标签文件覆盖EAN条码 步骤4：外箱和彩盒上不能出现除正确EAN条码以外的其他条码，若有其他条码请用白标覆盖,NULL,CO
529560,VASC000000269949,OW01V1602,入库其他服务需求,1,2026042101,【入库】100%A+/A包裹包裹条码批量异常（需客户处理）,【背景】100%A+包裹散货入仓，需扫描商品码上架。,,
529569,VASC000000269952,OW01V1602,入库其他服务需求,1,2026042101,【入库】100%A+/A包裹包裹条码批量异常（需客户处理）,【背景】100%A+包裹散货入仓，需扫描商品码上架。,,
529578,VASC000000269955,OW01V1602,入库其他服务需求,1,2026042101,【入库】100%A+/A包裹包裹条码批量异常（需客户处理）,【背景】100%A+包裹散货入仓，需扫描商品码上架。,,
529587,VASC000000269961,OW01V1602,入库其他服务需求,1,2026042101,【入库】100%A+/A包裹包裹条码批量异常（需客户处理）,【背景】100%A+包裹散货入仓，需扫描商品码上架。,,
529596,VASC000000269964,OW01V1602,入库其他服务需求,1,2026042101,【入库】100%A+/A包裹包裹条码批量异常（需客户处理）,【背景】100%A+包裹散货入仓，需扫描商品码上架。,,
529605,VASC000000269967,OW01V1602,入库其他服务需求,1,2026042101,【入库】100%A+/A包裹包裹条码批量异常（需客户处理）,【背景】100%A+包裹散货入仓，需扫描商品码上架。,,
529614,VASC000000269970,OW01V1602,入库其他服务需求,1,2026042101,【入库】100%A+/A包裹包裹条码批量异常（需客户处理）,【背景】100%A+包裹散货入仓，需扫描商品码上架。,,
529623,VASC000000269973,OW01V1602,入库其他服务需求,1,2026042101,【入库】100%A+/A包裹包裹条码批量异常（需客户处理）,【背景】100%A+包裹散货入仓，需扫描商品码上架。,,
530307,VASC000000270000,OW01V1602,入库其他服务需求,1,20250522001,【入库】指定商品拍照暂存,【背景】EB0126032028217574中43件a+包裹都是退货，历史拍照过一次，由于当时提供的拍照需求没有要求带数字标识，导致客户对仓库回复的图片无法辨识定位，客户没办法指定包裹进行（销毁/上架）处理，故需仓库重新拍照。,,
529851,VASC000000270075,OW01V1602,入库其他服务需求,1,2026042101,【入库】100%A+/A包裹包裹条码批量异常（需客户处理）,【背景】100%A+包裹散货入仓，需扫描商品码上架。,,
529845,VASC000000270084,OSF8V1601,出库其他服务需求,1,20250407013,【出库】指定位置贴商品/包裹标签/快递面单,1、共有20箱是A+包，需开箱在彩盒上补贴商品标签,NULL,CD
529848,VASC000000270087,OSF8V1601,出库其他服务需求,1,20250516,【出库】补贴/更换商品标签,操作步骤：,,
529869,VASC000000270090,OSF6V1603,库内其他服务需求,1,20250512001,【库内】商品更换包装（WINIT标准包材）,仓库操作步骤：,,
529974,VASC000000270129,OSF6V1603,库内其他服务需求,1,20250407035,【库内】拍摄照片/视频,背景：TIktok店铺，海外仓视频审核，证明客户的产品的确有入库，仓库及货架上的确有产品。,,
529887,VASC000000270132,OSF6V1603,库内其他服务需求,1,20250407044,仓库已完成 需补收费用,背景：对应这个审计盘点增值：VASC000000265716 是仓库加班处理，一共耗费58个加班工时；,,
529962,VASC000000270150,OW01V1602,入库其他服务需求,1,20251208,【入库】包裹级异常更换包装,【背景】M010000000010061706，1件入库破损，需要用客制包材重新包装上架,,
529989,VASC000000270153,OW01V1599,提供海外仓监控视频-少包裹调查,1,NULL,NULL,根据到仓订单具体情况提供对应视频：,,
530031,VASC000000270177,OW01V1602,入库其他服务需求,1,20250929,【入库】海运整柜100%A+无包裹条码异常，新单无箱单或100%A+包直接上架,【背景】[海运整柜100%A+/A包裹]，需扫描商品码上架。,,
530073,VASC000000270183,OW01V1602,入库其他服务需求,1,2026041701,【入库】补贴透明计划标签,【背景】M010000000010002679，需贴整柜1567个透明计划标签。预计5月14号到港。,,
530052,VASC000000270201,OSF6V1603,库内其他服务需求,1,202512150002,【库内】异常商品转不良品上架,背景：原辨识增值：VASC000000259587  辨识了一共92件，其中88件为良品。4件为不良品，现要针对辨识结果重新做上架；,,
530103,VASC000000270228,OSF6V1603,库内其他服务需求,1,202512150002,【库内】异常商品转不良品上架,仓库操作步骤：,,
530127,VASC000000270231,OSF8V1601,出库其他服务需求,1,NULL,NULL,,NULL,CD
530133,VASC000000270237,OSF8V1601,出库其他服务需求,1,20250421002,【出库】仓库自主交货,操作步骤：,,
530178,VASC000000270279,OSF8V1601,出库其他服务需求,1,【In-warehouse】Transfer of ownership of goods,【库内】货权转移,货权转移操作流程,,
530202,VASC000000270288,OSF6V1646,货权转移（换标模式）,1,【In-warehouse】Transfer of ownership of goods,【库内】货权转移,货权转移操作流程,,
530205,VASC000000270294,OSF8V1749,审核出库单,1,NULL,NULL,仅万邑通内部发起,NULL,CO
530373,VASC000000270330,OSF6V1603,库内其他服务需求,1,20250530002,清除标签,仓库操作步骤：,,
530241,VASC000000270333,OSF8V1749,审核出库单,1,NULL,NULL,仅万邑通内部发起,NULL,CO
542043,VASC000000270339,OSF6V1603,库内其他服务需求,1,20250407062,【库内】指定单品/库位商品更换标签上架,仓库操作步骤：,,
530280,VASC000000270351,OSF6V1660,审计盘点,1,NULL,NULL,,NULL,CD
530262,VASC000000270354,OSF8V1755,出库核对EAN码,1,NULL,NULL,步骤1：拆开商品外箱 步骤2：核对外箱及彩盒上的条码 步骤3：若条码不一致，则需要用客户上传的标签文件覆盖EAN条码 步骤4：外箱和彩盒上不能出现除正确EAN条码以外的其他条码，若有其他条码请用白标覆盖,NULL,CO
530271,VASC000000270360,OSF8V1716,Anker加急出库,1,NULL,NULL,仓库根据订单情况判断能否在【指定出库日期】之前完成增值，若无法操作加急，请“异常终止”增值订单，若可以操作，请填写加急实际操作工时并“完成”增值 注意（非常重要！！！）： 1. 加急增值完成标准： *标准出库：加急订单出库日期应早于应出库日期，若不符合此条件，请“异常终止”增值订单 *自提出库：加急订单暂存日期应早于应暂存日期，若不符合此条件，请“异常终止”增值订单 2. 仓库实际操作工时，请提前记录并如实填写，最终会根据此工时收取客户费用 3. 需要在出库前完成此增值，否则增值将会被自动“异常终止”,NULL,CO
530289,VASC000000270363,OSF6V1660,审计盘点,1,NULL,NULL,,NULL,CD
530313,VASC000000270372,OW01V1622,入库-提供无箱单预报单上架,1,NULL,NULL,"""场景1：新入库单是无箱单，通过包裹推荐>商品预分拣上架",,
530331,VASC000000270393,OW01V1602,入库其他服务需求,1,20250522001,【入库】指定商品拍照暂存,【背景】原增值单号：VASC000000255333，入库单WI48849003中5个托（68件）的包裹，历史拍照过一次，由于当时提供的拍照需求没有要求带数字标识，导致客户对仓库回复的图片无法辨识定位，客户没办法指定包裹进行（销毁/上架）处理，故需仓库重新拍照。,,
530424,VASC000000270426,OSF6V1677,退货商品补拍细节照,1,NULL,NULL,针对退货入库商品，按照客户示例图要求开箱补拍商品细节照片（含外箱标签照、内部商品细节图、内部商品标签照等）,NULL,CO
530430,VASC000000270435,OSF8V1755,出库核对EAN码,1,NULL,NULL,步骤1：拆开商品外箱 步骤2：核对外箱及彩盒上的条码 步骤3：若条码不一致，则需要用客户上传的标签文件覆盖EAN条码 步骤4：外箱和彩盒上不能出现除正确EAN条码以外的其他条码，若有其他条码请用白标覆盖,NULL,CO
530448,VASC000000270444,OW01V1599,提供海外仓监控视频-少包裹调查,1,NULL,NULL,根据到仓订单具体情况提供对应视频：,,
530457,VASC000000270450,OSF8V1657,代理清关,1,【Outbound】Customs clearance agent,【出库】代理清关,打印附件的清关文件，交付尾程供应商，完成出库,NULL,CO
530604,VASC000000270480,OSF8V1620,Winit线下尾程服务,1,202512301,【尾程】winit线下尾程询价,"""1、仓库/尾程SD报价；",,
530601,VASC000000270483,OSF6V1752,无主货找回（6个自然日内）-仓库创建无RMA退货单,1,NULL,NULL,步骤1：按照客户提供的快递单号或者POD尝试找回无主货 步骤2： ①若货物找回，请仓库创建无RMA退货单上架并反馈退货订单号，然后【完成】增值单 ②若货物未找回，请【完成】增值单  注意：此增值无论商品是否找回，请将增值单更新为【已出库】,NULL,CO
530592,VASC000000270486,OSF8V1755,出库核对EAN码,1,NULL,NULL,步骤1：拆开商品外箱 步骤2：核对外箱及彩盒上的条码 步骤3：若条码不一致，则需要用客户上传的标签文件覆盖EAN条码 步骤4：外箱和彩盒上不能出现除正确EAN条码以外的其他条码，若有其他条码请用白标覆盖,NULL,CO
530616,VASC000000270492,OSF8V1755,出库核对EAN码,1,NULL,NULL,步骤1：拆开商品外箱 步骤2：核对外箱及彩盒上的条码 步骤3：若条码不一致，则需要用客户上传的标签文件覆盖EAN条码 步骤4：外箱和彩盒上不能出现除正确EAN条码以外的其他条码，若有其他条码请用白标覆盖,NULL,CO
530637,VASC000000270513,OSF8V1716,Anker加急出库,1,NULL,NULL,仓库根据订单情况判断能否在【指定出库日期】之前完成增值，若无法操作加急，请“异常终止”增值订单，若可以操作，请填写加急实际操作工时并“完成”增值 注意（非常重要！！！）： 1. 加急增值完成标准： *标准出库：加急订单出库日期应早于应出库日期，若不符合此条件，请“异常终止”增值订单 *自提出库：加急订单暂存日期应早于应暂存日期，若不符合此条件，请“异常终止”增值订单 2. 仓库实际操作工时，请提前记录并如实填写，最终会根据此工时收取客户费用 3. 需要在出库前完成此增值，否则增值将会被自动“异常终止”,NULL,CO
530661,VASC000000270519,OSF8V1620,Winit线下尾程服务,1,202512301,【尾程】winit线下尾程询价,"""1、仓库/尾程SD报价；",,
530667,VASC000000270522,OSF8V1755,出库核对EAN码,1,NULL,NULL,步骤1：拆开商品外箱 步骤2：核对外箱及彩盒上的条码 步骤3：若条码不一致，则需要用客户上传的标签文件覆盖EAN条码 步骤4：外箱和彩盒上不能出现除正确EAN条码以外的其他条码，若有其他条码请用白标覆盖,NULL,CO
530679,VASC000000270525,OSF8V1620,Winit线下尾程服务,1,202512301,【尾程】winit线下尾程询价,"""1、仓库/尾程SD报价；",,
530766,VASC000000270552,OSF6V1651,库内商品拍摄视频,1,NULL,NULL,,NULL,CO
530784,VASC000000270564,OSF8V1755,出库核对EAN码,1,NULL,NULL,步骤1：拆开商品外箱 步骤2：核对外箱及彩盒上的条码 步骤3：若条码不一致，则需要用客户上传的标签文件覆盖EAN条码 步骤4：外箱和彩盒上不能出现除正确EAN条码以外的其他条码，若有其他条码请用白标覆盖,NULL,CO
530790,VASC000000270567,OSF8V1755,出库核对EAN码,1,NULL,NULL,步骤1：拆开商品外箱 步骤2：核对外箱及彩盒上的条码 步骤3：若条码不一致，则需要用客户上传的标签文件覆盖EAN条码 步骤4：外箱和彩盒上不能出现除正确EAN条码以外的其他条码，若有其他条码请用白标覆盖,NULL,CO
530796,VASC000000270570,OSF8V1755,出库核对EAN码,1,NULL,NULL,步骤1：拆开商品外箱 步骤2：核对外箱及彩盒上的条码 步骤3：若条码不一致，则需要用客户上传的标签文件覆盖EAN条码 步骤4：外箱和彩盒上不能出现除正确EAN条码以外的其他条码，若有其他条码请用白标覆盖,NULL,CO
530799,VASC000000270573,OSF8V1749,审核出库单,1,NULL,NULL,仅万邑通内部发起,NULL,CO
530832,VASC000000270576,OSF8V1620,Winit线下尾程服务,1,202512301,【尾程】winit线下尾程询价,"""1、仓库/尾程SD报价；",,
530850,VASC000000270588,OSF8V1755,出库核对EAN码,1,NULL,NULL,步骤1：拆开商品外箱 步骤2：核对外箱及彩盒上的条码 步骤3：若条码不一致，则需要用客户上传的标签文件覆盖EAN条码 步骤4：外箱和彩盒上不能出现除正确EAN条码以外的其他条码，若有其他条码请用白标覆盖,NULL,CO
530853,VASC000000270588,OSF8V1716,Anker加急出库,1,NULL,NULL,仓库根据订单情况判断能否在【指定出库日期】之前完成增值，若无法操作加急，请“异常终止”增值订单，若可以操作，请填写加急实际操作工时并“完成”增值 注意（非常重要！！！）： 1. 加急增值完成标准： *标准出库：加急订单出库日期应早于应出库日期，若不符合此条件，请“异常终止”增值订单 *自提出库：加急订单暂存日期应早于应暂存日期，若不符合此条件，请“异常终止”增值订单 2. 仓库实际操作工时，请提前记录并如实填写，最终会根据此工时收取客户费用 3. 需要在出库前完成此增值，否则增值将会被自动“异常终止”,NULL,CO
530859,VASC000000270591,OSF8V1755,出库核对EAN码,1,NULL,NULL,步骤1：拆开商品外箱 步骤2：核对外箱及彩盒上的条码 步骤3：若条码不一致，则需要用客户上传的标签文件覆盖EAN条码 步骤4：外箱和彩盒上不能出现除正确EAN条码以外的其他条码，若有其他条码请用白标覆盖,NULL,CO
530877,VASC000000270594,OW01V1602,入库其他服务需求,1,20251205,【入库】新单上架到预报单，无需更换包裹条码,【背景】客户货物未提前注册sku下单，导致货物到仓后无入库单触发包裹条码批量异常,,
530889,VASC000000270606,OSF8V1749,审核出库单,1,NULL,NULL,仅万邑通内部发起,NULL,CO
531072,VASC000000270678,OW01V1600,提供海外仓监控视频-少单品调查,1,NULL,NULL,根据到仓订单具体情况提供对应视频：,,
531078,VASC000000270684,OSF6V1673,无主货找回-6个自然日内,1,NULL,NULL,根据客户提供的单据信息找货，若超过1h未找回，则反馈无法找回,NULL,CD
531081,VASC000000270696,OW01V1602,入库其他服务需求,1,20250407004,【入库】尺重/标签辨识后换标上架,该包裹已上架,NULL,CD
531087,VASC000000270699,OSF6V1752,无主货找回（6个自然日内）-仓库创建无RMA退货单,1,NULL,NULL,步骤1：按照客户提供的快递单号或者POD尝试找回无主货 步骤2： ①若货物找回，请仓库创建无RMA退货单上架并反馈退货订单号，然后【完成】增值单 ②若货物未找回，请【完成】增值单  注意：此增值无论商品是否找回，请将增值单更新为【已出库】,NULL,CO
531285,VASC000000270717,OSF6V1596,单品拆分后上架（拆分为一个SKU）,1,NULL,NULL,1.拆分单品，拆分为同1个SKU,,
531252,VASC000000270744,OSF8V1620,Winit线下尾程服务,1,NULL,NULL,"""1、仓库/尾程SD报价；",,
531282,VASC000000270780,OW01V1602,入库其他服务需求,1,20250407020,【入库】组合后上架,【背景】RT16000291907447CN退货大批量商品（20件）异常，需按新入库单上架。,,
531363,VASC000000270798,OW01V1602,入库其他服务需求,1,20250407003,【入库】上架前拆包装,【背景】WI49464000入库单的外箱和中箱需拆除，上架内部20个A包。,,
531369,VASC000000270834,OW01V1602,入库其他服务需求,1,20250407003,【入库】上架前拆包装,【背景】WI49455755入库单的42箱外箱和中箱需拆除，M010000000010469460，120件和M010000000010469346，360件。,,
531426,VASC000000270843,OW01V1599,提供海外仓监控视频-少包裹调查,1,NULL,NULL,根据到仓订单具体情况提供对应视频：,,
531387,VASC000000270849,OSF8V1755,出库核对EAN码,1,NULL,NULL,步骤1：拆开商品外箱 步骤2：核对外箱及彩盒上的条码 步骤3：若条码不一致，则需要用客户上传的标签文件覆盖EAN条码 步骤4：外箱和彩盒上不能出现除正确EAN条码以外的其他条码，若有其他条码请用白标覆盖,NULL,CO
531423,VASC000000270852,OSF8V1601,出库其他服务需求,1,20250407013,【出库】指定位置贴商品/包裹标签/快递面单,仓库操作步骤：,,
531483,VASC000000270861,OSF6V1603,库内其他服务需求,1,20260127001,【库内】商品指定位置贴标,背景：客户新到仓的货物包装颜色跟旧的不一样，所以为了区分，客户要把旧SKU库存下架换标以另外SKU重新上架。,,
531453,VASC000000270867,OSF8V1755,出库核对EAN码,1,NULL,NULL,步骤1：拆开商品外箱 步骤2：核对外箱及彩盒上的条码 步骤3：若条码不一致，则需要用客户上传的标签文件覆盖EAN条码 步骤4：外箱和彩盒上不能出现除正确EAN条码以外的其他条码，若有其他条码请用白标覆盖,NULL,CO
531522,VASC000000270882,OSF8V1620,Winit线下尾程服务,1,202512301,【尾程】winit线下尾程询价,"""1、仓库/尾程SD报价；",,
531501,VASC000000270885,OSF6V1603,库内其他服务需求,1,20260127,【出库】覆盖指定包裹标签,仓库操作步骤：,,
531513,VASC000000270891,OSF6V1671,逆向取货,1,20250723,【尾程】Anker Crowfoots出库,仅收费，无需仓库操作,NULL,CO
531582,VASC000000270912,OSF8V1620,Winit线下尾程服务,1,202512301,【尾程】winit线下尾程询价,"""1、仓库/尾程SD报价；",,
531615,VASC000000270936,OSF6V1603,库内其他服务需求,1,NULL,NULL,,NULL,CD
532005,VASC000000270945,OSF8V1601,出库其他服务需求,1,20250818,【出库】清除配件,仓库操作步骤：,,
531630,VASC000000270948,OW01V1602,入库其他服务需求,1,20260320,【入库】	商品异常更换包裹标签商品标签新单上架,【背景】6托其他仓库转来万邑通的货物，没有下入库单，其中51件货物无标签，需新单上架并补贴包裹标签和商品标签。现货物已在仓，51件无标签货物仓库已分拣出来了。,,
531645,VASC000000270957,OW01V1757,Aiper开箱检查良品不良品,1,NULL,NULL,步骤1：找到原增值单，查看原增值单并定位到需要检查的包裹编码 →检查数量要求： ①①有贴纸，且温度贴纸变色，整箱所有单品开箱检查 ②无贴纸，整箱抽查10%（四舍五入）单品开箱检查 步骤2：根据客户提供的SOP检查并【拍照】反馈（注意：请在监控下操作），并反馈良品不良品数量及对应照片 步骤3：检查结果处理： ①检查为不良品：上架到不良品 ②检查为良品：上架到良品 ③无法判定是否为良品或者不良品：暂存，线下联系客服等待客户处理,NULL,RT
531639,VASC000000270963,OSF6V1603,库内其他服务需求,1,20250407045,【库内】辨识后贴标上架+销毁,仓库操作步骤：,,
531747,VASC000000271011,OSF8V1601,出库其他服务需求,1,20250407013,【出库】指定位置贴商品/包裹标签/快递面单,操作步骤：,,
531777,VASC000000271029,OSF6V1647,货权转移（改数模式）,1,【In-warehouse】Transfer of ownership of goods,【库内】货权转移,此增值仅用于收费，IT系统改数，无需仓库实物流操作。,,
531870,VASC000000271047,OSF6V1603,库内其他服务需求,1,202507141,【出库】采集SN码,背景：M010000000009159306、M010000000009280289   这个2个商品入库出现批量破损，扫描SN码追责产商。,,
531852,VASC000000271071,OSF6V1603,库内其他服务需求,1,20250407062,【库内】指定单品/库位商品更换标签上架,背景：接仓库反馈原增值单VASC000000268278---库内换商品条码增值，因仓库无法批量打印商品条码，导致增值实际只完成了64件。剩下的1959目前还在库冻结。仓库要求剩下的未换标商品，客户提交库内非标特批增值处理。,,
531888,VASC000000271086,OW01V1602,入库其他服务需求,1,20250407004,【入库】尺重/标签辨识后换标上架,【背景】WI48607566 WI48607680 WI48607712 WI48607531 WI48607621 WI48607776 WI48607591 WI48607748 WI48607806  3020件已经发货在途。商家商品由于平台治理原因下架，链接无法捞回，故申请在入仓前进行换标增值服务。,,
531900,VASC000000271092,OW01V1602,入库其他服务需求,1,20250407003,【入库】上架前拆包装,【背景】WI49481070入库单的外箱和中箱需拆除，上架内部1个单品，M010000000010469021，20件。,,
531966,VASC000000271101,OSF8V1620,Winit线下尾程服务,1,202512301,【尾程】winit线下尾程询价,"""1、仓库/尾程SD报价；",,
532026,VASC000000271113,OSF6V1603,库内其他服务需求,1,NULL,NULL,,NULL,CD
532047,VASC000000271116,OSF6V1603,库内其他服务需求,1,20250808003,【库内】良品转不良品上架,仓库操作步骤：,,
532083,VASC000000271125,OSF8V1755,出库核对EAN码,1,NULL,NULL,步骤1：拆开商品外箱 步骤2：核对外箱及彩盒上的条码 步骤3：若条码不一致，则需要用客户上传的标签文件覆盖EAN条码 步骤4：外箱和彩盒上不能出现除正确EAN条码以外的其他条码，若有其他条码请用白标覆盖,NULL,CO
532149,VASC000000271161,OSF8V1755,出库核对EAN码,1,NULL,NULL,步骤1：拆开商品外箱 步骤2：核对外箱及彩盒上的条码 步骤3：若条码不一致，则需要用客户上传的标签文件覆盖EAN条码 步骤4：外箱和彩盒上不能出现除正确EAN条码以外的其他条码，若有其他条码请用白标覆盖,NULL,CO
532185,VASC000000271170,OW01V1600,提供海外仓监控视频-少单品调查,1,NULL,NULL,根据到仓订单具体情况提供对应视频：,,
532191,VASC000000271173,OSF8V1755,出库核对EAN码,1,NULL,NULL,步骤1：拆开商品外箱 步骤2：核对外箱及彩盒上的条码 步骤3：若条码不一致，则需要用客户上传的标签文件覆盖EAN条码 步骤4：外箱和彩盒上不能出现除正确EAN条码以外的其他条码，若有其他条码请用白标覆盖,NULL,CO
532215,VASC000000271179,OSF6V1603,库内其他服务需求,1,20250407035,【库内】拍摄照片/视频,背景：Temu店铺解封申诉,,
532221,VASC000000271185,OSF6V1603,库内其他服务需求,1,20250407035,【库内】拍摄照片/视频,仓库操作步骤：,,
532227,VASC000000271188,OSF8V1755,出库核对EAN码,1,NULL,NULL,步骤1：拆开商品外箱 步骤2：核对外箱及彩盒上的条码 步骤3：若条码不一致，则需要用客户上传的标签文件覆盖EAN条码 步骤4：外箱和彩盒上不能出现除正确EAN条码以外的其他条码，若有其他条码请用白标覆盖,NULL,CO
532233,VASC000000271191,OSF8V1755,出库核对EAN码,1,NULL,NULL,步骤1：拆开商品外箱 步骤2：核对外箱及彩盒上的条码 步骤3：若条码不一致，则需要用客户上传的标签文件覆盖EAN条码 步骤4：外箱和彩盒上不能出现除正确EAN条码以外的其他条码，若有其他条码请用白标覆盖,NULL,CO
532239,VASC000000271194,OSF8V1755,出库核对EAN码,1,NULL,NULL,步骤1：拆开商品外箱 步骤2：核对外箱及彩盒上的条码 步骤3：若条码不一致，则需要用客户上传的标签文件覆盖EAN条码 步骤4：外箱和彩盒上不能出现除正确EAN条码以外的其他条码，若有其他条码请用白标覆盖,NULL,CO
532287,VASC000000271203,OSF8V1749,审核出库单,1,NULL,NULL,仅万邑通内部发起,NULL,CO
532299,VASC000000271206,OSF8V1755,出库核对EAN码,1,NULL,NULL,步骤1：拆开商品外箱 步骤2：核对外箱及彩盒上的条码 步骤3：若条码不一致，则需要用客户上传的标签文件覆盖EAN条码 步骤4：外箱和彩盒上不能出现除正确EAN条码以外的其他条码，若有其他条码请用白标覆盖,NULL,CO
532311,VASC000000271218,OSF8V1755,出库核对EAN码,1,NULL,NULL,步骤1：拆开商品外箱 步骤2：核对外箱及彩盒上的条码 步骤3：若条码不一致，则需要用客户上传的标签文件覆盖EAN条码 步骤4：外箱和彩盒上不能出现除正确EAN条码以外的其他条码，若有其他条码请用白标覆盖,NULL,CO
532329,VASC000000271230,OSF8V1620,Winit线下尾程服务,1,202512301,【尾程】winit线下尾程询价,"""1、仓库/尾程SD报价；",,
532335,VASC000000271233,OSF8V1755,出库核对EAN码,1,NULL,NULL,步骤1：拆开商品外箱 步骤2：核对外箱及彩盒上的条码 步骤3：若条码不一致，则需要用客户上传的标签文件覆盖EAN条码 步骤4：外箱和彩盒上不能出现除正确EAN条码以外的其他条码，若有其他条码请用白标覆盖,NULL,CO
532344,VASC000000271236,OSF8V1755,出库核对EAN码,1,NULL,NULL,步骤1：拆开商品外箱 步骤2：核对外箱及彩盒上的条码 步骤3：若条码不一致，则需要用客户上传的标签文件覆盖EAN条码 步骤4：外箱和彩盒上不能出现除正确EAN条码以外的其他条码，若有其他条码请用白标覆盖,NULL,CO
532347,VASC000000271236,OSF8V1716,Anker加急出库,1,NULL,NULL,仓库根据订单情况判断能否在【指定出库日期】之前完成增值，若无法操作加急，请“异常终止”增值订单，若可以操作，请填写加急实际操作工时并“完成”增值 注意（非常重要！！！）： 1. 加急增值完成标准： *标准出库：加急订单出库日期应早于应出库日期，若不符合此条件，请“异常终止”增值订单 *自提出库：加急订单暂存日期应早于应暂存日期，若不符合此条件，请“异常终止”增值订单 2. 仓库实际操作工时，请提前记录并如实填写，最终会根据此工时收取客户费用 3. 需要在出库前完成此增值，否则增值将会被自动“异常终止”,NULL,CO
532407,VASC000000271263,OSF8V1620,Winit线下尾程服务,1,202512301,【尾程】winit线下尾程询价,"""1、仓库/尾程SD报价；",,
532446,VASC000000271290,OSF6V1647,货权转移（改数模式）,1,【In-warehouse】Transfer of ownership of goods,【库内】货权转移,此类增值仅用于收费，IT系统改数，无需仓库实物流操作。,,
532458,VASC000000271302,OSF6V1603,库内其他服务需求,1,20260302,【入库】覆盖/清除标签,仓库操作步骤:,,
532602,VASC000000271308,OSF6V1603,库内其他服务需求,1,20250407065,【库内】指定单品销毁,背景：客户有两款SKU，老库存的SKU质量有问题，新入库单WI48760536的B0400000001390038530    B0400000001390038545包裹实物没有问题，因此需要将除了该入库单入库的产品之外的库存做销毁处理；现仓库已经区分出新老库存，并将老库存做冻结处理。,,
532485,VASC000000271317,OSF6V1672,无主货找回-超6个自然日,1,NULL,NULL,根据客户提供的单据信息找货，若超过1h未找回，则反馈无法找回,NULL,RT
532506,VASC000000271323,OSF6V1603,库内其他服务需求,1,20250407051,【库内】良品/不良品检测,下架单：,,
532572,VASC000000271329,OSF8V1620,Winit线下尾程服务,1,NULL,NULL,"""1、仓库/尾程SD报价；",,
532599,VASC000000271335,OSF6V1671,逆向取货,1,20250723,【尾程】Anker Crowfoots出库,仅收费，无需仓库操作,NULL,CO
532605,VASC000000271338,OSF6V1603,库内其他服务需求,1,20250808003,【库内】良品转不良品上架,仓库操作步骤：,,
532695,VASC000000271374,OW01V1599,提供海外仓监控视频-少包裹调查,1,NULL,NULL,根据到仓订单具体情况提供对应视频：,,
532677,VASC000000271383,OSF6V1671,逆向取货,1,20250723,【尾程】Anker Crowfoots出库,仅收费，无需仓库操作,NULL,CO
532746,VASC000000271389,OW01V1602,入库其他服务需求,1,2026041701,【入库】补贴透明计划标签,【背景】M010000000010002679，需贴整柜1567个透明计划标签，预计4.30到仓。,,
532758,VASC000000271392,OW01V1602,入库其他服务需求,1,2026041701,【入库】补贴透明计划标签,【背景】M010000000008935025，需贴整柜1222个透明计划标签。预计5.10到港。,,
532767,VASC000000271419,OSF8V1601,出库其他服务需求,1,2026042101,【入库】100%A+/A包裹包裹条码批量异常（需客户处理）,出库单都是A+包，做补贴商品标签增值时，需每箱开箱更换彩盒标签,NULL,CO
532776,VASC000000271422,OSF8V1601,出库其他服务需求,1,20260318,【出库】anker彩盒贴EAN标,1、此单出库sku都是A+包，做补贴商品条码增值时，需每箱开箱更换商品标签,NULL,RT
532779,VASC000000271431,OSF8V1749,审核出库单,1,NULL,NULL,仅万邑通内部发起,NULL,CO
532782,VASC000000271434,OSF8V1749,审核出库单,1,NULL,NULL,仅万邑通内部发起,NULL,CO
532809,VASC000000271437,OSF6V1673,无主货找回-6个自然日内,1,NULL,NULL,根据客户提供的单据信息找货，若超过1h未找回，则反馈无法找回,NULL,CO
532785,VASC000000271440,OSF8V1749,审核出库单,1,NULL,NULL,仅万邑通内部发起,NULL,CO
532788,VASC000000271443,OSF8V1749,审核出库单,1,NULL,NULL,仅万邑通内部发起,NULL,CO
532794,VASC000000271449,OSF8V1755,出库核对EAN码,1,NULL,NULL,步骤1：拆开商品外箱 步骤2：核对外箱及彩盒上的条码 步骤3：若条码不一致，则需要用客户上传的标签文件覆盖EAN条码 步骤4：外箱和彩盒上不能出现除正确EAN条码以外的其他条码，若有其他条码请用白标覆盖,NULL,CO
532914,VASC000000271452,OSF6V1673,无主货找回-6个自然日内,1,NULL,NULL,根据客户提供的单据信息找货，若超过1h未找回，则反馈无法找回,NULL,CO
533058,VASC000000271593,OSF6V1603,库内其他服务需求,1,20260127001,【库内】商品指定位置贴标,仓库操作步骤：,,
533010,VASC000000271599,OW01V1602,入库其他服务需求,1,20250407003,【入库】上架前拆包装,【背景】：客户需要大箱拆中箱后，上架其中的单一商品。,,
533028,VASC000000271605,OW01V1602,入库其他服务需求,1,20250407003,【入库】上架前拆包装,【背景】：客户需要大箱拆中箱后，上架其中的单一商品。,,
533052,VASC000000271614,OSF8V1620,Winit线下尾程服务,1,NULL,NULL,"""1、仓库/尾程SD报价；",,
533142,VASC000000271644,OW01V1602,入库其他服务需求,1,NULL,NULL,,NULL,CD
533121,VASC000000271653,OSF8V1620,Winit线下尾程服务,1,NULL,NULL,"""1、仓库/尾程SD报价；",,
533151,VASC000000271659,OSF6V1752,无主货找回（6个自然日内）-仓库创建无RMA退货单,1,NULL,NULL,步骤1：按照客户提供的快递单号或者POD尝试找回无主货 步骤2： ①若货物找回，请仓库创建无RMA退货单上架并反馈退货订单号，然后【完成】增值单 ②若货物未找回，请【完成】增值单  注意：此增值无论商品是否找回，请将增值单更新为【已出库】,NULL,CO
533166,VASC000000271662,OSF8V1620,Winit线下尾程服务,1,NULL,NULL,"""1、仓库/尾程SD报价；",,
533199,VASC000000271665,OW01V1602,入库其他服务需求,1,20250407008,【入库】包裹类异常换商品标签上架,【背景】商品在出货时没有贴包裹标签，导致货物到仓异常，仓库已经报了3个包裹的异常，剩余未报异常包裹客户急需上架发货，因此提交非标审批，该商品为海外验。,,
533217,VASC000000271671,OSF6V1648,代采购包材物料,1,20250619001,【库内】代采购包材物料,因前增值VASC000000254991是按原协议价的7-9号包材报价，实际客户订购的是协议价内9-11号包材，该增值进行费用补收。,,
533283,VASC000000271692,OSF6V1648,代采购包材物料,1,20250619001,【库内】代采购包材物料,包材商品条码	            包材商品编码	纸箱型号	采购外径尺寸cm	采购数量	包材印刷内容,,
533274,VASC000000271698,OSF8V1620,Winit线下尾程服务,1,202512301,【尾程】winit线下尾程询价,"""1、仓库/尾程SD报价；",,
533295,VASC000000271707,OW01V1602,入库其他服务需求,1,NULL,NULL,,NULL,CD
533352,VASC000000271731,OW01V1594,上架前自提（无需WINIT打托）,1,NULL,NULL,1、补贴快递面单,,
533385,VASC000000271758,OSF6V1603,库内其他服务需求,1,20250407035,【库内】拍摄照片/视频,仓库操作步骤：,,
533397,VASC000000271767,OSF8V1755,出库核对EAN码,1,NULL,NULL,步骤1：拆开商品外箱 步骤2：核对外箱及彩盒上的条码 步骤3：若条码不一致，则需要用客户上传的标签文件覆盖EAN条码 步骤4：外箱和彩盒上不能出现除正确EAN条码以外的其他条码，若有其他条码请用白标覆盖,NULL,CO
533403,VASC000000271776,OSF8V1755,出库核对EAN码,1,NULL,NULL,步骤1：拆开商品外箱 步骤2：核对外箱及彩盒上的条码 步骤3：若条码不一致，则需要用客户上传的标签文件覆盖EAN条码 步骤4：外箱和彩盒上不能出现除正确EAN条码以外的其他条码，若有其他条码请用白标覆盖,NULL,CO
533415,VASC000000271782,OSF8V1755,出库核对EAN码,1,NULL,NULL,步骤1：拆开商品外箱 步骤2：核对外箱及彩盒上的条码 步骤3：若条码不一致，则需要用客户上传的标签文件覆盖EAN条码 步骤4：外箱和彩盒上不能出现除正确EAN条码以外的其他条码，若有其他条码请用白标覆盖,NULL,CO
533430,VASC000000271797,OSF8V1620,Winit线下尾程服务,1,202512301,【尾程】winit线下尾程询价,"""1、仓库/尾程SD报价；",,
533469,VASC000000271803,OSF8V1601,出库其他服务需求,1,NULL,NULL,,NULL,CD
533484,VASC000000271809,OSF8V1601,出库其他服务需求,1,20260127,【出库】覆盖指定包裹标签,sop：,,
533535,VASC000000271821,OW01V1602,入库其他服务需求,1,20260320,【入库】	商品异常更换包裹标签商品标签新单上架,【背景】客户贴标与实物不符，需要重新贴包裹标签和商品标签，无对应要求。,,
533550,VASC000000271836,OSF6V1603,库内其他服务需求,1,20260302,【入库】覆盖/清除标签,仓库操作步骤:,,
533586,VASC000000271863,OSF8V1620,Winit线下尾程服务,1,202512301,【尾程】winit线下尾程询价,"""1、仓库/尾程SD报价；",,
533616,VASC000000271866,OSF8V1620,Winit线下尾程服务,1,NULL,NULL,"""1、仓库/尾程SD报价；",,
533622,VASC000000271872,OSF6V1603,库内其他服务需求,1,20250407062,【库内】指定单品/库位商品更换标签上架,背景：,,
533628,VASC000000271875,OSF8V1620,Winit线下尾程服务,1,202512301,【尾程】winit线下尾程询价,"""1、仓库/尾程SD报价；",,
533649,VASC000000271878,OSF8V1620,Winit线下尾程服务,1,202512301,【尾程】winit线下尾程询价,"""1、仓库/尾程SD报价；",,
533664,VASC000000271884,OSF8V1620,Winit线下尾程服务,1,202512301,【尾程】winit线下尾程询价,"""1、仓库/尾程SD报价；",,
533676,VASC000000271887,OSF8V1620,Winit线下尾程服务,1,202512301,【尾程】winit线下尾程询价,"""1、仓库/尾程SD报价；",,
533721,VASC000000271893,OSF8V1620,Winit线下尾程服务,1,NULL,NULL,"""1、仓库/尾程SD报价；",,
533751,VASC000000271905,OSF8V1620,Winit线下尾程服务,1,NULL,NULL,"""1、仓库/尾程SD报价；",,
533895,VASC000000271956,OSF6V1677,退货商品补拍细节照,1,NULL,NULL,针对退货入库商品，按照客户示例图要求开箱补拍商品细节照片（含外箱标签照、内部商品细节图、内部商品标签照等）,NULL,CO
533937,VASC000000271959,OW01V1622,入库-提供无箱单预报单上架,1,NULL,NULL,"""场景1：新入库单是无箱单，通过包裹推荐>商品预分拣上架",,
533901,VASC000000271962,OSF6V1647,货权转移（改数模式）,1,【In-warehouse】Transfer of ownership of goods,【库内】货权转移,操作说明：,,
534081,VASC000000272055,OSF8V1620,Winit线下尾程服务,1,202512301,【尾程】winit线下尾程询价,"""1、仓库/尾程SD报价；",,
534168,VASC000000272073,OSF6V1677,退货商品补拍细节照,1,NULL,NULL,针对退货入库商品，按照客户示例图要求开箱补拍商品细节照片（含外箱标签照、内部商品细节图、内部商品标签照等）,NULL,CO
534222,VASC000000272115,OSF6V1752,无主货找回（6个自然日内）-仓库创建无RMA退货单,1,NULL,NULL,步骤1：按照客户提供的快递单号或者POD尝试找回无主货 步骤2： ①若货物找回，请仓库创建无RMA退货单上架并反馈退货订单号，然后【完成】增值单 ②若货物未找回，请【完成】增值单  注意：此增值无论商品是否找回，请将增值单更新为【已出库】,NULL,CO
534543,VASC000000272250,OSF6V1603,库内其他服务需求,1,20250407035,【库内】拍摄照片/视频,仓库操作步骤：,,
534441,VASC000000272262,OW01V1602,入库其他服务需求,1,2026042101,【入库】100%A+/A包裹包裹条码批量异常（需客户处理）,【背景】客户第三方条码推送错误，与实物不符，现客户重新下100%A+包裹入库单入库，需仓库重新扫描上架。,,
534486,VASC000000272277,OSF6V1603,库内其他服务需求,1,20250407035,【库内】拍摄照片/视频,背景：该客户的销售模式均为分销，线下分销的销售团队，希望可以在仓库进行对应sku的视频拍摄做广告推广。需要仓库配合他们指定SKU的库位进行做下架，陪同拍摄视频增值再做上架。,,
534564,VASC000000272304,OW01V1602,入库其他服务需求,1,NULL,NULL,,NULL,CD
534573,VASC000000272313,OW01V1602,入库其他服务需求,1,NULL,NULL,,NULL,CD
534603,VASC000000272319,OW01V1602,入库其他服务需求,1,20260302,【入库】覆盖/清除标签,【背景】异常单EB0126042429036817中有两个sku：M010000000008320016和M010000000008320078外包装上印有错误条码需覆盖，扫描粘贴的条码进行入库上架。,,
534618,VASC000000272334,OW01V1602,入库其他服务需求,1,20250929,【入库】海运整柜100%A+无包裹条码异常，新单无箱单或100%A+包直接上架,【背景】原单WI48763745有计划外商品，客户新下无箱单预报单进行上架,,
534723,VASC000000272340,OSF8V1601,出库其他服务需求,1,20260127,【出库】覆盖指定包裹标签,sop：,,
534678,VASC000000272367,OSF6V1597,单品拆分后上架（拆分为多个SKU）,1,INSTOCK_SPLIT_SKU,【库内】拆分SKU,仓库操作步骤：,,
545154,VASC000000272376,OW01V1674,入库-异常包裹开箱拍照,1,NULL,NULL,1、根据增值单需求信息找货 2、根据客户示例图片拍照、且需要拍外箱箱唛图、SKU条码图，开箱拍产品实物图以及产品实物标签图 3、按照SKU/包裹整理拍照文件并上传,NULL,CO
534693,VASC000000272382,OSF8V1620,Winit线下尾程服务,1,202512301,【尾程】winit线下尾程询价,"""1、仓库/尾程SD报价；",,
553053,VASC000000272385,OW01V1674,入库-异常包裹开箱拍照,1,NULL,NULL,1、根据增值单需求信息找货 2、根据客户示例图片拍照、且需要拍外箱箱唛图、SKU条码图，开箱拍产品实物图以及产品实物标签图 3、按照SKU/包裹整理拍照文件并上传,NULL,CD
534708,VASC000000272403,OSF8V1749,审核出库单,1,NULL,NULL,仅万邑通内部发起,NULL,CO
534717,VASC000000272409,OSF8V1620,Winit线下尾程服务,1,202512301,【尾程】winit线下尾程询价,"""1、仓库/尾程SD报价；",,
534744,VASC000000272418,OSF6V1603,库内其他服务需求,1,20250407043,【库内】商品外观辨识+贴标上架,背景：怀疑仓库贴错标签，目前通过外观无法识别，需要仓库帮忙开箱辨识，在根据辨识结果处理上架。（辨识方式请查看下方图片）,,
534840,VASC000000272469,OW01V1599,提供海外仓监控视频-少包裹调查,1,NULL,NULL,根据到仓订单具体情况提供对应视频：,,
534837,VASC000000272472,OSF6V1673,无主货找回-6个自然日内,1,NULL,NULL,根据客户提供的单据信息找货，若超过1h未找回，则反馈无法找回,NULL,CO
536049,VASC000000272493,OW01V1602,入库其他服务需求,1,20250407020,【入库】组合后上架,【背景】预报发12套M010000000003195237，查验致使子包裹被拆除丢失，个别货物包装破损，仓库反馈目前是10个好的黄色袋子，以及16个没有黄色袋子的散件，将10个完好的黄色袋子直接扫描上架，剩余16个散件分成2组用黄色气泡袋组包后上架。,,
534912,VASC000000272535,OSF6V1672,无主货找回-超6个自然日,1,NULL,NULL,根据客户提供的单据信息找货，若超过1h未找回，则反馈无法找回,NULL,CO
534933,VASC000000272553,OSF8V1749,审核出库单,1,NULL,NULL,仅万邑通内部发起,NULL,CO
534945,VASC000000272556,OSF8V1620,Winit线下尾程服务,1,NULL,NULL,"""1、仓库/尾程SD报价；",,
535041,VASC000000272622,OSF8V1601,出库其他服务需求,1,20260127,【出库】覆盖指定包裹标签,仓库操作步骤：,,
535116,VASC000000272664,OSF8V1620,Winit线下尾程服务,1,202512301,【尾程】winit线下尾程询价,"""1、仓库/尾程SD报价；",,
535161,VASC000000272676,OSF8V1620,Winit线下尾程服务,1,202512301,【尾程】winit线下尾程询价,"""1、仓库/尾程SD报价；",,
535362,VASC000000272679,OW01V1602,入库其他服务需求,1,20250407060,【库内】A+包裹更换标签上架,【背景】异常单EB0126042429047371错下单为A包，需换标成A+包整箱上架。,,
535170,VASC000000272682,OSF8V1755,出库核对EAN码,1,NULL,NULL,步骤1：拆开商品外箱 步骤2：核对外箱及彩盒上的条码 步骤3：若条码不一致，则需要用客户上传的标签文件覆盖EAN条码 步骤4：外箱和彩盒上不能出现除正确EAN条码以外的其他条码，若有其他条码请用白标覆盖,NULL,CO
535254,VASC000000272736,OSF8V1620,Winit线下尾程服务,1,NULL,NULL,"""1、仓库/尾程SD报价；",,
535338,VASC000000272739,OSF6V1603,库内其他服务需求,1,20250407071,【库内】商品组合,仓库操作步骤：,,
535296,VASC000000272769,OSF6V1671,逆向取货,1,20250723,【尾程】Anker Crowfoots出库,仅收费，无需仓库操作,NULL,CO
535308,VASC000000272778,OSF8V1620,Winit线下尾程服务,1,202512301,【尾程】winit线下尾程询价,"""1、仓库/尾程SD报价；",,
535314,VASC000000272784,OSF8V1755,出库核对EAN码,1,NULL,NULL,步骤1：拆开商品外箱 步骤2：核对外箱及彩盒上的条码 步骤3：若条码不一致，则需要用客户上传的标签文件覆盖EAN条码 步骤4：外箱和彩盒上不能出现除正确EAN条码以外的其他条码，若有其他条码请用白标覆盖,NULL,CO
535380,VASC000000272790,OSF8V1755,出库核对EAN码,1,NULL,NULL,步骤1：拆开商品外箱 步骤2：核对外箱及彩盒上的条码 步骤3：若条码不一致，则需要用客户上传的标签文件覆盖EAN条码 步骤4：外箱和彩盒上不能出现除正确EAN条码以外的其他条码，若有其他条码请用白标覆盖,NULL,CO
535386,VASC000000272808,OSF6V1603,库内其他服务需求,1,202506120002,【入库】上架前盘点,仓库操作步骤;,,
535422,VASC000000272814,OSF8V1620,Winit线下尾程服务,1,202512301,【尾程】winit线下尾程询价,"""1、仓库/尾程SD报价；",,
535428,VASC000000272817,OSF8V1755,出库核对EAN码,1,NULL,NULL,步骤1：拆开商品外箱 步骤2：核对外箱及彩盒上的条码 步骤3：若条码不一致，则需要用客户上传的标签文件覆盖EAN条码 步骤4：外箱和彩盒上不能出现除正确EAN条码以外的其他条码，若有其他条码请用白标覆盖,NULL,CO
535431,VASC000000272820,OSF8V1601,出库其他服务需求,1,20250407013,【出库】指定位置贴商品/包裹标签/快递面单,1、做补贴商品其他标签增值时，需要开箱去贴彩盒标签（共75个）,NULL,CO
535434,VASC000000272823,OSF6V1671,逆向取货,1,20250723,【尾程】Anker Crowfoots出库,仅收费，无需仓库操作,NULL,CO
535542,VASC000000272829,OSF8V1601,出库其他服务需求,1,20260127,【出库】覆盖指定包裹标签,1、打印空白标签（共40张）,,
535446,VASC000000272835,OSF6V1671,逆向取货,1,20250723,【尾程】Anker Crowfoots出库,仅收费，无需仓库操作,NULL,CO
535476,VASC000000272838,OSF8V1620,Winit线下尾程服务,1,202512301,【尾程】winit线下尾程询价,"""1、仓库/尾程SD报价；",,
535497,VASC000000272841,OSF8V1601,出库其他服务需求,1,20260402,【出库】部分贴商品级标签,1.【40004001.0005】补贴商品条码，覆盖原商品条码，见文件名称【SKU标签 40004001.0005】（共70个）,,
535563,VASC000000272856,OSF8V1620,Winit线下尾程服务,1,NULL,NULL,"""1、仓库/尾程SD报价；",,
535575,VASC000000272862,OSF8V1755,出库核对EAN码,1,NULL,NULL,步骤1：拆开商品外箱 步骤2：核对外箱及彩盒上的条码 步骤3：若条码不一致，则需要用客户上传的标签文件覆盖EAN条码 步骤4：外箱和彩盒上不能出现除正确EAN条码以外的其他条码，若有其他条码请用白标覆盖,NULL,CO
535581,VASC000000272865,OSF8V1716,Anker加急出库,1,NULL,NULL,仓库根据订单情况判断能否在【指定出库日期】之前完成增值，若无法操作加急，请“异常终止”增值订单，若可以操作，请填写加急实际操作工时并“完成”增值 注意（非常重要！！！）： 1. 加急增值完成标准： *标准出库：加急订单出库日期应早于应出库日期，若不符合此条件，请“异常终止”增值订单 *自提出库：加急订单暂存日期应早于应暂存日期，若不符合此条件，请“异常终止”增值订单 2. 仓库实际操作工时，请提前记录并如实填写，最终会根据此工时收取客户费用 3. 需要在出库前完成此增值，否则增值将会被自动“异常终止”,NULL,CO
535590,VASC000000272871,OSF8V1755,出库核对EAN码,1,NULL,NULL,步骤1：拆开商品外箱 步骤2：核对外箱及彩盒上的条码 步骤3：若条码不一致，则需要用客户上传的标签文件覆盖EAN条码 步骤4：外箱和彩盒上不能出现除正确EAN条码以外的其他条码，若有其他条码请用白标覆盖,NULL,CO
535635,VASC000000272880,OSF6V1597,单品拆分后上架（拆分为多个SKU）,1,INSTOCK_SPLIT_SKU,【库内】拆分SKU,仓库操作步骤：,,
535608,VASC000000272886,OSF8V1755,出库核对EAN码,1,NULL,NULL,步骤1：拆开商品外箱 步骤2：核对外箱及彩盒上的条码 步骤3：若条码不一致，则需要用客户上传的标签文件覆盖EAN条码 步骤4：外箱和彩盒上不能出现除正确EAN条码以外的其他条码，若有其他条码请用白标覆盖,NULL,CO
535629,VASC000000272889,OW01V1602,入库其他服务需求,1,20250430,【入库】“包裹条码批量异常（需客户处理）”辨识后补贴包裹标签上架,【背景】客户264箱包裹条码批量异常，需要补贴winit条码上架。,,
535656,VASC000000272898,OSF8V1716,Anker加急出库,1,NULL,NULL,仓库根据订单情况判断能否在【指定出库日期】之前完成增值，若无法操作加急，请“异常终止”增值订单，若可以操作，请填写加急实际操作工时并“完成”增值 注意（非常重要！！！）： 1. 加急增值完成标准： *标准出库：加急订单出库日期应早于应出库日期，若不符合此条件，请“异常终止”增值订单 *自提出库：加急订单暂存日期应早于应暂存日期，若不符合此条件，请“异常终止”增值订单 2. 仓库实际操作工时，请提前记录并如实填写，最终会根据此工时收取客户费用 3. 需要在出库前完成此增值，否则增值将会被自动“异常终止”,NULL,CO
535659,VASC000000272898,OSF8V1755,出库核对EAN码,1,NULL,NULL,步骤1：拆开商品外箱 步骤2：核对外箱及彩盒上的条码 步骤3：若条码不一致，则需要用客户上传的标签文件覆盖EAN条码 步骤4：外箱和彩盒上不能出现除正确EAN条码以外的其他条码，若有其他条码请用白标覆盖,NULL,CO
535683,VASC000000272910,OSF8V1755,出库核对EAN码,1,NULL,NULL,步骤1：拆开商品外箱 步骤2：核对外箱及彩盒上的条码 步骤3：若条码不一致，则需要用客户上传的标签文件覆盖EAN条码 步骤4：外箱和彩盒上不能出现除正确EAN条码以外的其他条码，若有其他条码请用白标覆盖,NULL,CO
535761,VASC000000272964,OW01V1602,入库其他服务需求,1,20250407020,【入库】组合后上架,仓库操作流程：,,
536019,VASC000000273003,OW01V1602,入库其他服务需求,1,NULL,NULL,,NULL,CD
536091,VASC000000273039,OSF6V1603,库内其他服务需求,1,20250407035,【库内】拍摄照片/视频,仓库操作步骤;,,
536169,VASC000000273048,OSF6V1603,库内其他服务需求,1,20250530001,【入库】无主货找回暂存,仓库操作步骤：,,
536238,VASC000000273111,OSF6V1603,库内其他服务需求,1,202512150002,【库内】异常商品转不良品上架,仓库操作步骤：,,
536334,VASC000000273132,OSF8V1755,出库核对EAN码,1,NULL,NULL,步骤1：拆开商品外箱 步骤2：核对外箱及彩盒上的条码 步骤3：若条码不一致，则需要用客户上传的标签文件覆盖EAN条码 步骤4：外箱和彩盒上不能出现除正确EAN条码以外的其他条码，若有其他条码请用白标覆盖,NULL,CO
536355,VASC000000273138,OW01V1602,入库其他服务需求,1,NULL,NULL,,NULL,CD
536382,VASC000000273150,OSF6V1603,库内其他服务需求,1,20250407035,【库内】拍摄照片/视频,背景：怀疑仓库贴错标签，目前通过外观无法识别，需要仓库帮忙开箱辨识，在根据辨识结果处理上架。（辨识方式请查看下方图片）,,
536451,VASC000000273192,OSF6V1671,逆向取货,1,20250723,【尾程】Anker Crowfoots出库,仅收费，无需仓库操作,NULL,CO
536478,VASC000000273195,OSF6V1671,逆向取货,1,20250723,【尾程】Anker Crowfoots出库,仅收费，无需仓库操作,NULL,CO
536523,VASC000000273210,OSF6V1752,无主货找回（6个自然日内）-仓库创建无RMA退货单,1,NULL,NULL,步骤1：按照客户提供的快递单号或者POD尝试找回无主货 步骤2： ①若货物找回，请仓库创建无RMA退货单上架并反馈退货订单号，然后【完成】增值单 ②若货物未找回，请【完成】增值单  注意：此增值无论商品是否找回，请将增值单更新为【已出库】,NULL,CO
536514,VASC000000273219,OSF6V1603,库内其他服务需求,1,【Warehouse】Measurement and identification of commodity weight,【库内】商品尺重测量辨识,仓库操作步骤：,,
536562,VASC000000273240,OSF6V1660,审计盘点,1,NULL,NULL,,NULL,CD
536574,VASC000000273249,OSF6V1752,无主货找回（6个自然日内）-仓库创建无RMA退货单,1,NULL,NULL,步骤1：按照客户提供的快递单号或者POD尝试找回无主货 步骤2： ①若货物找回，请仓库创建无RMA退货单上架并反馈退货订单号，然后【完成】增值单 ②若货物未找回，请【完成】增值单  注意：此增值无论商品是否找回，请将增值单更新为【已出库】,NULL,CO
536670,VASC000000273276,OW01V1602,入库其他服务需求,1,NULL,NULL,,NULL,CD
536661,VASC000000273279,OW01V1602,入库其他服务需求,1,20251027,【入库】包裹类异常关联第三方包裹条码直接上架,"【背景】uktw转去DEBR2,但是整单的箱唛都贴混了，WI49033745 这单现在的所有异常单，都需要按新入库单WI49561896，使用第三方包裹条码上架",,
536712,VASC000000273297,OSF6V1603,库内其他服务需求,1,NULL,NULL,,NULL,CD
536709,VASC000000273300,OSF6V1603,库内其他服务需求,1,202512150002,【库内】异常商品转不良品上架,仓库操作步骤：,,
536715,VASC000000273303,OSF6V1671,逆向取货,1,20250723,【尾程】Anker Crowfoots出库,仅收费，无需仓库操作,NULL,CO
536928,VASC000000273306,OW01V1602,入库其他服务需求,1,NULL,NULL,,NULL,CD
536769,VASC000000273309,OSF6V1603,库内其他服务需求,1,202506120002,【入库】上架前盘点,背景：怀疑仓库贴错标签，目前通过外观无法识别，需要仓库帮忙开箱辨识，在根据辨识结果处理上架。,,
536799,VASC000000273318,OSF8V1620,Winit线下尾程服务,1,202512301,【尾程】winit线下尾程询价,"""1、仓库/尾程SD报价；",,
536835,VASC000000273336,OSF8V1695,小刀拆封取延保卡,1,NULL,NULL,1.观看客户提供的操作SOP视频,,
536841,VASC000000273339,OSF8V1755,出库核对EAN码,1,NULL,NULL,步骤1：拆开商品外箱 步骤2：核对外箱及彩盒上的条码 步骤3：若条码不一致，则需要用客户上传的标签文件覆盖EAN条码 步骤4：外箱和彩盒上不能出现除正确EAN条码以外的其他条码，若有其他条码请用白标覆盖,NULL,CO
536883,VASC000000273363,OSF6V1595,单品指定位置开箱拍照,1,NULL,NULL,根据客户指定位置辨识拍照并反馈结果,NULL,CD
536898,VASC000000273369,OSF6V1595,单品指定位置开箱拍照,1,NULL,NULL,根据客户指定位置辨识拍照并反馈结果,NULL,CO
536904,VASC000000273372,OSF8V1755,出库核对EAN码,1,NULL,NULL,步骤1：拆开商品外箱 步骤2：核对外箱及彩盒上的条码 步骤3：若条码不一致，则需要用客户上传的标签文件覆盖EAN条码 步骤4：外箱和彩盒上不能出现除正确EAN条码以外的其他条码，若有其他条码请用白标覆盖,NULL,CO
536916,VASC000000273375,OSF8V1601,出库其他服务需求,1,NULL,NULL,,NULL,CD
536931,VASC000000273396,OSF6V1603,库内其他服务需求,1,20250530001,【入库】无主货找回暂存,背景：客户有一批要去速卖通官方仓的货物，地址写错了 送到我们DE仓来了，一共有103箱货物，仓库已找到，收取找货费用，以及提货费用，客户安排自提；货物信息：103箱 ，14票；,,
536937,VASC000000273399,OSF8V1755,出库核对EAN码,1,NULL,NULL,步骤1：拆开商品外箱 步骤2：核对外箱及彩盒上的条码 步骤3：若条码不一致，则需要用客户上传的标签文件覆盖EAN条码 步骤4：外箱和彩盒上不能出现除正确EAN条码以外的其他条码，若有其他条码请用白标覆盖,NULL,CO
536961,VASC000000273405,OSF8V1601,出库其他服务需求,1,NULL,NULL,,NULL,CD
537036,VASC000000273411,OSF8V1601,出库其他服务需求,1,20260127,【出库】覆盖指定包裹标签,sop：,,
537000,VASC000000273420,OSF8V1755,出库核对EAN码,1,NULL,NULL,步骤1：拆开商品外箱 步骤2：核对外箱及彩盒上的条码 步骤3：若条码不一致，则需要用客户上传的标签文件覆盖EAN条码 步骤4：外箱和彩盒上不能出现除正确EAN条码以外的其他条码，若有其他条码请用白标覆盖,NULL,CO
537069,VASC000000273444,OSF8V1620,Winit线下尾程服务,1,202512301,【尾程】winit线下尾程询价,"""1、仓库/尾程SD报价；",,
537075,VASC000000273447,OSF8V1620,Winit线下尾程服务,1,202512301,【尾程】winit线下尾程询价,"""1、仓库/尾程SD报价；",,
537117,VASC000000273468,OSF8V1755,出库核对EAN码,1,NULL,NULL,步骤1：拆开商品外箱 步骤2：核对外箱及彩盒上的条码 步骤3：若条码不一致，则需要用客户上传的标签文件覆盖EAN条码 步骤4：外箱和彩盒上不能出现除正确EAN条码以外的其他条码，若有其他条码请用白标覆盖,NULL,CO
537306,VASC000000273555,OSF8V1601,出库其他服务需求,1,【Delivery】Delivery and packaging removal,【出库】出库清除包装,出库单总下单SI数63个，其中tuihuo-01(return)4该SKU总下单SI数47个,,
538191,VASC000000273606,OW01V1594,上架前自提（无需WINIT打托）,1,NULL,NULL,1、补贴快递面单,,
537459,VASC000000273639,OW01V1600,提供海外仓监控视频-少单品调查,1,NULL,NULL,根据到仓订单具体情况提供对应视频：,,
537507,VASC000000273675,OSF8V1601,出库其他服务需求,1,20260402,【出库】部分贴商品级标签,出库单：WO11361526357,,
539223,VASC000000273681,OSF6V1646,货权转移（换标模式）,1,【In-warehouse】Transfer of ownership of goods,【库内】货权转移,仓库操作步骤：,,
537678,VASC000000273735,OW01V1602,入库其他服务需求,1,20250407020,【入库】组合后上架,【背景】预报发12套M010000000003195237，查验致使子包裹被拆除丢失，个别货物包装破损，仓库反馈目前是10个好的黄色袋子，以及16个没有黄色袋子的散件，将10个完好的黄色袋子直接扫描上架，剩余16个散件分成2组用黄色气泡袋组包后上架。,,
537705,VASC000000273774,OSF6V1603,库内其他服务需求,1,20250407045,【库内】辨识后贴标上架+销毁,背景：原增值单：VASC000000270861需求是商品更换UPC标签，现客户需要变更需求，563个商品，做辨别，橙色包装的销毁，蓝色包装的上架到WI49471112这个入库单WI49471112，需要拍照反馈橙色包装有多少。,,
537729,VASC000000273804,OSF8V1755,出库核对EAN码,1,NULL,NULL,步骤1：拆开商品外箱 步骤2：核对外箱及彩盒上的条码 步骤3：若条码不一致，则需要用客户上传的标签文件覆盖EAN条码 步骤4：外箱和彩盒上不能出现除正确EAN条码以外的其他条码，若有其他条码请用白标覆盖,NULL,CO
537759,VASC000000273828,OSF8V1755,出库核对EAN码,1,NULL,NULL,步骤1：拆开商品外箱 步骤2：核对外箱及彩盒上的条码 步骤3：若条码不一致，则需要用客户上传的标签文件覆盖EAN条码 步骤4：外箱和彩盒上不能出现除正确EAN条码以外的其他条码，若有其他条码请用白标覆盖,NULL,RT
537765,VASC000000273831,OSF8V1755,出库核对EAN码,1,NULL,NULL,步骤1：拆开商品外箱 步骤2：核对外箱及彩盒上的条码 步骤3：若条码不一致，则需要用客户上传的标签文件覆盖EAN条码 步骤4：外箱和彩盒上不能出现除正确EAN条码以外的其他条码，若有其他条码请用白标覆盖,NULL,RT
537816,VASC000000273846,OSF8V1657,代理清关,1,【Outbound】Customs clearance agent,【出库】代理清关,打印附件的清关文件，交付尾程供应商，完成出库,NULL,CO
537819,VASC000000273849,OSF8V1657,代理清关,1,【Outbound】Customs clearance agent,【出库】代理清关,打印附件的清关文件，交付尾程供应商，完成出库,NULL,CO
537822,VASC000000273852,OSF8V1657,代理清关,1,【Outbound】Customs clearance agent,【出库】代理清关,打印附件的清关文件，交付尾程供应商，完成出库,NULL,CO
537825,VASC000000273855,OSF8V1657,代理清关,1,【Outbound】Customs clearance agent,【出库】代理清关,打印附件的清关文件，交付尾程供应商，完成出库,NULL,CO
537828,VASC000000273858,OSF8V1657,代理清关,1,【Outbound】Customs clearance agent,【出库】代理清关,打印附件的清关文件，交付尾程供应商，完成出库,NULL,CO
537831,VASC000000273864,OSF8V1657,代理清关,1,【Outbound】Customs clearance agent,【出库】代理清关,打印附件的清关文件，交付尾程供应商，完成出库,NULL,CO
537834,VASC000000273867,OSF8V1657,代理清关,1,【Outbound】Customs clearance agent,【出库】代理清关,打印附件的清关文件，交付尾程供应商，完成出库,NULL,CO
537837,VASC000000273870,OSF8V1657,代理清关,1,【Outbound】Customs clearance agent,【出库】代理清关,打印附件的清关文件，交付尾程供应商，完成出库,NULL,CO
537840,VASC000000273873,OSF8V1657,代理清关,1,【Outbound】Customs clearance agent,【出库】代理清关,打印附件的清关文件，交付尾程供应商，完成出库,NULL,CO
537849,VASC000000273879,OSF8V1657,代理清关,1,【Outbound】Customs clearance agent,【出库】代理清关,打印附件的清关文件，交付尾程供应商，完成出库,NULL,CO
537852,VASC000000273882,OSF8V1657,代理清关,1,【Outbound】Customs clearance agent,【出库】代理清关,打印附件的清关文件，交付尾程供应商，完成出库,NULL,CO
537858,VASC000000273885,OSF8V1657,代理清关,1,【Outbound】Customs clearance agent,【出库】代理清关,打印附件的清关文件，交付尾程供应商，完成出库,NULL,CO
537861,VASC000000273888,OSF8V1657,代理清关,1,【Outbound】Customs clearance agent,【出库】代理清关,打印附件的清关文件，交付尾程供应商，完成出库,NULL,CO
537870,VASC000000273894,OSF8V1657,代理清关,1,【Outbound】Customs clearance agent,【出库】代理清关,打印附件的清关文件，交付尾程供应商，完成出库,NULL,CO
537921,VASC000000273906,OSF8V1620,Winit线下尾程服务,1,202512301,【尾程】winit线下尾程询价,"""1、仓库/尾程SD报价；",,
537894,VASC000000273909,OSF8V1620,Winit线下尾程服务,1,202512301,【尾程】winit线下尾程询价,"""1、仓库/尾程SD报价；",,
537969,VASC000000273930,OSF8V1620,Winit线下尾程服务,1,202512301,【尾程】winit线下尾程询价,"""1、仓库/尾程SD报价；",,
537981,VASC000000273960,OSF8V1620,Winit线下尾程服务,1,202512301,【尾程】winit线下尾程询价,"""1、仓库/尾程SD报价；",,
538005,VASC000000273966,OSF8V1657,代理清关,1,【Outbound】Customs clearance agent,【出库】代理清关,打印附件的清关文件，交付尾程供应商，完成出库,NULL,CO
538008,VASC000000273969,OSF8V1657,代理清关,1,【Outbound】Customs clearance agent,【出库】代理清关,打印附件的清关文件，交付尾程供应商，完成出库,NULL,CO
538044,VASC000000273975,OW01V1600,提供海外仓监控视频-少单品调查,1,NULL,NULL,根据到仓订单具体情况提供对应视频：,,
538221,VASC000000273984,OSF8V1601,出库其他服务需求,1,NULL,NULL,,NULL,CD
538053,VASC000000273993,OSF8V1749,审核出库单,1,NULL,NULL,仅万邑通内部发起,NULL,CO
538209,VASC000000274023,OW01V1594,上架前自提（无需WINIT打托）,1,NULL,NULL,1、补贴快递面单,,
538194,VASC000000274026,OSF6V1603,库内其他服务需求,1,20250407044,仓库已完成 需补收费用,原增值VASC000000270957元鼎这个增值因为现在非标增值和入库有联动了，导致质控那边关异常单，把这个增值也联动一起终止了，因此下新增值单补收费用；,,
538227,VASC000000274035,OSF8V1755,出库核对EAN码,1,NULL,NULL,步骤1：拆开商品外箱 步骤2：核对外箱及彩盒上的条码 步骤3：若条码不一致，则需要用客户上传的标签文件覆盖EAN条码 步骤4：外箱和彩盒上不能出现除正确EAN条码以外的其他条码，若有其他条码请用白标覆盖,NULL,CO
538233,VASC000000274038,OSF8V1755,出库核对EAN码,1,NULL,NULL,步骤1：拆开商品外箱 步骤2：核对外箱及彩盒上的条码 步骤3：若条码不一致，则需要用客户上传的标签文件覆盖EAN条码 步骤4：外箱和彩盒上不能出现除正确EAN条码以外的其他条码，若有其他条码请用白标覆盖,NULL,CO
538254,VASC000000274053,OSF8V1755,出库核对EAN码,1,NULL,NULL,步骤1：拆开商品外箱 步骤2：核对外箱及彩盒上的条码 步骤3：若条码不一致，则需要用客户上传的标签文件覆盖EAN条码 步骤4：外箱和彩盒上不能出现除正确EAN条码以外的其他条码，若有其他条码请用白标覆盖,NULL,CO
538305,VASC000000274059,OSF8V1601,出库其他服务需求,1,NULL,NULL,,NULL,CD
538296,VASC000000274068,OSF8V1755,出库核对EAN码,1,NULL,NULL,步骤1：拆开商品外箱 步骤2：核对外箱及彩盒上的条码 步骤3：若条码不一致，则需要用客户上传的标签文件覆盖EAN条码 步骤4：外箱和彩盒上不能出现除正确EAN条码以外的其他条码，若有其他条码请用白标覆盖,NULL,CO
538320,VASC000000274080,OSF8V1601,出库其他服务需求,1,20260402,【出库】部分贴商品级标签,出库单：WO11361526357,,
538329,VASC000000274083,OSF8V1755,出库核对EAN码,1,NULL,NULL,步骤1：拆开商品外箱 步骤2：核对外箱及彩盒上的条码 步骤3：若条码不一致，则需要用客户上传的标签文件覆盖EAN条码 步骤4：外箱和彩盒上不能出现除正确EAN条码以外的其他条码，若有其他条码请用白标覆盖,NULL,CO
538437,VASC000000274086,OSF8V1620,Winit线下尾程服务,1,202512301,【尾程】winit线下尾程询价,"""1、仓库/尾程SD报价；",,
538380,VASC000000274098,OSF8V1755,出库核对EAN码,1,NULL,NULL,步骤1：拆开商品外箱 步骤2：核对外箱及彩盒上的条码 步骤3：若条码不一致，则需要用客户上传的标签文件覆盖EAN条码 步骤4：外箱和彩盒上不能出现除正确EAN条码以外的其他条码，若有其他条码请用白标覆盖,NULL,CO
538413,VASC000000274107,OSF8V1755,出库核对EAN码,1,NULL,NULL,步骤1：拆开商品外箱 步骤2：核对外箱及彩盒上的条码 步骤3：若条码不一致，则需要用客户上传的标签文件覆盖EAN条码 步骤4：外箱和彩盒上不能出现除正确EAN条码以外的其他条码，若有其他条码请用白标覆盖,NULL,CO
538476,VASC000000274113,OSF8V1601,出库其他服务需求,1,20250516,【出库】补贴/更换商品标签,操作步骤：,,
538494,VASC000000274158,OSF8V1601,出库其他服务需求,1,20260408,【出库】特殊打托需求,操作步骤：,,
538542,VASC000000274185,OW01V1602,入库其他服务需求,1,202507151726,【入库】入库少单品/少包裹视频调查,【背景】WI48625177出现批量破损，需要调取完整监控，证明货物到仓就是破损的状态。,,
538560,VASC000000274188,OSF8V1755,出库核对EAN码,1,NULL,NULL,步骤1：拆开商品外箱 步骤2：核对外箱及彩盒上的条码 步骤3：若条码不一致，则需要用客户上传的标签文件覆盖EAN条码 步骤4：外箱和彩盒上不能出现除正确EAN条码以外的其他条码，若有其他条码请用白标覆盖,NULL,CO
538605,VASC000000274197,OSF8V1620,Winit线下尾程服务,1,NULL,NULL,"""1、仓库/尾程SD报价；",,
538686,VASC000000274209,OSF8V1620,Winit线下尾程服务,1,202512301,【尾程】winit线下尾程询价,"""1、仓库/尾程SD报价；",,
538692,VASC000000274212,OSF8V1755,出库核对EAN码,1,NULL,NULL,步骤1：拆开商品外箱 步骤2：核对外箱及彩盒上的条码 步骤3：若条码不一致，则需要用客户上传的标签文件覆盖EAN条码 步骤4：外箱和彩盒上不能出现除正确EAN条码以外的其他条码，若有其他条码请用白标覆盖,NULL,CO
538821,VASC000000274224,OSF6V1603,库内其他服务需求,1,INSTOCK_SPLIT_SKU,【库内】拆分SKU,该增值单为工时询价单，仓库无需实际作业。,NULL,CD
538818,VASC000000274236,OSF6V1603,库内其他服务需求,1,INSTOCK_SPLIT_SKU,【库内】拆分SKU,该增值单为工时询价单，仓库无需实际作业。该增值单为工时询价单，仓库无需实际作业。,NULL,CD
538740,VASC000000274242,OSF8V1755,出库核对EAN码,1,NULL,NULL,步骤1：拆开商品外箱 步骤2：核对外箱及彩盒上的条码 步骤3：若条码不一致，则需要用客户上传的标签文件覆盖EAN条码 步骤4：外箱和彩盒上不能出现除正确EAN条码以外的其他条码，若有其他条码请用白标覆盖,NULL,CO
538797,VASC000000274251,OSF8V1755,出库核对EAN码,1,NULL,NULL,步骤1：拆开商品外箱 步骤2：核对外箱及彩盒上的条码 步骤3：若条码不一致，则需要用客户上传的标签文件覆盖EAN条码 步骤4：外箱和彩盒上不能出现除正确EAN条码以外的其他条码，若有其他条码请用白标覆盖,NULL,CO
539502,VASC000000274260,OSF8V1801,彩盒外箱出库加贴UPC标签,1,NULL,NULL,①按照附件贴标示意图的位置更换标签 ②开箱在彩盒顶部贴彩盒 UPC 标签（X3_彩盒中性标签_UPC），重新封箱 ③在外箱贴外箱 UPC 标签（X3_外盒中性标签_UPC）,NULL,CD
538827,VASC000000274269,OSF8V1755,出库核对EAN码,1,NULL,NULL,步骤1：拆开商品外箱 步骤2：核对外箱及彩盒上的条码 步骤3：若条码不一致，则需要用客户上传的标签文件覆盖EAN条码 步骤4：外箱和彩盒上不能出现除正确EAN条码以外的其他条码，若有其他条码请用白标覆盖,NULL,CO
538833,VASC000000274272,OSF8V1755,出库核对EAN码,1,NULL,NULL,步骤1：拆开商品外箱 步骤2：核对外箱及彩盒上的条码 步骤3：若条码不一致，则需要用客户上传的标签文件覆盖EAN条码 步骤4：外箱和彩盒上不能出现除正确EAN条码以外的其他条码，若有其他条码请用白标覆盖,NULL,CO
538845,VASC000000274275,OSF8V1601,出库其他服务需求,1,20250516,【出库】补贴/更换商品标签,需要在彩盒顶部贴上彩盒UPC标签（S1_彩盒中性标签_AI004242101001_UPC）；在外箱上贴上外箱UPC标签（S1_外箱中性标签_AI004242101001_UPC）,NULL,CO
538998,VASC000000274344,OSF8V1779,交接 Master BOL,1,NULL,NULL,步骤1：确认客户关联的出库单据信息 步骤2：打印2份客户上传的 Master BOL文件 步骤3：2份都交给司机签字（每页均需要签字），签字后 ①其中1份文件拍照回传，并仓库存档2周及以上 ②其中1份+Packinglist+PO BOL(若有) 一起装入信封并在信封上写Load Destination code ：#### 交给司机,NULL,CO
539145,VASC000000274392,OSF8V1620,Winit线下尾程服务,1,202512301,【尾程】winit线下尾程询价,"""1、仓库/尾程SD报价；",,
539217,VASC000000274422,OW01V1602,入库其他服务需求,1,NULL,NULL,,NULL,CD
539346,VASC000000274428,OSF8V1601,出库其他服务需求,1,20250516,【出库】补贴/更换商品标签,操作步骤：,,
540309,VASC000000274461,OSF6V1603,库内其他服务需求,1,20260119001,【库内】补贴认证标签,仓库操作步骤：,,
539496,VASC000000274506,OSF8V1601,出库其他服务需求,1,20250407013,【出库】指定位置贴商品/包裹标签/快递面单,操作步骤：,,
539541,VASC000000274521,OSF8V1801,彩盒外箱出库加贴UPC标签,1,NULL,NULL,①按照附件贴标示意图的位置更换标签 ②开箱在彩盒顶部贴彩盒 UPC 标签（X3_彩盒中性标签_UPC），重新封箱 ③在外箱贴外箱 UPC 标签（X3_外盒中性标签_UPC）,NULL,CD
539589,VASC000000274569,OSF8V1657,代理清关,1,【Outbound】Customs clearance agent,【出库】代理清关,打印附件的清关文件，交付尾程供应商，完成出库,NULL,CO
539616,VASC000000274572,OW01V1602,入库其他服务需求,1,20250522001,【入库】指定商品拍照暂存,【背景】RT16000295135981CN退货大批量商品异常，需要每个产品补拍正反两面的照片，并分开文件夹打包合并反馈照片,,
539790,VASC000000274632,OSF8V1601,出库其他服务需求,1,20250516,【出库】补贴/更换商品标签,操作步骤：,,
539817,VASC000000274638,OSF8V1620,Winit线下尾程服务,1,NULL,NULL,"""1、仓库/尾程SD报价；",,
539802,VASC000000274641,OSF8V1755,出库核对EAN码,1,NULL,NULL,步骤1：拆开商品外箱 步骤2：核对外箱及彩盒上的条码 步骤3：若条码不一致，则需要用客户上传的标签文件覆盖EAN条码 步骤4：外箱和彩盒上不能出现除正确EAN条码以外的其他条码，若有其他条码请用白标覆盖,NULL,CO
539826,VASC000000274650,OSF6V1603,库内其他服务需求,1,20250407035,【库内】拍摄照片/视频,背景：shein申诉；,,
539955,VASC000000274689,OW01V1602,入库其他服务需求,1,20260302,【入库】覆盖/清除标签,【背景】以下sku,,
540078,VASC000000274752,OSF8V1620,Winit线下尾程服务,1,202512301,【尾程】winit线下尾程询价,"""1、仓库/尾程SD报价；",,
540093,VASC000000274770,OSF8V1749,审核出库单,1,NULL,NULL,仅万邑通内部发起,NULL,CO
540345,VASC000000274779,OSF6V1647,货权转移（改数模式）,1,NULL,NULL,,NULL,CD
540162,VASC000000274785,OW01V1602,入库其他服务需求,1,NULL,NULL,,NULL,CD
540189,VASC000000274812,OSF8V1755,出库核对EAN码,1,NULL,NULL,步骤1：拆开商品外箱 步骤2：核对外箱及彩盒上的条码 步骤3：若条码不一致，则需要用客户上传的标签文件覆盖EAN条码 步骤4：外箱和彩盒上不能出现除正确EAN条码以外的其他条码，若有其他条码请用白标覆盖,NULL,CO
540204,VASC000000274815,OW01V1602,入库其他服务需求,1,20250407004,【入库】尺重/标签辨识后换标上架,【背景】客户1件包裹条码异常，需要开箱复测箱内实物产品椅子坐垫长度与宽度。具体操作参考见附件。,,
540213,VASC000000274824,OSF8V1620,Winit线下尾程服务,1,202512301,【尾程】winit线下尾程询价,"""1、仓库/尾程SD报价；",,
540228,VASC000000274830,OSF8V1620,Winit线下尾程服务,1,202512301,【尾程】winit线下尾程询价,"""1、仓库/尾程SD报价；",,
540351,VASC000000274902,OSF8V1620,Winit线下尾程服务,1,NULL,NULL,"""1、仓库/尾程SD报价；",,
540444,VASC000000274947,OW01V1602,入库其他服务需求,1,20260320,【入库】	商品异常更换包裹标签商品标签新单上架,"【背景】客户贴标与实物不符，需要重新贴包裹标签，换成单一商品上架，单一商品有正确的sn码，不需要贴商品标签,无对应要求。",,
540477,VASC000000274959,OSF6V1752,无主货找回（6个自然日内）-仓库创建无RMA退货单,1,NULL,NULL,步骤1：按照客户提供的快递单号或者POD尝试找回无主货 步骤2： ①若货物找回，请仓库创建无RMA退货单上架并反馈退货订单号，然后【完成】增值单 ②若货物未找回，请【完成】增值单  注意：此增值无论商品是否找回，请将增值单更新为【已出库】,NULL,CO
540480,VASC000000274962,OSF8V1755,出库核对EAN码,1,NULL,NULL,步骤1：拆开商品外箱 步骤2：核对外箱及彩盒上的条码 步骤3：若条码不一致，则需要用客户上传的标签文件覆盖EAN条码 步骤4：外箱和彩盒上不能出现除正确EAN条码以外的其他条码，若有其他条码请用白标覆盖,NULL,CO
540498,VASC000000274974,OSF8V1755,出库核对EAN码,1,NULL,NULL,步骤1：拆开商品外箱 步骤2：核对外箱及彩盒上的条码 步骤3：若条码不一致，则需要用客户上传的标签文件覆盖EAN条码 步骤4：外箱和彩盒上不能出现除正确EAN条码以外的其他条码，若有其他条码请用白标覆盖,NULL,CO
540543,VASC000000274989,OSF6V1603,库内其他服务需求,1,20250407035,【库内】拍摄照片/视频,背景：拍摄该客户产品在库内的照片，用于店铺申诉。,,
540561,VASC000000275028,OSF8V1749,审核出库单,1,NULL,NULL,仅万邑通内部发起,NULL,CO
540564,VASC000000275034,OSF8V1749,审核出库单,1,NULL,NULL,仅万邑通内部发起,NULL,CO
540600,VASC000000275037,OW01V1600,提供海外仓监控视频-少单品调查,1,NULL,NULL,根据到仓订单具体情况提供对应视频：,,
540606,VASC000000275040,OSF8V1755,出库核对EAN码,1,NULL,NULL,步骤1：拆开商品外箱 步骤2：核对外箱及彩盒上的条码 步骤3：若条码不一致，则需要用客户上传的标签文件覆盖EAN条码 步骤4：外箱和彩盒上不能出现除正确EAN条码以外的其他条码，若有其他条码请用白标覆盖,NULL,CO
540621,VASC000000275043,OW01V1600,提供海外仓监控视频-少单品调查,1,NULL,NULL,根据到仓订单具体情况提供对应视频：,,
540615,VASC000000275046,OSF8V1620,Winit线下尾程服务,1,NULL,NULL,"""1、仓库/尾程SD报价；",,
540639,VASC000000275061,OW01V1654,包裹串仓异常调拨,1,NULL,NULL,将客户指定异常调拨到目的仓库,NULL,CD
540657,VASC000000275067,OSF8V1755,出库核对EAN码,1,NULL,NULL,步骤1：拆开商品外箱 步骤2：核对外箱及彩盒上的条码 步骤3：若条码不一致，则需要用客户上传的标签文件覆盖EAN条码 步骤4：外箱和彩盒上不能出现除正确EAN条码以外的其他条码，若有其他条码请用白标覆盖,NULL,CO
540675,VASC000000275073,OSF8V1601,出库其他服务需求,1,[Outbound] Repackaging by self-pickup order,【出库】暂存单重新装箱,1. 按照 WO11370029761 下架外箱21pcs+彩盒42pcs,,
540681,VASC000000275076,OSF8V1620,Winit线下尾程服务,1,202512301,【尾程】winit线下尾程询价,"""1、仓库/尾程SD报价；",,
540687,VASC000000275082,OSF8V1755,出库核对EAN码,1,NULL,NULL,步骤1：拆开商品外箱 步骤2：核对外箱及彩盒上的条码 步骤3：若条码不一致，则需要用客户上传的标签文件覆盖EAN条码 步骤4：外箱和彩盒上不能出现除正确EAN条码以外的其他条码，若有其他条码请用白标覆盖,NULL,CO
540699,VASC000000275085,OSF8V1601,出库其他服务需求,1,20250516,【出库】补贴/更换商品标签,1. 按照 WO11370582608 下架外箱19pcs+彩盒38pcs,,
540735,VASC000000275100,OSF8V1755,出库核对EAN码,1,NULL,NULL,步骤1：拆开商品外箱 步骤2：核对外箱及彩盒上的条码 步骤3：若条码不一致，则需要用客户上传的标签文件覆盖EAN条码 步骤4：外箱和彩盒上不能出现除正确EAN条码以外的其他条码，若有其他条码请用白标覆盖,NULL,CO
540756,VASC000000275118,OSF8V1749,审核出库单,1,NULL,NULL,仅万邑通内部发起,NULL,CO
540759,VASC000000275121,OSF8V1601,出库其他服务需求,1,20250516,【出库】补贴/更换商品标签,操作步骤：,,
540765,VASC000000275124,OSF8V1620,Winit线下尾程服务,1,202512301,【尾程】winit线下尾程询价,"""1、仓库/尾程SD报价；",,
540825,VASC000000275154,OSF8V1755,出库核对EAN码,1,NULL,NULL,步骤1：拆开商品外箱 步骤2：核对外箱及彩盒上的条码 步骤3：若条码不一致，则需要用客户上传的标签文件覆盖EAN条码 步骤4：外箱和彩盒上不能出现除正确EAN条码以外的其他条码，若有其他条码请用白标覆盖,NULL,CO
540831,VASC000000275157,OSF8V1755,出库核对EAN码,1,NULL,NULL,步骤1：拆开商品外箱 步骤2：核对外箱及彩盒上的条码 步骤3：若条码不一致，则需要用客户上传的标签文件覆盖EAN条码 步骤4：外箱和彩盒上不能出现除正确EAN条码以外的其他条码，若有其他条码请用白标覆盖,NULL,CO
540894,VASC000000275178,OSF8V1601,出库其他服务需求,1,NULL,NULL,,NULL,CD
540900,VASC000000275181,OSF8V1601,出库其他服务需求,1,NULL,NULL,,NULL,CD
540945,VASC000000275220,OSF8V1755,出库核对EAN码,1,NULL,NULL,步骤1：拆开商品外箱 步骤2：核对外箱及彩盒上的条码 步骤3：若条码不一致，则需要用客户上传的标签文件覆盖EAN条码 步骤4：外箱和彩盒上不能出现除正确EAN条码以外的其他条码，若有其他条码请用白标覆盖,NULL,CO
540951,VASC000000275223,OSF8V1755,出库核对EAN码,1,NULL,NULL,步骤1：拆开商品外箱 步骤2：核对外箱及彩盒上的条码 步骤3：若条码不一致，则需要用客户上传的标签文件覆盖EAN条码 步骤4：外箱和彩盒上不能出现除正确EAN条码以外的其他条码，若有其他条码请用白标覆盖,NULL,CO
540978,VASC000000275232,OSF8V1755,出库核对EAN码,1,NULL,NULL,步骤1：拆开商品外箱 步骤2：核对外箱及彩盒上的条码 步骤3：若条码不一致，则需要用客户上传的标签文件覆盖EAN条码 步骤4：外箱和彩盒上不能出现除正确EAN条码以外的其他条码，若有其他条码请用白标覆盖,NULL,CO
540987,VASC000000275235,OSF8V1755,出库核对EAN码,1,NULL,NULL,步骤1：拆开商品外箱 步骤2：核对外箱及彩盒上的条码 步骤3：若条码不一致，则需要用客户上传的标签文件覆盖EAN条码 步骤4：外箱和彩盒上不能出现除正确EAN条码以外的其他条码，若有其他条码请用白标覆盖,NULL,CO
541017,VASC000000275247,OSF8V1601,出库其他服务需求,1,NULL,NULL,,NULL,CD
541041,VASC000000275265,OSF8V1620,Winit线下尾程服务,1,202512301,【尾程】winit线下尾程询价,"""1、仓库/尾程SD报价；",,
541368,VASC000000275397,OSF6V1673,无主货找回-6个自然日内,1,NULL,NULL,根据客户提供的单据信息找货，若超过1h未找回，则反馈无法找回,NULL,CD
541380,VASC000000275400,OSF6V1752,无主货找回（6个自然日内）-仓库创建无RMA退货单,1,NULL,NULL,步骤1：按照客户提供的快递单号或者POD尝试找回无主货 步骤2： ①若货物找回，请仓库创建无RMA退货单上架并反馈退货订单号，然后【完成】增值单 ②若货物未找回，请【完成】增值单  注意：此增值无论商品是否找回，请将增值单更新为【已出库】,NULL,CO
541464,VASC000000275436,OW01V1599,提供海外仓监控视频-少包裹调查,1,NULL,NULL,根据到仓订单具体情况提供对应视频：,,
541473,VASC000000275460,OW01V1599,提供海外仓监控视频-少包裹调查,1,NULL,NULL,根据到仓订单具体情况提供对应视频：,,
541506,VASC000000275484,OSF8V1620,Winit线下尾程服务,1,202512301,【尾程】winit线下尾程询价,"""1、仓库/尾程SD报价；",,
541566,VASC000000275490,OSF8V1601,出库其他服务需求,1,NULL,NULL,,NULL,CD
541611,VASC000000275520,OW01V1602,入库其他服务需求,1,NULL,NULL,,NULL,CD
541623,VASC000000275529,OW01V1602,入库其他服务需求,1,NULL,NULL,,NULL,CD
541632,VASC000000275535,OW01V1602,入库其他服务需求,1,NULL,NULL,,NULL,CD
541791,VASC000000275619,OSF8V1620,Winit线下尾程服务,1,202512301,【尾程】winit线下尾程询价,"""1、仓库/尾程SD报价；",,
541887,VASC000000275682,OSF6V1603,库内其他服务需求,1,20250407043,【库内】商品外观辨识+贴标上架,背景：贴错商品条码，需要辨识且更换；,,
542013,VASC000000275700,OSF8V1755,出库核对EAN码,1,NULL,NULL,步骤1：拆开商品外箱 步骤2：核对外箱及彩盒上的条码 步骤3：若条码不一致，则需要用客户上传的标签文件覆盖EAN条码 步骤4：外箱和彩盒上不能出现除正确EAN条码以外的其他条码，若有其他条码请用白标覆盖,NULL,CD
542094,VASC000000275712,OSF8V1755,出库核对EAN码,1,NULL,NULL,步骤1：拆开商品外箱 步骤2：核对外箱及彩盒上的条码 步骤3：若条码不一致，则需要用客户上传的标签文件覆盖EAN条码 步骤4：外箱和彩盒上不能出现除正确EAN条码以外的其他条码，若有其他条码请用白标覆盖,NULL,CO
542121,VASC000000275721,OSF8V1620,Winit线下尾程服务,1,202512301,【尾程】winit线下尾程询价,"""1、仓库/尾程SD报价；",,
542157,VASC000000275742,OSF8V1755,出库核对EAN码,1,NULL,NULL,步骤1：拆开商品外箱 步骤2：核对外箱及彩盒上的条码 步骤3：若条码不一致，则需要用客户上传的标签文件覆盖EAN条码 步骤4：外箱和彩盒上不能出现除正确EAN条码以外的其他条码，若有其他条码请用白标覆盖,NULL,CO
542163,VASC000000275748,OSF8V1755,出库核对EAN码,1,NULL,NULL,步骤1：拆开商品外箱 步骤2：核对外箱及彩盒上的条码 步骤3：若条码不一致，则需要用客户上传的标签文件覆盖EAN条码 步骤4：外箱和彩盒上不能出现除正确EAN条码以外的其他条码，若有其他条码请用白标覆盖,NULL,CD
542184,VASC000000275757,OSF8V1755,出库核对EAN码,1,NULL,NULL,步骤1：拆开商品外箱 步骤2：核对外箱及彩盒上的条码 步骤3：若条码不一致，则需要用客户上传的标签文件覆盖EAN条码 步骤4：外箱和彩盒上不能出现除正确EAN条码以外的其他条码，若有其他条码请用白标覆盖,NULL,CO
542190,VASC000000275763,OSF8V1716,Anker加急出库,1,NULL,NULL,仓库根据订单情况判断能否在【指定出库日期】之前完成增值，若无法操作加急，请“异常终止”增值订单，若可以操作，请填写加急实际操作工时并“完成”增值 注意（非常重要！！！）： 1. 加急增值完成标准： *标准出库：加急订单出库日期应早于应出库日期，若不符合此条件，请“异常终止”增值订单 *自提出库：加急订单暂存日期应早于应暂存日期，若不符合此条件，请“异常终止”增值订单 2. 仓库实际操作工时，请提前记录并如实填写，最终会根据此工时收取客户费用 3. 需要在出库前完成此增值，否则增值将会被自动“异常终止”,NULL,CO
542196,VASC000000275766,OSF8V1716,Anker加急出库,1,NULL,NULL,仓库根据订单情况判断能否在【指定出库日期】之前完成增值，若无法操作加急，请“异常终止”增值订单，若可以操作，请填写加急实际操作工时并“完成”增值 注意（非常重要！！！）： 1. 加急增值完成标准： *标准出库：加急订单出库日期应早于应出库日期，若不符合此条件，请“异常终止”增值订单 *自提出库：加急订单暂存日期应早于应暂存日期，若不符合此条件，请“异常终止”增值订单 2. 仓库实际操作工时，请提前记录并如实填写，最终会根据此工时收取客户费用 3. 需要在出库前完成此增值，否则增值将会被自动“异常终止”,NULL,CO
542202,VASC000000275769,OSF8V1716,Anker加急出库,1,NULL,NULL,仓库根据订单情况判断能否在【指定出库日期】之前完成增值，若无法操作加急，请“异常终止”增值订单，若可以操作，请填写加急实际操作工时并“完成”增值 注意（非常重要！！！）： 1. 加急增值完成标准： *标准出库：加急订单出库日期应早于应出库日期，若不符合此条件，请“异常终止”增值订单 *自提出库：加急订单暂存日期应早于应暂存日期，若不符合此条件，请“异常终止”增值订单 2. 仓库实际操作工时，请提前记录并如实填写，最终会根据此工时收取客户费用 3. 需要在出库前完成此增值，否则增值将会被自动“异常终止”,NULL,CO
542364,VASC000000275856,OSF8V1601,出库其他服务需求,1,NULL,NULL,,NULL,CD
542370,VASC000000275859,OSF8V1601,出库其他服务需求,1,NULL,NULL,,NULL,CD
542376,VASC000000275862,OSF8V1601,出库其他服务需求,1,NULL,NULL,,NULL,CD
542382,VASC000000275865,OSF8V1601,出库其他服务需求,1,NULL,NULL,,NULL,CD
542400,VASC000000275871,OSF8V1620,Winit线下尾程服务,1,NULL,NULL,"""1、仓库/尾程SD报价；",,
542487,VASC000000275949,OSF6V1648,代采购包材物料,1,20250619001,【库内】代采购包材物料,包材商品条码	            包材商品编码	纸箱型号	采购外径尺寸cm	采购数量	包材印刷内容,,
543030,VASC000000275985,OW01V1600,提供海外仓监控视频-少单品调查,1,NULL,NULL,根据到仓订单具体情况提供对应视频：,,
542622,VASC000000276015,OW01V1602,入库其他服务需求,1,NULL,NULL,,NULL,CD
543117,VASC000000276021,OSF8V1601,出库其他服务需求,1,20260128001,【出库】补贴包裹/托盘标签,操作步骤：,,
542679,VASC000000276054,OSF6V1647,货权转移（改数模式）,1,【In-warehouse】Transfer of ownership of goods,【库内】货权转移,此类增值仅用于收费，IT系统改数，无需仓库实物流操作。仓库将增值单状态更新为“仓库已处理”,NULL,CD
542733,VASC000000276084,OSF6V1603,库内其他服务需求,1,20260302,【入库】覆盖/清除标签,仓库操作步骤：,,
542814,VASC000000276087,OSF6V1673,无主货找回-6个自然日内,1,NULL,NULL,根据客户提供的单据信息找货，若超过1h未找回，则反馈无法找回,NULL,CO
542745,VASC000000276090,OSF6V1603,库内其他服务需求,1,20260302,【入库】覆盖/清除标签,仓库操作步骤：,,
542760,VASC000000276093,OSF6V1603,库内其他服务需求,1,202507141,【出库】采集SN码,仓库操作步骤：,,
543054,VASC000000276171,OW01V1602,入库其他服务需求,1,20250430,【入库】“包裹条码批量异常（需客户处理）”辨识后补贴包裹标签上架,【背景】：240件没有下入库单，也没有贴标签直接发来仓库，导致货物条码异常无法上架。,,
542928,VASC000000276195,OSF8V1620,Winit线下尾程服务,1,202512301,【尾程】winit线下尾程询价,"""1、仓库/尾程SD报价；",,
543027,VASC000000276243,OSF6V1603,库内其他服务需求,1,20260302,【入库】覆盖/清除标签,仓库操作步骤：,,
543402,VASC000000276267,OSF6V1603,库内其他服务需求,1,20250407013,【出库】指定位置贴商品/包裹标签/快递面单,仓库操作步骤：,,
543138,VASC000000276279,OSF6V1751,无主货找回（6个自然日内）-客户提供新单上架,1,NULL,NULL,步骤1：按照客户提供的快递单号或者POD尝试找回无主货 步骤2： ①若货物找回，请按照客户提供的新入库单补贴商品标签和包裹标签上架，并【完成】增值订单 ②若货物未找回，请【完成】增值单，且增值贴标数量反馈为“0”  注意：此增值无论商品是否找回，请将增值单更新为【已出库】,NULL,CO
544038,VASC000000276285,OW01V1602,入库其他服务需求,1,202506120001,【入库】关联第三方商品条码上架,【背景】单品化管理的SKU不支持直接提交关联第三方条码关联的增值，需要关联原入库单，让仓库重新扫描上架,,
543219,VASC000000276315,OSF8V1657,代理清关,1,【Outbound】Customs clearance agent,【出库】代理清关,打印附件的清关文件，交付尾程供应商，完成出库,NULL,CO
543549,VASC000000276336,OSF8V1601,出库其他服务需求,1,NULL,NULL,,NULL,CD
544161,VASC000000276393,OW01V1602,入库其他服务需求,1,20250430,【入库】“包裹条码批量异常（需客户处理）”辨识后补贴包裹标签上架,【背景】原单没有验货就把货物发来仓库了，导致25件包裹无法上架。,,
543603,VASC000000276411,OSF6V1752,无主货找回（6个自然日内）-仓库创建无RMA退货单,1,NULL,NULL,步骤1：按照客户提供的快递单号或者POD尝试找回无主货 步骤2： ①若货物找回，请仓库创建无RMA退货单上架并反馈退货订单号，然后【完成】增值单 ②若货物未找回，请【完成】增值单  注意：此增值无论商品是否找回，请将增值单更新为【已出库】,NULL,CO
543576,VASC000000276420,OSF8V1755,出库核对EAN码,1,NULL,NULL,步骤1：拆开商品外箱 步骤2：核对外箱及彩盒上的条码 步骤3：若条码不一致，则需要用客户上传的标签文件覆盖EAN条码 步骤4：外箱和彩盒上不能出现除正确EAN条码以外的其他条码，若有其他条码请用白标覆盖,NULL,CO
543579,VASC000000276420,OSF8V1716,Anker加急出库,1,NULL,NULL,仓库根据订单情况判断能否在【指定出库日期】之前完成增值，若无法操作加急，请“异常终止”增值订单，若可以操作，请填写加急实际操作工时并“完成”增值 注意（非常重要！！！）： 1. 加急增值完成标准： *标准出库：加急订单出库日期应早于应出库日期，若不符合此条件，请“异常终止”增值订单 *自提出库：加急订单暂存日期应早于应暂存日期，若不符合此条件，请“异常终止”增值订单 2. 仓库实际操作工时，请提前记录并如实填写，最终会根据此工时收取客户费用 3. 需要在出库前完成此增值，否则增值将会被自动“异常终止”,NULL,CO
543600,VASC000000276429,OSF8V1601,出库其他服务需求,1,NULL,NULL,,NULL,CD
543612,VASC000000276435,OSF8V1601,出库其他服务需求,1,NULL,NULL,,NULL,CD
543660,VASC000000276447,OSF8V1601,出库其他服务需求,1,NULL,NULL,,NULL,CD
543672,VASC000000276456,OSF8V1601,出库其他服务需求,1,NULL,NULL,,NULL,CD
543681,VASC000000276462,OSF8V1601,出库其他服务需求,1,NULL,NULL,,NULL,CD
543711,VASC000000276477,OSF8V1620,Winit线下尾程服务,1,202512301,【尾程】winit线下尾程询价,"""1、仓库/尾程SD报价；",,
543861,VASC000000276540,OW01V1602,入库其他服务需求,1,20250929,【入库】海运整柜100%A+无包裹条码异常，新单无箱单或100%A+包直接上架,【背景】VASC000000276471[海运整柜100%A+/A包裹]存在多货，原入库单的下单数量已经上架完了，现已下无箱单预报单，需仓库直接扫描上架，,,
543915,VASC000000276567,OW01V1602,入库其他服务需求,1,20250929,【入库】海运整柜100%A+无包裹条码异常，新单无箱单或100%A+包直接上架,【背景】WI49499012[海运整柜100%A+/A包裹]存在多货，原入库单的下单数量已经上架完了，现已下无箱单预报单，需仓库直接扫描上架,,
544095,VASC000000276570,OW01V1600,提供海外仓监控视频-少单品调查,1,NULL,NULL,根据到仓订单具体情况提供对应视频：,,
543936,VASC000000276573,OSF8V1695,小刀拆封取延保卡,1,NULL,NULL,1.观看客户提供的操作SOP视频,,
543942,VASC000000276576,OSF8V1695,小刀拆封取延保卡,1,NULL,NULL,1.观看客户提供的操作SOP视频,,
543948,VASC000000276579,OSF8V1695,小刀拆封取延保卡,1,NULL,NULL,1.观看客户提供的操作SOP视频,,
543957,VASC000000276582,OSF8V1620,Winit线下尾程服务,1,202512301,【尾程】winit线下尾程询价,"""1、仓库/尾程SD报价；",,
543963,VASC000000276585,OSF8V1695,小刀拆封取延保卡,1,NULL,NULL,1.观看客户提供的操作SOP视频,,
544059,VASC000000276618,OSF8V1755,出库核对EAN码,1,NULL,NULL,步骤1：拆开商品外箱 步骤2：核对外箱及彩盒上的条码 步骤3：若条码不一致，则需要用客户上传的标签文件覆盖EAN条码 步骤4：外箱和彩盒上不能出现除正确EAN条码以外的其他条码，若有其他条码请用白标覆盖,NULL,CO
544233,VASC000000276639,OSF6V1647,货权转移（改数模式）,1,【In-warehouse】Transfer of ownership of goods,【库内】货权转移,此类增值仅用于收费，IT系统改数，无需仓库实物流操作。仓库将增值单状态更新为“仓库已处理”,NULL,CO
544395,VASC000000276648,OW01V1602,入库其他服务需求,1,[Warehouse]AbnormalTransferOfParcelsFromMultipleWarehouses,【入库】包裹串仓异常调拨,"【背景】USKY3一个包裹25件串去USWC,要在USWC上架，M010000000005538717是单品化管理的，需要更换包裹条码以及单品条码上架",,
544143,VASC000000276651,OSF8V1620,Winit线下尾程服务,1,202512301,【尾程】winit线下尾程询价,"""1、仓库/尾程SD报价；",,
545496,VASC000000276720,OSF6V1603,库内其他服务需求,1,20250407003,【入库】上架前拆包装,仓库操作步骤：,,
544335,VASC000000276738,OSF8V1620,Winit线下尾程服务,1,NULL,NULL,"""1、仓库/尾程SD报价；",,
544446,VASC000000276753,OSF6V1752,无主货找回（6个自然日内）-仓库创建无RMA退货单,1,NULL,NULL,步骤1：按照客户提供的快递单号或者POD尝试找回无主货 步骤2： ①若货物找回，请仓库创建无RMA退货单上架并反馈退货订单号，然后【完成】增值单 ②若货物未找回，请【完成】增值单  注意：此增值无论商品是否找回，请将增值单更新为【已出库】,NULL,CO
544428,VASC000000276756,OSF8V1755,出库核对EAN码,1,NULL,NULL,步骤1：拆开商品外箱 步骤2：核对外箱及彩盒上的条码 步骤3：若条码不一致，则需要用客户上传的标签文件覆盖EAN条码 步骤4：外箱和彩盒上不能出现除正确EAN条码以外的其他条码，若有其他条码请用白标覆盖,NULL,CO
544431,VASC000000276756,OSF8V1716,Anker加急出库,1,NULL,NULL,仓库根据订单情况判断能否在【指定出库日期】之前完成增值，若无法操作加急，请“异常终止”增值订单，若可以操作，请填写加急实际操作工时并“完成”增值 注意（非常重要！！！）： 1. 加急增值完成标准： *标准出库：加急订单出库日期应早于应出库日期，若不符合此条件，请“异常终止”增值订单 *自提出库：加急订单暂存日期应早于应暂存日期，若不符合此条件，请“异常终止”增值订单 2. 仓库实际操作工时，请提前记录并如实填写，最终会根据此工时收取客户费用 3. 需要在出库前完成此增值，否则增值将会被自动“异常终止”,NULL,CO
544491,VASC000000276759,OSF8V1601,出库其他服务需求,1,20250516,【出库】补贴/更换商品标签,操作步骤：,,
544584,VASC000000276762,OSF6V1603,库内其他服务需求,1,INSTOCK_SELF_PICK_ORDER_CANCEL_OUTBOUND,【库内】订单作废后重新上架,仓库操作步骤：,,
544542,VASC000000276765,OSF6V1603,库内其他服务需求,1,INSTOCK_INVENTORY_FREEZE_UNFREEZE,【库内】库存冻结/解冻,背景：此产品缺失UN箱，客户按入库时间管理，无法直接出库，申请冻结。,,
544662,VASC000000276792,OSF8V1755,出库核对EAN码,1,NULL,NULL,步骤1：拆开商品外箱 步骤2：核对外箱及彩盒上的条码 步骤3：若条码不一致，则需要用客户上传的标签文件覆盖EAN条码 步骤4：外箱和彩盒上不能出现除正确EAN条码以外的其他条码，若有其他条码请用白标覆盖,NULL,CO
544686,VASC000000276804,OSF8V1620,Winit线下尾程服务,1,202512301,【尾程】winit线下尾程询价,"""1、仓库/尾程SD报价；",,
544707,VASC000000276813,OSF6V1672,无主货找回-超6个自然日,1,NULL,NULL,根据客户提供的单据信息找货，若超过1h未找回，则反馈无法找回,NULL,CO
544782,VASC000000276840,OSF8V1755,出库核对EAN码,1,NULL,NULL,步骤1：拆开商品外箱 步骤2：核对外箱及彩盒上的条码 步骤3：若条码不一致，则需要用客户上传的标签文件覆盖EAN条码 步骤4：外箱和彩盒上不能出现除正确EAN条码以外的其他条码，若有其他条码请用白标覆盖,NULL,CO
544788,VASC000000276843,OSF8V1755,出库核对EAN码,1,NULL,NULL,步骤1：拆开商品外箱 步骤2：核对外箱及彩盒上的条码 步骤3：若条码不一致，则需要用客户上传的标签文件覆盖EAN条码 步骤4：外箱和彩盒上不能出现除正确EAN条码以外的其他条码，若有其他条码请用白标覆盖,NULL,CO
544809,VASC000000276861,OSF8V1755,出库核对EAN码,1,NULL,NULL,步骤1：拆开商品外箱 步骤2：核对外箱及彩盒上的条码 步骤3：若条码不一致，则需要用客户上传的标签文件覆盖EAN条码 步骤4：外箱和彩盒上不能出现除正确EAN条码以外的其他条码，若有其他条码请用白标覆盖,NULL,CO
544821,VASC000000276864,OSF8V1620,Winit线下尾程服务,1,NULL,NULL,"""1、仓库/尾程SD报价；",,
544827,VASC000000276870,OSF8V1755,出库核对EAN码,1,NULL,NULL,步骤1：拆开商品外箱 步骤2：核对外箱及彩盒上的条码 步骤3：若条码不一致，则需要用客户上传的标签文件覆盖EAN条码 步骤4：外箱和彩盒上不能出现除正确EAN条码以外的其他条码，若有其他条码请用白标覆盖,NULL,CO
544833,VASC000000276873,OSF8V1755,出库核对EAN码,1,NULL,NULL,步骤1：拆开商品外箱 步骤2：核对外箱及彩盒上的条码 步骤3：若条码不一致，则需要用客户上传的标签文件覆盖EAN条码 步骤4：外箱和彩盒上不能出现除正确EAN条码以外的其他条码，若有其他条码请用白标覆盖,NULL,CO
544851,VASC000000276882,OSF8V1620,Winit线下尾程服务,1,202512301,【尾程】winit线下尾程询价,"""1、仓库/尾程SD报价；",,
544965,VASC000000276960,OSF8V1620,Winit线下尾程服务,1,NULL,NULL,"""1、仓库/尾程SD报价；",,
545028,VASC000000276984,OSF8V1755,出库核对EAN码,1,NULL,NULL,步骤1：拆开商品外箱 步骤2：核对外箱及彩盒上的条码 步骤3：若条码不一致，则需要用客户上传的标签文件覆盖EAN条码 步骤4：外箱和彩盒上不能出现除正确EAN条码以外的其他条码，若有其他条码请用白标覆盖,NULL,CO
545049,VASC000000276996,OSF8V1755,出库核对EAN码,1,NULL,NULL,步骤1：拆开商品外箱 步骤2：核对外箱及彩盒上的条码 步骤3：若条码不一致，则需要用客户上传的标签文件覆盖EAN条码 步骤4：外箱和彩盒上不能出现除正确EAN条码以外的其他条码，若有其他条码请用白标覆盖,NULL,CO
545133,VASC000000277008,OW01V1674,入库-异常包裹开箱拍照,1,NULL,NULL,1、根据增值单需求信息找货 2、根据客户示例图片拍照、且需要拍外箱箱唛图、SKU条码图，开箱拍产品实物图以及产品实物标签图 3、按照SKU/包裹整理拍照文件并上传,NULL,CO
545142,VASC000000277017,OSF8V1601,出库其他服务需求,1,20250407015,【出库】补增值后补包裹/托盘级标签,打印附件标签没有对应关系，一托贴一张标签就可以，不需要覆盖原来托盘标（共5张）10cm*15cm,NULL,CD
545361,VASC000000277023,OW01V1599,提供海外仓监控视频-少包裹调查,1,NULL,NULL,根据到仓订单具体情况提供对应视频：,,
545091,VASC000000277026,OSF8V1755,出库核对EAN码,1,NULL,NULL,步骤1：拆开商品外箱 步骤2：核对外箱及彩盒上的条码 步骤3：若条码不一致，则需要用客户上传的标签文件覆盖EAN条码 步骤4：外箱和彩盒上不能出现除正确EAN条码以外的其他条码，若有其他条码请用白标覆盖,NULL,CO
545184,VASC000000277032,OSF8V1620,Winit线下尾程服务,1,202512301,【尾程】winit线下尾程询价,"""1、仓库/尾程SD报价；",,
545160,VASC000000277035,OSF8V1755,出库核对EAN码,1,NULL,NULL,步骤1：拆开商品外箱 步骤2：核对外箱及彩盒上的条码 步骤3：若条码不一致，则需要用客户上传的标签文件覆盖EAN条码 步骤4：外箱和彩盒上不能出现除正确EAN条码以外的其他条码，若有其他条码请用白标覆盖,NULL,CO
545313,VASC000000277044,OSF6V1677,退货商品补拍细节照,1,NULL,NULL,针对退货入库商品，按照客户示例图要求开箱补拍商品细节照片（含外箱标签照、内部商品细节图、内部商品标签照等）,NULL,CO
545283,VASC000000277056,OW01V1602,入库其他服务需求,1,20260302,【入库】覆盖/清除标签,【背景】入库单：WI49526251，A+包裹78箱已到仓，仓库反馈外箱贴有电池标签，申请移除。,,
545304,VASC000000277062,OSF8V1755,出库核对EAN码,1,NULL,NULL,步骤1：拆开商品外箱 步骤2：核对外箱及彩盒上的条码 步骤3：若条码不一致，则需要用客户上传的标签文件覆盖EAN条码 步骤4：外箱和彩盒上不能出现除正确EAN条码以外的其他条码，若有其他条码请用白标覆盖,NULL,CO
545325,VASC000000277074,OSF6V1677,退货商品补拍细节照,1,NULL,NULL,针对退货入库商品，按照客户示例图要求开箱补拍商品细节照片（含外箱标签照、内部商品细节图、内部商品标签照等）,NULL,CO
545319,VASC000000277077,OW01V1602,入库其他服务需求,1,2026050701,【入库】商品上架并冻结,【背景】M010000000004005232为批次管理商品，预计5.19到仓，该sku可能要做报废处理，到仓上架后需要先冻结起来，等待后续anker通知,,
545328,VASC000000277083,OSF8V1601,出库其他服务需求,1,20250421002,【出库】仓库自主交货,WO11369233293,,
545352,VASC000000277098,OSF8V1755,出库核对EAN码,1,NULL,NULL,步骤1：拆开商品外箱 步骤2：核对外箱及彩盒上的条码 步骤3：若条码不一致，则需要用客户上传的标签文件覆盖EAN条码 步骤4：外箱和彩盒上不能出现除正确EAN条码以外的其他条码，若有其他条码请用白标覆盖,NULL,CO
545388,VASC000000277122,OSF6V1603,库内其他服务需求,1,【Warehouse】Measurement and identification of commodity weight,【库内】商品尺重测量辨识,仓库操作步骤：,,
545397,VASC000000277125,OSF8V1755,出库核对EAN码,1,NULL,NULL,步骤1：拆开商品外箱 步骤2：核对外箱及彩盒上的条码 步骤3：若条码不一致，则需要用客户上传的标签文件覆盖EAN条码 步骤4：外箱和彩盒上不能出现除正确EAN条码以外的其他条码，若有其他条码请用白标覆盖,NULL,CO
545421,VASC000000277143,OSF8V1657,代理清关,1,【Outbound】Customs clearance agent,【出库】代理清关,打印附件的清关文件，交付尾程供应商，完成出库,NULL,CO
545424,VASC000000277146,OSF8V1657,代理清关,1,【Outbound】Customs clearance agent,【出库】代理清关,打印附件的清关文件，交付尾程供应商，完成出库,NULL,CO
545427,VASC000000277149,OSF8V1657,代理清关,1,【Outbound】Customs clearance agent,【出库】代理清关,打印附件的清关文件，交付尾程供应商，完成出库,NULL,CO
545481,VASC000000277152,OW01V1599,提供海外仓监控视频-少包裹调查,1,NULL,NULL,根据到仓订单具体情况提供对应视频：,,
545430,VASC000000277155,OSF8V1657,代理清关,1,【Outbound】Customs clearance agent,【出库】代理清关,打印附件的清关文件，交付尾程供应商，完成出库,NULL,CO
545433,VASC000000277158,OSF8V1657,代理清关,1,【Outbound】Customs clearance agent,【出库】代理清关,打印附件的清关文件，交付尾程供应商，完成出库,NULL,CO
545436,VASC000000277164,OSF8V1657,代理清关,1,【Outbound】Customs clearance agent,【出库】代理清关,打印附件的清关文件，交付尾程供应商，完成出库,NULL,CO
545448,VASC000000277167,OSF8V1657,代理清关,1,【Outbound】Customs clearance agent,【出库】代理清关,打印附件的清关文件，交付尾程供应商，完成出库,NULL,CO
545451,VASC000000277173,OSF8V1657,代理清关,1,【Outbound】Customs clearance agent,【出库】代理清关,打印附件的清关文件，交付尾程供应商，完成出库,NULL,CO
545454,VASC000000277179,OSF8V1657,代理清关,1,【Outbound】Customs clearance agent,【出库】代理清关,打印附件的清关文件，交付尾程供应商，完成出库,NULL,CO
545463,VASC000000277182,OSF8V1657,代理清关,1,【Outbound】Customs clearance agent,【出库】代理清关,打印附件的清关文件，交付尾程供应商，完成出库,NULL,CO
545493,VASC000000277191,OSF8V1620,Winit线下尾程服务,1,NULL,NULL,"""1、仓库/尾程SD报价；",,
545817,VASC000000277194,OSF6V1603,库内其他服务需求,1,20250407071,【库内】商品组合,仓库操作步骤：,,
545538,VASC000000277227,OSF8V1620,Winit线下尾程服务,1,NULL,NULL,"""1、仓库/尾程SD报价；",,
545703,VASC000000277230,OW01V1600,提供海外仓监控视频-少单品调查,1,NULL,NULL,根据到仓订单具体情况提供对应视频：,,
545589,VASC000000277233,OSF6V1752,无主货找回（6个自然日内）-仓库创建无RMA退货单,1,NULL,NULL,步骤1：按照客户提供的快递单号或者POD尝试找回无主货 步骤2： ①若货物找回，请仓库创建无RMA退货单上架并反馈退货订单号，然后【完成】增值单 ②若货物未找回，请【完成】增值单  注意：此增值无论商品是否找回，请将增值单更新为【已出库】,NULL,CO
545631,VASC000000277251,OW01V1756,Aiper辨识包裹外部温度贴纸颜色,1,NULL,NULL,步骤1：拦截入库订单 步骤2：根据客户提供的SOP检查温度贴纸是否变色（注意：请在监控下操作） 步骤3：检查结果处理： ①有贴纸，且温度贴纸变色，请将货物暂存，反馈变色的包裹编码及数量到【附件】中，等待客户下一步增值处理； ②有贴纸，且温度贴纸未变色，请将正常上架 ③无贴纸，将货物暂存，反馈包裹编码及数量到【附件】中，等待客户下一步增值处理,NULL,CO
545637,VASC000000277266,OW01V1756,Aiper辨识包裹外部温度贴纸颜色,1,NULL,NULL,步骤1：拦截入库订单 步骤2：根据客户提供的SOP检查温度贴纸是否变色（注意：请在监控下操作） 步骤3：检查结果处理： ①有贴纸，且温度贴纸变色，请将货物暂存，反馈变色的包裹编码及数量到【附件】中，等待客户下一步增值处理； ②有贴纸，且温度贴纸未变色，请将正常上架 ③无贴纸，将货物暂存，反馈包裹编码及数量到【附件】中，等待客户下一步增值处理,NULL,CO
545664,VASC000000277275,OSF8V1601,出库其他服务需求,1,20250407013,【出库】指定位置贴商品/包裹标签/快递面单,1、打印附件标签,,
545712,VASC000000277293,OW01V1599,提供海外仓监控视频-少包裹调查,1,NULL,NULL,根据到仓订单具体情况提供对应视频：,,
545748,VASC000000277299,OSF8V1620,Winit线下尾程服务,1,202512301,【尾程】winit线下尾程询价,"""1、仓库/尾程SD报价；",,
545739,VASC000000277302,OSF8V1601,出库其他服务需求,1,20250407013,【出库】指定位置贴商品/包裹标签/快递面单,1、打印附件标签,,
545754,VASC000000277305,OSF8V1755,出库核对EAN码,1,NULL,NULL,步骤1：拆开商品外箱 步骤2：核对外箱及彩盒上的条码 步骤3：若条码不一致，则需要用客户上传的标签文件覆盖EAN条码 步骤4：外箱和彩盒上不能出现除正确EAN条码以外的其他条码，若有其他条码请用白标覆盖,NULL,CO
545760,VASC000000277308,OSF8V1755,出库核对EAN码,1,NULL,NULL,步骤1：拆开商品外箱 步骤2：核对外箱及彩盒上的条码 步骤3：若条码不一致，则需要用客户上传的标签文件覆盖EAN条码 步骤4：外箱和彩盒上不能出现除正确EAN条码以外的其他条码，若有其他条码请用白标覆盖,NULL,CO
545865,VASC000000277350,OSF6V1603,库内其他服务需求,1,NULL,NULL,,NULL,CD
545886,VASC000000277362,OSF6V1603,库内其他服务需求,1,NULL,NULL,,NULL,CD
547764,VASC000000277392,OW01V1604,上架前自提（需WINIT打托）,1,NULL,NULL,"""1、打托",,
546285,VASC000000277428,OW01V1602,入库其他服务需求,1,2026051101,【入库】包裹/商品条码异常重新扫描包裹/商品条码上架,【背景】仓库登记异常单EB0126042529058168、EB0126042429041203、EB0126042429041209、EB0126042429041200、EB0126042429041161时只登记了5个商品，标准增值VASC000000272064未把入库单WI49048838中异常的98个货品全部上架，只上架了5个单品，需将剩余的93个单品补贴商品标签上架。,,
546231,VASC000000277434,OW01V1602,入库其他服务需求,1,20250430,【入库】“包裹条码批量异常（需客户处理）”辨识后补贴包裹标签上架,1,NULL,CD
546093,VASC000000277455,OW01V1599,提供海外仓监控视频-少包裹调查,1,NULL,NULL,根据到仓订单具体情况提供对应视频：,,
546084,VASC000000277458,OSF8V1755,出库核对EAN码,1,NULL,NULL,步骤1：拆开商品外箱 步骤2：核对外箱及彩盒上的条码 步骤3：若条码不一致，则需要用客户上传的标签文件覆盖EAN条码 步骤4：外箱和彩盒上不能出现除正确EAN条码以外的其他条码，若有其他条码请用白标覆盖,NULL,CO
546327,VASC000000277461,OW01V1599,提供海外仓监控视频-少包裹调查,1,NULL,NULL,根据到仓订单具体情况提供对应视频：,,
546240,VASC000000277473,OW01V1602,入库其他服务需求,1,20260320,【入库】	商品异常更换包裹标签商品标签新单上架,【背景】退回大批量货物，货物没有商品标签需要重新补贴后上架。根据拍照增值(VASC000000274572)仓库提供的明细，补贴包裹标签和商品标签。,,
546183,VASC000000277485,OSF8V1755,出库核对EAN码,1,NULL,NULL,步骤1：拆开商品外箱 步骤2：核对外箱及彩盒上的条码 步骤3：若条码不一致，则需要用客户上传的标签文件覆盖EAN条码 步骤4：外箱和彩盒上不能出现除正确EAN条码以外的其他条码，若有其他条码请用白标覆盖,NULL,CO
546219,VASC000000277491,OSF8V1601,出库其他服务需求,1,NULL,NULL,,NULL,CD
546243,VASC000000277506,OW01V1602,入库其他服务需求,1,20250619,【入库】	ABC类/子包裹内商品错装暂存（需客户处理），云仓不支持原单补贴包裹条码上架,【背景】WI49417893订单中EB0126050129192532 ABC类包裹/子包裹内商品错装暂存（需客户处理）B0400000001402556582和EB0126050129196573 ABC类包裹/子包裹内商品错装暂存（需客户处理）B0400000001402556574包裹条码贴反，需两个包裹条码互换，原单直接上架。,,
546288,VASC000000277539,OSF6V1646,货权转移（换标模式）,1,【In-warehouse】Transfer of ownership of goods,【库内】货权转移,仓库操作步骤：,,
546312,VASC000000277548,OW01V1594,上架前自提（无需WINIT打托）,1,NULL,NULL,1、补贴快递面单,,
546552,VASC000000277551,OW01V1674,入库-异常包裹开箱拍照,1,NULL,NULL,1、根据增值单需求信息找货 2、根据客户示例图片拍照、且需要拍外箱箱唛图、SKU条码图，开箱拍产品实物图以及产品实物标签图 3、按照SKU/包裹整理拍照文件并上传,NULL,CO
546336,VASC000000277563,OW01V1599,提供海外仓监控视频-少包裹调查,1,NULL,NULL,根据到仓订单具体情况提供对应视频：,,
546345,VASC000000277566,OW01V1599,提供海外仓监控视频-少包裹调查,1,NULL,NULL,根据到仓订单具体情况提供对应视频：,,
546354,VASC000000277572,OW01V1599,提供海外仓监控视频-少包裹调查,1,NULL,NULL,根据到仓订单具体情况提供对应视频：,,
546363,VASC000000277575,OW01V1599,提供海外仓监控视频-少包裹调查,1,NULL,NULL,根据到仓订单具体情况提供对应视频：,,
546390,VASC000000277578,OW01V1599,提供海外仓监控视频-少包裹调查,1,NULL,NULL,根据到仓订单具体情况提供对应视频：,,
546399,VASC000000277581,OW01V1599,提供海外仓监控视频-少包裹调查,1,NULL,NULL,根据到仓订单具体情况提供对应视频：,,
546432,VASC000000277587,OW01V1600,提供海外仓监控视频-少单品调查,1,NULL,NULL,根据到仓订单具体情况提供对应视频：,,
546456,VASC000000277599,OSF6V1603,库内其他服务需求,1,NULL,NULL,,NULL,CD
546498,VASC000000277617,OSF8V1755,出库核对EAN码,1,NULL,NULL,步骤1：拆开商品外箱 步骤2：核对外箱及彩盒上的条码 步骤3：若条码不一致，则需要用客户上传的标签文件覆盖EAN条码 步骤4：外箱和彩盒上不能出现除正确EAN条码以外的其他条码，若有其他条码请用白标覆盖,NULL,CO
546534,VASC000000277626,OSF8V1601,出库其他服务需求,1,20250407015,【出库】补增值后补包裹/托盘级标签,打印附件标签没有对应关系，一托贴一张标签就可以，不需要覆盖原来托盘标（共5张） 要求使用A4纸！！,NULL,CO
546579,VASC000000277650,OW01V1674,入库-异常包裹开箱拍照,1,NULL,NULL,1、根据增值单需求信息找货 2、根据客户示例图片拍照、且需要拍外箱箱唛图、SKU条码图，开箱拍产品实物图以及产品实物标签图 3、按照SKU/包裹整理拍照文件并上传,NULL,CO
546591,VASC000000277653,OSF6V1603,库内其他服务需求,1,20250407035,【库内】拍摄照片/视频,仓库操作步骤：,,
546858,VASC000000277668,OSF6V1646,货权转移（换标模式）,1,【In-warehouse】Transfer of ownership of goods,【库内】货权转移,仓库操作步骤：,,
546675,VASC000000277680,OW01V1602,入库其他服务需求,1,20250522001,【入库】指定商品拍照暂存,【背景】包裹B0400000001405431446 原异常单已关联标准增值关闭，无法再次提交上架前拍照，之前只拍了一个单品，现在需要拍摄全部商品，拍照后暂存。,,
546687,VASC000000277686,OW01V1602,入库其他服务需求,1,NULL,NULL,,NULL,CD
546708,VASC000000277692,OW01V1602,入库其他服务需求,1,20250522001,【入库】指定商品拍照暂存,【背景】包裹B0400000001405431458 原异常单已关联标准增值关闭，无法再次提交上架前拍照，之前只拍了一个单品，现在需要拍摄全部商品，拍照后暂存。,,
546783,VASC000000277743,OSF8V1755,出库核对EAN码,1,NULL,NULL,步骤1：拆开商品外箱 步骤2：核对外箱及彩盒上的条码 步骤3：若条码不一致，则需要用客户上传的标签文件覆盖EAN条码 步骤4：外箱和彩盒上不能出现除正确EAN条码以外的其他条码，若有其他条码请用白标覆盖,NULL,CO
546819,VASC000000277770,OSF8V1755,出库核对EAN码,1,NULL,NULL,步骤1：拆开商品外箱 步骤2：核对外箱及彩盒上的条码 步骤3：若条码不一致，则需要用客户上传的标签文件覆盖EAN条码 步骤4：外箱和彩盒上不能出现除正确EAN条码以外的其他条码，若有其他条码请用白标覆盖,NULL,CO
546831,VASC000000277773,OW01V1602,入库其他服务需求,1,20250407075,【入库】指定包裹拍照,【背景】B0400000001395424430该包裹因下单sku和验货sku不符，需开箱排查一下实物具体是哪个产品。,,
546903,VASC000000277833,OSF6V1603,库内其他服务需求,1,202507141,【出库】采集SN码,仓库操作步骤;,,
546954,VASC000000277860,OSF8V1620,Winit线下尾程服务,1,NULL,NULL,"""1、仓库/尾程SD报价；",,
546975,VASC000000277875,OSF6V1671,逆向取货,1,20250723,【尾程】Anker Crowfoots出库,仅收费，无需仓库操作,NULL,CO
546981,VASC000000277878,OSF8V1620,Winit线下尾程服务,1,202512301,【尾程】winit线下尾程询价,"""1、仓库/尾程SD报价；",,
546996,VASC000000277890,OSF6V1603,库内其他服务需求,1,20250407044,仓库已完成 需补收费用,VASC000000272277 补收此增值费用，实际24个工时，之前报价3小时，补收21个工时，仓库无需再操作。,NULL,CO
547038,VASC000000277902,OW01V1622,入库-提供无箱单预报单上架,1,NULL,NULL,"""场景1：新入库单是无箱单，通过包裹推荐>商品预分拣上架",,
547065,VASC000000277926,OSF8V1620,Winit线下尾程服务,1,NULL,NULL,"""1、仓库/尾程SD报价；",,
547074,VASC000000277932,OW01V1600,提供海外仓监控视频-少单品调查,1,NULL,NULL,根据到仓订单具体情况提供对应视频：,,
547107,VASC000000277947,OSF8V1755,出库核对EAN码,1,NULL,NULL,步骤1：拆开商品外箱 步骤2：核对外箱及彩盒上的条码 步骤3：若条码不一致，则需要用客户上传的标签文件覆盖EAN条码 步骤4：外箱和彩盒上不能出现除正确EAN条码以外的其他条码，若有其他条码请用白标覆盖,NULL,CO
547113,VASC000000277950,OSF8V1755,出库核对EAN码,1,NULL,NULL,步骤1：拆开商品外箱 步骤2：核对外箱及彩盒上的条码 步骤3：若条码不一致，则需要用客户上传的标签文件覆盖EAN条码 步骤4：外箱和彩盒上不能出现除正确EAN条码以外的其他条码，若有其他条码请用白标覆盖,NULL,CO
547119,VASC000000277953,OSF8V1716,Anker加急出库,1,NULL,NULL,仓库根据订单情况判断能否在【指定出库日期】之前完成增值，若无法操作加急，请“异常终止”增值订单，若可以操作，请填写加急实际操作工时并“完成”增值 注意（非常重要！！！）： 1. 加急增值完成标准： *标准出库：加急订单出库日期应早于应出库日期，若不符合此条件，请“异常终止”增值订单 *自提出库：加急订单暂存日期应早于应暂存日期，若不符合此条件，请“异常终止”增值订单 2. 仓库实际操作工时，请提前记录并如实填写，最终会根据此工时收取客户费用 3. 需要在出库前完成此增值，否则增值将会被自动“异常终止”,NULL,CO
547128,VASC000000277962,OSF8V1755,出库核对EAN码,1,NULL,NULL,步骤1：拆开商品外箱 步骤2：核对外箱及彩盒上的条码 步骤3：若条码不一致，则需要用客户上传的标签文件覆盖EAN条码 步骤4：外箱和彩盒上不能出现除正确EAN条码以外的其他条码，若有其他条码请用白标覆盖,NULL,CO
547131,VASC000000277962,OSF8V1716,Anker加急出库,1,NULL,NULL,仓库根据订单情况判断能否在【指定出库日期】之前完成增值，若无法操作加急，请“异常终止”增值订单，若可以操作，请填写加急实际操作工时并“完成”增值 注意（非常重要！！！）： 1. 加急增值完成标准： *标准出库：加急订单出库日期应早于应出库日期，若不符合此条件，请“异常终止”增值订单 *自提出库：加急订单暂存日期应早于应暂存日期，若不符合此条件，请“异常终止”增值订单 2. 仓库实际操作工时，请提前记录并如实填写，最终会根据此工时收取客户费用 3. 需要在出库前完成此增值，否则增值将会被自动“异常终止”,NULL,CO
547161,VASC000000277971,OSF8V1755,出库核对EAN码,1,NULL,NULL,步骤1：拆开商品外箱 步骤2：核对外箱及彩盒上的条码 步骤3：若条码不一致，则需要用客户上传的标签文件覆盖EAN条码 步骤4：外箱和彩盒上不能出现除正确EAN条码以外的其他条码，若有其他条码请用白标覆盖,NULL,CO
547182,VASC000000277983,OSF8V1620,Winit线下尾程服务,1,NULL,NULL,"""1、仓库/尾程SD报价；",,
547413,VASC000000278109,OSF8V1755,出库核对EAN码,1,NULL,NULL,步骤1：拆开商品外箱 步骤2：核对外箱及彩盒上的条码 步骤3：若条码不一致，则需要用客户上传的标签文件覆盖EAN条码 步骤4：外箱和彩盒上不能出现除正确EAN条码以外的其他条码，若有其他条码请用白标覆盖,NULL,CO
547530,VASC000000278112,OSF8V1601,出库其他服务需求,1,20250407013,【出库】指定位置贴商品/包裹标签/快递面单,操作步骤：,,
547494,VASC000000278130,OSF8V1749,审核出库单,1,NULL,NULL,仅万邑通内部发起,NULL,CO
547527,VASC000000278133,OSF6V1660,审计盘点,1,20250407039,【库内】审计盘点,仓库操作步骤仓库操作步骤;,,
547545,VASC000000278142,OSF6V1660,审计盘点,1,20250407039,【库内】审计盘点,仓库操作步骤;,,
547554,VASC000000278148,OSF6V1660,审计盘点,1,20250407039,【库内】审计盘点,仓库操作步骤:,,
547578,VASC000000278169,OSF8V1601,出库其他服务需求,1,20250407013,【出库】指定位置贴商品/包裹标签/快递面单,操作步骤：,,
547644,VASC000000278196,OSF6V1603,库内其他服务需求,1,20250407051,【库内】良品/不良品检测,仓库操作步骤：,,
547752,VASC000000278214,OSF8V1620,Winit线下尾程服务,1,202512301,【尾程】winit线下尾程询价,"""1、仓库/尾程SD报价；",,
547728,VASC000000278217,OSF8V1601,出库其他服务需求,1,NULL,NULL,,NULL,CD
547755,VASC000000278220,OSF8V1749,审核出库单,1,NULL,NULL,仅万邑通内部发起,NULL,CO
547773,VASC000000278232,OSF6V1647,货权转移（改数模式）,1,NULL,NULL,,NULL,CD
547779,VASC000000278235,OSF6V1647,货权转移（改数模式）,1,NULL,NULL,,NULL,CD
547785,VASC000000278238,OSF6V1647,货权转移（改数模式）,1,NULL,NULL,,NULL,CD
547875,VASC000000278295,OSF8V1657,代理清关,1,NULL,NULL,打印附件的清关文件，交付尾程供应商，完成出库,NULL,CD
547905,VASC000000278313,OSF8V1657,代理清关,1,【Outbound】Customs clearance agent,【出库】代理清关,打印附件的清关文件，交付尾程供应商，完成出库,NULL,CO
547908,VASC000000278319,OSF8V1657,代理清关,1,【Outbound】Customs clearance agent,【出库】代理清关,打印附件的清关文件，交付尾程供应商，完成出库,NULL,CO
547911,VASC000000278322,OSF8V1657,代理清关,1,【Outbound】Customs clearance agent,【出库】代理清关,打印附件的清关文件，交付尾程供应商，完成出库,NULL,CO
548403,VASC000000278343,OW01V1602,入库其他服务需求,1,NULL,NULL,,NULL,CD
547959,VASC000000278349,OSF8V1601,出库其他服务需求,1,20250407013,【出库】指定位置贴商品/包裹标签/快递面单,操作步骤：,,
548094,VASC000000278370,OSF6V1647,货权转移（改数模式）,1,【In-warehouse】Transfer of ownership of goods,【库内】货权转移,此类增值仅用于收费，IT系统改数，无需仓库实物流操作。仓库将增值单状态更新为“仓库已处理”,NULL,CO
557814,VASC000000278376,OW01V1602,入库其他服务需求,1,NULL,NULL,,NULL,CD
548106,VASC000000278391,OSF8V1755,出库核对EAN码,1,NULL,NULL,步骤1：拆开商品外箱 步骤2：核对外箱及彩盒上的条码 步骤3：若条码不一致，则需要用客户上传的标签文件覆盖EAN条码 步骤4：外箱和彩盒上不能出现除正确EAN条码以外的其他条码，若有其他条码请用白标覆盖,NULL,CO
548124,VASC000000278400,OSF8V1620,Winit线下尾程服务,1,202512301,【尾程】winit线下尾程询价,"""1、仓库/尾程SD报价；",,
548517,VASC000000278418,OW01V1602,入库其他服务需求,1,20250506,【入库】A+包出现订单外商品，无法登记异常，需补贴包裹标签新单上架,【背景】WI49113001这个入库单里有30个A+ 包裹贴错包裹标签。M010000000010216401这个产品15箱；M010000000010216400这个产品15箱,,
548184,VASC000000278436,OSF8V1601,出库其他服务需求,1,20250407013,【出库】指定位置贴商品/包裹标签/快递面单,操作步骤：,,
548307,VASC000000278457,OSF8V1601,出库其他服务需求,1,NULL,NULL,,NULL,CD
548439,VASC000000278475,OW01V1602,入库其他服务需求,1,NULL,NULL,,NULL,CD
548322,VASC000000278478,OSF8V1601,出库其他服务需求,1,NULL,NULL,,NULL,CD
548337,VASC000000278490,OSF8V1620,Winit线下尾程服务,1,202512301,【尾程】winit线下尾程询价,"""1、仓库/尾程SD报价；",,
548343,VASC000000278493,OSF6V1647,货权转移（改数模式）,1,NULL,NULL,,NULL,CD
548349,VASC000000278496,OW01V1594,上架前自提（无需WINIT打托）,1,NULL,NULL,1、补贴快递面单,,
548409,VASC000000278511,OSF6V1603,库内其他服务需求,1,202512150002,【库内】异常商品转不良品上架,仓库操作步骤：,,
548424,VASC000000278517,OSF8V1620,Winit线下尾程服务,1,NULL,NULL,"""1、仓库/尾程SD报价；",,
548472,VASC000000278526,OW01V1602,入库其他服务需求,1,NULL,NULL,,NULL,CD
548481,VASC000000278547,OSF8V1749,审核出库单,1,NULL,NULL,仅万邑通内部发起,NULL,CO
548496,VASC000000278550,OW01V1602,入库其他服务需求,1,INBOUND_DESTORY_BF_SHELVE,【入库】上架前销毁,【背景】异常单EB0126050129181750包裹仓库收到后有受潮的情况，仓库反馈这一箱里面有2件是正常的货物，4件受潮变形，正常的2件上架，4件受潮变形不能再进行售卖的销毁。,,
548532,VASC000000278562,OSF8V1620,Winit线下尾程服务,1,202512301,【尾程】winit线下尾程询价,"""1、仓库/尾程SD报价；",,
548580,VASC000000278565,OW01V1602,入库其他服务需求,1,INSTOCK_SELF_PICK_ORDER_CANCEL_OUTBOUND,【库内】订单作废后重新上架,【背景】入库单WI49686301是上架的误操作销毁出库单 WO11368865491 sku为WJ-20WD，需要仓库按照新单上架，免收增值费,,
548589,VASC000000278577,OSF8V1620,Winit线下尾程服务,1,NULL,NULL,"""1、仓库/尾程SD报价；",,
548640,VASC000000278601,OSF8V1601,出库其他服务需求,1,20250819,【出库】交货时拍照,WO11403787027,,
548676,VASC000000278643,OSF6V1603,库内其他服务需求,1,NULL,NULL,,NULL,CD
548715,VASC000000278661,OSF6V1603,库内其他服务需求,1,20250407062,【库内】指定单品/库位商品更换标签上架,仓库操作步骤：,,
548769,VASC000000278664,OSF6V1603,库内其他服务需求,1,20250401002,【库内】关联第三方条码上架,仓库操作步骤：,,
548733,VASC000000278667,OSF6V1673,无主货找回-6个自然日内,1,NULL,NULL,根据客户提供的单据信息找货，若超过1h未找回，则反馈无法找回,NULL,CD
548748,VASC000000278673,OSF6V1673,无主货找回-6个自然日内,1,NULL,NULL,根据客户提供的单据信息找货，若超过1h未找回，则反馈无法找回,NULL,CO
548775,VASC000000278679,OSF8V1755,出库核对EAN码,1,NULL,NULL,步骤1：拆开商品外箱 步骤2：核对外箱及彩盒上的条码 步骤3：若条码不一致，则需要用客户上传的标签文件覆盖EAN条码 步骤4：外箱和彩盒上不能出现除正确EAN条码以外的其他条码，若有其他条码请用白标覆盖,NULL,CO
548784,VASC000000278688,OSF8V1755,出库核对EAN码,1,NULL,NULL,步骤1：拆开商品外箱 步骤2：核对外箱及彩盒上的条码 步骤3：若条码不一致，则需要用客户上传的标签文件覆盖EAN条码 步骤4：外箱和彩盒上不能出现除正确EAN条码以外的其他条码，若有其他条码请用白标覆盖,NULL,CO
548949,VASC000000278772,OSF6V1752,Recovery of Unclaimed Goods (within 6 calendar days) - Warehouse creates non-RMA return order,1,NULL,NULL,"Step 1: Attempt to recover the unclaimed cargo based on the tracking number or POD provided by the client. Step 2: ① If the goods are recovered, the warehouse shall create a non-RMA return order, shelve the goods, report the return order number, and mark the value-added service order as [Completed]. ② If the goods are not recovered, mark the value-added service order as [Completed]. Note: Regardless of whether the goods are recovered, update the value-added service order status to [Dispatched].",NULL,CO
548946,VASC000000278778,OW01V1602,入库其他服务需求,1,20250522001,【入库】指定商品拍照暂存,【背景】EB0126050829339646、EB0126050829337246、EB0126050729301732、EB0126050729300985、EB0126050729300937需拆包拍摄每个异常单内实际产品的标签和实物图片。,,
549012,VASC000000278793,OW01V1602,入库其他服务需求,1,20260320,【入库】	商品异常更换包裹标签商品标签新单上架,【背景】退回大批量货物，货物没有商品标签需要重新补贴后上架。根据拍照增值(VASC000000274572)仓库提供的明细，补贴包裹标签和商品标签。,,
549147,VASC000000278838,OSF8V1601,出库其他服务需求,1,20250516,【出库】补贴/更换商品标签,操作步骤：,,
549168,VASC000000278844,OSF8V1601,出库其他服务需求,1,20250407013,【出库】指定位置贴商品/包裹标签/快递面单,操作步骤：,,
549198,VASC000000278856,OW01V1602,入库其他服务需求,1,20260320,【入库】	商品异常更换包裹标签商品标签新单上架,【背景】异常单EB0126042929135436 有不同包装的产品，贴了一样的sku标签，其中一件需要更换标签。,,
549384,VASC000000278883,OSF6V1647,货权转移（改数模式）,1,【In-warehouse】Transfer of ownership of goods,【库内】货权转移,此类增值仅用于收费，IT系统改数，无需仓库实物流操作。,,
549342,VASC000000278925,OSF8V1620,Winit线下尾程服务,1,NULL,NULL,"""1、仓库/尾程SD报价；",,
549372,VASC000000278931,OSF8V1801,彩盒外箱出库加贴UPC标签,1,NULL,NULL,①按照附件贴标示意图的位置更换标签 ②开箱在彩盒顶部贴彩盒 UPC 标签（X3_彩盒中性标签_UPC），重新封箱 ③在外箱贴外箱 UPC 标签（X3_外盒中性标签_UPC）,NULL,CD
549534,VASC000000278934,OSF8V1601,出库其他服务需求,1,NULL,NULL,,NULL,CD
549471,VASC000000278973,OSF8V1601,出库其他服务需求,1,20250407013,【出库】指定位置贴商品/包裹标签/快递面单,1、找到SKU：AI004266101001，更换商品彩盒和外箱，共42pcs，,,
549834,VASC000000278979,OSF8V1601,出库其他服务需求,1,NULL,NULL,,NULL,CD
549519,VASC000000279003,OW01V1622,入库-提供无箱单预报单上架,1,NULL,NULL,"""场景1：新入库单是无箱单，通过包裹推荐>商品预分拣上架",,
549525,VASC000000279009,OW01V1622,入库-提供无箱单预报单上架,1,NULL,NULL,"""场景1：新入库单是无箱单，通过包裹推荐>商品预分拣上架",,
549546,VASC000000279024,OW01V1600,提供海外仓监控视频-少单品调查,1,NULL,NULL,根据到仓订单具体情况提供对应视频：,,
551079,VASC000000279111,OW01V1602,入库其他服务需求,1,202506120003,【入库】批量辨识商品后补贴商品条码及包裹条码上架,【背景】整单包裹没有贴包裹标签，整单共72个包裹（分别有16箱眼影笔+50箱腮红棒+6箱硅胶套）每个包裹内产品均贴了产品标签。需要仓库帮忙根据附件中的快递单号找回相应包裹。目前包裹预计5月13日妥投。,,
549690,VASC000000279123,OSF6V1672,无主货找回-超6个自然日,1,NULL,NULL,根据客户提供的单据信息找货，若超过1h未找回，则反馈无法找回,NULL,CD
549693,VASC000000279126,OSF6V1672,无主货找回-超6个自然日,1,NULL,NULL,根据客户提供的单据信息找货，若超过1h未找回，则反馈无法找回,NULL,CD
549699,VASC000000279129,OSF6V1672,无主货找回-超6个自然日,1,NULL,NULL,根据客户提供的单据信息找货，若超过1h未找回，则反馈无法找回,NULL,CD
549702,VASC000000279132,OSF6V1672,无主货找回-超6个自然日,1,NULL,NULL,根据客户提供的单据信息找货，若超过1h未找回，则反馈无法找回,NULL,CD
549711,VASC000000279135,OSF6V1672,无主货找回-超6个自然日,1,NULL,NULL,根据客户提供的单据信息找货，若超过1h未找回，则反馈无法找回,NULL,CD
549753,VASC000000279168,OSF8V1620,Winit线下尾程服务,1,202512301,【尾程】winit线下尾程询价,"""1、仓库/尾程SD报价；",,
549771,VASC000000279177,OSF6V1603,库内其他服务需求,1,20250401002,【库内】关联第三方条码上架,背景：因客户到仓前未有关联第三方编码，被登记了，产生了异常单，目前客户已关联了第三方编码，可直接原单扫描上架即可。,,
549849,VASC000000279183,OW01V1602,入库其他服务需求,1,20250522001,【入库】指定商品拍照暂存,【背景】EB0126050529243448、EB0126050629274111、EB0126050829336904、EB0126050829339553、EB0126050829339373需拆包查看拍照给每箱内装的各条码对应实际产品上的标签实物图片以及数量,,
549879,VASC000000279195,OSF8V1601,出库其他服务需求,1,20250407013,【出库】指定位置贴商品/包裹标签/快递面单,操作步骤：,,
549927,VASC000000279216,OW01V1622,入库-提供无箱单预报单上架,1,NULL,NULL,"""场景1：新入库单是无箱单，通过包裹推荐>商品预分拣上架",,
549945,VASC000000279228,OW01V1602,入库其他服务需求,1,20250929,【入库】海运整柜100%A+无包裹条码异常，新单无箱单或100%A+包直接上架,【背景】[海运整柜100%A+包裹]场景原单计划外商品，仓库报EB0126050129173890异常，需直接扫描包裹外箱直接上架,,
549975,VASC000000279231,OSF8V1755,出库核对EAN码,1,NULL,NULL,步骤1：拆开商品外箱 步骤2：核对外箱及彩盒上的条码 步骤3：若条码不一致，则需要用客户上传的标签文件覆盖EAN条码 步骤4：外箱和彩盒上不能出现除正确EAN条码以外的其他条码，若有其他条码请用白标覆盖,NULL,CO
549999,VASC000000279246,OSF8V1620,Winit线下尾程服务,1,202512301,【尾程】winit线下尾程询价,"""1、仓库/尾程SD报价；",,
550002,VASC000000279255,OSF8V1601,出库其他服务需求,1,20250819,【出库】交货时拍照,WO11400308495,,
550101,VASC000000279303,OSF8V1755,出库核对EAN码,1,NULL,NULL,步骤1：拆开商品外箱 步骤2：核对外箱及彩盒上的条码 步骤3：若条码不一致，则需要用客户上传的标签文件覆盖EAN条码 步骤4：外箱和彩盒上不能出现除正确EAN条码以外的其他条码，若有其他条码请用白标覆盖,NULL,CO
550428,VASC000000279312,OW01V1602,入库其他服务需求,1,20250407075,【入库】指定包裹拍照,【背景】仓库登记了计划外的异常EB0326042829105601，客户需要辨识这个货物实际是哪个sku，因此无法下新单下正确的SKU。仓库拆掉黑膜，以鞋盒的标签为准的，扫描鞋盒的SKU标签上架，鞋盒的SKU标签无法在原单上、没有下、无法识别的，需要拍照回传下给客户辨识对应的SKU，客户再下新单进行后续处理。,,
550263,VASC000000279351,OSF8V1620,Winit线下尾程服务,1,202512301,【尾程】winit线下尾程询价,"""1、仓库/尾程SD报价；",,
550275,VASC000000279360,OSF8V1755,出库核对EAN码,1,NULL,NULL,步骤1：拆开商品外箱 步骤2：核对外箱及彩盒上的条码 步骤3：若条码不一致，则需要用客户上传的标签文件覆盖EAN条码 步骤4：外箱和彩盒上不能出现除正确EAN条码以外的其他条码，若有其他条码请用白标覆盖,NULL,CO
550281,VASC000000279363,OSF8V1755,出库核对EAN码,1,NULL,NULL,步骤1：拆开商品外箱 步骤2：核对外箱及彩盒上的条码 步骤3：若条码不一致，则需要用客户上传的标签文件覆盖EAN条码 步骤4：外箱和彩盒上不能出现除正确EAN条码以外的其他条码，若有其他条码请用白标覆盖,NULL,CO
550311,VASC000000279387,OSF8V1755,出库核对EAN码,1,NULL,NULL,步骤1：拆开商品外箱 步骤2：核对外箱及彩盒上的条码 步骤3：若条码不一致，则需要用客户上传的标签文件覆盖EAN条码 步骤4：外箱和彩盒上不能出现除正确EAN条码以外的其他条码，若有其他条码请用白标覆盖,NULL,CO
550335,VASC000000279402,OSF6V1603,库内其他服务需求,1,20260302,【入库】覆盖/清除标签,仓库操作步骤：,,
552870,VASC000000279405,OW01V1594,上架前自提（无需WINIT打托）,1,NULL,NULL,1、补贴快递面单,,
553059,VASC000000279411,OW01V1674,入库-异常包裹开箱拍照,1,NULL,NULL,1、根据增值单需求信息找货 2、根据客户示例图片拍照、且需要拍外箱箱唛图、SKU条码图，开箱拍产品实物图以及产品实物标签图 3、按照SKU/包裹整理拍照文件并上传,NULL,CD
550368,VASC000000279414,OSF8V1749,审核出库单,1,NULL,NULL,仅万邑通内部发起,NULL,CO
550398,VASC000000279429,OSF8V1620,Winit线下尾程服务,1,202512301,【尾程】winit线下尾程询价,"""1、仓库/尾程SD报价；",,
550455,VASC000000279456,OW01V1602,入库其他服务需求,1,20250522001,【入库】指定商品拍照暂存,【背景】仓库登记了计划外的异常EB0326043029163189，客户需要辨识这个货物实际是哪个sku，因此无法下新单下正确的SKU。仓库拆掉黑膜，以鞋盒的标签为准的，扫描鞋盒的SKU标签上架，鞋盒的SKU标签无法在原单上、没有下、无法识别的，需要拍照回传下给客户辨识对应的SKU，客户再下新单进行后续处理。,,
550515,VASC000000279459,OW01V1599,提供海外仓监控视频-少包裹调查,1,NULL,NULL,根据到仓订单具体情况提供对应视频：,,
550464,VASC000000279468,OW01V1602,入库其他服务需求,1,20250407075,【入库】指定包裹拍照,【背景】仓库登记了计划外的异常EB0326043029163033，客户需要辨识这个货物实际是哪个sku，因此无法下新单下正确的SKU。仓库拆掉黑膜，以鞋盒的标签为准的，扫描鞋盒的SKU标签上架，鞋盒的SKU标签无法在原单上、没有下、无法识别的，需要拍照回传下给客户辨识对应的SKU，客户再下新单进行后续处理。,,
550479,VASC000000279474,OW01V1602,入库其他服务需求,1,20250407075,【入库】指定包裹拍照,【背景】仓库登记了计划外的异常EB0326043029163039，客户需要辨识这个货物实际是哪个sku，因此无法下新单下正确的SKU。仓库拆掉黑膜，以鞋盒的标签为准的，扫描鞋盒的SKU标签上架，鞋盒的SKU标签无法在原单上、没有下、无法识别的，需要拍照回传下给客户辨识对应的SKU，客户再下新单进行后续处理。,,
551283,VASC000000279477,OSF6V1603,库内其他服务需求,1,20250509,【入库】更换客制包材,仓库操作步骤：,,
550521,VASC000000279492,OSF6V1646,货权转移（换标模式）,1,NULL,NULL,,NULL,CD
550530,VASC000000279510,OW01V1602,入库其他服务需求,1,202506120003,【入库】批量辨识商品后补贴商品条码及包裹条码上架,【背景】异常单EB0126042028921338，商品条码异常，需要补贴商品标签，标签见附件，上架到新预报单：WI49734483。,,
550677,VASC000000279522,OSF6V1603,库内其他服务需求,1,20250407062,【库内】指定单品/库位商品更换标签上架,仓库操作步骤：,,
550578,VASC000000279528,OSF6V1603,库内其他服务需求,1,20250407051,【库内】良品/不良品检测,背景：以下sku在库库存因批次问题需在库做改制，操作流程如下,,
550584,VASC000000279531,OSF8V1755,出库核对EAN码,1,NULL,NULL,步骤1：拆开商品外箱 步骤2：核对外箱及彩盒上的条码 步骤3：若条码不一致，则需要用客户上传的标签文件覆盖EAN条码 步骤4：外箱和彩盒上不能出现除正确EAN条码以外的其他条码，若有其他条码请用白标覆盖,NULL,CO
550632,VASC000000279549,OSF8V1755,出库核对EAN码,1,NULL,NULL,步骤1：拆开商品外箱 步骤2：核对外箱及彩盒上的条码 步骤3：若条码不一致，则需要用客户上传的标签文件覆盖EAN条码 步骤4：外箱和彩盒上不能出现除正确EAN条码以外的其他条码，若有其他条码请用白标覆盖,NULL,CO
550641,VASC000000279558,OSF8V1755,出库核对EAN码,1,NULL,NULL,步骤1：拆开商品外箱 步骤2：核对外箱及彩盒上的条码 步骤3：若条码不一致，则需要用客户上传的标签文件覆盖EAN条码 步骤4：外箱和彩盒上不能出现除正确EAN条码以外的其他条码，若有其他条码请用白标覆盖,NULL,CO
550941,VASC000000279561,OW01V1602,入库其他服务需求,1,NULL,NULL,,NULL,CD
550647,VASC000000279570,OSF6V1648,代采购包材物料,1,NULL,NULL,,NULL,CD
550650,VASC000000279573,OSF6V1603,库内其他服务需求,1,20260127001,【库内】商品指定位置贴标,背景：出库特批被终止 VASC000000278349，需重新提库内特批补收,,
550668,VASC000000279579,OSF8V1620,Winit线下尾程服务,1,202512301,【尾程】winit线下尾程询价,"""1、仓库/尾程SD报价；",,
550689,VASC000000279585,OSF8V1620,Winit线下尾程服务,1,202512301,【尾程】winit线下尾程询价,"""1、仓库/尾程SD报价；",,
550701,VASC000000279597,OSF8V1755,出库核对EAN码,1,NULL,NULL,步骤1：拆开商品外箱 步骤2：核对外箱及彩盒上的条码 步骤3：若条码不一致，则需要用客户上传的标签文件覆盖EAN条码 步骤4：外箱和彩盒上不能出现除正确EAN条码以外的其他条码，若有其他条码请用白标覆盖,NULL,CO
550794,VASC000000279603,OW01V1602,入库其他服务需求,1,INBOUND_DESTORY_BF_SHELVE,【入库】上架前销毁,【背景】WI49522477整单A+包裹，柜子里混了50箱左右的不良品进去；预计,,
550725,VASC000000279606,OSF6V1646,货权转移（换标模式）,1,【In-warehouse】Transfer of ownership of goods,【库内】货权转移,仓库操作步骤：,,
550734,VASC000000279609,OSF6V1646,货权转移（换标模式）,1,【In-warehouse】Transfer of ownership of goods,【库内】货权转移,仓库操作步骤：,,
550761,VASC000000279618,OSF6V1646,货权转移（换标模式）,1,【In-warehouse】Transfer of ownership of goods,【库内】货权转移,仓库操作步骤：,,
550755,VASC000000279621,OSF8V1755,出库核对EAN码,1,NULL,NULL,步骤1：拆开商品外箱 步骤2：核对外箱及彩盒上的条码 步骤3：若条码不一致，则需要用客户上传的标签文件覆盖EAN条码 步骤4：外箱和彩盒上不能出现除正确EAN条码以外的其他条码，若有其他条码请用白标覆盖,NULL,CO
550830,VASC000000279657,OSF8V1601,出库其他服务需求,1,20250407044,仓库已完成 需补收费用,1、打印附件标签AE1R0G10商品条码（共50个），覆盖原商品标签,NULL,CO
550839,VASC000000279663,OSF6V1603,库内其他服务需求,1,20260302,【入库】覆盖/清除标签,背景：仓库反馈该入库单本周四到DENW3仓的时候anker的同事torry在现场发现UN标签有问题，直接让仓库帮忙换标签先上架了，这事已经跟客户和商务共识了以后不能这么干。实际换了UN标，先用白标签覆盖，再补贴仓库自有的UN标。一共贴了136张标签，申请补收贴标费。,,
551775,VASC000000279717,OW01V1602,入库其他服务需求,1,202506120001,【入库】关联第三方商品条码上架,【背景】EB0126050929351127、EB0126050929351124、EB0126050929351004、EB0126050929350980、EB0126050929350977、EB0126050929350974、EB0126050929350971、EB0126050929350968、EB0126050929350956、EB0126050929350953、EB0126050929350932、EB0126050929350929、EB0126050929350923、EB0126050929350920、EB0126050929350911、EB0126050929350908以上是包裹条码异常，目前已创建入库单并关联第三方箱唛，需仓库重新扫描上架。,,
551007,VASC000000279735,OW01V1602,入库其他服务需求,1,20260302,【入库】覆盖/清除标签,M010000000007534146*720pcs,,
551064,VASC000000279768,OSF8V1755,出库核对EAN码,1,NULL,NULL,步骤1：拆开商品外箱 步骤2：核对外箱及彩盒上的条码 步骤3：若条码不一致，则需要用客户上传的标签文件覆盖EAN条码 步骤4：外箱和彩盒上不能出现除正确EAN条码以外的其他条码，若有其他条码请用白标覆盖,NULL,CO
551292,VASC000000279771,OW01V1600,提供海外仓监控视频-少单品调查,1,NULL,NULL,根据到仓订单具体情况提供对应视频：,,
551136,VASC000000279795,OSF6V1646,货权转移（换标模式）,1,【In-warehouse】Transfer of ownership of goods,【库内】货权转移,仓库操作步骤：,,
551187,VASC000000279804,OSF8V1620,Winit线下尾程服务,1,202512301,【尾程】winit线下尾程询价,"""1、仓库/尾程SD报价；",,
551193,VASC000000279807,OSF8V1755,出库核对EAN码,1,NULL,NULL,步骤1：拆开商品外箱 步骤2：核对外箱及彩盒上的条码 步骤3：若条码不一致，则需要用客户上传的标签文件覆盖EAN条码 步骤4：外箱和彩盒上不能出现除正确EAN条码以外的其他条码，若有其他条码请用白标覆盖,NULL,CO
551301,VASC000000279840,OSF8V1755,出库核对EAN码,1,NULL,NULL,步骤1：拆开商品外箱 步骤2：核对外箱及彩盒上的条码 步骤3：若条码不一致，则需要用客户上传的标签文件覆盖EAN条码 步骤4：外箱和彩盒上不能出现除正确EAN条码以外的其他条码，若有其他条码请用白标覆盖,NULL,CO
552177,VASC000000279843,OSF6V1647,货权转移（改数模式）,1,【In-warehouse】Transfer of ownership of goods,【库内】货权转移,此类增值仅用于收费，IT系统改数，无需仓库实物流操作。,,
551529,VASC000000279849,OSF6V1646,货权转移（换标模式）,1,NULL,NULL,,NULL,CD
551340,VASC000000279864,OW01V1602,入库其他服务需求,1,20251103,【入库】补贴包裹标签上架到原入库单“已终止的”包裹中,【背景】因入库单是上架完成，包裹已终止状态，暂无法提标准增值，异常单号：EB0126050129173833请直接补贴winit包裹标签上架到B0400000001395280832,,
551346,VASC000000279867,OSF8V1755,出库核对EAN码,1,NULL,NULL,步骤1：拆开商品外箱 步骤2：核对外箱及彩盒上的条码 步骤3：若条码不一致，则需要用客户上传的标签文件覆盖EAN条码 步骤4：外箱和彩盒上不能出现除正确EAN条码以外的其他条码，若有其他条码请用白标覆盖,NULL,CO
551352,VASC000000279870,OSF8V1755,出库核对EAN码,1,NULL,NULL,步骤1：拆开商品外箱 步骤2：核对外箱及彩盒上的条码 步骤3：若条码不一致，则需要用客户上传的标签文件覆盖EAN条码 步骤4：外箱和彩盒上不能出现除正确EAN条码以外的其他条码，若有其他条码请用白标覆盖,NULL,CO
551358,VASC000000279873,OSF8V1755,出库核对EAN码,1,NULL,NULL,步骤1：拆开商品外箱 步骤2：核对外箱及彩盒上的条码 步骤3：若条码不一致，则需要用客户上传的标签文件覆盖EAN条码 步骤4：外箱和彩盒上不能出现除正确EAN条码以外的其他条码，若有其他条码请用白标覆盖,NULL,CO
551364,VASC000000279876,OSF8V1755,出库核对EAN码,1,NULL,NULL,步骤1：拆开商品外箱 步骤2：核对外箱及彩盒上的条码 步骤3：若条码不一致，则需要用客户上传的标签文件覆盖EAN条码 步骤4：外箱和彩盒上不能出现除正确EAN条码以外的其他条码，若有其他条码请用白标覆盖,NULL,CO
551370,VASC000000279879,OSF8V1755,出库核对EAN码,1,NULL,NULL,步骤1：拆开商品外箱 步骤2：核对外箱及彩盒上的条码 步骤3：若条码不一致，则需要用客户上传的标签文件覆盖EAN条码 步骤4：外箱和彩盒上不能出现除正确EAN条码以外的其他条码，若有其他条码请用白标覆盖,NULL,CO
551376,VASC000000279882,OSF8V1755,出库核对EAN码,1,NULL,NULL,步骤1：拆开商品外箱 步骤2：核对外箱及彩盒上的条码 步骤3：若条码不一致，则需要用客户上传的标签文件覆盖EAN条码 步骤4：外箱和彩盒上不能出现除正确EAN条码以外的其他条码，若有其他条码请用白标覆盖,NULL,CO
551382,VASC000000279885,OSF8V1755,出库核对EAN码,1,NULL,NULL,步骤1：拆开商品外箱 步骤2：核对外箱及彩盒上的条码 步骤3：若条码不一致，则需要用客户上传的标签文件覆盖EAN条码 步骤4：外箱和彩盒上不能出现除正确EAN条码以外的其他条码，若有其他条码请用白标覆盖,NULL,CO
551388,VASC000000279888,OSF8V1755,出库核对EAN码,1,NULL,NULL,步骤1：拆开商品外箱 步骤2：核对外箱及彩盒上的条码 步骤3：若条码不一致，则需要用客户上传的标签文件覆盖EAN条码 步骤4：外箱和彩盒上不能出现除正确EAN条码以外的其他条码，若有其他条码请用白标覆盖,NULL,CO
551400,VASC000000279894,OSF8V1755,出库核对EAN码,1,NULL,NULL,步骤1：拆开商品外箱 步骤2：核对外箱及彩盒上的条码 步骤3：若条码不一致，则需要用客户上传的标签文件覆盖EAN条码 步骤4：外箱和彩盒上不能出现除正确EAN条码以外的其他条码，若有其他条码请用白标覆盖,NULL,CO
551406,VASC000000279897,OSF8V1755,出库核对EAN码,1,NULL,NULL,步骤1：拆开商品外箱 步骤2：核对外箱及彩盒上的条码 步骤3：若条码不一致，则需要用客户上传的标签文件覆盖EAN条码 步骤4：外箱和彩盒上不能出现除正确EAN条码以外的其他条码，若有其他条码请用白标覆盖,NULL,CO
551442,VASC000000279915,OSF6V1603,库内其他服务需求,1,20250407035,【库内】拍摄照片/视频,仓库操作步骤：,,
551451,VASC000000279918,OSF6V1603,库内其他服务需求,1,20250407035,【库内】拍摄照片/视频,仓库操作步骤：,,
551460,VASC000000279921,OSF6V1603,库内其他服务需求,1,20250407035,【库内】拍摄照片/视频,仓库操作步骤：,,
551550,VASC000000279957,OSF6V1646,货权转移（换标模式）,1,【In-warehouse】Transfer of ownership of goods,【库内】货权转移,仓库操作步骤：,,
551604,VASC000000279999,OSF8V1779,交接 Master BOL,1,NULL,NULL,步骤1：确认客户关联的出库单据信息 步骤2：打印2份客户上传的 Master BOL文件 步骤3：2份都交给司机签字（每页均需要签字），签字后 ①其中1份文件拍照回传，并仓库存档2周及以上 ②其中1份+Packinglist+PO BOL(若有) 一起装入信封并在信封上写Load Destination code ：#### 交给司机,NULL,CO
551673,VASC000000280008,OSF6V1752,无主货找回（6个自然日内）-仓库创建无RMA退货单,1,NULL,NULL,步骤1：按照客户提供的快递单号或者POD尝试找回无主货 步骤2： ①若货物找回，请仓库创建无RMA退货单上架并反馈退货订单号，然后【完成】增值单 ②若货物未找回，请【完成】增值单  注意：此增值无论商品是否找回，请将增值单更新为【已出库】,NULL,CO
551697,VASC000000280035,OSF6V1752,无主货找回（6个自然日内）-仓库创建无RMA退货单,1,NULL,NULL,步骤1：按照客户提供的快递单号或者POD尝试找回无主货 步骤2： ①若货物找回，请仓库创建无RMA退货单上架并反馈退货订单号，然后【完成】增值单 ②若货物未找回，请【完成】增值单  注意：此增值无论商品是否找回，请将增值单更新为【已出库】,NULL,CO
551778,VASC000000280059,OSF8V1749,审核出库单,1,NULL,NULL,仅万邑通内部发起,NULL,CO
551823,VASC000000280077,OSF6V1603,库内其他服务需求,1,NULL,NULL,,NULL,CD
551838,VASC000000280104,OSF8V1749,审核出库单,1,NULL,NULL,仅万邑通内部发起,NULL,CO
551850,VASC000000280116,OSF8V1749,审核出库单,1,NULL,NULL,仅万邑通内部发起,NULL,CO
551865,VASC000000280119,OSF8V1749,审核出库单,1,NULL,NULL,仅万邑通内部发起,NULL,CO
551934,VASC000000280122,OSF6V1603,库内其他服务需求,1,20250407055,【库内】更换客制包装,背景：SKU:B078PSLLCF;(80件) B078PWNFHL;(86件) 入库时产品包装有破损，客户发了SKU：60x50x50； 70x50x50；包材做包装，装箱完成后，请提供实际装箱明细数据。,,
552126,VASC000000280137,OSF8V1601,出库其他服务需求,1,[Outbound] Repackaging by self-pickup order,【出库】暂存单重新装箱,1、拆箱,,
551910,VASC000000280140,OSF6V1603,库内其他服务需求,1,20250407035,【库内】拍摄照片/视频,仓库操作步骤：,,
552021,VASC000000280152,OSF6V1603,库内其他服务需求,1,20250407071,【库内】商品组合,仓库操作步骤：,,
551979,VASC000000280167,OW01V1602,入库其他服务需求,1,20251027,【入库】包裹类异常关联第三方包裹条码直接上架,【背景】客户推单延误， 到仓后系统才建单。异常单号：EB0126050129170758  包裹条码异常，客户已推单并关联了第三方箱唛，可以直接扫码上架到：WI49793190,,
552033,VASC000000280182,OW01V1600,提供海外仓监控视频-少单品调查,1,NULL,NULL,根据到仓订单具体情况提供对应视频：,,
552039,VASC000000280185,OW01V1600,提供海外仓监控视频-少单品调查,1,NULL,NULL,根据到仓订单具体情况提供对应视频：,,
552066,VASC000000280224,OSF8V1620,Winit线下尾程服务,1,NULL,NULL,"""1、仓库/尾程SD报价；",,
552072,VASC000000280227,OSF8V1801,彩盒外箱出库加贴UPC标签,1,NULL,NULL,①按照附件贴标示意图的位置更换标签 ②开箱在彩盒顶部贴彩盒 UPC 标签（X3_彩盒中性标签_UPC），重新封箱 ③在外箱贴外箱 UPC 标签（X3_外盒中性标签_UPC）,NULL,CD
552078,VASC000000280230,OSF8V1809,出库更换彩箱及外箱,1,NULL,NULL,1.组装新彩箱 2.将原彩箱拆除，所有内件放入新彩箱并封箱 3.在新彩盒顶部贴彩盒UPC标签 4.组装外箱 5.新彩箱按外箱装箱数量装箱并封箱 6.外箱贴上外箱的UPC标签,NULL,CD
552102,VASC000000280236,OW01V1602,入库其他服务需求,1,2026042101,【入库】100%A+/A包裹包裹条码批量异常（需客户处理）,【背景】VASC000000280026异常包裹直接上架，[海运整柜100%A+/A包裹]，不支持异常[B01E1615_包裹条码批量异常（需客户处理），B0102E21_包裹条码异常(需客户处理)];整单退回。,,
552105,VASC000000280239,OW01V1602,入库其他服务需求,1,20251205,【入库】新单上架到预报单，无需更换包裹条码,【背景】WI49032781出现计划外商品异常，需要通过新单上架。,,
552111,VASC000000280242,OW01V1602,入库其他服务需求,1,20251205,【入库】新单上架到预报单，无需更换包裹条码,【背景】WI48791975出现计划外商品异常，需要通过新单上架。,,
552159,VASC000000280272,OSF8V1620,Winit线下尾程服务,1,202512301,【尾程】winit线下尾程询价,"""1、仓库/尾程SD报价；",,
552252,VASC000000280293,OW01V1602,入库其他服务需求,1,20260320,【入库】	商品异常更换包裹标签商品标签新单上架,【背景】原单WI49182990包裹破损，仓库报异常：EB0126042629069439。需要把22个包装皮损的单品，包装不要，裸瓶入库到这个sku：US.LZBZY.600。,,
553251,VASC000000280308,OW01V1602,入库其他服务需求,1,20251027,【入库】包裹类异常关联第三方包裹条码直接上架,【背景】：异常是第三方箱号关联错误导致整单包裹识别不了，对应第三方箱号已在新单关联；因新单类型不是预报单，没法选择标准增值直接上架，异常也无需换标，按原第三方箱号在新单操作即可；故非标申请。,,
552255,VASC000000280332,OSF6V1603,库内其他服务需求,1,20250401002,【库内】关联第三方条码上架,背景：因客户到仓前未有关联第三方编码，被登记了，产生了异常单，目前客户已关联了第三方编码，可直接原单扫描上架即可。,,
552516,VASC000000280365,OSF6V1648,代采购包材物料,1,NULL,NULL,,NULL,CD
552324,VASC000000280374,OSF6V1603,库内其他服务需求,1,20260302,【入库】覆盖/清除标签,仓库操作步骤：,,
552339,VASC000000280386,OSF6V1715,IT改数服务,1,NULL,NULL,,NULL,CD
552483,VASC000000280434,OSF6V1673,无主货找回-6个自然日内,1,NULL,NULL,根据客户提供的单据信息找货，若超过1h未找回，则反馈无法找回,NULL,CO
552843,VASC000000280440,OSF8V1601,出库其他服务需求,1,【Delivery】Delivery and packaging removal,【出库】出库清除包装,1、参照文件《商品和标签的对应关系.xlsx》，打印附件【西邮仓 SKU.zip】标签，按5*2.5尺寸每个标签打印 2 份，总计 374 个。,,
552489,VASC000000280461,OSF6V1672,无主货找回-超6个自然日,1,NULL,NULL,根据客户提供的单据信息找货，若超过1h未找回，则反馈无法找回,NULL,CO
552498,VASC000000280473,OSF6V1672,无主货找回-超6个自然日,1,NULL,NULL,根据客户提供的单据信息找货，若超过1h未找回，则反馈无法找回,NULL,CO
552510,VASC000000280476,OSF6V1672,无主货找回-超6个自然日,1,NULL,NULL,根据客户提供的单据信息找货，若超过1h未找回，则反馈无法找回,NULL,CO
552519,VASC000000280479,OSF6V1672,无主货找回-超6个自然日,1,NULL,NULL,根据客户提供的单据信息找货，若超过1h未找回，则反馈无法找回,NULL,RT
552522,VASC000000280482,OSF6V1672,无主货找回-超6个自然日,1,NULL,NULL,根据客户提供的单据信息找货，若超过1h未找回，则反馈无法找回,NULL,RT
552543,VASC000000280491,OSF8V1601,出库其他服务需求,1,20250530002,清除标签,1、清除包裹上的DHL的物流面单（共10个包裹）,,
552618,VASC000000280530,OW01V1600,提供海外仓监控视频-少单品调查,1,NULL,NULL,根据到仓订单具体情况提供对应视频：,,
552816,VASC000000280587,OSF6V1603,库内其他服务需求,1,20250407062,【库内】指定单品/库位商品更换标签上架,仓库操作步骤：,,
552807,VASC000000280608,OSF8V1655,补贴UN标签（仅自提出库）,1,NULL,NULL,1.按照客户提供的示例标签，使用仓库标签补贴；,,
552969,VASC000000280623,OSF8V1620,Winit线下尾程服务,1,202512301,【尾程】winit线下尾程询价,"""1、仓库/尾程SD报价；",,
552891,VASC000000280629,OSF6V1625,检查商品尺重（退货商品）,1,【Warehouse】Measurement and identification of commodity weight,【库内】商品尺重测量辨识,仓库操作步骤：,,
553098,VASC000000280746,OSF8V1601,出库其他服务需求,1,20250407015,【出库】补增值后补包裹/托盘级标签,1、注意：在做【补贴商品其他标签（非商品条码）】时，要覆盖原标签,NULL,CO
553080,VASC000000280758,OSF6V1603,库内其他服务需求,1,20250407039,【库内】审计盘点,背景：对应这个审计盘点增值：VASC000000265716 是仓库加班处理，一共耗费58个加班工时；,,
553110,VASC000000280764,OSF8V1620,Winit线下尾程服务,1,NULL,NULL,"""1、仓库/尾程SD报价；",,
553113,VASC000000280767,OSF8V1601,出库其他服务需求,1,20250516,【出库】补贴/更换商品标签,操作步骤：,,
553137,VASC000000280782,OSF6V1603,库内其他服务需求,1,20250421001,【库内】商品拆箱加/减配件,仓库操作步骤：,,
553146,VASC000000280794,OW01V1756,Aiper辨识包裹外部温度贴纸颜色,1,NULL,NULL,步骤1：拦截入库订单 步骤2：根据客户提供的SOP检查温度贴纸是否变色（注意：请在监控下操作） 步骤3：检查结果处理： ①有贴纸，且温度贴纸变色，请将货物暂存，反馈变色的包裹编码及数量到【附件】中，等待客户下一步增值处理； ②有贴纸，且温度贴纸未变色，请将正常上架 ③无贴纸，将货物暂存，反馈包裹编码及数量到【附件】中，等待客户下一步增值处理,NULL,CD
553155,VASC000000280797,OW01V1756,Aiper辨识包裹外部温度贴纸颜色,1,NULL,NULL,步骤1：拦截入库订单 步骤2：根据客户提供的SOP检查温度贴纸是否变色（注意：请在监控下操作） 步骤3：检查结果处理： ①有贴纸，且温度贴纸变色，请将货物暂存，反馈变色的包裹编码及数量到【附件】中，等待客户下一步增值处理； ②有贴纸，且温度贴纸未变色，请将正常上架 ③无贴纸，将货物暂存，反馈包裹编码及数量到【附件】中，等待客户下一步增值处理,NULL,CO
553149,VASC000000280800,OSF8V1657,代理清关,1,【Outbound】Customs clearance agent,【出库】代理清关,打印附件的清关文件，交付尾程供应商，完成出库,NULL,CO
553161,VASC000000280803,OW01V1756,Aiper辨识包裹外部温度贴纸颜色,1,NULL,NULL,步骤1：拦截入库订单 步骤2：根据客户提供的SOP检查温度贴纸是否变色（注意：请在监控下操作） 步骤3：检查结果处理： ①有贴纸，且温度贴纸变色，请将货物暂存，反馈变色的包裹编码及数量到【附件】中，等待客户下一步增值处理； ②有贴纸，且温度贴纸未变色，请将正常上架 ③无贴纸，将货物暂存，反馈包裹编码及数量到【附件】中，等待客户下一步增值处理,NULL,CD
553167,VASC000000280806,OW01V1756,Aiper辨识包裹外部温度贴纸颜色,1,NULL,NULL,步骤1：拦截入库订单 步骤2：根据客户提供的SOP检查温度贴纸是否变色（注意：请在监控下操作） 步骤3：检查结果处理： ①有贴纸，且温度贴纸变色，请将货物暂存，反馈变色的包裹编码及数量到【附件】中，等待客户下一步增值处理； ②有贴纸，且温度贴纸未变色，请将正常上架 ③无贴纸，将货物暂存，反馈包裹编码及数量到【附件】中，等待客户下一步增值处理,NULL,CD
553173,VASC000000280809,OW01V1756,Aiper辨识包裹外部温度贴纸颜色,1,NULL,NULL,步骤1：拦截入库订单 步骤2：根据客户提供的SOP检查温度贴纸是否变色（注意：请在监控下操作） 步骤3：检查结果处理： ①有贴纸，且温度贴纸变色，请将货物暂存，反馈变色的包裹编码及数量到【附件】中，等待客户下一步增值处理； ②有贴纸，且温度贴纸未变色，请将正常上架 ③无贴纸，将货物暂存，反馈包裹编码及数量到【附件】中，等待客户下一步增值处理,NULL,CD
553179,VASC000000280812,OW01V1756,Aiper辨识包裹外部温度贴纸颜色,1,NULL,NULL,步骤1：拦截入库订单 步骤2：根据客户提供的SOP检查温度贴纸是否变色（注意：请在监控下操作） 步骤3：检查结果处理： ①有贴纸，且温度贴纸变色，请将货物暂存，反馈变色的包裹编码及数量到【附件】中，等待客户下一步增值处理； ②有贴纸，且温度贴纸未变色，请将正常上架 ③无贴纸，将货物暂存，反馈包裹编码及数量到【附件】中，等待客户下一步增值处理,NULL,CD
553191,VASC000000280815,OSF8V1755,出库核对EAN码,1,NULL,NULL,步骤1：拆开商品外箱 步骤2：核对外箱及彩盒上的条码 步骤3：若条码不一致，则需要用客户上传的标签文件覆盖EAN条码 步骤4：外箱和彩盒上不能出现除正确EAN条码以外的其他条码，若有其他条码请用白标覆盖,NULL,RT
553185,VASC000000280818,OW01V1756,Aiper辨识包裹外部温度贴纸颜色,1,NULL,NULL,步骤1：拦截入库订单 步骤2：根据客户提供的SOP检查温度贴纸是否变色（注意：请在监控下操作） 步骤3：检查结果处理： ①有贴纸，且温度贴纸变色，请将货物暂存，反馈变色的包裹编码及数量到【附件】中，等待客户下一步增值处理； ②有贴纸，且温度贴纸未变色，请将正常上架 ③无贴纸，将货物暂存，反馈包裹编码及数量到【附件】中，等待客户下一步增值处理,NULL,CD
553197,VASC000000280821,OW01V1756,Aiper辨识包裹外部温度贴纸颜色,1,NULL,NULL,步骤1：拦截入库订单 步骤2：根据客户提供的SOP检查温度贴纸是否变色（注意：请在监控下操作） 步骤3：检查结果处理： ①有贴纸，且温度贴纸变色，请将货物暂存，反馈变色的包裹编码及数量到【附件】中，等待客户下一步增值处理； ②有贴纸，且温度贴纸未变色，请将正常上架 ③无贴纸，将货物暂存，反馈包裹编码及数量到【附件】中，等待客户下一步增值处理,NULL,CD
553203,VASC000000280824,OW01V1756,Aiper辨识包裹外部温度贴纸颜色,1,NULL,NULL,步骤1：拦截入库订单 步骤2：根据客户提供的SOP检查温度贴纸是否变色（注意：请在监控下操作） 步骤3：检查结果处理： ①有贴纸，且温度贴纸变色，请将货物暂存，反馈变色的包裹编码及数量到【附件】中，等待客户下一步增值处理； ②有贴纸，且温度贴纸未变色，请将正常上架 ③无贴纸，将货物暂存，反馈包裹编码及数量到【附件】中，等待客户下一步增值处理,NULL,CO
553209,VASC000000280827,OSF8V1601,出库其他服务需求,1,NULL,NULL,,NULL,CD
553215,VASC000000280830,OSF8V1601,出库其他服务需求,1,NULL,NULL,,NULL,CD
553221,VASC000000280833,OSF8V1601,出库其他服务需求,1,NULL,NULL,,NULL,CD
553227,VASC000000280836,OSF8V1601,出库其他服务需求,1,NULL,NULL,,NULL,CD
553233,VASC000000280839,OSF8V1755,出库核对EAN码,1,NULL,NULL,步骤1：拆开商品外箱 步骤2：核对外箱及彩盒上的条码 步骤3：若条码不一致，则需要用客户上传的标签文件覆盖EAN条码 步骤4：外箱和彩盒上不能出现除正确EAN条码以外的其他条码，若有其他条码请用白标覆盖,NULL,RT
553266,VASC000000280845,OSF8V1620,Winit线下尾程服务,1,NULL,NULL,"""1、仓库/尾程SD报价；",,
553287,VASC000000280854,OSF8V1620,Winit线下尾程服务,1,NULL,NULL,"""1、仓库/尾程SD报价；",,
553302,VASC000000280857,OSF8V1620,Winit线下尾程服务,1,NULL,NULL,"""1、仓库/尾程SD报价；",,
553320,VASC000000280863,OSF8V1620,Winit线下尾程服务,1,NULL,NULL,"""1、仓库/尾程SD报价；",,
553326,VASC000000280866,OSF8V1755,出库核对EAN码,1,NULL,NULL,步骤1：拆开商品外箱 步骤2：核对外箱及彩盒上的条码 步骤3：若条码不一致，则需要用客户上传的标签文件覆盖EAN条码 步骤4：外箱和彩盒上不能出现除正确EAN条码以外的其他条码，若有其他条码请用白标覆盖,NULL,RT
553332,VASC000000280869,OSF8V1755,出库核对EAN码,1,NULL,NULL,步骤1：拆开商品外箱 步骤2：核对外箱及彩盒上的条码 步骤3：若条码不一致，则需要用客户上传的标签文件覆盖EAN条码 步骤4：外箱和彩盒上不能出现除正确EAN条码以外的其他条码，若有其他条码请用白标覆盖,NULL,RT
553338,VASC000000280872,OSF8V1755,出库核对EAN码,1,NULL,NULL,步骤1：拆开商品外箱 步骤2：核对外箱及彩盒上的条码 步骤3：若条码不一致，则需要用客户上传的标签文件覆盖EAN条码 步骤4：外箱和彩盒上不能出现除正确EAN条码以外的其他条码，若有其他条码请用白标覆盖,NULL,RT
553350,VASC000000280875,OSF8V1620,Winit线下尾程服务,1,202512301,【尾程】winit线下尾程询价,"""1、仓库/尾程SD报价；",,
553371,VASC000000280878,OSF8V1620,Winit线下尾程服务,1,202512301,【尾程】winit线下尾程询价,"""1、仓库/尾程SD报价；",,
553374,VASC000000280881,OSF8V1749,审核出库单,1,NULL,NULL,仅万邑通内部发起,NULL,CO
553380,VASC000000280884,OSF8V1755,出库核对EAN码,1,NULL,NULL,步骤1：拆开商品外箱 步骤2：核对外箱及彩盒上的条码 步骤3：若条码不一致，则需要用客户上传的标签文件覆盖EAN条码 步骤4：外箱和彩盒上不能出现除正确EAN条码以外的其他条码，若有其他条码请用白标覆盖,NULL,CO
553386,VASC000000280887,OSF8V1755,出库核对EAN码,1,NULL,NULL,步骤1：拆开商品外箱 步骤2：核对外箱及彩盒上的条码 步骤3：若条码不一致，则需要用客户上传的标签文件覆盖EAN条码 步骤4：外箱和彩盒上不能出现除正确EAN条码以外的其他条码，若有其他条码请用白标覆盖,NULL,CO
553392,VASC000000280890,OSF8V1755,出库核对EAN码,1,NULL,NULL,步骤1：拆开商品外箱 步骤2：核对外箱及彩盒上的条码 步骤3：若条码不一致，则需要用客户上传的标签文件覆盖EAN条码 步骤4：外箱和彩盒上不能出现除正确EAN条码以外的其他条码，若有其他条码请用白标覆盖,NULL,RT
553473,VASC000000280917,OW01V1602,入库其他服务需求,1,20260302,【入库】覆盖/清除标签,【背景】WI49176152一百多个包裹，外箱基本上都贴了箱唛+商品标签，现在要覆盖(或者清除)掉商品标签做入库。,,
553446,VASC000000280929,OSF8V1620,Winit线下尾程服务,1,NULL,NULL,"""1、仓库/尾程SD报价；",,
553452,VASC000000280932,OSF8V1755,出库核对EAN码,1,NULL,NULL,步骤1：拆开商品外箱 步骤2：核对外箱及彩盒上的条码 步骤3：若条码不一致，则需要用客户上传的标签文件覆盖EAN条码 步骤4：外箱和彩盒上不能出现除正确EAN条码以外的其他条码，若有其他条码请用白标覆盖,NULL,CO
553470,VASC000000280947,OSF8V1620,Winit线下尾程服务,1,202512301,【尾程】winit线下尾程询价,"""1、仓库/尾程SD报价；",,
553485,VASC000000280953,OW01V1602,入库其他服务需求,1,20260302,【入库】覆盖/清除标签,【背景】WI49224696，外箱基本上都贴了箱唛+商品标签，现在要覆盖(或者清除)掉商品标签做入库。,,
553488,VASC000000280959,OSF8V1601,出库其他服务需求,1,20250407013,【出库】指定位置贴商品/包裹标签/快递面单,操作步骤：,,
553491,VASC000000280962,OSF8V1601,出库其他服务需求,1,20250407013,【出库】指定位置贴商品/包裹标签/快递面单,操作步骤：,,
553494,VASC000000280965,OSF8V1601,出库其他服务需求,1,20250407013,【出库】指定位置贴商品/包裹标签/快递面单,操作步骤：,,
553497,VASC000000280968,OSF8V1657,代理清关,1,【Outbound】Customs clearance agent,【出库】代理清关,打印附件的清关文件，交付尾程供应商，完成出库,NULL,CO
553500,VASC000000280971,OSF8V1657,代理清关,1,【Outbound】Customs clearance agent,【出库】代理清关,打印附件的清关文件，交付尾程供应商，完成出库,NULL,CO
553530,VASC000000280989,OW01V1602,入库其他服务需求,1,20250407003,【入库】上架前拆包装,【背景】WI49481070入库单的外箱和中箱需拆除，上架内部的全部个单品，M010000000010469021，20件。,,
553902,VASC000000280995,OSF6V1626,指定商品盘点,1,NULL,NULL,1、将在库商品按SKU进行清点数量,,
553557,VASC000000281004,OSF8V1749,审核出库单,1,NULL,NULL,仅万邑通内部发起,NULL,CO
553560,VASC000000281007,OSF6V1603,库内其他服务需求,1,20260302,【入库】覆盖/清除标签,仓库操作步骤：,,
553635,VASC000000281031,OW01V1602,入库其他服务需求,1,20250522001,【入库】指定商品拍照暂存,【背景】客户下单了15个SKU3112铝，但是贴标的时候不小心贴上SKU3112的标签了，需要从中找出SKU3112验货数量的30个商品中找到15个SKU3112铝商品更换上SKU3112铝的商品标签。货物预计6.20左右到仓。,,
553584,VASC000000281034,OSF8V1749,审核出库单,1,NULL,NULL,仅万邑通内部发起,NULL,CO
553596,VASC000000281037,OSF8V1755,出库核对EAN码,1,NULL,NULL,步骤1：拆开商品外箱 步骤2：核对外箱及彩盒上的条码 步骤3：若条码不一致，则需要用客户上传的标签文件覆盖EAN条码 步骤4：外箱和彩盒上不能出现除正确EAN条码以外的其他条码，若有其他条码请用白标覆盖,NULL,CO
553602,VASC000000281040,OSF8V1755,出库核对EAN码,1,NULL,NULL,步骤1：拆开商品外箱 步骤2：核对外箱及彩盒上的条码 步骤3：若条码不一致，则需要用客户上传的标签文件覆盖EAN条码 步骤4：外箱和彩盒上不能出现除正确EAN条码以外的其他条码，若有其他条码请用白标覆盖,NULL,CO
553650,VASC000000281043,OW01V1599,提供海外仓监控视频-少包裹调查,1,NULL,NULL,根据到仓订单具体情况提供对应视频：,,
553644,VASC000000281058,OSF8V1601,出库其他服务需求,1,20250530002,清除标签,1、清除包裹上的DHL的物流面单（共10个包裹）,,
553653,VASC000000281064,OSF8V1749,审核出库单,1,NULL,NULL,仅万邑通内部发起,NULL,CO
553662,VASC000000281067,OSF6V1603,库内其他服务需求,1,20250401002,【库内】关联第三方条码上架,背景：基于VASC000000278664采集的SN条码，将这2款产品：M010000000006130919和M010000000006130927的管理方式由商品化切换为单品化，下架的产品重新提供新单返架。,,
553665,VASC000000281073,OW01V1602,入库其他服务需求,1,20250430,【入库】“包裹条码批量异常（需客户处理）”辨识后补贴包裹标签上架,【背景】异常单照片货物M010000000006402920，14箱，数量只登记了1箱，需要补贴包裹标签上架，新单号WI49821032，同一种sku，箱唛任意贴即可。,,
553698,VASC000000281085,OSF6V1603,库内其他服务需求,1,NULL,NULL,,NULL,CD
553686,VASC000000281091,OSF8V1749,审核出库单,1,NULL,NULL,仅万邑通内部发起,NULL,CO
553713,VASC000000281094,OSF6V1603,库内其他服务需求,1,20250407043,【库内】商品外观辨识+贴标上架,背景：贴错商品条码，需要辨识且更换；,,
553752,VASC000000281106,OW01V1602,入库其他服务需求,1,NULL,NULL,,NULL,CD
553794,VASC000000281139,OSF6V1671,逆向取货,1,20250723,【尾程】Anker Crowfoots出库,仅收费，无需仓库操作,NULL,CO
553830,VASC000000281148,OSF6V1603,库内其他服务需求,1,20250407045,【库内】辨识后贴标上架+销毁,仓库操作步骤：,,
553974,VASC000000281199,OSF6V1647,货权转移（改数模式）,1,NULL,NULL,,NULL,CD
554028,VASC000000281232,OSF8V1620,Winit线下尾程服务,1,202512301,【尾程】winit线下尾程询价,"""1、仓库/尾程SD报价；",,
554076,VASC000000281244,OSF6V1603,库内其他服务需求,1,NULL,NULL,,NULL,CD
554106,VASC000000281265,OSF8V1601,出库其他服务需求,1,NULL,NULL,,NULL,CD
554109,VASC000000281268,OSF6V1603,库内其他服务需求,1,2026051101,【入库】包裹/商品条码异常重新扫描包裹/商品条码上架,WI49523885,,
554118,VASC000000281274,OW01V1602,入库其他服务需求,1,20250407075,【入库】指定包裹拍照,【背景】仓库登记了计划外的异常EB0326043029163039，客户需要辨识这个货物实际是哪个sku，因此无法下新单下正确的SKU。仓库拆掉黑膜，以鞋盒的标签为准的，扫描鞋盒的SKU标签上架，鞋盒的SKU标签无法在原单上、没有下、无法识别的，需要拍照回传下给客户辨识对应的SKU，客户再下新单进行后续处理。,,
554154,VASC000000281280,OSF8V1695,小刀拆封取延保卡,1,NULL,NULL,1.观看客户提供的操作SOP视频,,
554151,VASC000000281286,OSF8V1620,Winit线下尾程服务,1,202512301,【尾程】winit线下尾程询价,"""1、仓库/尾程SD报价；",,
554160,VASC000000281289,OSF6V1648,代采购包材物料,1,NULL,NULL,,NULL,CD
554166,VASC000000281292,OSF6V1648,代采购包材物料,1,NULL,NULL,,NULL,CD
554466,VASC000000281298,OW01V1602,入库其他服务需求,1,20251205,【入库】新单上架到预报单，无需更换包裹条码,【背景】原单WI49197571下错产品类型，导致货物无法上架，商品是sn码管理显示，所以必须要下：100%A+/A包裹（无包裹条码）新单上。,,
554292,VASC000000281301,OSF6V1603,库内其他服务需求,1,NULL,NULL,,NULL,CD
554286,VASC000000281319,OW01V1599,提供海外仓监控视频-少包裹调查,1,NULL,NULL,根据到仓订单具体情况提供对应视频：,,
554199,VASC000000281331,OSF8V1755,出库核对EAN码,1,NULL,NULL,步骤1：拆开商品外箱 步骤2：核对外箱及彩盒上的条码 步骤3：若条码不一致，则需要用客户上传的标签文件覆盖EAN条码 步骤4：外箱和彩盒上不能出现除正确EAN条码以外的其他条码，若有其他条码请用白标覆盖,NULL,CO
554262,VASC000000281340,OSF8V1601,出库其他服务需求,1,NULL,NULL,,NULL,CD
562878,VASC000000281358,OW01V1602,入库其他服务需求,1,NULL,NULL,,NULL,CD
554298,VASC000000281373,OSF8V1755,出库核对EAN码,1,NULL,NULL,步骤1：拆开商品外箱 步骤2：核对外箱及彩盒上的条码 步骤3：若条码不一致，则需要用客户上传的标签文件覆盖EAN条码 步骤4：外箱和彩盒上不能出现除正确EAN条码以外的其他条码，若有其他条码请用白标覆盖,NULL,CO
554307,VASC000000281376,OSF8V1601,出库其他服务需求,1,20260127,【出库】覆盖指定包裹标签,操作步骤：,,
554349,VASC000000281379,OW01V1602,入库其他服务需求,1,NULL,NULL,,NULL,CD
554331,VASC000000281388,OSF8V1755,出库核对EAN码,1,NULL,NULL,步骤1：拆开商品外箱 步骤2：核对外箱及彩盒上的条码 步骤3：若条码不一致，则需要用客户上传的标签文件覆盖EAN条码 步骤4：外箱和彩盒上不能出现除正确EAN条码以外的其他条码，若有其他条码请用白标覆盖,NULL,CO
554337,VASC000000281391,OSF8V1695,小刀拆封取延保卡,1,NULL,NULL,1.观看客户提供的操作SOP视频,,
554376,VASC000000281421,OSF8V1755,出库核对EAN码,1,NULL,NULL,步骤1：拆开商品外箱 步骤2：核对外箱及彩盒上的条码 步骤3：若条码不一致，则需要用客户上传的标签文件覆盖EAN条码 步骤4：外箱和彩盒上不能出现除正确EAN条码以外的其他条码，若有其他条码请用白标覆盖,NULL,CO
554379,VASC000000281421,OSF8V1716,Anker加急出库,1,NULL,NULL,仓库根据订单情况判断能否在【指定出库日期】之前完成增值，若无法操作加急，请“异常终止”增值订单，若可以操作，请填写加急实际操作工时并“完成”增值 注意（非常重要！！！）： 1. 加急增值完成标准： *标准出库：加急订单出库日期应早于应出库日期，若不符合此条件，请“异常终止”增值订单 *自提出库：加急订单暂存日期应早于应暂存日期，若不符合此条件，请“异常终止”增值订单 2. 仓库实际操作工时，请提前记录并如实填写，最终会根据此工时收取客户费用 3. 需要在出库前完成此增值，否则增值将会被自动“异常终止”,NULL,CO
554385,VASC000000281424,OSF6V1603,库内其他服务需求,1,20250808002,【库内】不良品转良品上架,需求背景说明：【AI00455531001==M010000000006648494】和【AI00455511001==M010000000006431937】外箱和彩盒破损上架了不良品，现在需要换包材上架良品。,,
554394,VASC000000281430,OSF8V1755,出库核对EAN码,1,NULL,NULL,步骤1：拆开商品外箱 步骤2：核对外箱及彩盒上的条码 步骤3：若条码不一致，则需要用客户上传的标签文件覆盖EAN条码 步骤4：外箱和彩盒上不能出现除正确EAN条码以外的其他条码，若有其他条码请用白标覆盖,NULL,CO
554397,VASC000000281430,OSF8V1716,Anker加急出库,1,NULL,NULL,仓库根据订单情况判断能否在【指定出库日期】之前完成增值，若无法操作加急，请“异常终止”增值订单，若可以操作，请填写加急实际操作工时并“完成”增值 注意（非常重要！！！）： 1. 加急增值完成标准： *标准出库：加急订单出库日期应早于应出库日期，若不符合此条件，请“异常终止”增值订单 *自提出库：加急订单暂存日期应早于应暂存日期，若不符合此条件，请“异常终止”增值订单 2. 仓库实际操作工时，请提前记录并如实填写，最终会根据此工时收取客户费用 3. 需要在出库前完成此增值，否则增值将会被自动“异常终止”,NULL,CO
554550,VASC000000281448,OW01V1674,入库-异常包裹开箱拍照,1,NULL,NULL,1、根据增值单需求信息找货 2、根据客户示例图片拍照、且需要拍外箱箱唛图、SKU条码图，开箱拍产品实物图以及产品实物标签图 3、按照SKU/包裹整理拍照文件并上传,NULL,CO
554415,VASC000000281454,OSF8V1620,Winit线下尾程服务,1,202512301,【尾程】winit线下尾程询价,"""1、仓库/尾程SD报价；",,
554418,VASC000000281457,OSF6V1603,库内其他服务需求,1,20250407065,【库内】指定单品销毁,此出库单：WO11286444123对应SKU是因英国TS监管查到客户商品不合规要求销毁，对应销毁费用需要补收。,,
554451,VASC000000281472,OSF8V1755,出库核对EAN码,1,NULL,NULL,步骤1：拆开商品外箱 步骤2：核对外箱及彩盒上的条码 步骤3：若条码不一致，则需要用客户上传的标签文件覆盖EAN条码 步骤4：外箱和彩盒上不能出现除正确EAN条码以外的其他条码，若有其他条码请用白标覆盖,NULL,CO
554457,VASC000000281481,OSF8V1620,Winit线下尾程服务,1,NULL,NULL,"""1、仓库/尾程SD报价；",,
554514,VASC000000281490,OSF6V1603,库内其他服务需求,1,NULL,NULL,,NULL,CD
554529,VASC000000281499,OSF8V1620,Winit线下尾程服务,1,202512301,【尾程】winit线下尾程询价,"""1、仓库/尾程SD报价；",,
554535,VASC000000281502,OSF8V1620,Winit线下尾程服务,1,202512301,【尾程】winit线下尾程询价,"""1、仓库/尾程SD报价；",,
554538,VASC000000281505,OSF8V1749,审核出库单,1,NULL,NULL,仅万邑通内部发起,NULL,CO
554541,VASC000000281508,OSF8V1749,审核出库单,1,NULL,NULL,仅万邑通内部发起,NULL,CO
554562,VASC000000281511,OSF6V1603,库内其他服务需求,1,20250421001,【库内】商品拆箱加/减配件,仓库操作步骤：,,
554574,VASC000000281517,OSF8V1755,出库核对EAN码,1,NULL,NULL,步骤1：拆开商品外箱 步骤2：核对外箱及彩盒上的条码 步骤3：若条码不一致，则需要用客户上传的标签文件覆盖EAN条码 步骤4：外箱和彩盒上不能出现除正确EAN条码以外的其他条码，若有其他条码请用白标覆盖,NULL,CO
554580,VASC000000281520,OSF8V1755,出库核对EAN码,1,NULL,NULL,步骤1：拆开商品外箱 步骤2：核对外箱及彩盒上的条码 步骤3：若条码不一致，则需要用客户上传的标签文件覆盖EAN条码 步骤4：外箱和彩盒上不能出现除正确EAN条码以外的其他条码，若有其他条码请用白标覆盖,NULL,CO
554586,VASC000000281523,OSF8V1755,出库核对EAN码,1,NULL,NULL,步骤1：拆开商品外箱 步骤2：核对外箱及彩盒上的条码 步骤3：若条码不一致，则需要用客户上传的标签文件覆盖EAN条码 步骤4：外箱和彩盒上不能出现除正确EAN条码以外的其他条码，若有其他条码请用白标覆盖,NULL,CO
554592,VASC000000281526,OSF8V1755,出库核对EAN码,1,NULL,NULL,步骤1：拆开商品外箱 步骤2：核对外箱及彩盒上的条码 步骤3：若条码不一致，则需要用客户上传的标签文件覆盖EAN条码 步骤4：外箱和彩盒上不能出现除正确EAN条码以外的其他条码，若有其他条码请用白标覆盖,NULL,CO
554598,VASC000000281529,OSF8V1755,出库核对EAN码,1,NULL,NULL,步骤1：拆开商品外箱 步骤2：核对外箱及彩盒上的条码 步骤3：若条码不一致，则需要用客户上传的标签文件覆盖EAN条码 步骤4：外箱和彩盒上不能出现除正确EAN条码以外的其他条码，若有其他条码请用白标覆盖,NULL,CO
554607,VASC000000281541,OSF8V1755,出库核对EAN码,1,NULL,NULL,步骤1：拆开商品外箱 步骤2：核对外箱及彩盒上的条码 步骤3：若条码不一致，则需要用客户上传的标签文件覆盖EAN条码 步骤4：外箱和彩盒上不能出现除正确EAN条码以外的其他条码，若有其他条码请用白标覆盖,NULL,CO
554622,VASC000000281550,OSF8V1755,出库核对EAN码,1,NULL,NULL,步骤1：拆开商品外箱 步骤2：核对外箱及彩盒上的条码 步骤3：若条码不一致，则需要用客户上传的标签文件覆盖EAN条码 步骤4：外箱和彩盒上不能出现除正确EAN条码以外的其他条码，若有其他条码请用白标覆盖,NULL,CO
554625,VASC000000281556,OSF8V1749,审核出库单,1,NULL,NULL,仅万邑通内部发起,NULL,CO
554640,VASC000000281559,OSF6V1603,库内其他服务需求,1,NULL,NULL,,NULL,CD
554658,VASC000000281565,OSF8V1620,Winit线下尾程服务,1,NULL,NULL,"""1、仓库/尾程SD报价；",,
554679,VASC000000281571,OSF6V1603,库内其他服务需求,1,202512150002,【库内】异常商品转不良品上架,仓库操作步骤：,,
555129,VASC000000281709,OSF8V1620,Winit线下尾程服务,1,202512301,【尾程】winit线下尾程询价,"""1、仓库/尾程SD报价；",,
555141,VASC000000281718,OSF8V1657,代理清关,1,【Outbound】Customs clearance agent,【出库】代理清关,打印附件的清关文件，交付尾程供应商，完成出库,NULL,CO
555165,VASC000000281736,OSF8V1601,出库其他服务需求,1,20250407013,【出库】指定位置贴商品/包裹标签/快递面单,操作步骤：,,
555198,VASC000000281739,OW01V1602,入库其他服务需求,1,INBOUND_DESTORY_BF_SHELVE,【入库】上架前销毁,【背景】B0400000001390465167包裹里面混装其他货物，螺丝一件要上架前销毁，其他的货物有贴标签，要原单扫描上架,,
555177,VASC000000281742,OSF8V1620,Winit线下尾程服务,1,202512301,【尾程】winit线下尾程询价,"""1、仓库/尾程SD报价；",,
555192,VASC000000281745,OW01V1599,提供海外仓监控视频-少包裹调查,1,NULL,NULL,根据到仓订单具体情况提供对应视频：,,
555201,VASC000000281754,OW01V1602,入库其他服务需求,1,[Warehouse]AbnormalTransferOfParcelsFromMultipleWarehouses,【入库】包裹串仓异常调拨,【背景】WI48246636  自验-直发-海卡订单，目的仓：DEBR2仓，整单发到了DE仓了，需要转到正确的仓库DEBR2仓上架，标准无法操作需要提交非标增值处理。,,
555315,VASC000000281793,OSF6V1603,库内其他服务需求,1,20250407062,【库内】指定单品/库位商品更换标签上架,背景：该客户有两个账号，不同账号负责不同的平台的货物，分别是：10005835-America Ugreen Limited、17551621-America Ugreen Limited-2,,
555321,VASC000000281805,OW01V1602,入库其他服务需求,1,20260320,【入库】	商品异常更换包裹标签商品标签新单上架,【背景】EB0126050529237535商品有条码但无法识别，需要需要补贴A81G7041-F0商品标签，标签见附件，分别上架到两个预报单中WI49709070上架1pcs，WI49816026上架14pcs,,
555417,VASC000000281865,OW01V1602,入库其他服务需求,1,20251027,【入库】包裹类异常关联第三方包裹条码直接上架,【背景】注册SKU问题，导致入库单推送晚，到仓后才推送成功，需重新扫描箱唛上架。,,
555423,VASC000000281871,OW01V1602,入库其他服务需求,1,20260320,【入库】	商品异常更换包裹标签商品标签新单上架,【背景】EB0126050929350839这个异常单2pcs货物，都需要补贴商品标签D2342111-F0，补贴完成后1pcs原单上架WI49468626，1pcs上架到新单WI49798567，标签见附件,,
555426,VASC000000281880,OSF6V1603,库内其他服务需求,1,20250407062,【库内】指定单品/库位商品更换标签上架,背景：RT16000295368270CN 退货单商品因为设置了A+包裹且需要采集包裹码，无法直接选择更新上架（自动创建无箱单预报单失败）处理方式，经与PD共识，采用非标增值上架。,,
555429,VASC000000281883,OSF6V1603,库内其他服务需求,1,20250407069,【库内】开箱取卡片,背景：客户：17227353   增值服务：OSF8V1695 小刀拆封取延保卡。,,
555435,VASC000000281898,OW01V1602,入库其他服务需求,1,20250407020,【入库】组合后上架,仓库操作流程：,,
555483,VASC000000281907,OSF6V1603,库内其他服务需求,1,20250407035,【库内】拍摄照片/视频,背景：客户需要拍摄视频用于平台申诉。,,
555801,VASC000000281913,OSF6V1603,库内其他服务需求,1,20250407062,【库内】指定单品/库位商品更换标签上架,背景：接仓库反馈，客户货物到仓商品外包装没有贴商品标签，因为是自验订单，仓库直接扫描了包裹条码上架。现在SKU：M010000000010223170  USKY3仓在库： 295件已全部冻结。现在需要将在库的295件全部换标。,,
555531,VASC000000281937,OSF8V1601,出库其他服务需求,1,20250421002,【出库】仓库自主交货,操作步骤：,,
555588,VASC000000281943,OSF6V1603,库内其他服务需求,1,20250407055,【库内】更换客制包装,仓库操作步骤：,,
555621,VASC000000281958,OSF8V1620,Winit线下尾程服务,1,202512301,【尾程】winit线下尾程询价,"""1、仓库/尾程SD报价；",,
555663,VASC000000281967,OSF6V1647,货权转移（改数模式）,1,NULL,NULL,,NULL,CD
555627,VASC000000281970,OSF8V1620,Winit线下尾程服务,1,NULL,NULL,"""1、仓库/尾程SD报价；",,
555660,VASC000000281982,OW01V1599,提供海外仓监控视频-少包裹调查,1,NULL,NULL,根据到仓订单具体情况提供对应视频：,,
555762,VASC000000282030,OSF6V1671,逆向取货,1,20250723,【尾程】Anker Crowfoots出库,仅收费，无需仓库操作,NULL,CO
555807,VASC000000282048,OW01V1594,上架前自提（无需WINIT打托）,1,NULL,NULL,1、补贴快递面单,,
555816,VASC000000282054,OSF6V1603,库内其他服务需求,1,20250407025,【入库】异常商品/包裹数量与实际不符，按照实际贴标上架,背景：,,
555810,VASC000000282057,OSF6V1647,货权转移（改数模式）,1,【In-warehouse】Transfer of ownership of goods,【库内】货权转移,此类增值仅用于收费，IT系统改数，无需仓库实物流操作。,,
555939,VASC000000282060,OSF6V1603,库内其他服务需求,1,20250407043,【库内】商品外观辨识+贴标上架,仓库操作步骤：,,
555840,VASC000000282069,OSF8V1755,出库核对EAN码,1,NULL,NULL,步骤1：拆开商品外箱 步骤2：核对外箱及彩盒上的条码 步骤3：若条码不一致，则需要用客户上传的标签文件覆盖EAN条码 步骤4：外箱和彩盒上不能出现除正确EAN条码以外的其他条码，若有其他条码请用白标覆盖,NULL,CO
555927,VASC000000282078,OSF6V1603,库内其他服务需求,1,20250407043,【库内】商品外观辨识+贴标上架,仓库操作步骤：,,
555957,VASC000000282099,OSF8V1755,出库核对EAN码,1,NULL,NULL,步骤1：拆开商品外箱 步骤2：核对外箱及彩盒上的条码 步骤3：若条码不一致，则需要用客户上传的标签文件覆盖EAN条码 步骤4：外箱和彩盒上不能出现除正确EAN条码以外的其他条码，若有其他条码请用白标覆盖,NULL,CO
555963,VASC000000282102,OSF8V1755,出库核对EAN码,1,NULL,NULL,步骤1：拆开商品外箱 步骤2：核对外箱及彩盒上的条码 步骤3：若条码不一致，则需要用客户上传的标签文件覆盖EAN条码 步骤4：外箱和彩盒上不能出现除正确EAN条码以外的其他条码，若有其他条码请用白标覆盖,NULL,CO
555969,VASC000000282111,OSF8V1755,出库核对EAN码,1,NULL,NULL,步骤1：拆开商品外箱 步骤2：核对外箱及彩盒上的条码 步骤3：若条码不一致，则需要用客户上传的标签文件覆盖EAN条码 步骤4：外箱和彩盒上不能出现除正确EAN条码以外的其他条码，若有其他条码请用白标覆盖,NULL,CO
555975,VASC000000282114,OSF8V1755,出库核对EAN码,1,NULL,NULL,步骤1：拆开商品外箱 步骤2：核对外箱及彩盒上的条码 步骤3：若条码不一致，则需要用客户上传的标签文件覆盖EAN条码 步骤4：外箱和彩盒上不能出现除正确EAN条码以外的其他条码，若有其他条码请用白标覆盖,NULL,CO
556008,VASC000000282123,OSF8V1620,Winit线下尾程服务,1,202512301,【尾程】winit线下尾程询价,"""1、仓库/尾程SD报价；",,
556014,VASC000000282129,OSF8V1755,出库核对EAN码,1,NULL,NULL,步骤1：拆开商品外箱 步骤2：核对外箱及彩盒上的条码 步骤3：若条码不一致，则需要用客户上传的标签文件覆盖EAN条码 步骤4：外箱和彩盒上不能出现除正确EAN条码以外的其他条码，若有其他条码请用白标覆盖,NULL,CO
556029,VASC000000282141,OW01V1602,入库其他服务需求,1,20251205,【入库】新单上架到预报单，无需更换包裹条码,【背景】WI49512394单仓库登记异常单EB0126051429441442有商品条码无法识别，需要补贴新的商品标签并上架到新预报单。,,
556032,VASC000000282144,OSF6V1603,库内其他服务需求,1,20250401002,【库内】关联第三方条码上架,仓库操作步骤：,,
556044,VASC000000282150,OW01V1602,入库其他服务需求,1,NULL,NULL,,NULL,CD
556410,VASC000000282318,OW01V1602,入库其他服务需求,1,202506170001,【入库】加固包装（含透明胶带封口、木箱加固等）,【背景】异常单号：EB0126051529461272、原入库单号：WI49780473、原包裹条码：B0400000001408778272、仓库：AU warehouse。异常单类型商品裸装，原入库单客户下单是A包的原因是不知道实际工厂发货是将6pcs裸货不加任何物流包装就装在一个包裹里发货到海外仓，到海外仓拆箱后还以为有物流包装，没想到还有零件，客户不做拆箱单品加包装贴产品条码标签上架，需要整箱补贴包裹条码标签封箱后以箱产品的方式上架。,,
556413,VASC000000282342,OW01V1599,提供海外仓监控视频-少包裹调查,1,NULL,NULL,根据到仓订单具体情况提供对应视频：,,
556545,VASC000000282405,OSF8V1601,出库其他服务需求,1,20250407015,【出库】补增值后补包裹/托盘级标签,操作步骤：,,
556530,VASC000000282429,OSF6V1603,库内其他服务需求,1,20250401002,【库内】关联第三方条码上架,仓库操作步骤：,,
556518,VASC000000282432,OSF8V1749,审核出库单,1,NULL,NULL,仅万邑通内部发起,NULL,CO
556587,VASC000000282453,OSF8V1601,出库其他服务需求,1,20250407015,【出库】补增值后补包裹/托盘级标签,操作步骤：,,
556602,VASC000000282456,OSF8V1601,出库其他服务需求,1,20250407015,【出库】补增值后补包裹/托盘级标签,操作步骤：,,
556650,VASC000000282477,OW01V1602,入库其他服务需求,1,20260302,【入库】覆盖/清除标签,【背景】WI49395690，一共116箱A+包，A+包裹外箱贴有电池标签，申请移除。,,
556665,VASC000000282480,OW01V1602,入库其他服务需求,1,20260320,【入库】	商品异常更换包裹标签商品标签新单上架,【背景】EB0126050529237535商品有条码但无法识别，需要需要补贴A81G7041-F0商品标签，标签见附件，分别上架到两个预报单中WI49709070上架1pcs，WI49816026上架14pcs,,
556761,VASC000000282540,OSF6V1603,库内其他服务需求,1,NULL,NULL,,NULL,CD
556824,VASC000000282576,OSF8V1695,小刀拆封取延保卡,1,NULL,NULL,1.观看客户提供的操作SOP视频,,
556839,VASC000000282585,OSF8V1695,小刀拆封取延保卡,1,NULL,NULL,1.观看客户提供的操作SOP视频,,
556845,VASC000000282594,OSF8V1695,小刀拆封取延保卡,1,NULL,NULL,1.观看客户提供的操作SOP视频,,
556887,VASC000000282600,OSF8V1601,出库其他服务需求,1,20250407013,【出库】指定位置贴商品/包裹标签/快递面单,操作步骤：,,
556896,VASC000000282603,OSF8V1601,出库其他服务需求,1,NULL,NULL,,NULL,CD
556926,VASC000000282606,OSF8V1601,出库其他服务需求,1,20250407013,【出库】指定位置贴商品/包裹标签/快递面单,操作步骤：,,
557016,VASC000000282621,OSF8V1620,Winit线下尾程服务,1,202512301,【尾程】winit线下尾程询价,"""1、仓库/尾程SD报价；",,
557025,VASC000000282627,OSF8V1695,小刀拆封取延保卡,1,NULL,NULL,1.观看客户提供的操作SOP视频,,
557031,VASC000000282630,OSF8V1755,出库核对EAN码,1,NULL,NULL,步骤1：拆开商品外箱 步骤2：核对外箱及彩盒上的条码 步骤3：若条码不一致，则需要用客户上传的标签文件覆盖EAN条码 步骤4：外箱和彩盒上不能出现除正确EAN条码以外的其他条码，若有其他条码请用白标覆盖,NULL,CO
557040,VASC000000282633,OSF8V1695,小刀拆封取延保卡,1,NULL,NULL,1.观看客户提供的操作SOP视频,,
557049,VASC000000282642,OSF8V1620,Winit线下尾程服务,1,202512301,【尾程】winit线下尾程询价,"""1、仓库/尾程SD报价；",,
557304,VASC000000282720,OSF6V1603,库内其他服务需求,1,20250407035,【库内】拍摄照片/视频,仓库操作步骤：,,
557247,VASC000000282741,OW01V1602,入库其他服务需求,1,20260320,【入库】	商品异常更换包裹标签商品标签新单上架,"【背景】M010000000004334655商品，USKY3串去USKY5,要在USKY5上架，SKU是单品化管理的，需要更换包裹条码以及单品条码上架。",,
557322,VASC000000282774,OSF8V1601,出库其他服务需求,1,20250407039,【库内】审计盘点,操作步骤：,,
557325,VASC000000282780,OSF8V1601,出库其他服务需求,1,20250407039,【库内】审计盘点,操作步骤：,,
557331,VASC000000282786,OSF8V1620,Winit线下尾程服务,1,202512301,【尾程】winit线下尾程询价,"""1、仓库/尾程SD报价；",,
557337,VASC000000282795,OW01V1602,入库其他服务需求,1,20250430,【入库】“包裹条码批量异常（需客户处理）”辨识后补贴包裹标签上架,【背景】EB0126051429452731，一共186箱箱产品，异常只登记了一个包裹，请直接补贴winit包裹标签上架到WI49886282，标签见附件。,,
557412,VASC000000282798,OSF8V1601,出库其他服务需求,1,20250819,【出库】交货时拍照,操作步骤：,,
557382,VASC000000282819,OSF6V1668,在库指定SKU全部库存解冻,1,INSTOCK_INVENTORY_FREEZE_UNFREEZE,【库内】库存冻结/解冻,解冻之前冻结的库存：M010000000004555700。,,
557397,VASC000000282831,OSF8V1620,Winit线下尾程服务,1,202512301,【尾程】winit线下尾程询价,"""1、仓库/尾程SD报价；",,
557481,VASC000000282855,OSF8V1755,出库核对EAN码,1,NULL,NULL,步骤1：拆开商品外箱 步骤2：核对外箱及彩盒上的条码 步骤3：若条码不一致，则需要用客户上传的标签文件覆盖EAN条码 步骤4：外箱和彩盒上不能出现除正确EAN条码以外的其他条码，若有其他条码请用白标覆盖,NULL,CO
557559,VASC000000282873,OSF8V1620,Winit线下尾程服务,1,202512301,【尾程】winit线下尾程询价,"""1、仓库/尾程SD报价；",,
557571,VASC000000282876,OSF8V1755,出库核对EAN码,1,NULL,NULL,步骤1：拆开商品外箱 步骤2：核对外箱及彩盒上的条码 步骤3：若条码不一致，则需要用客户上传的标签文件覆盖EAN条码 步骤4：外箱和彩盒上不能出现除正确EAN条码以外的其他条码，若有其他条码请用白标覆盖,NULL,CO
557589,VASC000000282885,OSF8V1620,Winit线下尾程服务,1,202512301,【尾程】winit线下尾程询价,"""1、仓库/尾程SD报价；",,
557610,VASC000000282900,OSF8V1749,审核出库单,1,NULL,NULL,仅万邑通内部发起,NULL,CO
557628,VASC000000282912,OSF8V1620,Winit线下尾程服务,1,202512301,【尾程】winit线下尾程询价,"""1、仓库/尾程SD报价；",,
557631,VASC000000282918,OW01V1602,入库其他服务需求,1,20260320,【入库】	商品异常更换包裹标签商品标签新单上架,【背景】这单的货物仓库都已经上架了，目前异常单是暂存待客户反馈的，因为之前是提交了非标增值特批的增值单，万邑联-全部增值订单-暂存待处理里面没有增值单的，经协商提交非标特批增值单关闭异常的，不需要仓库操作了的。,,
557634,VASC000000282921,OW01V1602,入库其他服务需求,1,20260320,【入库】	商品异常更换包裹标签商品标签新单上架,【背景】这单的货物仓库都已经上架了，目前异常单是暂存待客户反馈的，因为之前是提交了非标增值特批的增值单，万邑联-全部增值订单-暂存待处理里面没有增值单的，经协商提交非标特批增值单关闭异常的，不需要仓库操作了的。,,
557637,VASC000000282927,OW01V1602,入库其他服务需求,1,20260320,【入库】	商品异常更换包裹标签商品标签新单上架,【背景】这单的货物仓库都已经上架了，目前异常单是暂存待客户反馈的，因为之前是提交了非标增值特批的增值单，万邑联-全部增值订单-暂存待处理里面没有增值单的，经协商提交非标特批增值单关闭异常的，不需要仓库操作了的。,,
557646,VASC000000282933,OW01V1602,入库其他服务需求,1,20260320,【入库】	商品异常更换包裹标签商品标签新单上架,【背景】这单的货物仓库都已经上架了，目前异常单是暂存待客户反馈的，因为之前是提交了非标增值特批的增值单，万邑联-全部增值订单-暂存待处理里面没有增值单的，经协商提交非标特批增值单关闭异常的，不需要仓库操作了的。,,
557682,VASC000000282948,OSF8V1620,Winit线下尾程服务,1,NULL,NULL,"""1、仓库/尾程SD报价；",,
557757,VASC000000282951,OSF6V1648,代采购包材物料,1,NULL,NULL,,NULL,CD
557784,VASC000000282966,OW01V1602,入库其他服务需求,1,NULL,NULL,,NULL,CD
557802,VASC000000282975,OSF6V1603,库内其他服务需求,1,NULL,NULL,,NULL,CD
557808,VASC000000282987,OSF8V1620,Winit线下尾程服务,1,NULL,NULL,"""1、仓库/尾程SD报价；",,
557865,VASC000000282990,OSF6V1603,库内其他服务需求,1,20250407062,【库内】指定单品/库位商品更换标签上架,备注：客户已提了补贴包裹标签的增值：VASC000000278868，这个增值只是119件商品补贴商品条码的增值。,,
557853,VASC000000282999,OSF8V1655,补贴UN标签（仅自提出库）,1,NULL,NULL,1.按照客户提供的示例标签，使用仓库标签补贴；,,
557850,VASC000000283005,OSF8V1620,Winit线下尾程服务,1,202512301,【尾程】winit线下尾程询价,"""1、仓库/尾程SD报价；",,
557859,VASC000000283011,OSF8V1755,出库核对EAN码,1,NULL,NULL,步骤1：拆开商品外箱 步骤2：核对外箱及彩盒上的条码 步骤3：若条码不一致，则需要用客户上传的标签文件覆盖EAN条码 步骤4：外箱和彩盒上不能出现除正确EAN条码以外的其他条码，若有其他条码请用白标覆盖,NULL,CO
557916,VASC000000283014,OSF8V1601,出库其他服务需求,1,20250407013,【出库】指定位置贴商品/包裹标签/快递面单,操作步骤：,,
557871,VASC000000283017,OSF6V1671,逆向取货,1,20250723,【尾程】Anker Crowfoots出库,仅收费，无需仓库操作,NULL,CO
557946,VASC000000283020,OSF6V1603,库内其他服务需求,1,[Delivery] Expedited delivery,【出库】加急出库,"WO11424325472,下单时间5.13,由于不清楚德国仓库14休息,导致卡车预约到5.15来仓库提,需要加急。",,
557886,VASC000000283023,OSF8V1620,Winit线下尾程服务,1,NULL,NULL,"""1、仓库/尾程SD报价；",,
557895,VASC000000283026,OSF8V1620,Winit线下尾程服务,1,202512301,【尾程】winit线下尾程询价,"""1、仓库/尾程SD报价；",,
557931,VASC000000283029,OW01V1602,入库其他服务需求,1,NULL,NULL,,NULL,CD
557907,VASC000000283032,OSF8V1755,出库核对EAN码,1,NULL,NULL,步骤1：拆开商品外箱 步骤2：核对外箱及彩盒上的条码 步骤3：若条码不一致，则需要用客户上传的标签文件覆盖EAN条码 步骤4：外箱和彩盒上不能出现除正确EAN条码以外的其他条码，若有其他条码请用白标覆盖,NULL,CO
557952,VASC000000283047,OW01V1602,入库其他服务需求,1,20250430,【入库】“包裹条码批量异常（需客户处理）”辨识后补贴包裹标签上架,【背景】原单下成了A包 实际是300个A+包 裹 ，仓库登记了EB0126051429456781包裹条码异常(需客户处理)。重新贴商品标签，扫描商品标签上架。,,
557961,VASC000000283056,OSF8V1620,Winit线下尾程服务,1,NULL,NULL,"""1、仓库/尾程SD报价；",,
557967,VASC000000283059,OSF8V1755,出库核对EAN码,1,NULL,NULL,步骤1：拆开商品外箱 步骤2：核对外箱及彩盒上的条码 步骤3：若条码不一致，则需要用客户上传的标签文件覆盖EAN条码 步骤4：外箱和彩盒上不能出现除正确EAN条码以外的其他条码，若有其他条码请用白标覆盖,NULL,CO
557985,VASC000000283062,OSF8V1755,出库核对EAN码,1,NULL,NULL,步骤1：拆开商品外箱 步骤2：核对外箱及彩盒上的条码 步骤3：若条码不一致，则需要用客户上传的标签文件覆盖EAN条码 步骤4：外箱和彩盒上不能出现除正确EAN条码以外的其他条码，若有其他条码请用白标覆盖,NULL,CO
557991,VASC000000283068,OSF8V1755,出库核对EAN码,1,NULL,NULL,步骤1：拆开商品外箱 步骤2：核对外箱及彩盒上的条码 步骤3：若条码不一致，则需要用客户上传的标签文件覆盖EAN条码 步骤4：外箱和彩盒上不能出现除正确EAN条码以外的其他条码，若有其他条码请用白标覆盖,NULL,CO
557997,VASC000000283071,OSF8V1755,出库核对EAN码,1,NULL,NULL,步骤1：拆开商品外箱 步骤2：核对外箱及彩盒上的条码 步骤3：若条码不一致，则需要用客户上传的标签文件覆盖EAN条码 步骤4：外箱和彩盒上不能出现除正确EAN条码以外的其他条码，若有其他条码请用白标覆盖,NULL,CO
558021,VASC000000283083,OSF8V1601,出库其他服务需求,1,NULL,NULL,,NULL,CD
558054,VASC000000283107,OSF6V1595,单品指定位置开箱拍照,1,NULL,NULL,根据客户指定位置辨识拍照并反馈结果,NULL,CO
558330,VASC000000283173,OSF6V1627,单品辨识（不开箱）,1,NULL,NULL,根据客户提供的辨识方法，在不拆单品外包装的情况下，仓库辨识单品数量/标签内容（含第三方商品标签）等差异并反馈,NULL,CO
558441,VASC000000283248,OSF6V1647,货权转移（改数模式）,1,NULL,NULL,,NULL,CD
558435,VASC000000283263,OSF8V1601,出库其他服务需求,1,20260127,【出库】覆盖指定包裹标签,操作步骤：,,
558447,VASC000000283269,OSF6V1647,货权转移（改数模式）,1,【In-warehouse】Transfer of ownership of goods,【库内】货权转移,此类增值仅用于收费，IT系统改数，无需仓库实物流操作。仓库需将增值单状态更新为“仓库已处理”,NULL,CD
558495,VASC000000283296,OSF6V1626,指定商品盘点,1,NULL,NULL,1、将在库商品按SKU进行清点数量,,
558555,VASC000000283353,OSF8V1620,Winit线下尾程服务,1,NULL,NULL,"""1、仓库/尾程SD报价；",,
562095,VASC000000283401,OSF6V1603,库内其他服务需求,1,20250407010,【库内】指定库位开箱拍照,仓库操作步骤：,,
558672,VASC000000283410,OSF8V1620,Winit线下尾程服务,1,NULL,NULL,"""1、仓库/尾程SD报价；",,
558708,VASC000000283422,OSF8V1620,Winit线下尾程服务,1,202512301,【尾程】winit线下尾程询价,"""1、仓库/尾程SD报价；",,
558714,VASC000000283425,OSF8V1755,出库核对EAN码,1,NULL,NULL,步骤1：拆开商品外箱 步骤2：核对外箱及彩盒上的条码 步骤3：若条码不一致，则需要用客户上传的标签文件覆盖EAN条码 步骤4：外箱和彩盒上不能出现除正确EAN条码以外的其他条码，若有其他条码请用白标覆盖,NULL,CO
558735,VASC000000283443,OSF8V1749,审核出库单,1,NULL,NULL,仅万邑通内部发起,NULL,CO
558768,VASC000000283455,OSF8V1620,Winit线下尾程服务,1,202512301,【尾程】winit线下尾程询价,"""1、仓库/尾程SD报价；",,
558777,VASC000000283461,OSF8V1755,出库核对EAN码,1,NULL,NULL,步骤1：拆开商品外箱 步骤2：核对外箱及彩盒上的条码 步骤3：若条码不一致，则需要用客户上传的标签文件覆盖EAN条码 步骤4：外箱和彩盒上不能出现除正确EAN条码以外的其他条码，若有其他条码请用白标覆盖,NULL,CO
558801,VASC000000283464,OSF6V1603,库内其他服务需求,1,INSTOCK_SPLIT_SKU,【库内】拆分SKU,仓库操作步骤：,,
558780,VASC000000283473,OSF6V1603,库内其他服务需求,1,[Delivery] Expedited delivery,【出库】加急出库,WO11431245876、WO11431076644  订单是5.15提交的订单，按照时效应该是5.18出库，客户要求加急出库，订单实际已在5.15出，收取加急费用。,,
558786,VASC000000283476,OSF8V1601,出库其他服务需求,1,20250516,【出库】补贴/更换商品标签,操作步骤：,,
558804,VASC000000283485,OSF6V1603,库内其他服务需求,1,20250516,【出库】补贴/更换商品标签,背景：WO11432206653、WO11427826564 出库的都是A+包，需每箱开箱补贴商品标签，补收开箱费,,
558888,VASC000000283506,OSF8V1620,Winit线下尾程服务,1,NULL,NULL,"""1、仓库/尾程SD报价；",,
558840,VASC000000283509,OSF8V1657,代理清关,1,【Outbound】Customs clearance agent,【出库】代理清关,打印附件的清关文件，交付尾程供应商，完成出库,NULL,CO
558882,VASC000000283518,OSF8V1620,Winit线下尾程服务,1,202512301,【尾程】winit线下尾程询价,"""1、仓库/尾程SD报价；",,
558903,VASC000000283521,OSF8V1755,出库核对EAN码,1,NULL,NULL,步骤1：拆开商品外箱 步骤2：核对外箱及彩盒上的条码 步骤3：若条码不一致，则需要用客户上传的标签文件覆盖EAN条码 步骤4：外箱和彩盒上不能出现除正确EAN条码以外的其他条码，若有其他条码请用白标覆盖,NULL,CO
563727,VASC000000283551,OW01V1602,入库其他服务需求,1,NULL,NULL,,NULL,CD
559335,VASC000000283572,OW01V1602,入库其他服务需求,1,NULL,NULL,,NULL,CD
559203,VASC000000283590,OSF6V1603,库内其他服务需求,1,20250407010,【库内】指定库位开箱拍照,入库单：WI46182698,,
559398,VASC000000283617,OSF8V1620,Winit线下尾程服务,1,202512301,【尾程】winit线下尾程询价,"""1、仓库/尾程SD报价；",,
559428,VASC000000283632,OSF8V1755,出库核对EAN码,1,NULL,NULL,步骤1：拆开商品外箱 步骤2：核对外箱及彩盒上的条码 步骤3：若条码不一致，则需要用客户上传的标签文件覆盖EAN条码 步骤4：外箱和彩盒上不能出现除正确EAN条码以外的其他条码，若有其他条码请用白标覆盖,NULL,CO
559431,VASC000000283632,OSF8V1716,Anker加急出库,1,NULL,NULL,仓库根据订单情况判断能否在【指定出库日期】之前完成增值，若无法操作加急，请“异常终止”增值订单，若可以操作，请填写加急实际操作工时并“完成”增值 注意（非常重要！！！）： 1. 加急增值完成标准： *标准出库：加急订单出库日期应早于应出库日期，若不符合此条件，请“异常终止”增值订单 *自提出库：加急订单暂存日期应早于应暂存日期，若不符合此条件，请“异常终止”增值订单 2. 仓库实际操作工时，请提前记录并如实填写，最终会根据此工时收取客户费用 3. 需要在出库前完成此增值，否则增值将会被自动“异常终止”,NULL,CO
559521,VASC000000283656,OW01V1594,上架前自提（无需WINIT打托）,1,NULL,NULL,1、补贴快递面单,,
559500,VASC000000283659,OSF6V1677,退货商品补拍细节照,1,NULL,NULL,针对退货入库商品，按照客户示例图要求开箱补拍商品细节照片（含外箱标签照、内部商品细节图、内部商品标签照等）,NULL,CO
559512,VASC000000283692,OSF8V1755,出库核对EAN码,1,NULL,NULL,步骤1：拆开商品外箱 步骤2：核对外箱及彩盒上的条码 步骤3：若条码不一致，则需要用客户上传的标签文件覆盖EAN条码 步骤4：外箱和彩盒上不能出现除正确EAN条码以外的其他条码，若有其他条码请用白标覆盖,NULL,CD
559539,VASC000000283710,OSF8V1755,出库核对EAN码,1,NULL,NULL,步骤1：拆开商品外箱 步骤2：核对外箱及彩盒上的条码 步骤3：若条码不一致，则需要用客户上传的标签文件覆盖EAN条码 步骤4：外箱和彩盒上不能出现除正确EAN条码以外的其他条码，若有其他条码请用白标覆盖,NULL,CD
559548,VASC000000283713,OSF6V1646,货权转移（换标模式）,1,【In-warehouse】Transfer of ownership of goods,【库内】货权转移,仓库操作步骤：,,
559620,VASC000000283740,OSF8V1755,出库核对EAN码,1,NULL,NULL,步骤1：拆开商品外箱 步骤2：核对外箱及彩盒上的条码 步骤3：若条码不一致，则需要用客户上传的标签文件覆盖EAN条码 步骤4：外箱和彩盒上不能出现除正确EAN条码以外的其他条码，若有其他条码请用白标覆盖,NULL,CD
559632,VASC000000283743,OSF8V1755,出库核对EAN码,1,NULL,NULL,步骤1：拆开商品外箱 步骤2：核对外箱及彩盒上的条码 步骤3：若条码不一致，则需要用客户上传的标签文件覆盖EAN条码 步骤4：外箱和彩盒上不能出现除正确EAN条码以外的其他条码，若有其他条码请用白标覆盖,NULL,CD
559638,VASC000000283749,OSF8V1755,出库核对EAN码,1,NULL,NULL,步骤1：拆开商品外箱 步骤2：核对外箱及彩盒上的条码 步骤3：若条码不一致，则需要用客户上传的标签文件覆盖EAN条码 步骤4：外箱和彩盒上不能出现除正确EAN条码以外的其他条码，若有其他条码请用白标覆盖,NULL,CD
559788,VASC000000283752,OSF8V1601,出库其他服务需求,1,20260127,【出库】覆盖指定包裹标签,操作步骤：,,
559668,VASC000000283776,OSF8V1695,小刀拆封取延保卡,1,NULL,NULL,1.观看客户提供的操作SOP视频,,
559698,VASC000000283791,OSF8V1695,小刀拆封取延保卡,1,NULL,NULL,1.观看客户提供的操作SOP视频,,
559704,VASC000000283794,OSF8V1655,补贴UN标签（仅自提出库）,1,NULL,NULL,1.按照客户提供的示例标签，使用仓库标签补贴；,,
559731,VASC000000283809,OSF8V1601,出库其他服务需求,1,20250407013,【出库】指定位置贴商品/包裹标签/快递面单,操作步骤：,,
559854,VASC000000283818,OSF6V1596,单品拆分后上架（拆分为一个SKU）,1,NULL,NULL,1.拆分单品，拆分为同1个SKU,,
559752,VASC000000283824,OSF8V1755,出库核对EAN码,1,NULL,NULL,步骤1：拆开商品外箱 步骤2：核对外箱及彩盒上的条码 步骤3：若条码不一致，则需要用客户上传的标签文件覆盖EAN条码 步骤4：外箱和彩盒上不能出现除正确EAN条码以外的其他条码，若有其他条码请用白标覆盖,NULL,CO
559755,VASC000000283824,OSF8V1716,Anker加急出库,1,NULL,NULL,仓库根据订单情况判断能否在【指定出库日期】之前完成增值，若无法操作加急，请“异常终止”增值订单，若可以操作，请填写加急实际操作工时并“完成”增值 注意（非常重要！！！）： 1. 加急增值完成标准： *标准出库：加急订单出库日期应早于应出库日期，若不符合此条件，请“异常终止”增值订单 *自提出库：加急订单暂存日期应早于应暂存日期，若不符合此条件，请“异常终止”增值订单 2. 仓库实际操作工时，请提前记录并如实填写，最终会根据此工时收取客户费用 3. 需要在出库前完成此增值，否则增值将会被自动“异常终止”,NULL,CO
559866,VASC000000283845,OSF8V1755,出库核对EAN码,1,NULL,NULL,步骤1：拆开商品外箱 步骤2：核对外箱及彩盒上的条码 步骤3：若条码不一致，则需要用客户上传的标签文件覆盖EAN条码 步骤4：外箱和彩盒上不能出现除正确EAN条码以外的其他条码，若有其他条码请用白标覆盖,NULL,CO
559869,VASC000000283848,OSF6V1603,库内其他服务需求,1,20250407051,【库内】良品/不良品检测,T2081G11需库内改制成T2081B11发货；,,
559917,VASC000000283863,OSF8V1620,Winit线下尾程服务,1,NULL,NULL,"""1、仓库/尾程SD报价；",,
559971,VASC000000283896,OSF8V1601,出库其他服务需求,1,20250516,【出库】补贴/更换商品标签,操作步骤：,,
560277,VASC000000283905,OSF6V1820,Global Quote Shipping-非标卡派LTL/FTL询价,1,202512301,【尾程】winit线下尾程询价,"""""""1、仓库/尾程SD报价； 2、客户若同意报价，仓库预约供应商出库""""""",NULL,CD
559974,VASC000000283911,OW01V1602,入库其他服务需求,1,20250929,【入库】海运整柜100%A+无包裹条码异常，新单无箱单或100%A+包直接上架,【背景】[海运整柜100%A+包裹]场景订单系统功能不支持标准增值。仓库登记EB0126051529458779包裹条码异常(需客户处理)。,,
559980,VASC000000283914,OSF8V1755,出库核对EAN码,1,NULL,NULL,步骤1：拆开商品外箱 步骤2：核对外箱及彩盒上的条码 步骤3：若条码不一致，则需要用客户上传的标签文件覆盖EAN条码 步骤4：外箱和彩盒上不能出现除正确EAN条码以外的其他条码，若有其他条码请用白标覆盖,NULL,CO
559995,VASC000000283920,OSF8V1620,Winit线下尾程服务,1,202512301,【尾程】winit线下尾程询价,"""1、仓库/尾程SD报价；",,
559992,VASC000000283926,OSF8V1716,Anker加急出库,1,NULL,NULL,仓库根据订单情况判断能否在【指定出库日期】之前完成增值，若无法操作加急，请“异常终止”增值订单，若可以操作，请填写加急实际操作工时并“完成”增值 注意（非常重要！！！）： 1. 加急增值完成标准： *标准出库：加急订单出库日期应早于应出库日期，若不符合此条件，请“异常终止”增值订单 *自提出库：加急订单暂存日期应早于应暂存日期，若不符合此条件，请“异常终止”增值订单 2. 仓库实际操作工时，请提前记录并如实填写，最终会根据此工时收取客户费用 3. 需要在出库前完成此增值，否则增值将会被自动“异常终止”,NULL,CO
560094,VASC000000283983,OSF8V1755,出库核对EAN码,1,NULL,NULL,步骤1：拆开商品外箱 步骤2：核对外箱及彩盒上的条码 步骤3：若条码不一致，则需要用客户上传的标签文件覆盖EAN条码 步骤4：外箱和彩盒上不能出现除正确EAN条码以外的其他条码，若有其他条码请用白标覆盖,NULL,CO
560100,VASC000000283986,OSF8V1755,出库核对EAN码,1,NULL,NULL,步骤1：拆开商品外箱 步骤2：核对外箱及彩盒上的条码 步骤3：若条码不一致，则需要用客户上传的标签文件覆盖EAN条码 步骤4：外箱和彩盒上不能出现除正确EAN条码以外的其他条码，若有其他条码请用白标覆盖,NULL,CO
560106,VASC000000283989,OSF8V1755,出库核对EAN码,1,NULL,NULL,步骤1：拆开商品外箱 步骤2：核对外箱及彩盒上的条码 步骤3：若条码不一致，则需要用客户上传的标签文件覆盖EAN条码 步骤4：外箱和彩盒上不能出现除正确EAN条码以外的其他条码，若有其他条码请用白标覆盖,NULL,CO
560112,VASC000000283992,OSF8V1755,出库核对EAN码,1,NULL,NULL,步骤1：拆开商品外箱 步骤2：核对外箱及彩盒上的条码 步骤3：若条码不一致，则需要用客户上传的标签文件覆盖EAN条码 步骤4：外箱和彩盒上不能出现除正确EAN条码以外的其他条码，若有其他条码请用白标覆盖,NULL,CO
560118,VASC000000283995,OSF8V1755,出库核对EAN码,1,NULL,NULL,步骤1：拆开商品外箱 步骤2：核对外箱及彩盒上的条码 步骤3：若条码不一致，则需要用客户上传的标签文件覆盖EAN条码 步骤4：外箱和彩盒上不能出现除正确EAN条码以外的其他条码，若有其他条码请用白标覆盖,NULL,CO
560124,VASC000000283998,OSF8V1755,出库核对EAN码,1,NULL,NULL,步骤1：拆开商品外箱 步骤2：核对外箱及彩盒上的条码 步骤3：若条码不一致，则需要用客户上传的标签文件覆盖EAN条码 步骤4：外箱和彩盒上不能出现除正确EAN条码以外的其他条码，若有其他条码请用白标覆盖,NULL,CO
560130,VASC000000284001,OSF8V1755,出库核对EAN码,1,NULL,NULL,步骤1：拆开商品外箱 步骤2：核对外箱及彩盒上的条码 步骤3：若条码不一致，则需要用客户上传的标签文件覆盖EAN条码 步骤4：外箱和彩盒上不能出现除正确EAN条码以外的其他条码，若有其他条码请用白标覆盖,NULL,CO
560181,VASC000000284022,OW01V1600,提供海外仓监控视频-少单品调查,1,NULL,NULL,根据到仓订单具体情况提供对应视频：,,
560202,VASC000000284031,OSF8V1755,出库核对EAN码,1,NULL,NULL,步骤1：拆开商品外箱 步骤2：核对外箱及彩盒上的条码 步骤3：若条码不一致，则需要用客户上传的标签文件覆盖EAN条码 步骤4：外箱和彩盒上不能出现除正确EAN条码以外的其他条码，若有其他条码请用白标覆盖,NULL,CO
560205,VASC000000284031,OSF8V1716,Anker加急出库,1,NULL,NULL,仓库根据订单情况判断能否在【指定出库日期】之前完成增值，若无法操作加急，请“异常终止”增值订单，若可以操作，请填写加急实际操作工时并“完成”增值 注意（非常重要！！！）： 1. 加急增值完成标准： *标准出库：加急订单出库日期应早于应出库日期，若不符合此条件，请“异常终止”增值订单 *自提出库：加急订单暂存日期应早于应暂存日期，若不符合此条件，请“异常终止”增值订单 2. 仓库实际操作工时，请提前记录并如实填写，最终会根据此工时收取客户费用 3. 需要在出库前完成此增值，否则增值将会被自动“异常终止”,NULL,CO
560283,VASC000000284046,OSF8V1755,出库内外箱补贴商品标签,1,NULL,NULL,EAN场景步骤1：拆开商品外箱 步骤2：核对外箱及彩盒上的条码 步骤3：若条码不一致，则需要用客户上传的标签文件覆盖EAN条码 步骤4：外箱和彩盒上不能出现除正确EAN条码以外的其他条码，若有其他条码请用白标覆盖  步骤5：完成后输入增值单品数量 透明计划场景步骤1：拆开商品外箱 步骤2：补贴商品透明计划标签 步骤3：商品封箱 步骤4：外箱上补贴对应的透明计划标签 内外箱透明计划标签需一致  步骤5：完成后输入增值单品数量,NULL,CO
560256,VASC000000284049,OSF8V1620,Winit线下尾程服务,1,202512301,【尾程】winit线下尾程询价,"""1、仓库/尾程SD报价；",,
560445,VASC000000284094,OW01V1602,入库其他服务需求,1,NULL,NULL,,NULL,CD
560523,VASC000000284172,OSF6V1603,库内其他服务需求,1,20250407051,【库内】良品/不良品检测,T2081G11需库内改制成T2081B11发货；,,
560937,VASC000000284181,OW01V1602,入库其他服务需求,1,20260320,【入库】	商品异常更换包裹标签商品标签新单上架,【背景】原单WI49182990包裹破损，仓库报异常：EB0126051929532762。需要把22个包装皮损的单品，包装不要，裸瓶入库到这个sku：US.LZBZY.600。,,
563022,VASC000000284205,OW01V1602,入库其他服务需求,1,20250522001,【入库】指定商品拍照暂存,【背景】客户异常货物EB0126051329421636应该是有两件单品的，需要拿出来辨识一下。,,
560631,VASC000000284223,OSF8V1620,Winit线下尾程服务,1,202512301,【尾程】winit线下尾程询价,"""1、仓库/尾程SD报价；",,
561081,VASC000000284229,OW01V1599,提供海外仓监控视频-少包裹调查,1,NULL,NULL,根据到仓订单具体情况提供对应视频：,,
560697,VASC000000284247,OSF6V1603,库内其他服务需求,1,NULL,NULL,,NULL,CD
560673,VASC000000284250,OSF6V1671,逆向取货,1,20250723,【尾程】Anker Crowfoots出库,仅收费，无需仓库操作,NULL,CO
560691,VASC000000284256,OSF8V1755,出库内外箱补贴商品标签,1,NULL,NULL,EAN场景步骤1：拆开商品外箱 步骤2：核对外箱及彩盒上的条码 步骤3：若条码不一致，则需要用客户上传的标签文件覆盖EAN条码 步骤4：外箱和彩盒上不能出现除正确EAN条码以外的其他条码，若有其他条码请用白标覆盖  步骤5：完成后输入增值单品数量 透明计划场景步骤1：拆开商品外箱 步骤2：补贴商品透明计划标签 步骤3：商品封箱 步骤4：外箱上补贴对应的透明计划标签 内外箱透明计划标签需一致  步骤5：完成后输入增值单品数量,NULL,CO
560709,VASC000000284262,OSF6V1671,逆向取货,1,20250723,【尾程】Anker Crowfoots出库,仅收费，无需仓库操作,NULL,CO
560754,VASC000000284268,OSF8V1620,Winit线下尾程服务,1,202512301,【尾程】winit线下尾程询价,"""1、仓库/尾程SD报价；",,
560808,VASC000000284301,OSF8V1601,出库其他服务需求,1,20250421002,【出库】仓库自主交货,WO11347640105 已暂存补完增值，需要仓库直接代交货,NULL,CO
560865,VASC000000284319,OSF8V1620,Winit线下尾程服务,1,NULL,NULL,"""1、仓库/尾程SD报价；",,
560850,VASC000000284322,OSF8V1657,代理清关,1,【Outbound】Customs clearance agent,【出库】代理清关,打印附件的清关文件，交付尾程供应商，完成出库,NULL,CO
560853,VASC000000284325,OSF8V1657,代理清关,1,【Outbound】Customs clearance agent,【出库】代理清关,打印附件的清关文件，交付尾程供应商，完成出库,NULL,CO
560856,VASC000000284328,OSF8V1657,代理清关,1,【Outbound】Customs clearance agent,【出库】代理清关,打印附件的清关文件，交付尾程供应商，完成出库,NULL,CO
560862,VASC000000284331,OSF8V1657,代理清关,1,【Outbound】Customs clearance agent,【出库】代理清关,打印附件的清关文件，交付尾程供应商，完成出库,NULL,CO
560904,VASC000000284364,OSF8V1620,Winit线下尾程服务,1,202512301,【尾程】winit线下尾程询价,"""1、仓库/尾程SD报价；",,
561042,VASC000000284484,OW01V1602,入库其他服务需求,1,20260302,【入库】覆盖/清除标签,【背景】有一批入库单客户要求一定要进机区拆料箱的，因为客户包裹外箱上有M码需要清除。,,
561048,VASC000000284487,OW01V1602,入库其他服务需求,1,20260302,【入库】覆盖/清除标签,【背景】有一批入库单客户要求一定要进机区拆料箱的，因为客户包裹外箱上有M码需要清除。,,
561054,VASC000000284490,OW01V1602,入库其他服务需求,1,20260302,【入库】覆盖/清除标签,【背景】有一批入库单客户要求一定要进机区拆料箱的，因为客户包裹外箱上有M码需要清除。,,
561060,VASC000000284496,OW01V1602,入库其他服务需求,1,20260302,【入库】覆盖/清除标签,【背景】有一批入库单客户要求一定要进机区拆料箱的，因为客户包裹外箱上有M码需要清除。,,
561066,VASC000000284502,OW01V1602,入库其他服务需求,1,20260302,【入库】覆盖/清除标签,【背景】有一批入库单客户要求一定要进机区拆料箱的，因为客户包裹外箱上有M码需要清除。,,
561351,VASC000000284505,OSF6V1647,货权转移（改数模式）,1,【In-warehouse】Transfer of ownership of goods,【库内】货权转移,此类增值仅用于收费，IT系统改数，无需仓库实物流操作。仓库将增值单状态更新为“仓库已处理”,NULL,CO
561138,VASC000000284541,OSF8V1755,出库内外箱补贴商品标签,1,NULL,NULL,EAN场景步骤1：拆开商品外箱 步骤2：核对外箱及彩盒上的条码 步骤3：若条码不一致，则需要用客户上传的标签文件覆盖EAN条码 步骤4：外箱和彩盒上不能出现除正确EAN条码以外的其他条码，若有其他条码请用白标覆盖  步骤5：完成后输入增值单品数量 透明计划场景步骤1：拆开商品外箱 步骤2：补贴商品透明计划标签 步骤3：商品封箱 步骤4：外箱上补贴对应的透明计划标签 内外箱透明计划标签需一致  步骤5：完成后输入增值单品数量,NULL,CO
561168,VASC000000284547,OW01V1602,入库其他服务需求,1,20250619,【入库】	ABC类/子包裹内商品错装暂存（需客户处理），云仓不支持原单补贴包裹条码上架,【背景】异常单：EB0126043029169438，ABC类包裹/子包裹内商品错装暂存（需客户处理），需要重新贴包裹标签。,,
561147,VASC000000284550,OSF8V1749,审核出库单,1,NULL,NULL,仅万邑通内部发起,NULL,CO
561186,VASC000000284565,OSF8V1755,出库内外箱补贴商品标签,1,NULL,NULL,EAN场景步骤1：拆开商品外箱 步骤2：核对外箱及彩盒上的条码 步骤3：若条码不一致，则需要用客户上传的标签文件覆盖EAN条码 步骤4：外箱和彩盒上不能出现除正确EAN条码以外的其他条码，若有其他条码请用白标覆盖  步骤5：完成后输入增值单品数量 透明计划场景步骤1：拆开商品外箱 步骤2：补贴商品透明计划标签 步骤3：商品封箱 步骤4：外箱上补贴对应的透明计划标签 内外箱透明计划标签需一致  步骤5：完成后输入增值单品数量,NULL,CO
561225,VASC000000284586,OSF6V1603,库内其他服务需求,1,NULL,NULL,,NULL,CD
561429,VASC000000284598,OW01V1602,入库其他服务需求,1,NULL,NULL,,NULL,CD
561294,VASC000000284604,OSF8V1620,Winit线下尾程服务,1,202512301,【尾程】winit线下尾程询价,"""1、仓库/尾程SD报价；",,
561330,VASC000000284607,OSF8V1620,Winit线下尾程服务,1,NULL,NULL,"""1、仓库/尾程SD报价；",,
561366,VASC000000284616,OSF6V1646,货权转移（换标模式）,1,【In-warehouse】Transfer of ownership of goods,【库内】货权转移,仓库操作步骤：,,
561345,VASC000000284619,OSF8V1601,出库其他服务需求,1,20250516,【出库】补贴/更换商品标签,1、注意：在做【补贴商品其他标签（非商品条码）】时，要覆盖原标签,NULL,CO
561420,VASC000000284625,OSF8V1601,出库其他服务需求,1,[Outbound] Repackaging by self-pickup order,【出库】暂存单重新装箱,操作步骤：,,
561465,VASC000000284652,OSF8V1601,出库其他服务需求,1,20250516,【出库】补贴/更换商品标签,1、注意：在做【补贴商品其他标签（非商品条码）】时，要覆盖原标签,NULL,CO
561576,VASC000000284655,OW01V1602,入库其他服务需求,1,20260320,【入库】	商品异常更换包裹标签商品标签新单上架,【背景】客户异常单EB0126051529481777，实际有整批多箱，登记在一个异常单无法按标准提交。异常登记的这些箱子没验货，标签有贴，但没法原单WI48791377上架，原单是自验入库单，按新单WI49970435换包裹标签上架。,,
561504,VASC000000284670,OSF8V1601,出库其他服务需求,1,20250516,【出库】补贴/更换商品标签,操作步骤：,,
561489,VASC000000284673,OSF8V1755,出库内外箱补贴商品标签,1,NULL,NULL,EAN场景步骤1：拆开商品外箱 步骤2：核对外箱及彩盒上的条码 步骤3：若条码不一致，则需要用客户上传的标签文件覆盖EAN条码 步骤4：外箱和彩盒上不能出现除正确EAN条码以外的其他条码，若有其他条码请用白标覆盖  步骤5：完成后输入增值单品数量 透明计划场景步骤1：拆开商品外箱 步骤2：补贴商品透明计划标签 步骤3：商品封箱 步骤4：外箱上补贴对应的透明计划标签 内外箱透明计划标签需一致  步骤5：完成后输入增值单品数量,NULL,CO
561519,VASC000000284679,OW01V1756,Aiper辨识包裹外部温度贴纸颜色,1,NULL,NULL,步骤1：拦截入库订单 步骤2：根据客户提供的SOP检查温度贴纸是否变色（注意：请在监控下操作） 步骤3：检查结果处理： ①有贴纸，且温度贴纸变色，请将货物暂存，反馈变色的包裹编码及数量到【附件】中，等待客户下一步增值处理； ②有贴纸，且温度贴纸未变色，请将正常上架 ③无贴纸，将货物暂存，反馈包裹编码及数量到【附件】中，等待客户下一步增值处理,NULL,CD
561564,VASC000000284682,OW01V1756,Aiper辨识包裹外部温度贴纸颜色,1,NULL,NULL,步骤1：拦截入库订单 步骤2：根据客户提供的SOP检查温度贴纸是否变色（注意：请在监控下操作） 步骤3：检查结果处理： ①有贴纸，且温度贴纸变色，请将货物暂存，反馈变色的包裹编码及数量到【附件】中，等待客户下一步增值处理； ②有贴纸，且温度贴纸未变色，请将正常上架 ③无贴纸，将货物暂存，反馈包裹编码及数量到【附件】中，等待客户下一步增值处理,NULL,CD
561579,VASC000000284685,OSF8V1749,审核出库单,1,NULL,NULL,仅万邑通内部发起,NULL,CO
561594,VASC000000284700,OSF6V1603,库内其他服务需求,1,20250808002,【库内】不良品转良品上架,仓库操作步骤：,,
561651,VASC000000284703,OSF8V1601,出库其他服务需求,1,20250516,【出库】补贴/更换商品标签,操作步骤：,,
561612,VASC000000284712,OSF8V1755,出库内外箱补贴商品标签,1,NULL,NULL,EAN场景步骤1：拆开商品外箱 步骤2：核对外箱及彩盒上的条码 步骤3：若条码不一致，则需要用客户上传的标签文件覆盖EAN条码 步骤4：外箱和彩盒上不能出现除正确EAN条码以外的其他条码，若有其他条码请用白标覆盖  步骤5：完成后输入增值单品数量 透明计划场景步骤1：拆开商品外箱 步骤2：补贴商品透明计划标签 步骤3：商品封箱 步骤4：外箱上补贴对应的透明计划标签 内外箱透明计划标签需一致  步骤5：完成后输入增值单品数量,NULL,CD
561636,VASC000000284715,OSF8V1601,出库其他服务需求,1,20250516,【出库】补贴/更换商品标签,1、注意：在做【补贴商品其他标签（非商品条码）】时，要覆盖原标签   出库单 WO11448053101,NULL,CO
561648,VASC000000284718,OSF8V1601,出库其他服务需求,1,20250516,【出库】补贴/更换商品标签,WO11448112020  1、注意：在做【补贴商品其他标签（非商品条码）】时，要覆盖原标签,NULL,CO
561657,VASC000000284724,OSF8V1755,出库内外箱补贴商品标签,1,NULL,NULL,EAN场景步骤1：拆开商品外箱 步骤2：核对外箱及彩盒上的条码 步骤3：若条码不一致，则需要用客户上传的标签文件覆盖EAN条码 步骤4：外箱和彩盒上不能出现除正确EAN条码以外的其他条码，若有其他条码请用白标覆盖  步骤5：完成后输入增值单品数量 透明计划场景步骤1：拆开商品外箱 步骤2：补贴商品透明计划标签 步骤3：商品封箱 步骤4：外箱上补贴对应的透明计划标签 内外箱透明计划标签需一致  步骤5：完成后输入增值单品数量,NULL,CO
561705,VASC000000284730,OSF8V1601,出库其他服务需求,1,NULL,NULL,,NULL,CD
561675,VASC000000284736,OSF8V1755,出库内外箱补贴商品标签,1,NULL,NULL,EAN场景步骤1：拆开商品外箱 步骤2：核对外箱及彩盒上的条码 步骤3：若条码不一致，则需要用客户上传的标签文件覆盖EAN条码 步骤4：外箱和彩盒上不能出现除正确EAN条码以外的其他条码，若有其他条码请用白标覆盖  步骤5：完成后输入增值单品数量 透明计划场景步骤1：拆开商品外箱 步骤2：补贴商品透明计划标签 步骤3：商品封箱 步骤4：外箱上补贴对应的透明计划标签 内外箱透明计划标签需一致  步骤5：完成后输入增值单品数量,NULL,CO
561678,VASC000000284742,OW01V1602,入库其他服务需求,1,202506120001,【入库】关联第三方商品条码上架,WI49048838一共有10个异常单号。客户提交标准增值VASC000000272064只解决这5个异常号，,,
561711,VASC000000284748,OSF8V1601,出库其他服务需求,1,NULL,NULL,,NULL,CD
561720,VASC000000284751,OSF8V1601,出库其他服务需求,1,NULL,NULL,,NULL,CD
561738,VASC000000284760,OW01V1599,提供海外仓监控视频-少包裹调查,1,NULL,NULL,根据到仓订单具体情况提供对应视频：,,
561744,VASC000000284763,OSF8V1755,出库内外箱补贴商品标签,1,NULL,NULL,EAN场景步骤1：拆开商品外箱 步骤2：核对外箱及彩盒上的条码 步骤3：若条码不一致，则需要用客户上传的标签文件覆盖EAN条码 步骤4：外箱和彩盒上不能出现除正确EAN条码以外的其他条码，若有其他条码请用白标覆盖  步骤5：完成后输入增值单品数量 透明计划场景步骤1：拆开商品外箱 步骤2：补贴商品透明计划标签 步骤3：商品封箱 步骤4：外箱上补贴对应的透明计划标签 内外箱透明计划标签需一致  步骤5：完成后输入增值单品数量,NULL,CO
561750,VASC000000284766,OSF6V1648,代采购包材物料,1,20250619001,【库内】代采购包材物料,包材商品条码	     包材商品编码   	纸箱型号	   采购外径尺寸cm	 采购数量	        包材印刷内容；,,
561762,VASC000000284775,OSF8V1601,出库其他服务需求,1,20250516,【出库】补贴/更换商品标签,操作步骤：,,
561771,VASC000000284778,OSF8V1601,出库其他服务需求,1,NULL,NULL,,NULL,CD
561816,VASC000000284781,OSF8V1620,Winit线下尾程服务,1,NULL,NULL,"""1、仓库/尾程SD报价；",,
561822,VASC000000284784,OSF8V1755,出库内外箱补贴商品标签,1,NULL,NULL,EAN场景步骤1：拆开商品外箱 步骤2：核对外箱及彩盒上的条码 步骤3：若条码不一致，则需要用客户上传的标签文件覆盖EAN条码 步骤4：外箱和彩盒上不能出现除正确EAN条码以外的其他条码，若有其他条码请用白标覆盖  步骤5：完成后输入增值单品数量 透明计划场景步骤1：拆开商品外箱 步骤2：补贴商品透明计划标签 步骤3：商品封箱 步骤4：外箱上补贴对应的透明计划标签 内外箱透明计划标签需一致  步骤5：完成后输入增值单品数量,NULL,CD
561840,VASC000000284787,OSF8V1620,Winit线下尾程服务,1,202512301,【尾程】winit线下尾程询价,"""1、仓库/尾程SD报价；",,
561846,VASC000000284790,OSF8V1755,出库内外箱补贴商品标签,1,NULL,NULL,EAN场景步骤1：拆开商品外箱 步骤2：核对外箱及彩盒上的条码 步骤3：若条码不一致，则需要用客户上传的标签文件覆盖EAN条码 步骤4：外箱和彩盒上不能出现除正确EAN条码以外的其他条码，若有其他条码请用白标覆盖  步骤5：完成后输入增值单品数量 透明计划场景步骤1：拆开商品外箱 步骤2：补贴商品透明计划标签 步骤3：商品封箱 步骤4：外箱上补贴对应的透明计划标签 内外箱透明计划标签需一致  步骤5：完成后输入增值单品数量,NULL,CO
561864,VASC000000284793,OSF6V1596,单品拆分后上架（拆分为一个SKU）,1,NULL,NULL,1.拆分单品，拆分为同1个SKU,,
561852,VASC000000284796,OSF8V1755,出库内外箱补贴商品标签,1,NULL,NULL,EAN场景步骤1：拆开商品外箱 步骤2：核对外箱及彩盒上的条码 步骤3：若条码不一致，则需要用客户上传的标签文件覆盖EAN条码 步骤4：外箱和彩盒上不能出现除正确EAN条码以外的其他条码，若有其他条码请用白标覆盖  步骤5：完成后输入增值单品数量 透明计划场景步骤1：拆开商品外箱 步骤2：补贴商品透明计划标签 步骤3：商品封箱 步骤4：外箱上补贴对应的透明计划标签 内外箱透明计划标签需一致  步骤5：完成后输入增值单品数量,NULL,CO
561858,VASC000000284799,OSF8V1755,出库内外箱补贴商品标签,1,NULL,NULL,EAN场景步骤1：拆开商品外箱 步骤2：核对外箱及彩盒上的条码 步骤3：若条码不一致，则需要用客户上传的标签文件覆盖EAN条码 步骤4：外箱和彩盒上不能出现除正确EAN条码以外的其他条码，若有其他条码请用白标覆盖  步骤5：完成后输入增值单品数量 透明计划场景步骤1：拆开商品外箱 步骤2：补贴商品透明计划标签 步骤3：商品封箱 步骤4：外箱上补贴对应的透明计划标签 内外箱透明计划标签需一致  步骤5：完成后输入增值单品数量,NULL,CO
561870,VASC000000284802,OSF6V1596,单品拆分后上架（拆分为一个SKU）,1,NULL,NULL,1.拆分单品，拆分为同1个SKU,,
561876,VASC000000284805,OSF8V1755,出库内外箱补贴商品标签,1,NULL,NULL,EAN场景步骤1：拆开商品外箱 步骤2：核对外箱及彩盒上的条码 步骤3：若条码不一致，则需要用客户上传的标签文件覆盖EAN条码 步骤4：外箱和彩盒上不能出现除正确EAN条码以外的其他条码，若有其他条码请用白标覆盖  步骤5：完成后输入增值单品数量 透明计划场景步骤1：拆开商品外箱 步骤2：补贴商品透明计划标签 步骤3：商品封箱 步骤4：外箱上补贴对应的透明计划标签 内外箱透明计划标签需一致  步骤5：完成后输入增值单品数量,NULL,CO
562608,VASC000000284820,OSF6V1603,库内其他服务需求,1,20250407044,仓库已完成 需补收费用,此增值仅收费,NULL,CO
561957,VASC000000284826,OSF8V1620,Winit线下尾程服务,1,NULL,NULL,"""1、仓库/尾程SD报价；",,
561996,VASC000000284838,OSF8V1601,出库其他服务需求,1,NULL,NULL,,NULL,CD
562179,VASC000000284952,OSF6V1603,库内其他服务需求,1,202512150002,【库内】异常商品转不良品上架,背景：由于订单WO11365273924拣选时发现有16pcs产品破损严重外箱无法扫描SN码，不能满足出库要求，所以需要库内转为不良品上架，,,
562395,VASC000000284964,OSF6V1603,库内其他服务需求,1,20260302,【入库】覆盖/清除标签,仓库操作步骤：,,
562509,VASC000000284976,OW01V1602,入库其他服务需求,1,202506120003,【入库】批量辨识商品后补贴商品条码及包裹条码上架,【背景】客户是第三方单品条码；对应实物上是有条码的，只是仓库扫不出来故需要重新补贴。,,
562233,VASC000000284982,OSF8V1657,代理清关,1,【Outbound】Customs clearance agent,【出库】代理清关,打印附件的清关文件，交付尾程供应商，完成出库,NULL,CO
562341,VASC000000284994,OW01V1602,入库其他服务需求,1,202507151726,【入库】入库少单品/少包裹视频调查,【背景】卡车交仓54箱，签收单仓库只签3托未清点箱数未完成货物完整交接导致少包裹无法定责，需完整证明交货少包裹视频。,,
562254,VASC000000285003,OSF8V1749,审核出库单,1,NULL,NULL,仅万邑通内部发起,NULL,CO
562386,VASC000000285015,OSF6V1603,库内其他服务需求,1,20260302,【入库】覆盖/清除标签,仓库操作步骤：,,
562410,VASC000000285018,OW01V1602,入库其他服务需求,1,NULL,NULL,,NULL,CD
562425,VASC000000285021,OSF6V1603,库内其他服务需求,1,20260302,【入库】覆盖/清除标签,仓库操作步骤：,,
562605,VASC000000285039,OSF6V1603,库内其他服务需求,1,20250407035,【库内】拍摄照片/视频,背景：TikTok平台资质审核，需要卖家证明本地发货真实性，需要拍摄视频。,,
562479,VASC000000285051,OW01V1602,入库其他服务需求,1,20251208,【入库】包裹级异常更换包装,【背景】EB0126051429453139，EB0126051429453136这两单异常货物是之前anker寄到仓库返工剩下的物料，anker要求仓库按照需求装箱重新打包上架，仓库反馈共使用了8个工时打包，使用了161個2號箱、12個3號箱、1個1號箱，请补贴箱唛上架到WI49952108，补收工时费、包材费，贴标费。,,
562620,VASC000000285075,OW01V1602,入库其他服务需求,1,202506120003,【入库】批量辨识商品后补贴商品条码及包裹条码上架,【背景】客户入库包裹条码异常，仓库登记的此异常单EB0126051729519286对应是包裹维度，标准增值没法选择更换新SKU条码；实际操作需要更换新的SKU标签及箱唛，故按非标申请。,,
562635,VASC000000285090,OSF8V1620,Winit线下尾程服务,1,NULL,NULL,"""1、仓库/尾程SD报价；",,
562638,VASC000000285096,OSF6V1646,货权转移（换标模式）,1,【In-warehouse】Transfer of ownership of goods,【库内】货权转移,仓库操作步骤：,,
562695,VASC000000285129,OW01V1602,入库其他服务需求,1,20250430,【入库】“包裹条码批量异常（需客户处理）”辨识后补贴包裹标签上架,【背景】15个包裹，补贴包裹标签，新单上架WI49983600。非标原因：仓库登记异常只有1件，实际对应15个包裹，标准流程无法提交增值服务。,,
562665,VASC000000285132,OSF6V1603,库内其他服务需求,1,20250407035,【库内】拍摄照片/视频,仓库操作步骤：,,
562713,VASC000000285147,OSF8V1620,Winit线下尾程服务,1,202512301,【尾程】winit线下尾程询价,"""1、仓库/尾程SD报价；",,
562752,VASC000000285153,OSF8V1620,Winit线下尾程服务,1,NULL,NULL,"""1、仓库/尾程SD报价；",,
562767,VASC000000285159,OSF8V1620,Winit线下尾程服务,1,202512301,【尾程】winit线下尾程询价,"""1、仓库/尾程SD报价；",,
562782,VASC000000285162,OSF8V1620,Winit线下尾程服务,1,202512301,【尾程】winit线下尾程询价,"""1、仓库/尾程SD报价；",,
562899,VASC000000285171,OSF6V1603,库内其他服务需求,1,20250427001,【库内】商品贴指令性标签（警示标语/使用说明/清洁维护等）+拍照,仓库操作步骤：,,
562956,VASC000000285204,OSF8V1620,Winit线下尾程服务,1,202512301,【尾程】winit线下尾程询价,"""1、仓库/尾程SD报价；",,
562983,VASC000000285213,OSF8V1620,Winit线下尾程服务,1,202512301,【尾程】winit线下尾程询价,"""1、仓库/尾程SD报价；",,
563286,VASC000000285225,OSF6V1603,库内其他服务需求,1,20250401002,【库内】关联第三方条码上架,仓库操作步骤：,,
563028,VASC000000285228,OSF8V1755,出库内外箱补贴商品标签,1,NULL,NULL,EAN场景步骤1：拆开商品外箱 步骤2：核对外箱及彩盒上的条码 步骤3：若条码不一致，则需要用客户上传的标签文件覆盖EAN条码 步骤4：外箱和彩盒上不能出现除正确EAN条码以外的其他条码，若有其他条码请用白标覆盖  步骤5：完成后输入增值单品数量 透明计划场景步骤1：拆开商品外箱 步骤2：补贴商品透明计划标签 步骤3：商品封箱 步骤4：外箱上补贴对应的透明计划标签 内外箱透明计划标签需一致  步骤5：完成后输入增值单品数量,NULL,CD
563040,VASC000000285234,OW01V1602,入库其他服务需求,1,20250522001,【入库】指定商品拍照暂存,【背景】EB0126051329421717，商品质量异常，客户需要辨识商品配件。,,
563034,VASC000000285237,OSF8V1755,出库内外箱补贴商品标签,1,NULL,NULL,EAN场景步骤1：拆开商品外箱 步骤2：核对外箱及彩盒上的条码 步骤3：若条码不一致，则需要用客户上传的标签文件覆盖EAN条码 步骤4：外箱和彩盒上不能出现除正确EAN条码以外的其他条码，若有其他条码请用白标覆盖  步骤5：完成后输入增值单品数量 透明计划场景步骤1：拆开商品外箱 步骤2：补贴商品透明计划标签 步骤3：商品封箱 步骤4：外箱上补贴对应的透明计划标签 内外箱透明计划标签需一致  步骤5：完成后输入增值单品数量,NULL,CO
563064,VASC000000285240,OW01V1602,入库其他服务需求,1,NULL,NULL,,NULL,CD
563058,VASC000000285243,OSF8V1755,出库内外箱补贴商品标签,1,NULL,NULL,EAN场景步骤1：拆开商品外箱 步骤2：核对外箱及彩盒上的条码 步骤3：若条码不一致，则需要用客户上传的标签文件覆盖EAN条码 步骤4：外箱和彩盒上不能出现除正确EAN条码以外的其他条码，若有其他条码请用白标覆盖  步骤5：完成后输入增值单品数量 透明计划场景步骤1：拆开商品外箱 步骤2：补贴商品透明计划标签 步骤3：商品封箱 步骤4：外箱上补贴对应的透明计划标签 内外箱透明计划标签需一致  步骤5：完成后输入增值单品数量,NULL,CO
563076,VASC000000285261,OW01V1602,入库其他服务需求,1,20250522001,【入库】指定商品拍照暂存,【背景】客户异常货物EB0126051329421981需要拿出来辨识一下。,,
563088,VASC000000285264,OW01V1602,入库其他服务需求,1,20250522001,【入库】指定商品拍照暂存,【背景】客户异常货物EB0126051329421846未贴产品标签的商品需要拿出来辨识一下。,,
563130,VASC000000285270,OSF6V1647,货权转移（改数模式）,1,【In-warehouse】Transfer of ownership of goods,【库内】货权转移,此类增值仅用于收费，IT系统改数，无需仓库实物流操作。仓库将增值单状态更新为“仓库已处理”,NULL,CO
563106,VASC000000285276,OSF8V1620,Winit线下尾程服务,1,NULL,NULL,"""1、仓库/尾程SD报价；",,
563139,VASC000000285288,OSF8V1755,出库内外箱补贴商品标签,1,NULL,NULL,EAN场景步骤1：拆开商品外箱 步骤2：核对外箱及彩盒上的条码 步骤3：若条码不一致，则需要用客户上传的标签文件覆盖EAN条码 步骤4：外箱和彩盒上不能出现除正确EAN条码以外的其他条码，若有其他条码请用白标覆盖  步骤5：完成后输入增值单品数量 透明计划场景步骤1：拆开商品外箱 步骤2：补贴商品透明计划标签 步骤3：商品封箱 步骤4：外箱上补贴对应的透明计划标签 内外箱透明计划标签需一致  步骤5：完成后输入增值单品数量,NULL,CO
563154,VASC000000285291,OSF8V1620,Winit线下尾程服务,1,202512301,【尾程】winit线下尾程询价,"""1、仓库/尾程SD报价；",,
563169,VASC000000285297,OSF8V1601,出库其他服务需求,1,20250516,【出库】补贴/更换商品标签,操作步骤：,,
563160,VASC000000285300,OW01V1602,入库其他服务需求,1,20251218001,【库内】退货商品拍照辨识,"【背景】RT16000294231090CN退货大批量商品异常，查了几个条码识别不到SKU,,客户也不知道货物是什么情况，需要仓库进行拍照辨识。",,
563439,VASC000000285303,OSF8V1620,Winit线下尾程服务,1,NULL,NULL,"""1、仓库/尾程SD报价；",,
563175,VASC000000285312,OSF6V1603,库内其他服务需求,1,20250407062,【库内】指定单品/库位商品更换标签上架,背景：WI49788811这批是FBA转过来的，货物已经到仓，外箱上没有商品条码，都是A+包裹上架的，需要保留外箱作为单品包装，补贴商品条码在外箱上；,,
563259,VASC000000285315,OSF6V1820,Global Quote Shipping-非标卡派LTL/FTL询价,1,202512301,【尾程】winit线下尾程询价,"""""""1、仓库/尾程SD报价； 2、客户若同意报价，仓库预约供应商出库""""""",NULL,CD
563301,VASC000000285324,OW01V1602,入库其他服务需求,1,NULL,NULL,,NULL,CD
563202,VASC000000285330,OSF8V1620,Winit线下尾程服务,1,202512301,【尾程】winit线下尾程询价,"""1、仓库/尾程SD报价；",,
563205,VASC000000285333,OW01V1602,入库其他服务需求,1,202506120003,【入库】批量辨识商品后补贴商品条码及包裹条码上架,【背景】EB0326051429441370包裹内出现订单外商品，需要补贴商品条码,,
563250,VASC000000285336,OSF8V1601,出库其他服务需求,1,NULL,NULL,,NULL,CD
563247,VASC000000285357,OSF6V1603,库内其他服务需求,1,202512150002,【库内】异常商品转不良品上架,背景：T88721W1-F0，库内破损异常，要不良品上架，帮忙让仓库上架到新预报单WI49991791。,,
563595,VASC000000285366,OSF6V1603,库内其他服务需求,1,NULL,NULL,,NULL,CD
563334,VASC000000285375,OW01V1602,入库其他服务需求,1,202506120003,【入库】批量辨识商品后补贴商品条码及包裹条码上架,【背景】客户是第三方单品条码；对应实物上是有条码的，只是仓库扫不出来故需要重新补贴。,,
563322,VASC000000285378,OSF8V1601,出库其他服务需求,1,20250818,【出库】清除配件,仓库操作步骤：,,
563358,VASC000000285393,OSF8V1601,出库其他服务需求,1,20250516,【出库】补贴/更换商品标签,操作步骤：,,
563370,VASC000000285408,OSF8V1755,出库内外箱补贴商品标签,1,NULL,NULL,EAN场景步骤1：拆开商品外箱 步骤2：核对外箱及彩盒上的条码 步骤3：若条码不一致，则需要用客户上传的标签文件覆盖EAN条码 步骤4：外箱和彩盒上不能出现除正确EAN条码以外的其他条码，若有其他条码请用白标覆盖  步骤5：完成后输入增值单品数量 透明计划场景步骤1：拆开商品外箱 步骤2：补贴商品透明计划标签 步骤3：商品封箱 步骤4：外箱上补贴对应的透明计划标签 内外箱透明计划标签需一致  步骤5：完成后输入增值单品数量,NULL,CO
563421,VASC000000285423,OSF8V1620,Winit线下尾程服务,1,202512301,【尾程】winit线下尾程询价,"""1、仓库/尾程SD报价；",,
563529,VASC000000285426,OSF6V1603,库内其他服务需求,1,NULL,NULL,,NULL,CD
563580,VASC000000285432,OSF6V1603,库内其他服务需求,1,20250407010,【库内】指定库位开箱拍照,仓库操作步骤：,,
563517,VASC000000285438,OSF8V1620,Winit线下尾程服务,1,202512301,【尾程】winit线下尾程询价,"""1、仓库/尾程SD报价；",,
563535,VASC000000285447,OSF6V1603,库内其他服务需求,1,20250407062,【库内】指定单品/库位商品更换标签上架,背景：WI49788811这批是FBA转过来的，货物已经到仓，外箱上没有商品条码，都是A+包裹上架的，需要保留外箱作为单品包装，补贴商品条码在外箱上；,,
563547,VASC000000285453,OSF8V1755,出库内外箱补贴商品标签,1,NULL,NULL,EAN场景步骤1：拆开商品外箱 步骤2：核对外箱及彩盒上的条码 步骤3：若条码不一致，则需要用客户上传的标签文件覆盖EAN条码 步骤4：外箱和彩盒上不能出现除正确EAN条码以外的其他条码，若有其他条码请用白标覆盖  步骤5：完成后输入增值单品数量 透明计划场景步骤1：拆开商品外箱 步骤2：补贴商品透明计划标签 步骤3：商品封箱 步骤4：外箱上补贴对应的透明计划标签 内外箱透明计划标签需一致  步骤5：完成后输入增值单品数量,NULL,CO
563589,VASC000000285456,OW01V1602,入库其他服务需求,1,20250430,【入库】“包裹条码批量异常（需客户处理）”辨识后补贴包裹标签上架,【背景】客户入库单72箱都没贴包裹条码，客户也没维护第三方条码，仓库判断不了是哪个客户的货，仓库在无主货找到的。需要仓库辨识外箱上贴的箱单信息辨识sku从而进行补贴包裹条码。,,
563628,VASC000000285462,OSF6V1603,库内其他服务需求,1,NULL,NULL,,NULL,CD
563619,VASC000000285465,OSF8V1620,Winit线下尾程服务,1,202512301,【尾程】winit线下尾程询价,"""1、仓库/尾程SD报价；",,
563655,VASC000000285477,OSF6V1603,库内其他服务需求,1,20250401002,【库内】关联第三方条码上架,仓库操作步骤：,,
563640,VASC000000285483,OSF8V1620,Winit线下尾程服务,1,202512301,【尾程】winit线下尾程询价,"""1、仓库/尾程SD报价；",,
563646,VASC000000285486,OW01V1594,上架前自提（无需WINIT打托）,1,NULL,NULL,1、补贴快递面单,,
563661,VASC000000285489,OSF6V1596,单品拆分后上架（拆分为一个SKU）,1,NULL,NULL,1.拆分单品，拆分为同1个SKU,,
563667,VASC000000285492,OSF8V1755,出库内外箱补贴商品标签,1,NULL,NULL,EAN场景步骤1：拆开商品外箱 步骤2：核对外箱及彩盒上的条码 步骤3：若条码不一致，则需要用客户上传的标签文件覆盖EAN条码 步骤4：外箱和彩盒上不能出现除正确EAN条码以外的其他条码，若有其他条码请用白标覆盖  步骤5：完成后输入增值单品数量 透明计划场景步骤1：拆开商品外箱 步骤2：补贴商品透明计划标签 步骤3：商品封箱 步骤4：外箱上补贴对应的透明计划标签 内外箱透明计划标签需一致  步骤5：完成后输入增值单品数量,NULL,CO
563670,VASC000000285495,OSF6V1603,库内其他服务需求,1,20260302,【入库】覆盖/清除标签,仓库操作步骤：,,
563676,VASC000000285498,OSF8V1755,出库内外箱补贴商品标签,1,NULL,NULL,EAN场景步骤1：拆开商品外箱 步骤2：核对外箱及彩盒上的条码 步骤3：若条码不一致，则需要用客户上传的标签文件覆盖EAN条码 步骤4：外箱和彩盒上不能出现除正确EAN条码以外的其他条码，若有其他条码请用白标覆盖  步骤5：完成后输入增值单品数量 透明计划场景步骤1：拆开商品外箱 步骤2：补贴商品透明计划标签 步骤3：商品封箱 步骤4：外箱上补贴对应的透明计划标签 内外箱透明计划标签需一致  步骤5：完成后输入增值单品数量,NULL,CO
563682,VASC000000285501,OSF8V1755,出库内外箱补贴商品标签,1,NULL,NULL,EAN场景步骤1：拆开商品外箱 步骤2：核对外箱及彩盒上的条码 步骤3：若条码不一致，则需要用客户上传的标签文件覆盖EAN条码 步骤4：外箱和彩盒上不能出现除正确EAN条码以外的其他条码，若有其他条码请用白标覆盖  步骤5：完成后输入增值单品数量 透明计划场景步骤1：拆开商品外箱 步骤2：补贴商品透明计划标签 步骤3：商品封箱 步骤4：外箱上补贴对应的透明计划标签 内外箱透明计划标签需一致  步骤5：完成后输入增值单品数量,NULL,CO
563700,VASC000000285510,OSF8V1620,Winit线下尾程服务,1,NULL,NULL,"""1、仓库/尾程SD报价；",,
563706,VASC000000285513,OSF8V1755,出库内外箱补贴商品标签,1,NULL,NULL,EAN场景步骤1：拆开商品外箱 步骤2：核对外箱及彩盒上的条码 步骤3：若条码不一致，则需要用客户上传的标签文件覆盖EAN条码 步骤4：外箱和彩盒上不能出现除正确EAN条码以外的其他条码，若有其他条码请用白标覆盖  步骤5：完成后输入增值单品数量 透明计划场景步骤1：拆开商品外箱 步骤2：补贴商品透明计划标签 步骤3：商品封箱 步骤4：外箱上补贴对应的透明计划标签 内外箱透明计划标签需一致  步骤5：完成后输入增值单品数量,NULL,CO
563709,VASC000000285516,OSF6V1603,库内其他服务需求,1,202507021814,【入库】上架前拦截,WI49647188有一个包裹B0400000001406433954,,
563718,VASC000000285525,OSF8V1749,审核出库单,1,NULL,NULL,仅万邑通内部发起,NULL,CO
563721,VASC000000285528,OSF8V1749,审核出库单,1,NULL,NULL,仅万邑通内部发起,NULL,CO
563790,VASC000000285546,OW01V1654,包裹串仓异常调拨,1,[Warehouse]AbnormalTransferOfParcelsFromMultipleWarehouses,【入库】包裹串仓异常调拨,【背景】WI48898026，目的仓：DEBR2仓，整单发到了DE仓了，需要转到正确的仓库DEBR2仓上架，标准无法操作需要提交非标增值处理。,,
563841,VASC000000285561,OW01V1602,入库其他服务需求,1,[Warehouse]AbnormalTransferOfParcelsFromMultipleWarehouses,【入库】包裹串仓异常调拨,【背景】WI48246636  自验-直发-海卡订单，目的仓：DEBR2仓，整单发到了DE仓了，需要转到正确的仓库DEBR2仓上架，标准无法操作需要提交非标增值处理。,,
563895,VASC000000285582,OSF6V1752,无主货找回（6个自然日内）-仓库创建无RMA退货单,1,NULL,NULL,步骤1：按照客户提供的快递单号或者POD尝试找回无主货 步骤2： ①若货物找回，请仓库创建无RMA退货单上架并反馈退货订单号，然后【完成】增值单 ②若货物未找回，请【完成】增值单  注意：此增值无论商品是否找回，请将增值单更新为【已出库】,NULL,CO
563952,VASC000000285603,OW01V1602,入库其他服务需求,1,20251208,【入库】包裹级异常更换包装,【背景】WI49253528，EB0126052029560986、EB0126052029560992、EB0126052029560995、EB0126052029560983、EB0126052029560911 ，A+包裹质量异常，需要换包装重新上架。,,
564123,VASC000000285675,OSF8V1657,代理清关,1,【Outbound】Customs clearance agent,【出库】代理清关,打印附件的清关文件，交付尾程供应商，完成出库,NULL,CO
564171,VASC000000285699,OSF8V1755,出库内外箱补贴商品标签,1,NULL,NULL,EAN场景步骤1：拆开商品外箱 步骤2：核对外箱及彩盒上的条码 步骤3：若条码不一致，则需要用客户上传的标签文件覆盖EAN条码 步骤4：外箱和彩盒上不能出现除正确EAN条码以外的其他条码，若有其他条码请用白标覆盖  步骤5：完成后输入增值单品数量 透明计划场景步骤1：拆开商品外箱 步骤2：补贴商品透明计划标签 步骤3：商品封箱 步骤4：外箱上补贴对应的透明计划标签 内外箱透明计划标签需一致  步骤5：完成后输入增值单品数量,NULL,CO
564174,VASC000000285699,OSF8V1716,Anker加急出库,1,NULL,NULL,仓库根据订单情况判断能否在【指定出库日期】之前完成增值，若无法操作加急，请“异常终止”增值订单，若可以操作，请填写加急实际操作工时并“完成”增值 注意（非常重要！！！）： 1. 加急增值完成标准： *标准出库：加急订单出库日期应早于应出库日期，若不符合此条件，请“异常终止”增值订单 *自提出库：加急订单暂存日期应早于应暂存日期，若不符合此条件，请“异常终止”增值订单 2. 仓库实际操作工时，请提前记录并如实填写，最终会根据此工时收取客户费用 3. 需要在出库前完成此增值，否则增值将会被自动“异常终止”,NULL,CO
564294,VASC000000285720,OW01V1674,入库-异常包裹开箱拍照,1,NULL,NULL,1、根据增值单需求信息找货 2、根据客户示例图片拍照、且需要拍外箱箱唛图、SKU条码图，开箱拍产品实物图以及产品实物标签图 3、按照SKU/包裹整理拍照文件并上传,NULL,CO
564291,VASC000000285753,OSF8V1755,出库内外箱补贴商品标签,1,NULL,NULL,EAN场景步骤1：拆开商品外箱 步骤2：核对外箱及彩盒上的条码 步骤3：若条码不一致，则需要用客户上传的标签文件覆盖EAN条码 步骤4：外箱和彩盒上不能出现除正确EAN条码以外的其他条码，若有其他条码请用白标覆盖  步骤5：完成后输入增值单品数量 透明计划场景步骤1：拆开商品外箱 步骤2：补贴商品透明计划标签 步骤3：商品封箱 步骤4：外箱上补贴对应的透明计划标签 内外箱透明计划标签需一致  步骤5：完成后输入增值单品数量,NULL,CO
564321,VASC000000285771,OW01V1674,入库-异常包裹开箱拍照,1,NULL,NULL,1、根据增值单需求信息找货 2、根据客户示例图片拍照、且需要拍外箱箱唛图、SKU条码图，开箱拍产品实物图以及产品实物标签图 3、按照SKU/包裹整理拍照文件并上传,NULL,CO
564345,VASC000000285774,OW01V1757,Aiper开箱检查良品不良品,1,NULL,NULL,步骤1：找到原增值单，查看原增值单并定位到需要检查的包裹编码 →检查数量要求： ①①有贴纸，且温度贴纸变色，整箱所有单品开箱检查 ②无贴纸，整箱抽查10%（四舍五入）单品开箱检查 步骤2：根据客户提供的SOP检查并【拍照】反馈（注意：请在监控下操作），并反馈良品不良品数量及对应照片 步骤3：检查结果处理： ①检查为不良品：上架到不良品 ②检查为良品：上架到良品 ③无法判定是否为良品或者不良品：暂存，线下联系客服等待客户处理,NULL,CO
564786,VASC000000285789,OW01V1602,入库其他服务需求,1,202506120003,【入库】批量辨识商品后补贴商品条码及包裹条码上架,【背景】库单WI49349885移仓进来的， 无包裹码，商品条码仓库反馈部分无法识别。因异常之前提交了辨识增值VASC000000281448，无法重新批量登记包裹异常，按非标申请重新安排上架。,,
564375,VASC000000285807,OSF6V1640,柔性打包装箱/装袋测量尺重,1,NULL,NULL,1.根据客户包材型号及包材需要装箱/装袋的M码信息，仓库装箱测试；,,
564726,VASC000000285810,OSF6V1603,库内其他服务需求,1,20250407043,【库内】商品外观辨识+贴标上架,仓库操作步骤：,,
564387,VASC000000285813,OSF8V1620,Winit线下尾程服务,1,202512301,【尾程】winit线下尾程询价,"""1、仓库/尾程SD报价；",,
564411,VASC000000285819,OSF6V1677,退货商品补拍细节照,1,NULL,NULL,针对退货入库商品，按照客户示例图要求开箱补拍商品细节照片（含外箱标签照、内部商品细节图、内部商品标签照等）,NULL,CO
564408,VASC000000285825,OSF8V1755,出库内外箱补贴商品标签,1,NULL,NULL,EAN场景步骤1：拆开商品外箱 步骤2：核对外箱及彩盒上的条码 步骤3：若条码不一致，则需要用客户上传的标签文件覆盖EAN条码 步骤4：外箱和彩盒上不能出现除正确EAN条码以外的其他条码，若有其他条码请用白标覆盖  步骤5：完成后输入增值单品数量 透明计划场景步骤1：拆开商品外箱 步骤2：补贴商品透明计划标签 步骤3：商品封箱 步骤4：外箱上补贴对应的透明计划标签 内外箱透明计划标签需一致  步骤5：完成后输入增值单品数量,NULL,CD
564498,VASC000000285840,OW01V1602,入库其他服务需求,1,NULL,NULL,,NULL,CD
564501,VASC000000285846,OW01V1602,入库其他服务需求,1,20250407006,【入库】同异常多种处理方式（直接上架+换包装上架+换标上架+部分销毁）,【背景】WINIT承运空运货物，在中转口岸遇到雨天，箱子淋雨完全损坏。头程反馈可能存在产品受潮发霉。为避免产品影响客户销售及店铺影响，对附件内已到仓还未上架的包裹进行拦截，将这些包裹有被淋雨的SKU进行开包查验。,,
564528,VASC000000285855,OSF8V1620,Winit线下尾程服务,1,202512301,【尾程】winit线下尾程询价,"""1、仓库/尾程SD报价；",,
564531,VASC000000285861,OW01V1602,入库其他服务需求,1,202507021814,【入库】上架前拦截,【背景】WINIT承运空运货物，在中转口岸遇到雨天，箱子淋雨完全损坏。头程反馈可能存在产品受潮发霉。为避免产品影响客户销售及店铺影响，对附件内已到仓还未上架的包裹进行拦截，将这些包裹有被淋雨的SKU进行开包查验。,,
564537,VASC000000285867,OSF8V1755,出库内外箱补贴商品标签,1,NULL,NULL,EAN场景步骤1：拆开商品外箱 步骤2：核对外箱及彩盒上的条码 步骤3：若条码不一致，则需要用客户上传的标签文件覆盖EAN条码 步骤4：外箱和彩盒上不能出现除正确EAN条码以外的其他条码，若有其他条码请用白标覆盖  步骤5：完成后输入增值单品数量 透明计划场景步骤1：拆开商品外箱 步骤2：补贴商品透明计划标签 步骤3：商品封箱 步骤4：外箱上补贴对应的透明计划标签 内外箱透明计划标签需一致  步骤5：完成后输入增值单品数量,NULL,CO
564543,VASC000000285876,OSF8V1755,出库内外箱补贴商品标签,1,NULL,NULL,EAN场景步骤1：拆开商品外箱 步骤2：核对外箱及彩盒上的条码 步骤3：若条码不一致，则需要用客户上传的标签文件覆盖EAN条码 步骤4：外箱和彩盒上不能出现除正确EAN条码以外的其他条码，若有其他条码请用白标覆盖  步骤5：完成后输入增值单品数量 透明计划场景步骤1：拆开商品外箱 步骤2：补贴商品透明计划标签 步骤3：商品封箱 步骤4：外箱上补贴对应的透明计划标签 内外箱透明计划标签需一致  步骤5：完成后输入增值单品数量,NULL,CO
564579,VASC000000285882,OSF8V1755,出库内外箱补贴商品标签,1,NULL,NULL,EAN场景步骤1：拆开商品外箱 步骤2：核对外箱及彩盒上的条码 步骤3：若条码不一致，则需要用客户上传的标签文件覆盖EAN条码 步骤4：外箱和彩盒上不能出现除正确EAN条码以外的其他条码，若有其他条码请用白标覆盖  步骤5：完成后输入增值单品数量 透明计划场景步骤1：拆开商品外箱 步骤2：补贴商品透明计划标签 步骤3：商品封箱 步骤4：外箱上补贴对应的透明计划标签 内外箱透明计划标签需一致  步骤5：完成后输入增值单品数量,NULL,CO
564603,VASC000000285900,OW01V1602,入库其他服务需求,1,20251208,【入库】包裹级异常更换包装,【背景】WI49253528，EB0126052029560986、EB0126052029560992、EB0126052029560995、EB0126052029560983、EB0126052029560911 ，A+包裹质量异常，需要换包装重新上架。,,
564738,VASC000000285921,OSF6V1650,辨识单品配件后更换,1,NULL,NULL,将辨识出来的配件按照SOP更换,NULL,RT
564936,VASC000000285924,OSF6V1603,库内其他服务需求,1,20250407043,【库内】商品外观辨识+贴标上架,仓库操作步骤：,,
564771,VASC000000285936,OSF8V1755,出库内外箱补贴商品标签,1,NULL,NULL,EAN场景步骤1：拆开商品外箱 步骤2：核对外箱及彩盒上的条码 步骤3：若条码不一致，则需要用客户上传的标签文件覆盖EAN条码 步骤4：外箱和彩盒上不能出现除正确EAN条码以外的其他条码，若有其他条码请用白标覆盖  步骤5：完成后输入增值单品数量 透明计划场景步骤1：拆开商品外箱 步骤2：补贴商品透明计划标签 步骤3：商品封箱 步骤4：外箱上补贴对应的透明计划标签 内外箱透明计划标签需一致  步骤5：完成后输入增值单品数量,NULL,CO
564774,VASC000000285936,OSF8V1716,Anker加急出库,1,NULL,NULL,仓库根据订单情况判断能否在【指定出库日期】之前完成增值，若无法操作加急，请“异常终止”增值订单，若可以操作，请填写加急实际操作工时并“完成”增值 注意（非常重要！！！）： 1. 加急增值完成标准： *标准出库：加急订单出库日期应早于应出库日期，若不符合此条件，请“异常终止”增值订单 *自提出库：加急订单暂存日期应早于应暂存日期，若不符合此条件，请“异常终止”增值订单 2. 仓库实际操作工时，请提前记录并如实填写，最终会根据此工时收取客户费用 3. 需要在出库前完成此增值，否则增值将会被自动“异常终止”,NULL,CO
564801,VASC000000285966,OSF6V1603,库内其他服务需求,1,202512150002,【库内】异常商品转不良品上架,仓库操作步骤：,,
564942,VASC000000286047,OSF8V1601,出库其他服务需求,1,NULL,NULL,,NULL,CD
564954,VASC000000286053,OSF8V1601,出库其他服务需求,1,20260127,【出库】覆盖指定包裹标签,操作步骤：,,
565191,VASC000000286131,OSF8V1620,Winit线下尾程服务,1,202512301,【尾程】winit线下尾程询价,"""1、仓库/尾程SD报价；",,
565179,VASC000000286137,OSF8V1620,Winit线下尾程服务,1,202512301,【尾程】winit线下尾程询价,"""1、仓库/尾程SD报价；",,
565185,VASC000000286140,OSF8V1755,出库内外箱补贴商品标签,1,NULL,NULL,EAN场景步骤1：拆开商品外箱 步骤2：核对外箱及彩盒上的条码 步骤3：若条码不一致，则需要用客户上传的标签文件覆盖EAN条码 步骤4：外箱和彩盒上不能出现除正确EAN条码以外的其他条码，若有其他条码请用白标覆盖  步骤5：完成后输入增值单品数量 透明计划场景步骤1：拆开商品外箱 步骤2：补贴商品透明计划标签 步骤3：商品封箱 步骤4：外箱上补贴对应的透明计划标签 内外箱透明计划标签需一致  步骤5：完成后输入增值单品数量,NULL,CO
565203,VASC000000286158,OSF8V1755,出库内外箱补贴商品标签,1,NULL,NULL,EAN场景步骤1：拆开商品外箱 步骤2：核对外箱及彩盒上的条码 步骤3：若条码不一致，则需要用客户上传的标签文件覆盖EAN条码 步骤4：外箱和彩盒上不能出现除正确EAN条码以外的其他条码，若有其他条码请用白标覆盖  步骤5：完成后输入增值单品数量 透明计划场景步骤1：拆开商品外箱 步骤2：补贴商品透明计划标签 步骤3：商品封箱 步骤4：外箱上补贴对应的透明计划标签 内外箱透明计划标签需一致  步骤5：完成后输入增值单品数量,NULL,CO
565221,VASC000000286161,OSF6V1596,单品拆分后上架（拆分为一个SKU）,1,NULL,NULL,1.拆分单品，拆分为同1个SKU,,
565254,VASC000000286179,OSF8V1755,出库内外箱补贴商品标签,1,NULL,NULL,EAN场景步骤1：拆开商品外箱 步骤2：核对外箱及彩盒上的条码 步骤3：若条码不一致，则需要用客户上传的标签文件覆盖EAN条码 步骤4：外箱和彩盒上不能出现除正确EAN条码以外的其他条码，若有其他条码请用白标覆盖  步骤5：完成后输入增值单品数量 透明计划场景步骤1：拆开商品外箱 步骤2：补贴商品透明计划标签 步骤3：商品封箱 步骤4：外箱上补贴对应的透明计划标签 内外箱透明计划标签需一致  步骤5：完成后输入增值单品数量,NULL,CO
565260,VASC000000286182,OSF8V1755,出库内外箱补贴商品标签,1,NULL,NULL,EAN场景步骤1：拆开商品外箱 步骤2：核对外箱及彩盒上的条码 步骤3：若条码不一致，则需要用客户上传的标签文件覆盖EAN条码 步骤4：外箱和彩盒上不能出现除正确EAN条码以外的其他条码，若有其他条码请用白标覆盖  步骤5：完成后输入增值单品数量 透明计划场景步骤1：拆开商品外箱 步骤2：补贴商品透明计划标签 步骤3：商品封箱 步骤4：外箱上补贴对应的透明计划标签 内外箱透明计划标签需一致  步骤5：完成后输入增值单品数量,NULL,CO
565275,VASC000000286185,OSF8V1620,Winit线下尾程服务,1,202512301,【尾程】winit线下尾程询价,"""1、仓库/尾程SD报价；",,
565281,VASC000000286188,OSF8V1755,出库内外箱补贴商品标签,1,NULL,NULL,EAN场景步骤1：拆开商品外箱 步骤2：核对外箱及彩盒上的条码 步骤3：若条码不一致，则需要用客户上传的标签文件覆盖EAN条码 步骤4：外箱和彩盒上不能出现除正确EAN条码以外的其他条码，若有其他条码请用白标覆盖  步骤5：完成后输入增值单品数量 透明计划场景步骤1：拆开商品外箱 步骤2：补贴商品透明计划标签 步骤3：商品封箱 步骤4：外箱上补贴对应的透明计划标签 内外箱透明计划标签需一致  步骤5：完成后输入增值单品数量,NULL,CO
565302,VASC000000286191,OSF8V1620,Winit线下尾程服务,1,202512301,【尾程】winit线下尾程询价,"""1、仓库/尾程SD报价；",,
565308,VASC000000286194,OSF8V1755,出库内外箱补贴商品标签,1,NULL,NULL,EAN场景步骤1：拆开商品外箱 步骤2：核对外箱及彩盒上的条码 步骤3：若条码不一致，则需要用客户上传的标签文件覆盖EAN条码 步骤4：外箱和彩盒上不能出现除正确EAN条码以外的其他条码，若有其他条码请用白标覆盖  步骤5：完成后输入增值单品数量 透明计划场景步骤1：拆开商品外箱 步骤2：补贴商品透明计划标签 步骤3：商品封箱 步骤4：外箱上补贴对应的透明计划标签 内外箱透明计划标签需一致  步骤5：完成后输入增值单品数量,NULL,CO
565329,VASC000000286197,OSF8V1620,Winit线下尾程服务,1,202512301,【尾程】winit线下尾程询价,"""1、仓库/尾程SD报价；",,
565335,VASC000000286200,OSF8V1755,出库内外箱补贴商品标签,1,NULL,NULL,EAN场景步骤1：拆开商品外箱 步骤2：核对外箱及彩盒上的条码 步骤3：若条码不一致，则需要用客户上传的标签文件覆盖EAN条码 步骤4：外箱和彩盒上不能出现除正确EAN条码以外的其他条码，若有其他条码请用白标覆盖  步骤5：完成后输入增值单品数量 透明计划场景步骤1：拆开商品外箱 步骤2：补贴商品透明计划标签 步骤3：商品封箱 步骤4：外箱上补贴对应的透明计划标签 内外箱透明计划标签需一致  步骤5：完成后输入增值单品数量,NULL,CO
565338,VASC000000286203,OSF8V1749,审核出库单,1,NULL,NULL,仅万邑通内部发起,NULL,CO
566730,VASC000000286227,OW01V1602,入库其他服务需求,1,20250407006,【入库】同异常多种处理方式（直接上架+换包装上架+换标上架+部分销毁）,【背景】历史开箱拍照增值：VASC000000270000 ，现在要提供指定单品（销毁/上架）操作。,,
565713,VASC000000286392,OSF8V1755,出库内外箱补贴商品标签,1,NULL,NULL,EAN场景步骤1：拆开商品外箱 步骤2：核对外箱及彩盒上的条码 步骤3：若条码不一致，则需要用客户上传的标签文件覆盖EAN条码 步骤4：外箱和彩盒上不能出现除正确EAN条码以外的其他条码，若有其他条码请用白标覆盖  步骤5：完成后输入增值单品数量 透明计划场景步骤1：拆开商品外箱 步骤2：补贴商品透明计划标签 步骤3：商品封箱 步骤4：外箱上补贴对应的透明计划标签 内外箱透明计划标签需一致  步骤5：完成后输入增值单品数量,NULL,CO
565719,VASC000000286395,OSF8V1755,出库内外箱补贴商品标签,1,NULL,NULL,EAN场景步骤1：拆开商品外箱 步骤2：核对外箱及彩盒上的条码 步骤3：若条码不一致，则需要用客户上传的标签文件覆盖EAN条码 步骤4：外箱和彩盒上不能出现除正确EAN条码以外的其他条码，若有其他条码请用白标覆盖  步骤5：完成后输入增值单品数量 透明计划场景步骤1：拆开商品外箱 步骤2：补贴商品透明计划标签 步骤3：商品封箱 步骤4：外箱上补贴对应的透明计划标签 内外箱透明计划标签需一致  步骤5：完成后输入增值单品数量,NULL,CO
565725,VASC000000286398,OSF8V1755,出库内外箱补贴商品标签,1,NULL,NULL,EAN场景步骤1：拆开商品外箱 步骤2：核对外箱及彩盒上的条码 步骤3：若条码不一致，则需要用客户上传的标签文件覆盖EAN条码 步骤4：外箱和彩盒上不能出现除正确EAN条码以外的其他条码，若有其他条码请用白标覆盖  步骤5：完成后输入增值单品数量 透明计划场景步骤1：拆开商品外箱 步骤2：补贴商品透明计划标签 步骤3：商品封箱 步骤4：外箱上补贴对应的透明计划标签 内外箱透明计划标签需一致  步骤5：完成后输入增值单品数量,NULL,CO
565731,VASC000000286401,OSF8V1755,出库内外箱补贴商品标签,1,NULL,NULL,EAN场景步骤1：拆开商品外箱 步骤2：核对外箱及彩盒上的条码 步骤3：若条码不一致，则需要用客户上传的标签文件覆盖EAN条码 步骤4：外箱和彩盒上不能出现除正确EAN条码以外的其他条码，若有其他条码请用白标覆盖  步骤5：完成后输入增值单品数量 透明计划场景步骤1：拆开商品外箱 步骤2：补贴商品透明计划标签 步骤3：商品封箱 步骤4：外箱上补贴对应的透明计划标签 内外箱透明计划标签需一致  步骤5：完成后输入增值单品数量,NULL,CO
565770,VASC000000286416,OSF6V1603,库内其他服务需求,1,20250407035,【库内】拍摄照片/视频,客户要求拍一下美东3仓库的外部和内部的图片,NULL,CD
565956,VASC000000286422,OW01V1602,入库其他服务需求,1,NULL,NULL,,NULL,CD
565848,VASC000000286461,OSF8V1601,出库其他服务需求,1,20250421002,【出库】仓库自主交货,操作步骤：,,
565845,VASC000000286470,OSF8V1749,审核出库单,1,NULL,NULL,仅万邑通内部发起,NULL,CO
565992,VASC000000286473,OSF6V1647,货权转移（改数模式）,1,【In-warehouse】Transfer of ownership of goods,【库内】货权转移,此类增值仅用于收费，IT系统改数，无需仓库实物流操作。,,
565971,VASC000000286479,OSF8V1620,Winit线下尾程服务,1,202512301,【尾程】winit线下尾程询价,"""1、仓库/尾程SD报价；",,
565983,VASC000000286482,OSF8V1755,出库内外箱补贴商品标签,1,NULL,NULL,EAN场景步骤1：拆开商品外箱 步骤2：核对外箱及彩盒上的条码 步骤3：若条码不一致，则需要用客户上传的标签文件覆盖EAN条码 步骤4：外箱和彩盒上不能出现除正确EAN条码以外的其他条码，若有其他条码请用白标覆盖  步骤5：完成后输入增值单品数量 透明计划场景步骤1：拆开商品外箱 步骤2：补贴商品透明计划标签 步骤3：商品封箱 步骤4：外箱上补贴对应的透明计划标签 内外箱透明计划标签需一致  步骤5：完成后输入增值单品数量,NULL,CD
566004,VASC000000286485,OSF8V1755,出库内外箱补贴商品标签,1,NULL,NULL,EAN场景步骤1：拆开商品外箱 步骤2：核对外箱及彩盒上的条码 步骤3：若条码不一致，则需要用客户上传的标签文件覆盖EAN条码 步骤4：外箱和彩盒上不能出现除正确EAN条码以外的其他条码，若有其他条码请用白标覆盖  步骤5：完成后输入增值单品数量 透明计划场景步骤1：拆开商品外箱 步骤2：补贴商品透明计划标签 步骤3：商品封箱 步骤4：外箱上补贴对应的透明计划标签 内外箱透明计划标签需一致  步骤5：完成后输入增值单品数量,NULL,CO
566049,VASC000000286491,OSF8V1620,Winit线下尾程服务,1,202512301,【尾程】winit线下尾程询价,"""1、仓库/尾程SD报价；",,
566058,VASC000000286494,OSF8V1755,出库内外箱补贴商品标签,1,NULL,NULL,EAN场景步骤1：拆开商品外箱 步骤2：核对外箱及彩盒上的条码 步骤3：若条码不一致，则需要用客户上传的标签文件覆盖EAN条码 步骤4：外箱和彩盒上不能出现除正确EAN条码以外的其他条码，若有其他条码请用白标覆盖  步骤5：完成后输入增值单品数量 透明计划场景步骤1：拆开商品外箱 步骤2：补贴商品透明计划标签 步骤3：商品封箱 步骤4：外箱上补贴对应的透明计划标签 内外箱透明计划标签需一致  步骤5：完成后输入增值单品数量,NULL,CO
566091,VASC000000286527,OW01V1654,包裹串仓异常调拨,1,[Warehouse]AbnormalTransferOfParcelsFromMultipleWarehouses,【入库】包裹串仓异常调拨,【背景】将客户指定异常调拨到目的仓库。,,
566220,VASC000000286557,OSF6V1648,代采购包材物料,1,NULL,NULL,,NULL,CD
566175,VASC000000286566,OSF8V1755,出库内外箱补贴商品标签,1,NULL,NULL,EAN场景步骤1：拆开商品外箱 步骤2：核对外箱及彩盒上的条码 步骤3：若条码不一致，则需要用客户上传的标签文件覆盖EAN条码 步骤4：外箱和彩盒上不能出现除正确EAN条码以外的其他条码，若有其他条码请用白标覆盖  步骤5：完成后输入增值单品数量 透明计划场景步骤1：拆开商品外箱 步骤2：补贴商品透明计划标签 步骤3：商品封箱 步骤4：外箱上补贴对应的透明计划标签 内外箱透明计划标签需一致  步骤5：完成后输入增值单品数量,NULL,CO
566223,VASC000000286584,OSF8V1749,审核出库单,1,NULL,NULL,仅万邑通内部发起,NULL,CO
566226,VASC000000286587,OSF8V1749,审核出库单,1,NULL,NULL,仅万邑通内部发起,NULL,CO
566253,VASC000000286605,OSF8V1755,出库内外箱补贴商品标签,1,NULL,NULL,EAN场景步骤1：拆开商品外箱 步骤2：核对外箱及彩盒上的条码 步骤3：若条码不一致，则需要用客户上传的标签文件覆盖EAN条码 步骤4：外箱和彩盒上不能出现除正确EAN条码以外的其他条码，若有其他条码请用白标覆盖  步骤5：完成后输入增值单品数量 透明计划场景步骤1：拆开商品外箱 步骤2：补贴商品透明计划标签 步骤3：商品封箱 步骤4：外箱上补贴对应的透明计划标签 内外箱透明计划标签需一致  步骤5：完成后输入增值单品数量,NULL,CO
566277,VASC000000286620,OW01V1674,入库-异常包裹开箱拍照,1,NULL,NULL,1、根据增值单需求信息找货 2、根据客户示例图片拍照、且需要拍外箱箱唛图、SKU条码图，开箱拍产品实物图以及产品实物标签图 3、按照SKU/包裹整理拍照文件并上传,NULL,CO
566511,VASC000000286626,OW01V1602,入库其他服务需求,1,202506120003,【入库】批量辨识商品后补贴商品条码及包裹条码上架,"【背景】包裹条码批量异常（需客户处理），客户原订单入库标签贴错，只需更改外箱标签，商品标签不用变动,可以根据包裹和标签的对应关系这份文件里面的商品名称去贴对应的标签。",,
566286,VASC000000286629,OSF8V1620,Winit线下尾程服务,1,NULL,NULL,"""1、仓库/尾程SD报价；",,
566307,VASC000000286650,OW01V1594,上架前自提（无需WINIT打托）,1,NULL,NULL,1、补贴快递面单,,
566322,VASC000000286662,OW01V1602,入库其他服务需求,1,NULL,NULL,,NULL,CD
566328,VASC000000286677,OW01V1602,入库其他服务需求,1,20260522,【入库】商品条码异常换包装+重新贴标后上架,【背景】一个包裹里有5种sku，发货时将商品条码贴在里面了，需要仓库打开快递袋，查看里面的sku，然后再重新加快递袋，再贴对应商品条码。,,
566355,VASC000000286683,OW01V1599,提供海外仓监控视频-少包裹调查,1,NULL,NULL,根据到仓订单具体情况提供对应视频：,,
566376,VASC000000286698,OSF8V1620,Winit线下尾程服务,1,202512301,【尾程】winit线下尾程询价,"""1、仓库/尾程SD报价；",,
566403,VASC000000286713,OSF8V1755,出库内外箱补贴商品标签,1,NULL,NULL,EAN场景步骤1：拆开商品外箱 步骤2：核对外箱及彩盒上的条码 步骤3：若条码不一致，则需要用客户上传的标签文件覆盖EAN条码 步骤4：外箱和彩盒上不能出现除正确EAN条码以外的其他条码，若有其他条码请用白标覆盖  步骤5：完成后输入增值单品数量 透明计划场景步骤1：拆开商品外箱 步骤2：补贴商品透明计划标签 步骤3：商品封箱 步骤4：外箱上补贴对应的透明计划标签 内外箱透明计划标签需一致  步骤5：完成后输入增值单品数量,NULL,CO
566418,VASC000000286722,OSF8V1601,出库其他服务需求,1,20260127,【出库】覆盖指定包裹标签,操作步骤：,,
566439,VASC000000286725,OSF6V1603,库内其他服务需求,1,20250407035,【库内】拍摄照片/视频,背景：拍摄视频给收货的买家查看。,,
566478,VASC000000286728,OSF8V1620,Winit线下尾程服务,1,NULL,NULL,"""1、仓库/尾程SD报价；",,
566595,VASC000000286755,OSF8V1620,Winit线下尾程服务,1,NULL,NULL,"""1、仓库/尾程SD报价；",,
566517,VASC000000286758,OSF8V1601,出库其他服务需求,1,[Outbound] Repackaging by self-pickup order,【出库】暂存单重新装箱,操作步骤：,,
566523,VASC000000286764,OSF8V1601,出库其他服务需求,1,NULL,NULL,,NULL,CD
566529,VASC000000286767,OSF8V1601,出库其他服务需求,1,NULL,NULL,,NULL,CD
566583,VASC000000286776,OSF6V1603,库内其他服务需求,1,20250603001,【库内】单一产品转箱产品,背景：由于仓库系统的原因导致我们这个SKU：AI00505361001箱产品转单一产品多转了一部分，目前仓库还保留部分原箱；,,
566625,VASC000000286797,OSF8V1601,出库其他服务需求,1,NULL,NULL,,NULL,CD
566655,VASC000000286815,OSF8V1601,出库其他服务需求,1,NULL,NULL,,NULL,CD
566664,VASC000000286818,OSF8V1620,Winit线下尾程服务,1,202512301,【尾程】winit线下尾程询价,"""1、仓库/尾程SD报价；",,
566760,VASC000000286833,OSF6V1603,库内其他服务需求,1,20260302,【入库】覆盖/清除标签,仓库操作步骤：,,
566715,VASC000000286839,OSF8V1755,出库内外箱补贴商品标签,1,NULL,NULL,EAN场景步骤1：拆开商品外箱 步骤2：核对外箱及彩盒上的条码 步骤3：若条码不一致，则需要用客户上传的标签文件覆盖EAN条码 步骤4：外箱和彩盒上不能出现除正确EAN条码以外的其他条码，若有其他条码请用白标覆盖  步骤5：完成后输入增值单品数量 透明计划场景步骤1：拆开商品外箱 步骤2：补贴商品透明计划标签 步骤3：商品封箱 步骤4：外箱上补贴对应的透明计划标签 内外箱透明计划标签需一致  步骤5：完成后输入增值单品数量,NULL,CO
566748,VASC000000286845,OSF6V1603,库内其他服务需求,1,20250407071,【库内】商品组合,仓库操作步骤：,,
566778,VASC000000286848,OSF6V1603,库内其他服务需求,1,20250407071,【库内】商品组合,仓库操作步骤：,,
566784,VASC000000286854,OSF8V1755,出库内外箱补贴商品标签,1,NULL,NULL,EAN场景步骤1：拆开商品外箱 步骤2：核对外箱及彩盒上的条码 步骤3：若条码不一致，则需要用客户上传的标签文件覆盖EAN条码 步骤4：外箱和彩盒上不能出现除正确EAN条码以外的其他条码，若有其他条码请用白标覆盖  步骤5：完成后输入增值单品数量 透明计划场景步骤1：拆开商品外箱 步骤2：补贴商品透明计划标签 步骤3：商品封箱 步骤4：外箱上补贴对应的透明计划标签 内外箱透明计划标签需一致  步骤5：完成后输入增值单品数量,NULL,CO
566829,VASC000000286872,OW01V1602,入库其他服务需求,1,20250407006,【入库】同异常多种处理方式（直接上架+换包装上架+换标上架+部分销毁）,【背景】历史开箱拍照增值：VASC000000270393 ，现在要提供指定单品（销毁/上架）操作。,,
566853,VASC000000286878,OSF8V1601,出库其他服务需求,1,20250819,【出库】交货时拍照,操作步骤：,,
566859,VASC000000286881,OSF8V1601,出库其他服务需求,1,20250819,【出库】交货时拍照,操作步骤：,,
566862,VASC000000286884,OSF8V1601,出库其他服务需求,1,20250407013,【出库】指定位置贴商品/包裹标签/快递面单,操作步骤：,,
566880,VASC000000286890,OW01V1602,入库其他服务需求,1,20250522001,【入库】指定商品拍照暂存,【背景】入库商品无法识别SKU，需要仓库统计数量识别后回传对应的SKU以及单品数量，如果有识别不了标签需要拍照回传给确认SKU。,,
566901,VASC000000286893,OSF8V1620,Winit线下尾程服务,1,202512301,【尾程】winit线下尾程询价,"""1、仓库/尾程SD报价；",,
566907,VASC000000286899,OSF8V1755,出库内外箱补贴商品标签,1,NULL,NULL,EAN场景步骤1：拆开商品外箱 步骤2：核对外箱及彩盒上的条码 步骤3：若条码不一致，则需要用客户上传的标签文件覆盖EAN条码 步骤4：外箱和彩盒上不能出现除正确EAN条码以外的其他条码，若有其他条码请用白标覆盖  步骤5：完成后输入增值单品数量 透明计划场景步骤1：拆开商品外箱 步骤2：补贴商品透明计划标签 步骤3：商品封箱 步骤4：外箱上补贴对应的透明计划标签 内外箱透明计划标签需一致  步骤5：完成后输入增值单品数量,NULL,CO
566955,VASC000000286902,OSF8V1601,出库其他服务需求,1,20260127,【出库】覆盖指定包裹标签,操作步骤：,,
566973,VASC000000286905,OSF6V1603,库内其他服务需求,1,20250407035,【库内】拍摄照片/视频,仓库操作步骤：,,
566958,VASC000000286914,OSF8V1755,出库内外箱补贴商品标签,1,NULL,NULL,EAN场景步骤1：拆开商品外箱 步骤2：核对外箱及彩盒上的条码 步骤3：若条码不一致，则需要用客户上传的标签文件覆盖EAN条码 步骤4：外箱和彩盒上不能出现除正确EAN条码以外的其他条码，若有其他条码请用白标覆盖  步骤5：完成后输入增值单品数量 透明计划场景步骤1：拆开商品外箱 步骤2：补贴商品透明计划标签 步骤3：商品封箱 步骤4：外箱上补贴对应的透明计划标签 内外箱透明计划标签需一致  步骤5：完成后输入增值单品数量,NULL,CO
566967,VASC000000286917,OSF8V1601,出库其他服务需求,1,20260127,【出库】覆盖指定包裹标签,操作步骤：,,
566982,VASC000000286923,OSF8V1749,审核出库单,1,NULL,NULL,仅万邑通内部发起,NULL,CO
566988,VASC000000286929,OSF8V1755,出库内外箱补贴商品标签,1,NULL,NULL,EAN场景步骤1：拆开商品外箱 步骤2：核对外箱及彩盒上的条码 步骤3：若条码不一致，则需要用客户上传的标签文件覆盖EAN条码 步骤4：外箱和彩盒上不能出现除正确EAN条码以外的其他条码，若有其他条码请用白标覆盖  步骤5：完成后输入增值单品数量 透明计划场景步骤1：拆开商品外箱 步骤2：补贴商品透明计划标签 步骤3：商品封箱 步骤4：外箱上补贴对应的透明计划标签 内外箱透明计划标签需一致  步骤5：完成后输入增值单品数量,NULL,CD
567132,VASC000000286989,OW01V1602,入库其他服务需求,1,20250522001,【入库】指定商品拍照暂存,背景：下单是ORICO-DS500C3-EU-BK-BP，实际是DS500C3-US-BK，计划外商品，需要确认下是入库单下错还是商品标签贴标错误,,
567120,VASC000000286998,OSF8V1620,Winit线下尾程服务,1,202512301,【尾程】winit线下尾程询价,"""1、仓库/尾程SD报价；",,
567195,VASC000000287004,OSF6V1603,库内其他服务需求,1,20250401002,【库内】关联第三方条码上架,背景：客户要将SKU的管理方式由商品化改为单品化，需要先下架SKU的库存；,,
567228,VASC000000287016,OSF6V1603,库内其他服务需求,1,20250401002,【库内】关联第三方条码上架,背景：客户要将SKU的管理方式由商品化改为单品化，需要先下架SKU的库存；,,
568341,VASC000000287082,OW01V1602,入库其他服务需求,1,20250407004,【入库】尺重/标签辨识后换标上架,【背景】EB0126041528803033	异常仓库登记的包裹条码异常，这是亚马逊退回的包裹，一个包裹内有多个商品，客户之前做过开箱拍照增值VASC000000285720，需要仓库按对应的商品，贴对应的A+包裹条码进行上架。,,
567450,VASC000000287094,OSF6V1603,库内其他服务需求,1,20250701001,【库内】指定包裹盘点上架数量,仓库操作步骤：,,
567513,VASC000000287130,OSF8V1620,Winit线下尾程服务,1,202512301,【尾程】winit线下尾程询价,"""1、仓库/尾程SD报价；",,
567714,VASC000000287241,OSF6V1626,指定商品盘点,1,NULL,NULL,1、将在库商品按SKU进行清点数量,,
567738,VASC000000287250,OSF8V1620,Winit线下尾程服务,1,202512301,【尾程】winit线下尾程询价,"""1、仓库/尾程SD报价；",,
567780,VASC000000287262,OSF6V1603,库内其他服务需求,1,NULL,NULL,,NULL,CD
567777,VASC000000287274,OSF6V1603,库内其他服务需求,1,20260302,【入库】覆盖/清除标签,仓库操作步骤：,,
567852,VASC000000287280,OSF6V1603,库内其他服务需求,1,NULL,NULL,,NULL,CD
567876,VASC000000287304,OSF8V1620,Winit线下尾程服务,1,202512301,【尾程】winit线下尾程询价,"""1、仓库/尾程SD报价；",,
567861,VASC000000287307,OSF8V1749,审核出库单,1,NULL,NULL,仅万邑通内部发起,NULL,CO
567882,VASC000000287310,OSF8V1755,出库内外箱补贴商品标签,1,NULL,NULL,EAN场景步骤1：拆开商品外箱 步骤2：核对外箱及彩盒上的条码 步骤3：若条码不一致，则需要用客户上传的标签文件覆盖EAN条码 步骤4：外箱和彩盒上不能出现除正确EAN条码以外的其他条码，若有其他条码请用白标覆盖  步骤5：完成后输入增值单品数量 透明计划场景步骤1：拆开商品外箱 步骤2：补贴商品透明计划标签 步骤3：商品封箱 步骤4：外箱上补贴对应的透明计划标签 内外箱透明计划标签需一致  步骤5：完成后输入增值单品数量,NULL,CO
567909,VASC000000287319,OSF6V1671,逆向取货,1,20250723,【尾程】Anker Crowfoots出库,仅收费，无需仓库操作,NULL,CO
567918,VASC000000287325,OSF6V1671,逆向取货,1,20250723,【尾程】Anker Crowfoots出库,仅收费，无需仓库操作,NULL,CO
567945,VASC000000287337,OSF6V1671,逆向取货,1,20250723,【尾程】Anker Crowfoots出库,仅收费，无需仓库操作,NULL,CO
567951,VASC000000287343,OSF6V1671,逆向取货,1,20250723,【尾程】Anker Crowfoots出库,仅收费，无需仓库操作,NULL,CO
567957,VASC000000287346,OSF6V1671,逆向取货,1,20250723,【尾程】Anker Crowfoots出库,仅收费，无需仓库操作,NULL,CO
567960,VASC000000287352,OSF6V1671,逆向取货,1,20250723,【尾程】Anker Crowfoots出库,仅收费，无需仓库操作,NULL,CO
567969,VASC000000287355,OSF8V1620,Winit线下尾程服务,1,202512301,【尾程】winit线下尾程询价,"""1、仓库/尾程SD报价；",,
567972,VASC000000287364,OSF6V1603,库内其他服务需求,1,20250407013,【出库】指定位置贴商品/包裹标签/快递面单,WO11455866185,,
567975,VASC000000287367,OSF8V1657,代理清关,1,【Outbound】Customs clearance agent,【出库】代理清关,打印附件的清关文件，交付尾程供应商，完成出库,NULL,CO
567978,VASC000000287370,OSF8V1657,代理清关,1,【Outbound】Customs clearance agent,【出库】代理清关,打印附件的清关文件，交付尾程供应商，完成出库,NULL,CO
568011,VASC000000287382,OSF8V1620,Winit线下尾程服务,1,202512301,【尾程】winit线下尾程询价,"""1、仓库/尾程SD报价；",,
568149,VASC000000287439,OSF6V1677,退货商品补拍细节照,1,NULL,NULL,针对退货入库商品，按照客户示例图要求开箱补拍商品细节照片（含外箱标签照、内部商品细节图、内部商品标签照等）,NULL,CO
568137,VASC000000287442,OW01V1602,入库其他服务需求,1,20250430,【入库】“包裹条码批量异常（需客户处理）”辨识后补贴包裹标签上架,【背景】EB0126052329724783包裹条码批量异常，需要补贴包裹条码。,,
568176,VASC000000287454,OW01V1602,入库其他服务需求,1,20250407003,【入库】上架前拆包装,【背景】WI49481070入库单的外箱和中箱需拆除，上架内部单品，M010000000010469460和M010000000010469346。,,
568320,VASC000000287538,OSF6V1603,库内其他服务需求,1,20250407035,【库内】拍摄照片/视频,【背景】平台自配送申诉,,
568344,VASC000000287592,OSF8V1755,出库内外箱补贴商品标签,1,NULL,NULL,EAN场景步骤1：拆开商品外箱 步骤2：核对外箱及彩盒上的条码 步骤3：若条码不一致，则需要用客户上传的标签文件覆盖EAN条码 步骤4：外箱和彩盒上不能出现除正确EAN条码以外的其他条码，若有其他条码请用白标覆盖  步骤5：完成后输入增值单品数量 透明计划场景步骤1：拆开商品外箱 步骤2：补贴商品透明计划标签 步骤3：商品封箱 步骤4：外箱上补贴对应的透明计划标签 内外箱透明计划标签需一致  步骤5：完成后输入增值单品数量,NULL,CD
568347,VASC000000287592,OSF8V1716,Anker加急出库,1,NULL,NULL,仓库根据订单情况判断能否在【指定出库日期】之前完成增值，若无法操作加急，请“异常终止”增值订单，若可以操作，请填写加急实际操作工时并“完成”增值 注意（非常重要！！！）： 1. 加急增值完成标准： *标准出库：加急订单出库日期应早于应出库日期，若不符合此条件，请“异常终止”增值订单 *自提出库：加急订单暂存日期应早于应暂存日期，若不符合此条件，请“异常终止”增值订单 2. 仓库实际操作工时，请提前记录并如实填写，最终会根据此工时收取客户费用 3. 需要在出库前完成此增值，否则增值将会被自动“异常终止”,NULL,CD
568371,VASC000000287598,OSF8V1755,出库内外箱补贴商品标签,1,NULL,NULL,EAN场景步骤1：拆开商品外箱 步骤2：核对外箱及彩盒上的条码 步骤3：若条码不一致，则需要用客户上传的标签文件覆盖EAN条码 步骤4：外箱和彩盒上不能出现除正确EAN条码以外的其他条码，若有其他条码请用白标覆盖  步骤5：完成后输入增值单品数量 透明计划场景步骤1：拆开商品外箱 步骤2：补贴商品透明计划标签 步骤3：商品封箱 步骤4：外箱上补贴对应的透明计划标签 内外箱透明计划标签需一致  步骤5：完成后输入增值单品数量,NULL,CO
568374,VASC000000287598,OSF8V1716,Anker加急出库,1,NULL,NULL,仓库根据订单情况判断能否在【指定出库日期】之前完成增值，若无法操作加急，请“异常终止”增值订单，若可以操作，请填写加急实际操作工时并“完成”增值 注意（非常重要！！！）： 1. 加急增值完成标准： *标准出库：加急订单出库日期应早于应出库日期，若不符合此条件，请“异常终止”增值订单 *自提出库：加急订单暂存日期应早于应暂存日期，若不符合此条件，请“异常终止”增值订单 2. 仓库实际操作工时，请提前记录并如实填写，最终会根据此工时收取客户费用 3. 需要在出库前完成此增值，否则增值将会被自动“异常终止”,NULL,CO
568389,VASC000000287601,OSF8V1755,出库内外箱补贴商品标签,1,NULL,NULL,EAN场景步骤1：拆开商品外箱 步骤2：核对外箱及彩盒上的条码 步骤3：若条码不一致，则需要用客户上传的标签文件覆盖EAN条码 步骤4：外箱和彩盒上不能出现除正确EAN条码以外的其他条码，若有其他条码请用白标覆盖  步骤5：完成后输入增值单品数量 透明计划场景步骤1：拆开商品外箱 步骤2：补贴商品透明计划标签 步骤3：商品封箱 步骤4：外箱上补贴对应的透明计划标签 内外箱透明计划标签需一致  步骤5：完成后输入增值单品数量,NULL,CO
568392,VASC000000287601,OSF8V1716,Anker加急出库,1,NULL,NULL,仓库根据订单情况判断能否在【指定出库日期】之前完成增值，若无法操作加急，请“异常终止”增值订单，若可以操作，请填写加急实际操作工时并“完成”增值 注意（非常重要！！！）： 1. 加急增值完成标准： *标准出库：加急订单出库日期应早于应出库日期，若不符合此条件，请“异常终止”增值订单 *自提出库：加急订单暂存日期应早于应暂存日期，若不符合此条件，请“异常终止”增值订单 2. 仓库实际操作工时，请提前记录并如实填写，最终会根据此工时收取客户费用 3. 需要在出库前完成此增值，否则增值将会被自动“异常终止”,NULL,CO
568545,VASC000000287604,OSF6V1753,无主货找回（6个自然日内）-客户自提,1,NULL,NULL,步骤1：按照客户提供的快递单号或者POD尝试找回无主货 步骤2： ①若货物找回，请仓库根据客户提供的标签文件补贴包裹/订单标签，等待供应商上门提货 ②若货物未找回，请【完成】增值单  注意：此增值无论商品是否找回，请将增值单更新为【已出库】,NULL,CO
568434,VASC000000287616,OW01V1602,入库其他服务需求,1,20250407020,【入库】组合后上架,【背景】：该异常单从图片拍照只有7个配件，我们是以4件作为1PCS售卖的，另外3个配件无法售卖，因此需要仓库把4个配件装到彩盒里作为一个单品，打包重新上架，另外3个配件需销毁。,,
568506,VASC000000287625,OSF6V1603,库内其他服务需求,1,20250407010,【库内】指定库位开箱拍照,仓库操作步骤：,,
568500,VASC000000287634,OSF6V1627,单品辨识（不开箱）,1,NULL,NULL,根据客户提供的辨识方法，在不拆单品外包装的情况下，仓库辨识单品数量/标签内容（含第三方商品标签）等差异并反馈,NULL,CO
568509,VASC000000287646,OSF8V1749,审核出库单,1,NULL,NULL,仅万邑通内部发起,NULL,CO
568632,VASC000000287649,OW01V1602,入库其他服务需求,1,20260522,【入库】商品条码异常换包装+重新贴标后上架,【背景】此前提交辨识增值VASC000000285234核实一共有3个单品，需要对应M码上架，按照增值文件内对应M码上架,,
568554,VASC000000287661,OW01V1599,提供海外仓监控视频-少包裹调查,1,NULL,NULL,根据到仓订单具体情况提供对应视频：,,
568536,VASC000000287664,OSF6V1677,退货商品补拍细节照,1,NULL,NULL,针对退货入库商品，按照客户示例图要求开箱补拍商品细节照片（含外箱标签照、内部商品细节图、内部商品标签照等）,NULL,RT
568602,VASC000000287691,OSF6V1597,单品拆分后上架（拆分为多个SKU）,1,INSTOCK_SPLIT_SKU,【库内】拆分SKU,仓库操作步骤：,,
568611,VASC000000287712,OSF8V1755,出库内外箱补贴商品标签,1,NULL,NULL,EAN场景步骤1：拆开商品外箱 步骤2：核对外箱及彩盒上的条码 步骤3：若条码不一致，则需要用客户上传的标签文件覆盖EAN条码 步骤4：外箱和彩盒上不能出现除正确EAN条码以外的其他条码，若有其他条码请用白标覆盖  步骤5：完成后输入增值单品数量 透明计划场景步骤1：拆开商品外箱 步骤2：补贴商品透明计划标签 步骤3：商品封箱 步骤4：外箱上补贴对应的透明计划标签 内外箱透明计划标签需一致  步骤5：完成后输入增值单品数量,NULL,CO
568641,VASC000000287730,OSF8V1620,Winit线下尾程服务,1,202512301,【尾程】winit线下尾程询价,"""1、仓库/尾程SD报价；",,
568665,VASC000000287745,OSF8V1620,Winit线下尾程服务,1,202512301,【尾程】winit线下尾程询价,"""1、仓库/尾程SD报价；",,
568683,VASC000000287751,OSF8V1755,出库内外箱补贴商品标签,1,NULL,NULL,EAN场景步骤1：拆开商品外箱 步骤2：核对外箱及彩盒上的条码 步骤3：若条码不一致，则需要用客户上传的标签文件覆盖EAN条码 步骤4：外箱和彩盒上不能出现除正确EAN条码以外的其他条码，若有其他条码请用白标覆盖  步骤5：完成后输入增值单品数量 透明计划场景步骤1：拆开商品外箱 步骤2：补贴商品透明计划标签 步骤3：商品封箱 步骤4：外箱上补贴对应的透明计划标签 内外箱透明计划标签需一致  步骤5：完成后输入增值单品数量,NULL,CO
569214,VASC000000287754,OW01V1602,入库其他服务需求,1,20250509,【入库】更换客制包材,【背景】异常单：EB0125120124755532，货物包装破损，因仓库没有这么大的包材，客户自行邮寄包材处理。,,
568689,VASC000000287760,OW01V1602,入库其他服务需求,1,20250929,【入库】海运整柜100%A+无包裹条码异常，新单无箱单或100%A+包直接上架,【背景】VASC000000287748异常包裹直接上架，[海运整柜100%A+/A包裹]，不支持异常[B01E1615_包裹条码批量异常（需客户处理），B0102E21_包裹条码异常(需客户处理)];整单退回。,,
568707,VASC000000287763,OSF8V1620,Winit线下尾程服务,1,NULL,NULL,"""1、仓库/尾程SD报价；",,
568818,VASC000000287775,OSF8V1601,出库其他服务需求,1,20250516,【出库】补贴/更换商品标签,操作步骤：,,
568749,VASC000000287784,OSF8V1620,Winit线下尾程服务,1,NULL,NULL,"""1、仓库/尾程SD报价；",,
568764,VASC000000287787,OSF6V1603,库内其他服务需求,1,20250407062,【库内】指定单品/库位商品更换标签上架,背景：客户这个增值的目的是为二次售卖时不被其他买家发现是退货后售卖的产品，所以主要是清除包裹上的快递面单；,,
568770,VASC000000287793,OSF8V1755,出库内外箱补贴商品标签,1,NULL,NULL,EAN场景步骤1：拆开商品外箱 步骤2：核对外箱及彩盒上的条码 步骤3：若条码不一致，则需要用客户上传的标签文件覆盖EAN条码 步骤4：外箱和彩盒上不能出现除正确EAN条码以外的其他条码，若有其他条码请用白标覆盖  步骤5：完成后输入增值单品数量 透明计划场景步骤1：拆开商品外箱 步骤2：补贴商品透明计划标签 步骤3：商品封箱 步骤4：外箱上补贴对应的透明计划标签 内外箱透明计划标签需一致  步骤5：完成后输入增值单品数量,NULL,CO
568833,VASC000000287805,OW01V1602,入库其他服务需求,1,20250407006,【入库】同异常多种处理方式（直接上架+换包装上架+换标上架+部分销毁）,【背景】此前提交辨识增值VASC000000284205核实一共有2个单品，有一个需要销毁，请按上传附件操作。,,
568824,VASC000000287808,OSF8V1620,Winit线下尾程服务,1,202512301,【尾程】winit线下尾程询价,"""1、仓库/尾程SD报价；",,
568848,VASC000000287811,OW01V1602,入库其他服务需求,1,20250407006,【入库】同异常多种处理方式（直接上架+换包装上架+换标上架+部分销毁）,【背景】此前提交辨识增值VASC000000285261核实一共有3个单品，按照上传附件图片对应M码上架，有一个需要销毁，图片上有备注。,,
568857,VASC000000287814,OW01V1602,入库其他服务需求,1,20250407006,【入库】同异常多种处理方式（直接上架+换包装上架+换标上架+部分销毁）,【背景】此前提交辨识增值VASC000000285264核实一共有2个单品，有一个需要销毁，按照上传附件操作。,,
568887,VASC000000287820,OSF8V1601,出库其他服务需求,1,NULL,NULL,,NULL,CD
568896,VASC000000287841,OSF8V1657,代理清关,1,NULL,NULL,打印附件的清关文件，交付尾程供应商，完成出库,NULL,CD
568899,VASC000000287844,OSF8V1657,代理清关,1,【Outbound】Customs clearance agent,【出库】代理清关,打印附件的清关文件，交付尾程供应商，完成出库,NULL,CO
568968,VASC000000287847,OSF8V1601,出库其他服务需求,1,NULL,NULL,,NULL,CD
569061,VASC000000287865,OSF8V1601,出库其他服务需求,1,NULL,NULL,,NULL,CD
569148,VASC000000287955,OW01V1602,入库其他服务需求,1,20260302,【入库】覆盖/清除标签,【背景】入库单：WI49476722，包裹外箱有电池标签和商品条码需要清除覆盖。,,
569163,VASC000000287970,OW01V1602,入库其他服务需求,1,20260302,【入库】覆盖/清除标签,【背景】入库单：WI49476308，A+包共113箱，A+包裹外箱贴有电池标签，申请移除。,,
569178,VASC000000287979,OW01V1599,提供海外仓监控视频-少包裹调查,1,NULL,NULL,根据到仓订单具体情况提供对应视频：,,
569172,VASC000000287982,OSF6V1603,库内其他服务需求,1,20250530001,【入库】无主货找回暂存,背景：5.21日仓库已经卸货，5.22日因为面单无唯一的退货id，仓库无法辨识是哪个客户的按无主货销毁，产品货值比较高，由于客户uktw仓没有库存，无法提交标准的无主货找回并按无预报的退货创建退货单，,,
569199,VASC000000287994,OSF8V1620,Winit线下尾程服务,1,202512301,【尾程】winit线下尾程询价,"""1、仓库/尾程SD报价；",,
569205,VASC000000287997,OSF6V1647,货权转移（改数模式）,1,【In-warehouse】Transfer of ownership of goods,【库内】货权转移,此类增值仅用于收费，IT系统改数，无需仓库实物流操作。仓库将增值单状态更新为“仓库已处理”,NULL,CO
569262,VASC000000288018,OSF6V1603,库内其他服务需求,1,20250407010,【库内】指定库位开箱拍照,仓库操作步骤：,,
569265,VASC000000288030,OW01V1600,提供海外仓监控视频-少单品调查,1,NULL,NULL,根据到仓订单具体情况提供对应视频：,,
569331,VASC000000288048,OSF6V1603,库内其他服务需求,1,NULL,NULL,,NULL,CD
569298,VASC000000288051,OSF8V1620,Winit线下尾程服务,1,202512301,【尾程】winit线下尾程询价,"""1、仓库/尾程SD报价；",,
569325,VASC000000288054,OSF8V1620,Winit线下尾程服务,1,202512301,【尾程】winit线下尾程询价,"""1、仓库/尾程SD报价；",,
569340,VASC000000288066,OSF6V1752,无主货找回（6个自然日内）-仓库创建无RMA退货单,1,NULL,NULL,步骤1：按照客户提供的快递单号或者POD尝试找回无主货 步骤2： ①若货物找回，请仓库创建无RMA退货单上架并反馈退货订单号，然后【完成】增值单 ②若货物未找回，请【完成】增值单  注意：此增值无论商品是否找回，请将增值单更新为【已出库】,NULL,CO
569349,VASC000000288069,OSF8V1755,出库内外箱补贴商品标签,1,NULL,NULL,EAN场景步骤1：拆开商品外箱 步骤2：核对外箱及彩盒上的条码 步骤3：若条码不一致，则需要用客户上传的标签文件覆盖EAN条码 步骤4：外箱和彩盒上不能出现除正确EAN条码以外的其他条码，若有其他条码请用白标覆盖  步骤5：完成后输入增值单品数量 透明计划场景步骤1：拆开商品外箱 步骤2：补贴商品透明计划标签 步骤3：商品封箱 步骤4：外箱上补贴对应的透明计划标签 内外箱透明计划标签需一致  步骤5：完成后输入增值单品数量,NULL,CO
569352,VASC000000288069,OSF8V1716,Anker加急出库,1,NULL,NULL,仓库根据订单情况判断能否在【指定出库日期】之前完成增值，若无法操作加急，请“异常终止”增值订单，若可以操作，请填写加急实际操作工时并“完成”增值 注意（非常重要！！！）： 1. 加急增值完成标准： *标准出库：加急订单出库日期应早于应出库日期，若不符合此条件，请“异常终止”增值订单 *自提出库：加急订单暂存日期应早于应暂存日期，若不符合此条件，请“异常终止”增值订单 2. 仓库实际操作工时，请提前记录并如实填写，最终会根据此工时收取客户费用 3. 需要在出库前完成此增值，否则增值将会被自动“异常终止”,NULL,CO
569421,VASC000000288072,OSF8V1601,出库其他服务需求,1,20250516,【出库】补贴/更换商品标签,操作步骤：,,
569472,VASC000000288087,OSF6V1603,库内其他服务需求,1,20250407051,【库内】良品/不良品检测,对以下 2 个 SKU 合计 99 件库存执行下架重新上架操作。,,
569481,VASC000000288090,OW01V1600,提供海外仓监控视频-少单品调查,1,NULL,NULL,根据到仓订单具体情况提供对应视频：,,
569463,VASC000000288099,OSF8V1755,出库内外箱补贴商品标签,1,NULL,NULL,EAN场景步骤1：拆开商品外箱 步骤2：核对外箱及彩盒上的条码 步骤3：若条码不一致，则需要用客户上传的标签文件覆盖EAN条码 步骤4：外箱和彩盒上不能出现除正确EAN条码以外的其他条码，若有其他条码请用白标覆盖  步骤5：完成后输入增值单品数量 透明计划场景步骤1：拆开商品外箱 步骤2：补贴商品透明计划标签 步骤3：商品封箱 步骤4：外箱上补贴对应的透明计划标签 内外箱透明计划标签需一致  步骤5：完成后输入增值单品数量,NULL,CO
569526,VASC000000288126,OSF6V1603,库内其他服务需求,1,20250509,【入库】更换客制包材,仓库操作步骤：,,
569730,VASC000000288183,OSF6V1603,库内其他服务需求,1,20250407035,【库内】拍摄照片/视频,仓库操作步骤：,,
569706,VASC000000288186,OSF8V1601,出库其他服务需求,1,20260127,【出库】覆盖指定包裹标签,操作步骤：,,
569880,VASC000000288192,OW01V1602,入库其他服务需求,1,20260522,【入库】商品条码异常换包装+重新贴标后上架,【背景】一个包裹里有5种sku，发货时将商品条码贴在里面了，需要仓库打开快递袋，查看里面的sku，然后再重新加快递袋，再贴对应商品条码。,,
569691,VASC000000288195,OSF8V1755,出库内外箱补贴商品标签,1,NULL,NULL,EAN场景步骤1：拆开商品外箱 步骤2：核对外箱及彩盒上的条码 步骤3：若条码不一致，则需要用客户上传的标签文件覆盖EAN条码 步骤4：外箱和彩盒上不能出现除正确EAN条码以外的其他条码，若有其他条码请用白标覆盖  步骤5：完成后输入增值单品数量 透明计划场景步骤1：拆开商品外箱 步骤2：补贴商品透明计划标签 步骤3：商品封箱 步骤4：外箱上补贴对应的透明计划标签 内外箱透明计划标签需一致  步骤5：完成后输入增值单品数量,NULL,CO
569745,VASC000000288198,OSF6V1752,无主货找回（6个自然日内）-仓库创建无RMA退货单,1,NULL,NULL,步骤1：按照客户提供的快递单号或者POD尝试找回无主货 步骤2： ①若货物找回，请仓库创建无RMA退货单上架并反馈退货订单号，然后【完成】增值单 ②若货物未找回，请【完成】增值单  注意：此增值无论商品是否找回，请将增值单更新为【已出库】,NULL,RT
569760,VASC000000288237,OSF8V1601,出库其他服务需求,1,20260127,【出库】覆盖指定包裹标签,操作步骤：,,
569844,VASC000000288261,OSF8V1620,Winit线下尾程服务,1,202512301,【尾程】winit线下尾程询价,"""1、仓库/尾程SD报价；",,
569850,VASC000000288264,OSF8V1755,出库内外箱补贴商品标签,1,NULL,NULL,EAN场景步骤1：拆开商品外箱 步骤2：核对外箱及彩盒上的条码 步骤3：若条码不一致，则需要用客户上传的标签文件覆盖EAN条码 步骤4：外箱和彩盒上不能出现除正确EAN条码以外的其他条码，若有其他条码请用白标覆盖  步骤5：完成后输入增值单品数量 透明计划场景步骤1：拆开商品外箱 步骤2：补贴商品透明计划标签 步骤3：商品封箱 步骤4：外箱上补贴对应的透明计划标签 内外箱透明计划标签需一致  步骤5：完成后输入增值单品数量,NULL,CO
569865,VASC000000288273,OSF6V1603,库内其他服务需求,1,NULL,NULL,,NULL,CD
569886,VASC000000288282,OSF8V1755,出库内外箱补贴商品标签,1,NULL,NULL,EAN场景步骤1：拆开商品外箱 步骤2：核对外箱及彩盒上的条码 步骤3：若条码不一致，则需要用客户上传的标签文件覆盖EAN条码 步骤4：外箱和彩盒上不能出现除正确EAN条码以外的其他条码，若有其他条码请用白标覆盖  步骤5：完成后输入增值单品数量 透明计划场景步骤1：拆开商品外箱 步骤2：补贴商品透明计划标签 步骤3：商品封箱 步骤4：外箱上补贴对应的透明计划标签 内外箱透明计划标签需一致  步骤5：完成后输入增值单品数量,NULL,CO
569892,VASC000000288285,OSF8V1755,出库内外箱补贴商品标签,1,NULL,NULL,EAN场景步骤1：拆开商品外箱 步骤2：核对外箱及彩盒上的条码 步骤3：若条码不一致，则需要用客户上传的标签文件覆盖EAN条码 步骤4：外箱和彩盒上不能出现除正确EAN条码以外的其他条码，若有其他条码请用白标覆盖  步骤5：完成后输入增值单品数量 透明计划场景步骤1：拆开商品外箱 步骤2：补贴商品透明计划标签 步骤3：商品封箱 步骤4：外箱上补贴对应的透明计划标签 内外箱透明计划标签需一致  步骤5：完成后输入增值单品数量,NULL,CO
569898,VASC000000288288,OSF8V1755,出库内外箱补贴商品标签,1,NULL,NULL,EAN场景步骤1：拆开商品外箱 步骤2：核对外箱及彩盒上的条码 步骤3：若条码不一致，则需要用客户上传的标签文件覆盖EAN条码 步骤4：外箱和彩盒上不能出现除正确EAN条码以外的其他条码，若有其他条码请用白标覆盖  步骤5：完成后输入增值单品数量 透明计划场景步骤1：拆开商品外箱 步骤2：补贴商品透明计划标签 步骤3：商品封箱 步骤4：外箱上补贴对应的透明计划标签 内外箱透明计划标签需一致  步骤5：完成后输入增值单品数量,NULL,CO
569907,VASC000000288291,OSF8V1755,出库内外箱补贴商品标签,1,NULL,NULL,EAN场景步骤1：拆开商品外箱 步骤2：核对外箱及彩盒上的条码 步骤3：若条码不一致，则需要用客户上传的标签文件覆盖EAN条码 步骤4：外箱和彩盒上不能出现除正确EAN条码以外的其他条码，若有其他条码请用白标覆盖  步骤5：完成后输入增值单品数量 透明计划场景步骤1：拆开商品外箱 步骤2：补贴商品透明计划标签 步骤3：商品封箱 步骤4：外箱上补贴对应的透明计划标签 内外箱透明计划标签需一致  步骤5：完成后输入增值单品数量,NULL,CO
569913,VASC000000288297,OSF8V1749,审核出库单,1,NULL,NULL,仅万邑通内部发起,NULL,CO
569925,VASC000000288300,OSF6V1673,无主货找回-6个自然日内,1,NULL,NULL,根据客户提供的单据信息找货，若超过1h未找回，则反馈无法找回,NULL,RT
569937,VASC000000288312,OW01V1602,入库其他服务需求,1,20250929,【入库】海运整柜100%A+无包裹条码异常，新单无箱单或100%A+包直接上架,【背景】VASC000000288252一个增值单不允许包含多种类型的异常;整单退回。[海运整柜100%A+包裹]场景订单系统功能不支持标准增值。,,
569952,VASC000000288318,OSF8V1755,出库内外箱补贴商品标签,1,NULL,NULL,EAN场景步骤1：拆开商品外箱 步骤2：核对外箱及彩盒上的条码 步骤3：若条码不一致，则需要用客户上传的标签文件覆盖EAN条码 步骤4：外箱和彩盒上不能出现除正确EAN条码以外的其他条码，若有其他条码请用白标覆盖  步骤5：完成后输入增值单品数量 透明计划场景步骤1：拆开商品外箱 步骤2：补贴商品透明计划标签 步骤3：商品封箱 步骤4：外箱上补贴对应的透明计划标签 内外箱透明计划标签需一致  步骤5：完成后输入增值单品数量,NULL,CO
569961,VASC000000288327,OSF8V1749,审核出库单,1,NULL,NULL,仅万邑通内部发起,NULL,CO
569967,VASC000000288330,OSF8V1755,出库内外箱补贴商品标签,1,NULL,NULL,EAN场景步骤1：拆开商品外箱 步骤2：核对外箱及彩盒上的条码 步骤3：若条码不一致，则需要用客户上传的标签文件覆盖EAN条码 步骤4：外箱和彩盒上不能出现除正确EAN条码以外的其他条码，若有其他条码请用白标覆盖  步骤5：完成后输入增值单品数量 透明计划场景步骤1：拆开商品外箱 步骤2：补贴商品透明计划标签 步骤3：商品封箱 步骤4：外箱上补贴对应的透明计划标签 内外箱透明计划标签需一致  步骤5：完成后输入增值单品数量,NULL,CO
569973,VASC000000288339,OSF8V1620,Winit线下尾程服务,1,202512301,【尾程】winit线下尾程询价,"""1、仓库/尾程SD报价；",,
570030,VASC000000288342,OSF6V1603,库内其他服务需求,1,20250401002,【库内】关联第三方条码上架,背景：客户要将SKU的管理方式由商品化改为单品化，需要先下架SKU的库存；,,
569994,VASC000000288348,OSF8V1755,出库内外箱补贴商品标签,1,NULL,NULL,EAN场景步骤1：拆开商品外箱 步骤2：核对外箱及彩盒上的条码 步骤3：若条码不一致，则需要用客户上传的标签文件覆盖EAN条码 步骤4：外箱和彩盒上不能出现除正确EAN条码以外的其他条码，若有其他条码请用白标覆盖  步骤5：完成后输入增值单品数量 透明计划场景步骤1：拆开商品外箱 步骤2：补贴商品透明计划标签 步骤3：商品封箱 步骤4：外箱上补贴对应的透明计划标签 内外箱透明计划标签需一致  步骤5：完成后输入增值单品数量,NULL,CO
570072,VASC000000288372,OSF8V1620,Winit线下尾程服务,1,202512301,【尾程】winit线下尾程询价,"""1、仓库/尾程SD报价；",,
570078,VASC000000288375,OSF8V1755,出库内外箱补贴商品标签,1,NULL,NULL,EAN场景步骤1：拆开商品外箱 步骤2：核对外箱及彩盒上的条码 步骤3：若条码不一致，则需要用客户上传的标签文件覆盖EAN条码 步骤4：外箱和彩盒上不能出现除正确EAN条码以外的其他条码，若有其他条码请用白标覆盖  步骤5：完成后输入增值单品数量 透明计划场景步骤1：拆开商品外箱 步骤2：补贴商品透明计划标签 步骤3：商品封箱 步骤4：外箱上补贴对应的透明计划标签 内外箱透明计划标签需一致  步骤5：完成后输入增值单品数量,NULL,RT
570081,VASC000000288378,OSF8V1749,审核出库单,1,NULL,NULL,仅万邑通内部发起,NULL,CO
570096,VASC000000288384,OSF8V1755,出库内外箱补贴商品标签,1,NULL,NULL,EAN场景步骤1：拆开商品外箱 步骤2：核对外箱及彩盒上的条码 步骤3：若条码不一致，则需要用客户上传的标签文件覆盖EAN条码 步骤4：外箱和彩盒上不能出现除正确EAN条码以外的其他条码，若有其他条码请用白标覆盖  步骤5：完成后输入增值单品数量 透明计划场景步骤1：拆开商品外箱 步骤2：补贴商品透明计划标签 步骤3：商品封箱 步骤4：外箱上补贴对应的透明计划标签 内外箱透明计划标签需一致  步骤5：完成后输入增值单品数量,NULL,CO
570102,VASC000000288387,OSF8V1755,出库内外箱补贴商品标签,1,NULL,NULL,EAN场景步骤1：拆开商品外箱 步骤2：核对外箱及彩盒上的条码 步骤3：若条码不一致，则需要用客户上传的标签文件覆盖EAN条码 步骤4：外箱和彩盒上不能出现除正确EAN条码以外的其他条码，若有其他条码请用白标覆盖  步骤5：完成后输入增值单品数量 透明计划场景步骤1：拆开商品外箱 步骤2：补贴商品透明计划标签 步骤3：商品封箱 步骤4：外箱上补贴对应的透明计划标签 内外箱透明计划标签需一致  步骤5：完成后输入增值单品数量,NULL,CO
570174,VASC000000288438,OSF8V1601,出库其他服务需求,1,20260408,【出库】特殊打托需求,操作步骤：,,
570303,VASC000000288513,OSF6V1603,库内其他服务需求,1,20250407062,【库内】指定单品/库位商品更换标签上架,仓库操作步骤：,,
570387,VASC000000288564,OSF8V1620,Winit线下尾程服务,1,202512301,【尾程】winit线下尾程询价,"""1、仓库/尾程SD报价；",,
570456,VASC000000288597,OSF8V1749,审核出库单,1,NULL,NULL,仅万邑通内部发起,NULL,CO
570462,VASC000000288603,OSF8V1749,审核出库单,1,NULL,NULL,仅万邑通内部发起,NULL,CO
570480,VASC000000288609,OSF8V1620,Winit线下尾程服务,1,202512301,【尾程】winit线下尾程询价,"""1、仓库/尾程SD报价；",,
570489,VASC000000288612,OSF8V1601,出库其他服务需求,1,20250421002,【出库】仓库自主交货,操作步骤：,,
570495,VASC000000288621,OSF8V1601,出库其他服务需求,1,20250421002,【出库】仓库自主交货,操作步骤：,,
570516,VASC000000288624,OSF6V1603,库内其他服务需求,1,20250407035,【库内】拍摄照片/视频,【背景】客户想要拍视频给收货的买家查看。,,
570534,VASC000000288642,OSF8V1601,出库其他服务需求,1,20260408,【出库】特殊打托需求,操作步骤：,,
570585,VASC000000288663,OSF6V1603,库内其他服务需求,1,20250407062,【库内】指定单品/库位商品更换标签上架,仓库操作步骤：,,
571398,VASC000000288696,OW01V1602,入库其他服务需求,1,NULL,NULL,,NULL,CD
570726,VASC000000288735,OSF8V1657,代理清关,1,【Outbound】Customs clearance agent,【出库】代理清关,打印附件的清关文件，交付尾程供应商，完成出库,NULL,CO
571059,VASC000000288738,OW01V1602,入库其他服务需求,1,20260302,【入库】覆盖/清除标签,【背景】因为客户的包裹上有多个条码导致的，不同的条码扫描出来是不一样的SKU 。目前客户要求将异常的包裹指定覆盖某一个标签，让仓库扫描正确条码上架即可。但是提交增值无覆盖标签选项。,,
570729,VASC000000288741,OSF8V1657,代理清关,1,【Outbound】Customs clearance agent,【出库】代理清关,打印附件的清关文件，交付尾程供应商，完成出库,NULL,CO
570816,VASC000000288753,OSF6V1603,库内其他服务需求,1,20260302,【入库】覆盖/清除标签,仓库操作步骤：,,
570846,VASC000000288759,OSF6V1671,逆向取货,1,20250723,【尾程】Anker Crowfoots出库,仅收费，无需仓库操作,NULL,CO
570984,VASC000000288831,OW01V1599,提供海外仓监控视频-少包裹调查,1,NULL,NULL,根据到仓订单具体情况提供对应视频：,,
570951,VASC000000288834,OSF6V1603,库内其他服务需求,1,20250407044,仓库已完成 需补收费用,出库单：WO11378370301、WO11371226251 ，DG货物出库，临时方案加gaylord出库，非标收gaylord包材费用。,,
571023,VASC000000288855,OSF8V1620,Winit线下尾程服务,1,202512301,【尾程】winit线下尾程询价,"""1、仓库/尾程SD报价；",,
571053,VASC000000288867,OSF8V1620,Winit线下尾程服务,1,202512301,【尾程】winit线下尾程询价,"""1、仓库/尾程SD报价；",,
571086,VASC000000288885,OSF8V1749,审核出库单,1,NULL,NULL,仅万邑通内部发起,NULL,CO
571089,VASC000000288891,OSF8V1749,审核出库单,1,NULL,NULL,仅万邑通内部发起,NULL,CO
571107,VASC000000288897,OSF8V1601,出库其他服务需求,1,NULL,NULL,,NULL,CD
571137,VASC000000288912,OSF6V1603,库内其他服务需求,1,20250407062,【库内】指定单品/库位商品更换标签上架,仓库操作步骤：,,
571146,VASC000000288924,OSF8V1801,彩盒外箱出库加贴UPC标签,1,NULL,NULL,①按照附件贴标示意图的位置更换标签 ②开箱在彩盒顶部贴彩盒 UPC 标签（X3_彩盒中性标签_UPC），重新封箱 ③在外箱贴外箱 UPC 标签（X3_外盒中性标签_UPC）,NULL,CD
571215,VASC000000288933,OSF8V1601,出库其他服务需求,1,NULL,NULL,,NULL,CD
571239,VASC000000288945,OW01V1674,入库-异常包裹开箱拍照,1,NULL,NULL,1、根据增值单需求信息找货 2、根据客户示例图片拍照、且需要拍外箱箱唛图、SKU条码图，开箱拍产品实物图以及产品实物标签图 3、按照SKU/包裹整理拍照文件并上传,NULL,CO
571245,VASC000000288948,OW01V1674,入库-异常包裹开箱拍照,1,NULL,NULL,1、根据增值单需求信息找货 2、根据客户示例图片拍照、且需要拍外箱箱唛图、SKU条码图，开箱拍产品实物图以及产品实物标签图 3、按照SKU/包裹整理拍照文件并上传,NULL,CO
571251,VASC000000288951,OW01V1674,入库-异常包裹开箱拍照,1,NULL,NULL,1、根据增值单需求信息找货 2、根据客户示例图片拍照、且需要拍外箱箱唛图、SKU条码图，开箱拍产品实物图以及产品实物标签图 3、按照SKU/包裹整理拍照文件并上传,NULL,CO
571320,VASC000000288954,OW01V1602,入库其他服务需求,1,20250522001,【入库】指定商品拍照暂存,"【背景】箱子有油，仓库报A+包裹质量异常EB0126052029560986,EB0126052029560992,EB0126052029560995,EB0126052029560983,EB0126052029560911，需要开箱辨识。",,
571326,VASC000000288960,OSF6V1603,库内其他服务需求,1,20250407035,【库内】拍摄照片/视频,仓库操作步骤：,,
571332,VASC000000288978,OSF8V1749,审核出库单,1,NULL,NULL,仅万邑通内部发起,NULL,CO
571335,VASC000000288981,OSF8V1749,审核出库单,1,NULL,NULL,仅万邑通内部发起,NULL,CO
571344,VASC000000288984,OSF8V1755,出库内外箱补贴商品标签,1,NULL,NULL,EAN场景步骤1：拆开商品外箱 步骤2：核对外箱及彩盒上的条码 步骤3：若条码不一致，则需要用客户上传的标签文件覆盖EAN条码 步骤4：外箱和彩盒上不能出现除正确EAN条码以外的其他条码，若有其他条码请用白标覆盖  步骤5：完成后输入增值单品数量 透明计划场景步骤1：拆开商品外箱 步骤2：补贴商品透明计划标签 步骤3：商品封箱 步骤4：外箱上补贴对应的透明计划标签 内外箱透明计划标签需一致  步骤5：完成后输入增值单品数量,NULL,CO
571371,VASC000000288987,OSF8V1801,彩盒外箱出库加贴UPC标签,1,NULL,NULL,①按照附件贴标示意图的位置更换标签 ②开箱在彩盒顶部贴彩盒 UPC 标签（X3_彩盒中性标签_UPC），重新封箱 ③在外箱贴外箱 UPC 标签（X3_外盒中性标签_UPC）,NULL,RT
571410,VASC000000289002,OSF6V1603,库内其他服务需求,1,20250407071,【库内】商品组合,仓库操作步骤：,,
571434,VASC000000289017,OSF8V1755,出库内外箱补贴商品标签,1,NULL,NULL,EAN场景步骤1：拆开商品外箱 步骤2：核对外箱及彩盒上的条码 步骤3：若条码不一致，则需要用客户上传的标签文件覆盖EAN条码 步骤4：外箱和彩盒上不能出现除正确EAN条码以外的其他条码，若有其他条码请用白标覆盖  步骤5：完成后输入增值单品数量 透明计划场景步骤1：拆开商品外箱 步骤2：补贴商品透明计划标签 步骤3：商品封箱 步骤4：外箱上补贴对应的透明计划标签 内外箱透明计划标签需一致  步骤5：完成后输入增值单品数量,NULL,CO
571449,VASC000000289026,OSF8V1755,出库内外箱补贴商品标签,1,NULL,NULL,EAN场景步骤1：拆开商品外箱 步骤2：核对外箱及彩盒上的条码 步骤3：若条码不一致，则需要用客户上传的标签文件覆盖EAN条码 步骤4：外箱和彩盒上不能出现除正确EAN条码以外的其他条码，若有其他条码请用白标覆盖  步骤5：完成后输入增值单品数量 透明计划场景步骤1：拆开商品外箱 步骤2：补贴商品透明计划标签 步骤3：商品封箱 步骤4：外箱上补贴对应的透明计划标签 内外箱透明计划标签需一致  步骤5：完成后输入增值单品数量,NULL,CD
571452,VASC000000289026,OSF8V1716,Anker加急出库,1,NULL,NULL,仓库根据订单情况判断能否在【指定出库日期】之前完成增值，若无法操作加急，请“异常终止”增值订单，若可以操作，请填写加急实际操作工时并“完成”增值 注意（非常重要！！！）： 1. 加急增值完成标准： *标准出库：加急订单出库日期应早于应出库日期，若不符合此条件，请“异常终止”增值订单 *自提出库：加急订单暂存日期应早于应暂存日期，若不符合此条件，请“异常终止”增值订单 2. 仓库实际操作工时，请提前记录并如实填写，最终会根据此工时收取客户费用 3. 需要在出库前完成此增值，否则增值将会被自动“异常终止”,NULL,CD
571458,VASC000000289029,OSF8V1755,出库内外箱补贴商品标签,1,NULL,NULL,EAN场景步骤1：拆开商品外箱 步骤2：核对外箱及彩盒上的条码 步骤3：若条码不一致，则需要用客户上传的标签文件覆盖EAN条码 步骤4：外箱和彩盒上不能出现除正确EAN条码以外的其他条码，若有其他条码请用白标覆盖  步骤5：完成后输入增值单品数量 透明计划场景步骤1：拆开商品外箱 步骤2：补贴商品透明计划标签 步骤3：商品封箱 步骤4：外箱上补贴对应的透明计划标签 内外箱透明计划标签需一致  步骤5：完成后输入增值单品数量,NULL,CO
571716,VASC000000289143,OSF6V1677,退货商品补拍细节照,1,NULL,NULL,针对退货入库商品，按照客户示例图要求开箱补拍商品细节照片（含外箱标签照、内部商品细节图、内部商品标签照等）,NULL,CO
571737,VASC000000289161,OSF8V1779,交接 Master BOL,1,NULL,NULL,步骤1：确认客户关联的出库单据信息 步骤2：打印2份客户上传的 Master BOL文件 步骤3：2份都交给司机签字（每页均需要签字），签字后 ①其中1份文件拍照回传，并仓库存档2周及以上 ②其中1份+Packinglist+PO BOL(若有) 一起装入信封并在信封上写Load Destination code ：#### 交给司机,NULL,CO
571815,VASC000000289179,OSF6V1648,代采购包材物料,1,20250619001,【库内】代采购包材物料,包材商品条码	       包材商品编码	  纸箱型号	采购外径尺寸cm	采购数量	包材印刷内容；,,
571896,VASC000000289182,OW01V1674,入库-异常包裹开箱拍照,1,NULL,NULL,1、根据增值单需求信息找货 2、根据客户示例图片拍照、且需要拍外箱箱唛图、SKU条码图，开箱拍产品实物图以及产品实物标签图 3、按照SKU/包裹整理拍照文件并上传,NULL,CO
572067,VASC000000289212,OW01V1602,入库其他服务需求,1,20260320,【入库】	商品异常更换包裹标签商品标签新单上架,【背景】入库包裹异常单，商品条码非万邑通商品条码，更换为万邑通商品条码上架入库。,,
571929,VASC000000289230,OSF6V1603,库内其他服务需求,1,INSTOCK_INVENTORY_FREEZE_UNFREEZE,【库内】库存冻结/解冻,解冻之前冻结的库存：M010000000006050031， M010000000006050038。,,
571920,VASC000000289233,OSF8V1755,出库内外箱补贴商品标签,1,NULL,NULL,EAN场景步骤1：拆开商品外箱 步骤2：核对外箱及彩盒上的条码 步骤3：若条码不一致，则需要用客户上传的标签文件覆盖EAN条码 步骤4：外箱和彩盒上不能出现除正确EAN条码以外的其他条码，若有其他条码请用白标覆盖  步骤5：完成后输入增值单品数量 透明计划场景步骤1：拆开商品外箱 步骤2：补贴商品透明计划标签 步骤3：商品封箱 步骤4：外箱上补贴对应的透明计划标签 内外箱透明计划标签需一致  步骤5：完成后输入增值单品数量,NULL,CD
571953,VASC000000289245,OSF8V1755,出库内外箱补贴商品标签,1,NULL,NULL,EAN场景步骤1：拆开商品外箱 步骤2：核对外箱及彩盒上的条码 步骤3：若条码不一致，则需要用客户上传的标签文件覆盖EAN条码 步骤4：外箱和彩盒上不能出现除正确EAN条码以外的其他条码，若有其他条码请用白标覆盖  步骤5：完成后输入增值单品数量 透明计划场景步骤1：拆开商品外箱 步骤2：补贴商品透明计划标签 步骤3：商品封箱 步骤4：外箱上补贴对应的透明计划标签 内外箱透明计划标签需一致  步骤5：完成后输入增值单品数量,NULL,CO
571995,VASC000000289260,OSF8V1755,出库内外箱补贴商品标签,1,NULL,NULL,EAN场景步骤1：拆开商品外箱 步骤2：核对外箱及彩盒上的条码 步骤3：若条码不一致，则需要用客户上传的标签文件覆盖EAN条码 步骤4：外箱和彩盒上不能出现除正确EAN条码以外的其他条码，若有其他条码请用白标覆盖  步骤5：完成后输入增值单品数量 透明计划场景步骤1：拆开商品外箱 步骤2：补贴商品透明计划标签 步骤3：商品封箱 步骤4：外箱上补贴对应的透明计划标签 内外箱透明计划标签需一致  步骤5：完成后输入增值单品数量,NULL,CO
572010,VASC000000289263,OSF6V1596,单品拆分后上架（拆分为一个SKU）,1,NULL,NULL,1.拆分单品，拆分为同1个SKU,,
572028,VASC000000289269,OW01V1602,入库其他服务需求,1,20250929,【入库】海运整柜100%A+无包裹条码异常，新单无箱单或100%A+包直接上架,【背景】VASC000000289137异常包裹直接上架，[海运整柜100%A+/A包裹]，不支持异常[B01E1615_包裹条码批量异常（需客户处理），B0102E21_包裹条码异常(需客户处理)];整单退回。,,
572169,VASC000000289284,OSF6V1603,库内其他服务需求,1,NULL,NULL,,NULL,CD
572106,VASC000000289287,OSF8V1755,出库内外箱补贴商品标签,1,NULL,NULL,EAN场景步骤1：拆开商品外箱 步骤2：核对外箱及彩盒上的条码 步骤3：若条码不一致，则需要用客户上传的标签文件覆盖EAN条码 步骤4：外箱和彩盒上不能出现除正确EAN条码以外的其他条码，若有其他条码请用白标覆盖  步骤5：完成后输入增值单品数量 透明计划场景步骤1：拆开商品外箱 步骤2：补贴商品透明计划标签 步骤3：商品封箱 步骤4：外箱上补贴对应的透明计划标签 内外箱透明计划标签需一致  步骤5：完成后输入增值单品数量,NULL,CO
572181,VASC000000289296,OSF8V1755,出库内外箱补贴商品标签,1,NULL,NULL,EAN场景步骤1：拆开商品外箱 步骤2：核对外箱及彩盒上的条码 步骤3：若条码不一致，则需要用客户上传的标签文件覆盖EAN条码 步骤4：外箱和彩盒上不能出现除正确EAN条码以外的其他条码，若有其他条码请用白标覆盖  步骤5：完成后输入增值单品数量 透明计划场景步骤1：拆开商品外箱 步骤2：补贴商品透明计划标签 步骤3：商品封箱 步骤4：外箱上补贴对应的透明计划标签 内外箱透明计划标签需一致  步骤5：完成后输入增值单品数量,NULL,CO
572427,VASC000000289326,OSF6V1647,货权转移（改数模式）,1,【In-warehouse】Transfer of ownership of goods,【库内】货权转移,此类增值仅用于收费，IT系统改数，无需仓库实物流操作。仓库将增值单状态更新为“仓库已处理”。,NULL,CD
572340,VASC000000289350,OW01V1602,入库其他服务需求,1,NULL,NULL,,NULL,CD
572304,VASC000000289368,OSF6V1671,逆向取货,1,20250723,【尾程】Anker Crowfoots出库,仅收费，无需仓库操作,NULL,CO
572316,VASC000000289371,OSF6V1671,逆向取货,1,20250723,【尾程】Anker Crowfoots出库,仅收费，无需仓库操作,NULL,CO
572391,VASC000000289395,OW01V1602,入库其他服务需求,1,202506120003,【入库】批量辨识商品后补贴商品条码及包裹条码上架,"【背景】工厂发货时,整柜未贴条码,无对应关系,现需要仓库自主辨别,补贴条码。",,
572421,VASC000000289401,OSF8V1620,Winit线下尾程服务,1,NULL,NULL,"""1、仓库/尾程SD报价；",,
572583,VASC000000289404,OW01V1602,入库其他服务需求,1,202506120003,【入库】批量辨识商品后补贴商品条码及包裹条码上架,【背景】工厂发货时，商品未贴条码，需要仓库根据商品标签情况说明，自主辨别贴码。,,
572451,VASC000000289410,OSF8V1620,Winit线下尾程服务,1,202512301,【尾程】winit线下尾程询价,"""1、仓库/尾程SD报价；",,
572508,VASC000000289464,OSF8V1749,审核出库单,1,NULL,NULL,仅万邑通内部发起,NULL,CO
572538,VASC000000289494,OSF8V1620,Winit线下尾程服务,1,202512301,【尾程】winit线下尾程询价,"""1、仓库/尾程SD报价；",,
572637,VASC000000289497,OW01V1602,入库其他服务需求,1,20250522001,【入库】指定商品拍照暂存,【背景】WI49520521	B0400000001404501131	M010000000006901343产品外包装损坏。需要看下内部产品是否损坏。,,
572610,VASC000000289509,OSF8V1620,Winit线下尾程服务,1,202512301,【尾程】winit线下尾程询价,"""1、仓库/尾程SD报价；",,
572733,VASC000000289563,OSF6V1820,Global Quote Shipping-非标卡派LTL/FTL询价,1,NULL,NULL,"""""""1、仓库/尾程SD报价； 2、客户若同意报价，仓库预约供应商出库""""""",NULL,CD
572682,VASC000000289572,OSF6V1752,无主货找回（6个自然日内）-仓库创建无RMA退货单,1,NULL,NULL,步骤1：按照客户提供的快递单号或者POD尝试找回无主货 步骤2： ①若货物找回，请仓库创建无RMA退货单上架并反馈退货订单号，然后【完成】增值单 ②若货物未找回，请【完成】增值单  注意：此增值无论商品是否找回，请将增值单更新为【已出库】,NULL,CO
572835,VASC000000289578,OW01V1599,提供海外仓监控视频-少包裹调查,1,NULL,NULL,根据到仓订单具体情况提供对应视频：,,
572691,VASC000000289581,OSF8V1755,出库内外箱补贴商品标签,1,NULL,NULL,EAN场景步骤1：拆开商品外箱 步骤2：核对外箱及彩盒上的条码 步骤3：若条码不一致，则需要用客户上传的标签文件覆盖EAN条码 步骤4：外箱和彩盒上不能出现除正确EAN条码以外的其他条码，若有其他条码请用白标覆盖  步骤5：完成后输入增值单品数量 透明计划场景步骤1：拆开商品外箱 步骤2：补贴商品透明计划标签 步骤3：商品封箱 步骤4：外箱上补贴对应的透明计划标签 内外箱透明计划标签需一致  步骤5：完成后输入增值单品数量,NULL,CO
572730,VASC000000289584,OSF8V1755,出库内外箱补贴商品标签,1,NULL,NULL,EAN场景步骤1：拆开商品外箱 步骤2：核对外箱及彩盒上的条码 步骤3：若条码不一致，则需要用客户上传的标签文件覆盖EAN条码 步骤4：外箱和彩盒上不能出现除正确EAN条码以外的其他条码，若有其他条码请用白标覆盖  步骤5：完成后输入增值单品数量 透明计划场景步骤1：拆开商品外箱 步骤2：补贴商品透明计划标签 步骤3：商品封箱 步骤4：外箱上补贴对应的透明计划标签 内外箱透明计划标签需一致  步骤5：完成后输入增值单品数量,NULL,CO
572805,VASC000000289599,OW01V1602,入库其他服务需求,1,NULL,NULL,,NULL,CD
572817,VASC000000289602,OW01V1674,入库-异常包裹开箱拍照,1,NULL,NULL,1、根据增值单需求信息找货 2、根据客户示例图片拍照、且需要拍外箱箱唛图、SKU条码图，开箱拍产品实物图以及产品实物标签图 3、按照SKU/包裹整理拍照文件并上传,NULL,CO
572832,VASC000000289608,OSF6V1820,Global Quote Shipping-非标卡派LTL/FTL询价,1,NULL,NULL,"""""""1、仓库/尾程SD报价； 2、客户若同意报价，仓库预约供应商出库""""""",NULL,CD
572856,VASC000000289611,OSF6V1820,Global Quote Shipping-非标卡派LTL/FTL询价,1,NULL,NULL,"""""""1、仓库/尾程SD报价； 2、客户若同意报价，仓库预约供应商出库""""""",NULL,CD
572859,VASC000000289626,OSF8V1657,代理清关,1,【Outbound】Customs clearance agent,【出库】代理清关,打印附件的清关文件，交付尾程供应商，完成出库,NULL,CO
572862,VASC000000289629,OW01V1602,入库其他服务需求,1,20250512001,【库内】商品更换包装（WINIT标准包材）,仓库操作步骤：,,
572889,VASC000000289635,OSF8V1620,Winit线下尾程服务,1,202512301,【尾程】winit线下尾程询价,"""1、仓库/尾程SD报价；",,
572901,VASC000000289641,OSF6V1596,单品拆分后上架（拆分为一个SKU）,1,NULL,NULL,1.拆分单品，拆分为同1个SKU,,
572922,VASC000000289653,OSF8V1755,出库内外箱补贴商品标签,1,NULL,NULL,EAN场景步骤1：拆开商品外箱 步骤2：核对外箱及彩盒上的条码 步骤3：若条码不一致，则需要用客户上传的标签文件覆盖EAN条码 步骤4：外箱和彩盒上不能出现除正确EAN条码以外的其他条码，若有其他条码请用白标覆盖  步骤5：完成后输入增值单品数量 透明计划场景步骤1：拆开商品外箱 步骤2：补贴商品透明计划标签 步骤3：商品封箱 步骤4：外箱上补贴对应的透明计划标签 内外箱透明计划标签需一致  步骤5：完成后输入增值单品数量,NULL,CO
572946,VASC000000289662,OSF6V1596,单品拆分后上架（拆分为一个SKU）,1,NULL,NULL,1.拆分单品，拆分为同1个SKU,,
572976,VASC000000289680,OSF8V1755,出库内外箱补贴商品标签,1,NULL,NULL,EAN场景步骤1：拆开商品外箱 步骤2：核对外箱及彩盒上的条码 步骤3：若条码不一致，则需要用客户上传的标签文件覆盖EAN条码 步骤4：外箱和彩盒上不能出现除正确EAN条码以外的其他条码，若有其他条码请用白标覆盖  步骤5：完成后输入增值单品数量 透明计划场景步骤1：拆开商品外箱 步骤2：补贴商品透明计划标签 步骤3：商品封箱 步骤4：外箱上补贴对应的透明计划标签 内外箱透明计划标签需一致  步骤5：完成后输入增值单品数量,NULL,CO
572988,VASC000000289692,OSF8V1749,审核出库单,1,NULL,NULL,仅万邑通内部发起,NULL,CO
572991,VASC000000289695,OSF6V1603,库内其他服务需求,1,NULL,NULL,,NULL,CD
573063,VASC000000289713,OSF6V1603,库内其他服务需求,1,NULL,NULL,,NULL,CD
573069,VASC000000289716,OW01V1602,入库其他服务需求,1,NULL,NULL,,NULL,CD
573141,VASC000000289743,OW01V1602,入库其他服务需求,1,202506120003,【入库】批量辨识商品后补贴商品条码及包裹条码上架,"【背景】工厂发货时,整柜未贴条码,无对应关系,现需要仓库自主辨别,补贴条码。",,
573156,VASC000000289761,OW01V1602,入库其他服务需求,1,202506120003,【入库】批量辨识商品后补贴商品条码及包裹条码上架,【背景】工厂发货时，商品未贴条码，需要仓库根据商品标签情况说明，自主辨别贴码。,,
573162,VASC000000289779,OW01V1594,上架前自提（无需WINIT打托）,1,NULL,NULL,1、补贴快递面单,,
573174,VASC000000289782,OW01V1594,上架前自提（无需WINIT打托）,1,NULL,NULL,1、补贴快递面单,,
573273,VASC000000289785,OW01V1602,入库其他服务需求,1,20250522001,【入库】指定商品拍照暂存,【背景】该包裹外箱破损较严重，为了确认内部产品无误可正常使用，需要仓库进一步拆箱拍内部产品照片。,,
573558,VASC000000289836,OSF8V1601,出库其他服务需求,1,20250407013,【出库】指定位置贴商品/包裹标签/快递面单,操作步骤：,,
573282,VASC000000289842,OSF8V1601,出库其他服务需求,1,20260127,【出库】覆盖指定包裹标签,补收费用，仓库实际已操作完成,NULL,CO
573534,VASC000000289884,OSF6V1603,库内其他服务需求,1,INSTOCK_INVENTORY_FREEZE_UNFREEZE,【库内】库存冻结/解冻,背景：这个入库单WI49609563上架的500件库存疑似商品可能有漏液等情况，需要处理先冻结，后续内部确认后提供处理意见再进行操作.,,
573648,VASC000000289914,OSF8V1755,出库内外箱补贴商品标签,1,NULL,NULL,EAN场景步骤1：拆开商品外箱 步骤2：核对外箱及彩盒上的条码 步骤3：若条码不一致，则需要用客户上传的标签文件覆盖EAN条码 步骤4：外箱和彩盒上不能出现除正确EAN条码以外的其他条码，若有其他条码请用白标覆盖  步骤5：完成后输入增值单品数量 透明计划场景步骤1：拆开商品外箱 步骤2：补贴商品透明计划标签 步骤3：商品封箱 步骤4：外箱上补贴对应的透明计划标签 内外箱透明计划标签需一致  步骤5：完成后输入增值单品数量,NULL,CO
573741,VASC000000289953,OSF8V1755,出库内外箱补贴商品标签,1,NULL,NULL,EAN场景步骤1：拆开商品外箱 步骤2：核对外箱及彩盒上的条码 步骤3：若条码不一致，则需要用客户上传的标签文件覆盖EAN条码 步骤4：外箱和彩盒上不能出现除正确EAN条码以外的其他条码，若有其他条码请用白标覆盖  步骤5：完成后输入增值单品数量 透明计划场景步骤1：拆开商品外箱 步骤2：补贴商品透明计划标签 步骤3：商品封箱 步骤4：外箱上补贴对应的透明计划标签 内外箱透明计划标签需一致  步骤5：完成后输入增值单品数量,NULL,CO
573945,VASC000000290013,OW01V1602,入库其他服务需求,1,20250430,【入库】“包裹条码批量异常（需客户处理）”辨识后补贴包裹标签上架,【背景】入库单WI49349885移仓进来的， 无包裹码，商品条码仓库反馈部分无法识别。因异常之前提交了辨识增值VASC000000281448，无法重新批量登记包裹异常，按非标申请。,,
574002,VASC000000290082,OSF6V1603,库内其他服务需求,1,20250407045,【库内】辨识后贴标上架+销毁,仓库操作步骤：,,
573993,VASC000000290100,OSF8V1755,出库内外箱补贴商品标签,1,NULL,NULL,EAN场景步骤1：拆开商品外箱 步骤2：核对外箱及彩盒上的条码 步骤3：若条码不一致，则需要用客户上传的标签文件覆盖EAN条码 步骤4：外箱和彩盒上不能出现除正确EAN条码以外的其他条码，若有其他条码请用白标覆盖  步骤5：完成后输入增值单品数量 透明计划场景步骤1：拆开商品外箱 步骤2：补贴商品透明计划标签 步骤3：商品封箱 步骤4：外箱上补贴对应的透明计划标签 内外箱透明计划标签需一致  步骤5：完成后输入增值单品数量,NULL,CO
574005,VASC000000290106,OW01V1599,提供海外仓监控视频-少包裹调查,1,NULL,NULL,根据到仓订单具体情况提供对应视频：,,
574011,VASC000000290109,OSF8V1755,出库内外箱补贴商品标签,1,NULL,NULL,EAN场景步骤1：拆开商品外箱 步骤2：核对外箱及彩盒上的条码 步骤3：若条码不一致，则需要用客户上传的标签文件覆盖EAN条码 步骤4：外箱和彩盒上不能出现除正确EAN条码以外的其他条码，若有其他条码请用白标覆盖  步骤5：完成后输入增值单品数量 透明计划场景步骤1：拆开商品外箱 步骤2：补贴商品透明计划标签 步骤3：商品封箱 步骤4：外箱上补贴对应的透明计划标签 内外箱透明计划标签需一致  步骤5：完成后输入增值单品数量,NULL,CO
574017,VASC000000290121,OSF8V1620,Winit线下尾程服务,1,202512301,【尾程】winit线下尾程询价,"""1、仓库/尾程SD报价；",,
574029,VASC000000290127,OSF8V1755,出库内外箱补贴商品标签,1,NULL,NULL,EAN场景步骤1：拆开商品外箱 步骤2：核对外箱及彩盒上的条码 步骤3：若条码不一致，则需要用客户上传的标签文件覆盖EAN条码 步骤4：外箱和彩盒上不能出现除正确EAN条码以外的其他条码，若有其他条码请用白标覆盖  步骤5：完成后输入增值单品数量 透明计划场景步骤1：拆开商品外箱 步骤2：补贴商品透明计划标签 步骤3：商品封箱 步骤4：外箱上补贴对应的透明计划标签 内外箱透明计划标签需一致  步骤5：完成后输入增值单品数量,NULL,CO
574071,VASC000000290130,OW01V1757,Aiper开箱检查良品不良品,1,NULL,NULL,步骤1：找到原增值单，查看原增值单并定位到需要检查的包裹编码 →检查数量要求： ①①有贴纸，且温度贴纸变色，整箱所有单品开箱检查 ②无贴纸，整箱抽查10%（四舍五入）单品开箱检查 步骤2：根据客户提供的SOP检查并【拍照】反馈（注意：请在监控下操作），并反馈良品不良品数量及对应照片 步骤3：检查结果处理： ①检查为不良品：上架到不良品 ②检查为良品：上架到良品 ③无法判定是否为良品或者不良品：暂存，线下联系客服等待客户处理,NULL,CO
574098,VASC000000290136,OSF8V1601,出库其他服务需求,1,20250819,【出库】交货时拍照,操作步骤：,,
574119,VASC000000290160,OSF8V1601,出库其他服务需求,1,20250819,【出库】交货时拍照,操作步骤：,,
574134,VASC000000290163,OSF8V1601,出库其他服务需求,1,20250819,【出库】交货时拍照,操作步骤：,,
574149,VASC000000290166,OSF8V1601,出库其他服务需求,1,20250819,【出库】交货时拍照,操作步骤：,,
574191,VASC000000290202,OSF8V1620,Winit线下尾程服务,1,202512301,【尾程】winit线下尾程询价,"""1、仓库/尾程SD报价；",,
574254,VASC000000290223,OW01V1602,入库其他服务需求,1,20260302,【入库】覆盖/清除标签,【背景】入库单WI50035957送仓24箱，24箱包裹等级都为A+包裹，外箱上粘贴winit包裹条码标签，据CATO仓库反馈有存在外箱粘贴了2个入库单号的包裹条码标签，入库单号分别为：WI48561278和WI50035957，但不确认是否24箱都存在粘贴2个入库单包裹条码标签的情况，大概率是工厂端误粘贴了2个不同入库单的包裹条码标签。,,
574485,VASC000000290262,OW01V1602,入库其他服务需求,1,20250407003,【入库】上架前拆包装,【背景】EB0126051929558634 商品条码异常(需客户处理) 异常里面是有2个中性的盒子，需要仓库帮忙拆开包装操作处理，标准无法操作。,,
574476,VASC000000290271,OSF8V1601,出库其他服务需求,1,20260408,【出库】特殊打托需求,操作步骤：,,
577914,VASC000000290307,OSF6V1597,单品拆分后上架（拆分为多个SKU）,1,INSTOCK_SPLIT_SKU,【库内】拆分SKU,仓库操作步骤：,,
574491,VASC000000290313,OSF8V1620,Winit线下尾程服务,1,202512301,【尾程】winit线下尾程询价,"""1、仓库/尾程SD报价；",,
574518,VASC000000290319,OSF8V1620,Winit线下尾程服务,1,202512301,【尾程】winit线下尾程询价,"""1、仓库/尾程SD报价；",,
574542,VASC000000290331,OSF8V1755,出库内外箱补贴商品标签,1,NULL,NULL,EAN场景步骤1：拆开商品外箱 步骤2：核对外箱及彩盒上的条码 步骤3：若条码不一致，则需要用客户上传的标签文件覆盖EAN条码 步骤4：外箱和彩盒上不能出现除正确EAN条码以外的其他条码，若有其他条码请用白标覆盖  步骤5：完成后输入增值单品数量 透明计划场景步骤1：拆开商品外箱 步骤2：补贴商品透明计划标签 步骤3：商品封箱 步骤4：外箱上补贴对应的透明计划标签 内外箱透明计划标签需一致  步骤5：完成后输入增值单品数量,NULL,CO
574548,VASC000000290334,OSF8V1755,出库内外箱补贴商品标签,1,NULL,NULL,EAN场景步骤1：拆开商品外箱 步骤2：核对外箱及彩盒上的条码 步骤3：若条码不一致，则需要用客户上传的标签文件覆盖EAN条码 步骤4：外箱和彩盒上不能出现除正确EAN条码以外的其他条码，若有其他条码请用白标覆盖  步骤5：完成后输入增值单品数量 透明计划场景步骤1：拆开商品外箱 步骤2：补贴商品透明计划标签 步骤3：商品封箱 步骤4：外箱上补贴对应的透明计划标签 内外箱透明计划标签需一致  步骤5：完成后输入增值单品数量,NULL,CO
574554,VASC000000290337,OSF8V1755,出库内外箱补贴商品标签,1,NULL,NULL,EAN场景步骤1：拆开商品外箱 步骤2：核对外箱及彩盒上的条码 步骤3：若条码不一致，则需要用客户上传的标签文件覆盖EAN条码 步骤4：外箱和彩盒上不能出现除正确EAN条码以外的其他条码，若有其他条码请用白标覆盖  步骤5：完成后输入增值单品数量 透明计划场景步骤1：拆开商品外箱 步骤2：补贴商品透明计划标签 步骤3：商品封箱 步骤4：外箱上补贴对应的透明计划标签 内外箱透明计划标签需一致  步骤5：完成后输入增值单品数量,NULL,CO
574560,VASC000000290340,OSF8V1755,出库内外箱补贴商品标签,1,NULL,NULL,EAN场景步骤1：拆开商品外箱 步骤2：核对外箱及彩盒上的条码 步骤3：若条码不一致，则需要用客户上传的标签文件覆盖EAN条码 步骤4：外箱和彩盒上不能出现除正确EAN条码以外的其他条码，若有其他条码请用白标覆盖  步骤5：完成后输入增值单品数量 透明计划场景步骤1：拆开商品外箱 步骤2：补贴商品透明计划标签 步骤3：商品封箱 步骤4：外箱上补贴对应的透明计划标签 内外箱透明计划标签需一致  步骤5：完成后输入增值单品数量,NULL,CO
574605,VASC000000290358,OSF8V1601,出库其他服务需求,1,20250819,【出库】交货时拍照,操作步骤：,,
574620,VASC000000290361,OW01V1602,入库其他服务需求,1,20250407075,【入库】指定包裹拍照,【背景】客户入库包裹标签弄错了，需要上架前拦截辨识。,,
574635,VASC000000290364,OSF8V1601,出库其他服务需求,1,NULL,NULL,,NULL,CD
574914,VASC000000290505,OSF6V1647,货权转移（改数模式）,1,NULL,NULL,,NULL,CD
574953,VASC000000290535,OSF6V1603,库内其他服务需求,1,20250407010,【库内】指定库位开箱拍照,仓库操作步骤：,,
575004,VASC000000290559,OSF8V1601,出库其他服务需求,1,NULL,NULL,,NULL,CD
575061,VASC000000290616,OSF6V1603,库内其他服务需求,1,【Warehouse】Measurement and identification of commodity weight,【库内】商品尺重测量辨识,仓库操作步骤：,,
575124,VASC000000290625,OSF6V1603,库内其他服务需求,1,20250407075,【入库】指定包裹拍照,背景：因入库单WI49452697中B0400000001403356196包裹物流显示已送达并签收，但海外仓无卸货记录，需要找到该包裹对应的FedEx物流单号，以便FedEx配合调查。,,
575127,VASC000000290628,OSF8V1601,出库其他服务需求,1,20250408001,【出库】重新打托（塑料托盘）,操作步骤：,,
575130,VASC000000290646,OW01V1602,入库其他服务需求,1,20260302,【入库】覆盖/清除标签,【背景】包裹外箱有电池标签，需覆盖。,,
575367,VASC000000290694,OSF8V1601,出库其他服务需求,1,NULL,NULL,,NULL,CD
575232,VASC000000290706,OSF8V1601,出库其他服务需求,1,NULL,NULL,,NULL,CD
575292,VASC000000290724,OSF8V1601,出库其他服务需求,1,20250516,【出库】补贴/更换商品标签,操作步骤：,,
575310,VASC000000290733,OW01V1599,提供海外仓监控视频-少包裹调查,1,NULL,NULL,根据到仓订单具体情况提供对应视频：,,
575301,VASC000000290739,OW01V1674,入库-异常包裹开箱拍照,1,NULL,NULL,1、根据增值单需求信息找货 2、根据客户示例图片拍照、且需要拍外箱箱唛图、SKU条码图，开箱拍产品实物图以及产品实物标签图 3、按照SKU/包裹整理拍照文件并上传,NULL,CO
575412,VASC000000290787,OSF8V1601,出库其他服务需求,1,20250516,【出库】补贴/更换商品标签,操作步骤：,,
575430,VASC000000290790,OSF8V1601,出库其他服务需求,1,20250516,【出库】补贴/更换商品标签,操作步骤：,,
575466,VASC000000290826,OSF8V1755,出库内外箱补贴商品标签,1,NULL,NULL,EAN场景步骤1：拆开商品外箱 步骤2：核对外箱及彩盒上的条码 步骤3：若条码不一致，则需要用客户上传的标签文件覆盖EAN条码 步骤4：外箱和彩盒上不能出现除正确EAN条码以外的其他条码，若有其他条码请用白标覆盖  步骤5：完成后输入增值单品数量 透明计划场景步骤1：拆开商品外箱 步骤2：补贴商品透明计划标签 步骤3：商品封箱 步骤4：外箱上补贴对应的透明计划标签 内外箱透明计划标签需一致  步骤5：完成后输入增值单品数量,NULL,CO
575511,VASC000000290832,OW01V1602,入库其他服务需求,1,20250522001,【入库】指定商品拍照暂存,【背景】WI49618325入库单中包裹B0400000001405948777的M010000000010586021需要拍照辨识内部配件。,,
575556,VASC000000290874,OW01V1599,提供海外仓监控视频-少包裹调查,1,NULL,NULL,根据到仓订单具体情况提供对应视频：,,
575592,VASC000000290898,OSF8V1755,出库内外箱补贴商品标签,1,NULL,NULL,EAN场景步骤1：拆开商品外箱 步骤2：核对外箱及彩盒上的条码 步骤3：若条码不一致，则需要用客户上传的标签文件覆盖EAN条码 步骤4：外箱和彩盒上不能出现除正确EAN条码以外的其他条码，若有其他条码请用白标覆盖  步骤5：完成后输入增值单品数量 透明计划场景步骤1：拆开商品外箱 步骤2：补贴商品透明计划标签 步骤3：商品封箱 步骤4：外箱上补贴对应的透明计划标签 内外箱透明计划标签需一致  步骤5：完成后输入增值单品数量,NULL,CO
575601,VASC000000290901,OSF8V1620,Winit线下尾程服务,1,202512301,【尾程】winit线下尾程询价,"""1、仓库/尾程SD报价；",,
575640,VASC000000290913,OSF8V1620,Winit线下尾程服务,1,202512301,【尾程】winit线下尾程询价,"""1、仓库/尾程SD报价；",,
575646,VASC000000290922,OSF8V1755,出库内外箱补贴商品标签,1,NULL,NULL,EAN场景步骤1：拆开商品外箱 步骤2：核对外箱及彩盒上的条码 步骤3：若条码不一致，则需要用客户上传的标签文件覆盖EAN条码 步骤4：外箱和彩盒上不能出现除正确EAN条码以外的其他条码，若有其他条码请用白标覆盖  步骤5：完成后输入增值单品数量 透明计划场景步骤1：拆开商品外箱 步骤2：补贴商品透明计划标签 步骤3：商品封箱 步骤4：外箱上补贴对应的透明计划标签 内外箱透明计划标签需一致  步骤5：完成后输入增值单品数量,NULL,CO
575760,VASC000000290976,OW01V1599,提供海外仓监控视频-少包裹调查,1,NULL,NULL,根据到仓订单具体情况提供对应视频：,,
575790,VASC000000290979,OSF8V1601,出库其他服务需求,1,20250819,【出库】交货时拍照,操作步骤：,,
575871,VASC000000290991,OSF8V1601,出库其他服务需求,1,20250516,【出库】补贴/更换商品标签,操作步骤：,,
575817,VASC000000291003,OSF8V1755,出库内外箱补贴商品标签,1,NULL,NULL,EAN场景步骤1：拆开商品外箱 步骤2：核对外箱及彩盒上的条码 步骤3：若条码不一致，则需要用客户上传的标签文件覆盖EAN条码 步骤4：外箱和彩盒上不能出现除正确EAN条码以外的其他条码，若有其他条码请用白标覆盖  步骤5：完成后输入增值单品数量 透明计划场景步骤1：拆开商品外箱 步骤2：补贴商品透明计划标签 步骤3：商品封箱 步骤4：外箱上补贴对应的透明计划标签 内外箱透明计划标签需一致  步骤5：完成后输入增值单品数量,NULL,CO
575886,VASC000000291045,OSF8V1620,Winit线下尾程服务,1,202512301,【尾程】winit线下尾程询价,"""1、仓库/尾程SD报价；",,
575913,VASC000000291051,OSF8V1755,出库内外箱补贴商品标签,1,NULL,NULL,EAN场景步骤1：拆开商品外箱 步骤2：核对外箱及彩盒上的条码 步骤3：若条码不一致，则需要用客户上传的标签文件覆盖EAN条码 步骤4：外箱和彩盒上不能出现除正确EAN条码以外的其他条码，若有其他条码请用白标覆盖  步骤5：完成后输入增值单品数量 透明计划场景步骤1：拆开商品外箱 步骤2：补贴商品透明计划标签 步骤3：商品封箱 步骤4：外箱上补贴对应的透明计划标签 内外箱透明计划标签需一致  步骤5：完成后输入增值单品数量,NULL,CO
578409,VASC000000291057,OW01V1602,入库其他服务需求,1,20250522001,【入库】指定商品拍照暂存,【背景】EB0126052829870964商品条码异常，需要确认内物。,,
575955,VASC000000291075,OSF8V1620,Winit线下尾程服务,1,202512301,【尾程】winit线下尾程询价,"""1、仓库/尾程SD报价；",,
575967,VASC000000291084,OSF8V1755,出库内外箱补贴商品标签,1,NULL,NULL,EAN场景步骤1：拆开商品外箱 步骤2：核对外箱及彩盒上的条码 步骤3：若条码不一致，则需要用客户上传的标签文件覆盖EAN条码 步骤4：外箱和彩盒上不能出现除正确EAN条码以外的其他条码，若有其他条码请用白标覆盖  步骤5：完成后输入增值单品数量 透明计划场景步骤1：拆开商品外箱 步骤2：补贴商品透明计划标签 步骤3：商品封箱 步骤4：外箱上补贴对应的透明计划标签 内外箱透明计划标签需一致  步骤5：完成后输入增值单品数量,NULL,CO
576174,VASC000000291087,OSF8V1601,出库其他服务需求,1,NULL,NULL,,NULL,CD
576069,VASC000000291099,OSF8V1755,出库内外箱补贴商品标签,1,NULL,NULL,EAN场景步骤1：拆开商品外箱 步骤2：核对外箱及彩盒上的条码 步骤3：若条码不一致，则需要用客户上传的标签文件覆盖EAN条码 步骤4：外箱和彩盒上不能出现除正确EAN条码以外的其他条码，若有其他条码请用白标覆盖  步骤5：完成后输入增值单品数量 透明计划场景步骤1：拆开商品外箱 步骤2：补贴商品透明计划标签 步骤3：商品封箱 步骤4：外箱上补贴对应的透明计划标签 内外箱透明计划标签需一致  步骤5：完成后输入增值单品数量,NULL,CO
576141,VASC000000291126,OSF6V1603,库内其他服务需求,1,INSTOCK_INVENTORY_FREEZE_UNFREEZE,【库内】库存冻结/解冻,在库B01-K0-1.75-1000-SPL除了5.29到仓的WI50016757,,
576129,VASC000000291129,OSF8V1620,Winit线下尾程服务,1,202512301,【尾程】winit线下尾程询价,"""1、仓库/尾程SD报价；",,
576147,VASC000000291135,OSF8V1620,Winit线下尾程服务,1,202512301,【尾程】winit线下尾程询价,"""1、仓库/尾程SD报价；",,
576204,VASC000000291141,OSF8V1755,出库内外箱补贴商品标签,1,NULL,NULL,EAN场景步骤1：拆开商品外箱 步骤2：核对外箱及彩盒上的条码 步骤3：若条码不一致，则需要用客户上传的标签文件覆盖EAN条码 步骤4：外箱和彩盒上不能出现除正确EAN条码以外的其他条码，若有其他条码请用白标覆盖  步骤5：完成后输入增值单品数量 透明计划场景步骤1：拆开商品外箱 步骤2：补贴商品透明计划标签 步骤3：商品封箱 步骤4：外箱上补贴对应的透明计划标签 内外箱透明计划标签需一致  步骤5：完成后输入增值单品数量,NULL,CO
576228,VASC000000291147,OSF8V1620,Winit线下尾程服务,1,202512301,【尾程】winit线下尾程询价,"""1、仓库/尾程SD报价；",,
576234,VASC000000291150,OSF8V1755,出库内外箱补贴商品标签,1,NULL,NULL,EAN场景步骤1：拆开商品外箱 步骤2：核对外箱及彩盒上的条码 步骤3：若条码不一致，则需要用客户上传的标签文件覆盖EAN条码 步骤4：外箱和彩盒上不能出现除正确EAN条码以外的其他条码，若有其他条码请用白标覆盖  步骤5：完成后输入增值单品数量 透明计划场景步骤1：拆开商品外箱 步骤2：补贴商品透明计划标签 步骤3：商品封箱 步骤4：外箱上补贴对应的透明计划标签 内外箱透明计划标签需一致  步骤5：完成后输入增值单品数量,NULL,CO
576240,VASC000000291153,OSF8V1755,出库内外箱补贴商品标签,1,NULL,NULL,EAN场景步骤1：拆开商品外箱 步骤2：核对外箱及彩盒上的条码 步骤3：若条码不一致，则需要用客户上传的标签文件覆盖EAN条码 步骤4：外箱和彩盒上不能出现除正确EAN条码以外的其他条码，若有其他条码请用白标覆盖  步骤5：完成后输入增值单品数量 透明计划场景步骤1：拆开商品外箱 步骤2：补贴商品透明计划标签 步骤3：商品封箱 步骤4：外箱上补贴对应的透明计划标签 内外箱透明计划标签需一致  步骤5：完成后输入增值单品数量,NULL,CO
576246,VASC000000291156,OSF8V1755,出库内外箱补贴商品标签,1,NULL,NULL,EAN场景步骤1：拆开商品外箱 步骤2：核对外箱及彩盒上的条码 步骤3：若条码不一致，则需要用客户上传的标签文件覆盖EAN条码 步骤4：外箱和彩盒上不能出现除正确EAN条码以外的其他条码，若有其他条码请用白标覆盖  步骤5：完成后输入增值单品数量 透明计划场景步骤1：拆开商品外箱 步骤2：补贴商品透明计划标签 步骤3：商品封箱 步骤4：外箱上补贴对应的透明计划标签 内外箱透明计划标签需一致  步骤5：完成后输入增值单品数量,NULL,CO
576252,VASC000000291159,OSF8V1716,Anker加急出库,1,NULL,NULL,仓库根据订单情况判断能否在【指定出库日期】之前完成增值，若无法操作加急，请“异常终止”增值订单，若可以操作，请填写加急实际操作工时并“完成”增值 注意（非常重要！！！）： 1. 加急增值完成标准： *标准出库：加急订单出库日期应早于应出库日期，若不符合此条件，请“异常终止”增值订单 *自提出库：加急订单暂存日期应早于应暂存日期，若不符合此条件，请“异常终止”增值订单 2. 仓库实际操作工时，请提前记录并如实填写，最终会根据此工时收取客户费用 3. 需要在出库前完成此增值，否则增值将会被自动“异常终止”,NULL,CO
576264,VASC000000291168,OW01V1602,入库其他服务需求,1,20250407075,【入库】指定包裹拍照,【背景】客户入库包裹标签弄错了，需要上架前拦截辨识。,,
576285,VASC000000291174,OW01V1602,入库其他服务需求,1,20250407075,【入库】指定包裹拍照,【背景】客户入库包裹标签弄错了，需要上架前拦截辨识。,,
576309,VASC000000291177,OSF6V1603,库内其他服务需求,1,INSTOCK_SPLIT_SKU,【库内】拆分SKU,仓库操作步骤：,,
576303,VASC000000291180,OSF8V1755,出库内外箱补贴商品标签,1,NULL,NULL,EAN场景步骤1：拆开商品外箱 步骤2：核对外箱及彩盒上的条码 步骤3：若条码不一致，则需要用客户上传的标签文件覆盖EAN条码 步骤4：外箱和彩盒上不能出现除正确EAN条码以外的其他条码，若有其他条码请用白标覆盖  步骤5：完成后输入增值单品数量 透明计划场景步骤1：拆开商品外箱 步骤2：补贴商品透明计划标签 步骤3：商品封箱 步骤4：外箱上补贴对应的透明计划标签 内外箱透明计划标签需一致  步骤5：完成后输入增值单品数量,NULL,CO
576306,VASC000000291180,OSF8V1716,Anker加急出库,1,NULL,NULL,仓库根据订单情况判断能否在【指定出库日期】之前完成增值，若无法操作加急，请“异常终止”增值订单，若可以操作，请填写加急实际操作工时并“完成”增值 注意（非常重要！！！）： 1. 加急增值完成标准： *标准出库：加急订单出库日期应早于应出库日期，若不符合此条件，请“异常终止”增值订单 *自提出库：加急订单暂存日期应早于应暂存日期，若不符合此条件，请“异常终止”增值订单 2. 仓库实际操作工时，请提前记录并如实填写，最终会根据此工时收取客户费用 3. 需要在出库前完成此增值，否则增值将会被自动“异常终止”,NULL,CO
576342,VASC000000291192,OSF6V1603,库内其他服务需求,1,20250401002,【库内】关联第三方条码上架,背景：基于该增值单：VASC000000285225已采集SN码，现客户已导入SN码，需要重新上架；,,
576387,VASC000000291198,OW01V1602,入库其他服务需求,1,20250407020,【入库】组合后上架,"【背景】零配件到仓, 现场需要组装服务。",,
576426,VASC000000291222,OW01V1599,提供海外仓监控视频-少包裹调查,1,NULL,NULL,根据到仓订单具体情况提供对应视频：,,
576513,VASC000000291249,OSF8V1620,Winit线下尾程服务,1,NULL,NULL,"""1、仓库/尾程SD报价；",,
576729,VASC000000291279,OSF6V1603,库内其他服务需求,1,20250407010,【库内】指定库位开箱拍照,仓库操作步骤：,,
576666,VASC000000291321,OSF8V1601,出库其他服务需求,1,NULL,NULL,,NULL,CD
576798,VASC000000291336,OSF6V1603,库内其他服务需求,1,20250407035,【库内】拍摄照片/视频,仓库操作步骤：,,
576741,VASC000000291342,OSF6V1603,库内其他服务需求,1,20260302,【入库】覆盖/清除标签,仓库操作步骤：,,
576768,VASC000000291345,OSF8V1601,出库其他服务需求,1,20250407013,【出库】指定位置贴商品/包裹标签/快递面单,操作步骤：,,
576843,VASC000000291378,OW01V1602,入库其他服务需求,1,2026051101,【入库】包裹/商品条码异常重新扫描包裹/商品条码上架,"【背景】EB0126052029605716,EB0126052029606157,EB0126052029606340,EB0126052629789217,EB0126052629789367，以上异常单因库容问题晚推单，导致到仓后登记异常，目前入库单已推送成功。",,
576870,VASC000000291393,OW01V1602,入库其他服务需求,1,2026051101,【入库】包裹/商品条码异常重新扫描包裹/商品条码上架,【背景】货物到仓后入库订单还没有推送到仓库，触发异常。,,
576882,VASC000000291396,OSF8V1716,Anker加急出库,1,NULL,NULL,仓库根据订单情况判断能否在【指定出库日期】之前完成增值，若无法操作加急，请“异常终止”增值订单，若可以操作，请填写加急实际操作工时并“完成”增值 注意（非常重要！！！）： 1. 加急增值完成标准： *标准出库：加急订单出库日期应早于应出库日期，若不符合此条件，请“异常终止”增值订单 *自提出库：加急订单暂存日期应早于应暂存日期，若不符合此条件，请“异常终止”增值订单 2. 仓库实际操作工时，请提前记录并如实填写，最终会根据此工时收取客户费用 3. 需要在出库前完成此增值，否则增值将会被自动“异常终止”,NULL,CO
576888,VASC000000291399,OSF8V1716,Anker加急出库,1,NULL,NULL,仓库根据订单情况判断能否在【指定出库日期】之前完成增值，若无法操作加急，请“异常终止”增值订单，若可以操作，请填写加急实际操作工时并“完成”增值 注意（非常重要！！！）： 1. 加急增值完成标准： *标准出库：加急订单出库日期应早于应出库日期，若不符合此条件，请“异常终止”增值订单 *自提出库：加急订单暂存日期应早于应暂存日期，若不符合此条件，请“异常终止”增值订单 2. 仓库实际操作工时，请提前记录并如实填写，最终会根据此工时收取客户费用 3. 需要在出库前完成此增值，否则增值将会被自动“异常终止”,NULL,CO
576918,VASC000000291444,OSF8V1620,Winit线下尾程服务,1,202512301,【尾程】winit线下尾程询价,"""1、仓库/尾程SD报价；",,
576969,VASC000000291456,OSF8V1620,Winit线下尾程服务,1,202512301,【尾程】winit线下尾程询价,"""1、仓库/尾程SD报价；",,
576975,VASC000000291459,OSF8V1601,出库其他服务需求,1,NULL,NULL,,NULL,CD
577065,VASC000000291501,OSF8V1620,Winit线下尾程服务,1,202512301,【尾程】winit线下尾程询价,"""1、仓库/尾程SD报价；",,
577071,VASC000000291519,OSF8V1620,Winit线下尾程服务,1,202512301,【尾程】winit线下尾程询价,"""1、仓库/尾程SD报价；",,
577080,VASC000000291522,OSF8V1620,Winit线下尾程服务,1,202512301,【尾程】winit线下尾程询价,"""1、仓库/尾程SD报价；",,
577086,VASC000000291528,OSF8V1620,Winit线下尾程服务,1,202512301,【尾程】winit线下尾程询价,"""1、仓库/尾程SD报价；",,
577143,VASC000000291555,OSF8V1601,出库其他服务需求,1,NULL,NULL,,NULL,CD
577968,VASC000000291558,OW01V1602,入库其他服务需求,1,20250407006,【入库】同异常多种处理方式（直接上架+换包装上架+换标上架+部分销毁）,【背景】WI49654652，WI49647426，WI49647662，WI49647755 WINIT承运空运货物，在中转口岸遇到雨天，箱子淋雨完全损坏。头程反馈可能存在产品受潮发霉。为避免影响店铺销售，提交了增值服务VASC000000288945开箱拍照辨识，9款SKU，共计207件，仓库反馈其中2款产品的包装袋内有很多水珠，衣服是半湿状态，共计6件。,,
577203,VASC000000291576,OSF8V1620,Winit线下尾程服务,1,202512301,【尾程】winit线下尾程询价,"""1、仓库/尾程SD报价；",,
577245,VASC000000291591,OW01V1594,上架前自提（无需WINIT打托）,1,NULL,NULL,1、补贴快递面单,,
577230,VASC000000291597,OSF8V1655,补贴UN标签（仅自提出库）,1,NULL,NULL,1.按照客户提供的示例标签，使用仓库标签补贴；,,
577320,VASC000000291603,OSF8V1620,Winit线下尾程服务,1,202512301,【尾程】winit线下尾程询价,"""1、仓库/尾程SD报价；",,
577311,VASC000000291621,OSF8V1620,Winit线下尾程服务,1,202512301,【尾程】winit线下尾程询价,"""1、仓库/尾程SD报价；",,
577509,VASC000000291624,OW01V1602,入库其他服务需求,1,NULL,NULL,,NULL,CD
581253,VASC000000291657,OW01V1602,入库其他服务需求,1,NULL,NULL,,NULL,CD
577926,VASC000000291666,OSF6V1603,库内其他服务需求,1,NULL,NULL,,NULL,CD
577422,VASC000000291681,OW01V1600,提供海外仓监控视频-少单品调查,1,NULL,NULL,根据到仓订单具体情况提供对应视频：,,
581172,VASC000000291696,OW01V1602,入库其他服务需求,1,NULL,NULL,,NULL,CD
577449,VASC000000291702,OSF6V1603,库内其他服务需求,1,20250407035,【库内】拍摄照片/视频,仓库操作步骤：,,
577497,VASC000000291723,OSF8V1601,出库其他服务需求,1,NULL,NULL,,NULL,CD
577641,VASC000000291801,OSF6V1596,单品拆分后上架（拆分为一个SKU）,1,NULL,NULL,1.拆分单品，拆分为同1个SKU,,
577647,VASC000000291813,OSF8V1755,出库内外箱补贴商品标签,1,NULL,NULL,EAN场景步骤1：拆开商品外箱 步骤2：核对外箱及彩盒上的条码 步骤3：若条码不一致，则需要用客户上传的标签文件覆盖EAN条码 步骤4：外箱和彩盒上不能出现除正确EAN条码以外的其他条码，若有其他条码请用白标覆盖  步骤5：完成后输入增值单品数量 透明计划场景步骤1：拆开商品外箱 步骤2：补贴商品透明计划标签 步骤3：商品封箱 步骤4：外箱上补贴对应的透明计划标签 内外箱透明计划标签需一致  步骤5：完成后输入增值单品数量,NULL,CO
577665,VASC000000291819,OSF8V1601,出库其他服务需求,1,NULL,NULL,,NULL,CD
577680,VASC000000291822,OSF8V1601,出库其他服务需求,1,NULL,NULL,,NULL,CD
577692,VASC000000291825,OSF8V1601,出库其他服务需求,1,NULL,NULL,,NULL,CD
577701,VASC000000291828,OSF8V1620,Winit线下尾程服务,1,NULL,NULL,"""1、仓库/尾程SD报价；",,
578844,VASC000000291831,OW01V1602,入库其他服务需求,1,20250522001,【入库】指定商品拍照暂存,【背景】异常单EB0126060129969022中部分商品客户需要拍照辨识。,,
577707,VASC000000291834,OSF8V1755,出库内外箱补贴商品标签,1,NULL,NULL,EAN场景步骤1：拆开商品外箱 步骤2：核对外箱及彩盒上的条码 步骤3：若条码不一致，则需要用客户上传的标签文件覆盖EAN条码 步骤4：外箱和彩盒上不能出现除正确EAN条码以外的其他条码，若有其他条码请用白标覆盖  步骤5：完成后输入增值单品数量 透明计划场景步骤1：拆开商品外箱 步骤2：补贴商品透明计划标签 步骤3：商品封箱 步骤4：外箱上补贴对应的透明计划标签 内外箱透明计划标签需一致  步骤5：完成后输入增值单品数量,NULL,CO
577878,VASC000000291837,OSF6V1603,库内其他服务需求,1,NULL,NULL,,NULL,CD
577713,VASC000000291840,OW01V1600,提供海外仓监控视频-少单品调查,1,NULL,NULL,根据到仓订单具体情况提供对应视频：,,
577884,VASC000000291849,OSF6V1752,无主货找回（6个自然日内）-仓库创建无RMA退货单,1,NULL,NULL,步骤1：按照客户提供的快递单号或者POD尝试找回无主货 步骤2： ①若货物找回，请仓库创建无RMA退货单上架并反馈退货订单号，然后【完成】增值单 ②若货物未找回，请【完成】增值单  注意：此增值无论商品是否找回，请将增值单更新为【已出库】,NULL,CO
577899,VASC000000291852,OSF6V1603,库内其他服务需求,1,20250808002,【库内】不良品转良品上架,仓库操作步骤：,,
577953,VASC000000291864,OW01V1602,入库其他服务需求,1,NULL,NULL,,NULL,CD
577998,VASC000000291894,OSF8V1620,Winit线下尾程服务,1,202512301,【尾程】winit线下尾程询价,"""1、仓库/尾程SD报价；",,
578004,VASC000000291897,OSF8V1620,Winit线下尾程服务,1,202512301,【尾程】winit线下尾程询价,"""1、仓库/尾程SD报价；",,
578025,VASC000000291900,OSF8V1620,Winit线下尾程服务,1,202512301,【尾程】winit线下尾程询价,"""1、仓库/尾程SD报价；",,
578067,VASC000000291918,OSF8V1755,出库内外箱补贴商品标签,1,NULL,NULL,EAN场景步骤1：拆开商品外箱 步骤2：核对外箱及彩盒上的条码 步骤3：若条码不一致，则需要用客户上传的标签文件覆盖EAN条码 步骤4：外箱和彩盒上不能出现除正确EAN条码以外的其他条码，若有其他条码请用白标覆盖  步骤5：完成后输入增值单品数量 透明计划场景步骤1：拆开商品外箱 步骤2：补贴商品透明计划标签 步骤3：商品封箱 步骤4：外箱上补贴对应的透明计划标签 内外箱透明计划标签需一致  步骤5：完成后输入增值单品数量,NULL,CO
578088,VASC000000291927,OSF8V1755,出库内外箱补贴商品标签,1,NULL,NULL,EAN场景步骤1：拆开商品外箱 步骤2：核对外箱及彩盒上的条码 步骤3：若条码不一致，则需要用客户上传的标签文件覆盖EAN条码 步骤4：外箱和彩盒上不能出现除正确EAN条码以外的其他条码，若有其他条码请用白标覆盖  步骤5：完成后输入增值单品数量 透明计划场景步骤1：拆开商品外箱 步骤2：补贴商品透明计划标签 步骤3：商品封箱 步骤4：外箱上补贴对应的透明计划标签 内外箱透明计划标签需一致  步骤5：完成后输入增值单品数量,NULL,CO
578097,VASC000000291936,OSF8V1749,审核出库单,1,NULL,NULL,仅万邑通内部发起,NULL,CO
578103,VASC000000291939,OSF8V1755,出库内外箱补贴商品标签,1,NULL,NULL,EAN场景步骤1：拆开商品外箱 步骤2：核对外箱及彩盒上的条码 步骤3：若条码不一致，则需要用客户上传的标签文件覆盖EAN条码 步骤4：外箱和彩盒上不能出现除正确EAN条码以外的其他条码，若有其他条码请用白标覆盖  步骤5：完成后输入增值单品数量 透明计划场景步骤1：拆开商品外箱 步骤2：补贴商品透明计划标签 步骤3：商品封箱 步骤4：外箱上补贴对应的透明计划标签 内外箱透明计划标签需一致  步骤5：完成后输入增值单品数量,NULL,CO
578109,VASC000000291945,OSF8V1755,出库内外箱补贴商品标签,1,NULL,NULL,EAN场景步骤1：拆开商品外箱 步骤2：核对外箱及彩盒上的条码 步骤3：若条码不一致，则需要用客户上传的标签文件覆盖EAN条码 步骤4：外箱和彩盒上不能出现除正确EAN条码以外的其他条码，若有其他条码请用白标覆盖  步骤5：完成后输入增值单品数量 透明计划场景步骤1：拆开商品外箱 步骤2：补贴商品透明计划标签 步骤3：商品封箱 步骤4：外箱上补贴对应的透明计划标签 内外箱透明计划标签需一致  步骤5：完成后输入增值单品数量,NULL,CO
578115,VASC000000291948,OSF8V1755,出库内外箱补贴商品标签,1,NULL,NULL,EAN场景步骤1：拆开商品外箱 步骤2：核对外箱及彩盒上的条码 步骤3：若条码不一致，则需要用客户上传的标签文件覆盖EAN条码 步骤4：外箱和彩盒上不能出现除正确EAN条码以外的其他条码，若有其他条码请用白标覆盖  步骤5：完成后输入增值单品数量 透明计划场景步骤1：拆开商品外箱 步骤2：补贴商品透明计划标签 步骤3：商品封箱 步骤4：外箱上补贴对应的透明计划标签 内外箱透明计划标签需一致  步骤5：完成后输入增值单品数量,NULL,CD
578475,VASC000000292017,OSF6V1603,库内其他服务需求,1,20250407043,【库内】商品外观辨识+贴标上架,仓库操作步骤：,,
578259,VASC000000292026,OSF8V1601,出库其他服务需求,1,202507141,【出库】采集SN码,操作步骤：,,
578256,VASC000000292032,OSF6V1603,库内其他服务需求,1,20250407035,【库内】拍摄照片/视频,背景：客户退回的不是客户的产品，客户需要拆箱拍照里面的产品去申诉，拆箱后不用复原。,,
578262,VASC000000292041,OSF6V1603,库内其他服务需求,1,20250407062,【库内】指定单品/库位商品更换标签上架,背景：库内从	MB+T29190A1换标签上架到	T29190A1，因	MB+T29190A1在库是不良品，换标后也需要上架到不良品,,
578271,VASC000000292044,OSF8V1601,出库其他服务需求,1,202507141,【出库】采集SN码,操作步骤：,,
578286,VASC000000292047,OSF8V1601,出库其他服务需求,1,NULL,NULL,,NULL,CD
578289,VASC000000292056,OW01V1602,入库其他服务需求,1,20260302,【入库】覆盖/清除标签,【背景】外箱贴有商品标签，是担心员工以为包裹是A+包整箱发出。,,
578295,VASC000000292059,OSF8V1601,出库其他服务需求,1,NULL,NULL,,NULL,CD
578346,VASC000000292080,OSF8V1620,Winit线下尾程服务,1,202512301,【尾程】winit线下尾程询价,"""1、仓库/尾程SD报价；",,
578454,VASC000000292083,OSF6V1603,库内其他服务需求,1,NULL,NULL,,NULL,CD
578460,VASC000000292113,OSF8V1755,出库内外箱补贴商品标签,1,NULL,NULL,EAN场景步骤1：拆开商品外箱 步骤2：核对外箱及彩盒上的条码 步骤3：若条码不一致，则需要用客户上传的标签文件覆盖EAN条码 步骤4：外箱和彩盒上不能出现除正确EAN条码以外的其他条码，若有其他条码请用白标覆盖  步骤5：完成后输入增值单品数量 透明计划场景步骤1：拆开商品外箱 步骤2：补贴商品透明计划标签 步骤3：商品封箱 步骤4：外箱上补贴对应的透明计划标签 内外箱透明计划标签需一致  步骤5：完成后输入增值单品数量,NULL,CO
578490,VASC000000292116,OSF6V1596,单品拆分后上架（拆分为一个SKU）,1,NULL,NULL,1.拆分单品，拆分为同1个SKU,,
578667,VASC000000292161,OSF8V1620,Winit线下尾程服务,1,NULL,NULL,"""1、仓库/尾程SD报价；",,
578661,VASC000000292164,OW01V1674,入库-异常包裹开箱拍照,1,NULL,NULL,1、根据增值单需求信息找货 2、根据客户示例图片拍照、且需要拍外箱箱唛图、SKU条码图，开箱拍产品实物图以及产品实物标签图 3、按照SKU/包裹整理拍照文件并上传,NULL,CO
578694,VASC000000292176,OSF8V1601,出库其他服务需求,1,20260408,【出库】特殊打托需求,操作步骤：,,
578703,VASC000000292179,OSF8V1601,出库其他服务需求,1,20260408,【出库】特殊打托需求,操作步骤：,,
578706,VASC000000292182,OSF8V1601,出库其他服务需求,1,20260408,【出库】特殊打托需求,操作步骤：,,
578733,VASC000000292194,OSF8V1657,代理清关,1,【Outbound】Customs clearance agent,【出库】代理清关,打印附件的清关文件，交付尾程供应商，完成出库,NULL,CO
578736,VASC000000292197,OSF8V1657,代理清关,1,【Outbound】Customs clearance agent,【出库】代理清关,打印附件的清关文件，交付尾程供应商，完成出库,NULL,CO
578763,VASC000000292200,OW01V1602,入库其他服务需求,1,20250407004,【入库】尺重/标签辨识后换标上架,【背景】EB0126050729300937异常单提交增值VASC000000278778拍照所给图片中有2个标签，需根据不同的标签对应贴标上架。,,
578739,VASC000000292203,OSF8V1657,代理清关,1,【Outbound】Customs clearance agent,【出库】代理清关,打印附件的清关文件，交付尾程供应商，完成出库,NULL,CO
578769,VASC000000292218,OSF8V1716,Anker加急出库,1,NULL,NULL,仓库根据订单情况判断能否在【指定出库日期】之前完成增值，若无法操作加急，请“异常终止”增值订单，若可以操作，请填写加急实际操作工时并“完成”增值 注意（非常重要！！！）： 1. 加急增值完成标准： *标准出库：加急订单出库日期应早于应出库日期，若不符合此条件，请“异常终止”增值订单 *自提出库：加急订单暂存日期应早于应暂存日期，若不符合此条件，请“异常终止”增值订单 2. 仓库实际操作工时，请提前记录并如实填写，最终会根据此工时收取客户费用 3. 需要在出库前完成此增值，否则增值将会被自动“异常终止”,NULL,CO
578775,VASC000000292221,OSF8V1716,Anker加急出库,1,NULL,NULL,仓库根据订单情况判断能否在【指定出库日期】之前完成增值，若无法操作加急，请“异常终止”增值订单，若可以操作，请填写加急实际操作工时并“完成”增值 注意（非常重要！！！）： 1. 加急增值完成标准： *标准出库：加急订单出库日期应早于应出库日期，若不符合此条件，请“异常终止”增值订单 *自提出库：加急订单暂存日期应早于应暂存日期，若不符合此条件，请“异常终止”增值订单 2. 仓库实际操作工时，请提前记录并如实填写，最终会根据此工时收取客户费用 3. 需要在出库前完成此增值，否则增值将会被自动“异常终止”,NULL,CO
579369,VASC000000292227,OSF6V1603,库内其他服务需求,1,20250407062,【库内】指定单品/库位商品更换标签上架,基于原增值单：VASC000000285924的辨识结果，客户重新下了新的入库单做上架；,,
578781,VASC000000292230,OSF8V1755,出库内外箱补贴商品标签,1,NULL,NULL,EAN场景步骤1：拆开商品外箱 步骤2：核对外箱及彩盒上的条码 步骤3：若条码不一致，则需要用客户上传的标签文件覆盖EAN条码 步骤4：外箱和彩盒上不能出现除正确EAN条码以外的其他条码，若有其他条码请用白标覆盖  步骤5：完成后输入增值单品数量 透明计划场景步骤1：拆开商品外箱 步骤2：补贴商品透明计划标签 步骤3：商品封箱 步骤4：外箱上补贴对应的透明计划标签 内外箱透明计划标签需一致  步骤5：完成后输入增值单品数量,NULL,CO
578796,VASC000000292242,OSF8V1755,出库内外箱补贴商品标签,1,NULL,NULL,EAN场景步骤1：拆开商品外箱 步骤2：核对外箱及彩盒上的条码 步骤3：若条码不一致，则需要用客户上传的标签文件覆盖EAN条码 步骤4：外箱和彩盒上不能出现除正确EAN条码以外的其他条码，若有其他条码请用白标覆盖  步骤5：完成后输入增值单品数量 透明计划场景步骤1：拆开商品外箱 步骤2：补贴商品透明计划标签 步骤3：商品封箱 步骤4：外箱上补贴对应的透明计划标签 内外箱透明计划标签需一致  步骤5：完成后输入增值单品数量,NULL,CO
578814,VASC000000292245,OSF6V1603,库内其他服务需求,1,20250407071,【库内】商品组合,仓库操作步骤：,,
578898,VASC000000292254,OSF6V1643,库内-清除商品标签,1,NULL,NULL,根据客户提供实例图片，清除指定标签,NULL,CO
578838,VASC000000292260,OSF8V1601,出库其他服务需求,1,NULL,NULL,,NULL,CD
578856,VASC000000292263,OSF8V1620,Winit线下尾程服务,1,NULL,NULL,"""1、仓库/尾程SD报价；",,
578823,VASC000000292266,OSF6V1603,库内其他服务需求,1,20250407055,【库内】更换客制包装,仓库操作步骤：,,
578835,VASC000000292269,OSF8V1755,出库内外箱补贴商品标签,1,NULL,NULL,EAN场景步骤1：拆开商品外箱 步骤2：核对外箱及彩盒上的条码 步骤3：若条码不一致，则需要用客户上传的标签文件覆盖EAN条码 步骤4：外箱和彩盒上不能出现除正确EAN条码以外的其他条码，若有其他条码请用白标覆盖  步骤5：完成后输入增值单品数量 透明计划场景步骤1：拆开商品外箱 步骤2：补贴商品透明计划标签 步骤3：商品封箱 步骤4：外箱上补贴对应的透明计划标签 内外箱透明计划标签需一致  步骤5：完成后输入增值单品数量,NULL,CO
578892,VASC000000292284,OSF8V1755,出库内外箱补贴商品标签,1,NULL,NULL,EAN场景步骤1：拆开商品外箱 步骤2：核对外箱及彩盒上的条码 步骤3：若条码不一致，则需要用客户上传的标签文件覆盖EAN条码 步骤4：外箱和彩盒上不能出现除正确EAN条码以外的其他条码，若有其他条码请用白标覆盖  步骤5：完成后输入增值单品数量 透明计划场景步骤1：拆开商品外箱 步骤2：补贴商品透明计划标签 步骤3：商品封箱 步骤4：外箱上补贴对应的透明计划标签 内外箱透明计划标签需一致  步骤5：完成后输入增值单品数量,NULL,CO
578970,VASC000000292305,OSF6V1660,審計盤點,1,20250407039,【库内】审计盘点,盘点要求：,,
578931,VASC000000292308,OSF8V1620,Winit线下尾程服务,1,202512301,【尾程】winit线下尾程询价,"""1、仓库/尾程SD报价；",,
578964,VASC000000292311,OSF8V1601,出库其他服务需求,1,NULL,NULL,,NULL,CD
578976,VASC000000292314,OSF8V1601,出库其他服务需求,1,20250819,【出库】交货时拍照,操作步骤：,,
578985,VASC000000292317,OSF6V1660,審計盤點,1,20250407039,【库内】审计盘点,盘点要求：,,
578994,VASC000000292320,OSF6V1660,審計盤點,1,20250407039,【库内】审计盘点,盘点要求：,,
578997,VASC000000292323,OSF8V1657,代理清关,1,【Outbound】Customs clearance agent,【出库】代理清关,打印附件的清关文件，交付尾程供应商，完成出库,NULL,CO
579027,VASC000000292332,OSF6V1660,審計盤點,1,20250407039,【库内】审计盘点,仓库操作流程：,,
579039,VASC000000292341,OSF8V1620,Winit线下尾程服务,1,202512301,【尾程】winit线下尾程询价,"""1、仓库/尾程SD报价；",,
579060,VASC000000292350,OW01V1602,入库其他服务需求,1,20250407004,【入库】尺重/标签辨识后换标上架,【背景】 以上5个异常内共254件商品条码无法识别，提交增值VASC000000279183拍照，根据仓库所有图片，有同一个第三方条码内多个商品编码的情况，所以需根据实际衣服内标签更换商品条码上架到库内入库单WI50259337；,,
579051,VASC000000292356,OSF8V1755,出库内外箱补贴商品标签,1,NULL,NULL,EAN场景步骤1：拆开商品外箱 步骤2：核对外箱及彩盒上的条码 步骤3：若条码不一致，则需要用客户上传的标签文件覆盖EAN条码 步骤4：外箱和彩盒上不能出现除正确EAN条码以外的其他条码，若有其他条码请用白标覆盖  步骤5：完成后输入增值单品数量 透明计划场景步骤1：拆开商品外箱 步骤2：补贴商品透明计划标签 步骤3：商品封箱 步骤4：外箱上补贴对应的透明计划标签 内外箱透明计划标签需一致  步骤5：完成后输入增值单品数量,NULL,CO
579081,VASC000000292362,OSF8V1601,出库其他服务需求,1,NULL,NULL,,NULL,CD
579372,VASC000000292365,OSF8V1601,出库其他服务需求,1,NULL,NULL,,NULL,CD
579123,VASC000000292374,OSF8V1601,出库其他服务需求,1,20250516,【出库】补贴/更换商品标签,操作步骤：,,
579324,VASC000000292413,OW01V1602,入库其他服务需求,1,2026041701,【入库】补贴透明计划标签,【背景】WI49943370 - 商品：M010000000010712079 - ACE-X3Lite-US-FBM 入库270件，发货时没贴透明标签，需要上架前拦截贴好标签后再进行上架，注意：货物在6.5送到仓库来。,,
579273,VASC000000292422,OW01V1602,入库其他服务需求,1,20250522001,【入库】指定商品拍照暂存,【背景】客户无法确认异常单中的SKU以及单品数量。,,
579285,VASC000000292431,OSF8V1755,出库内外箱补贴商品标签,1,NULL,NULL,EAN场景步骤1：拆开商品外箱 步骤2：核对外箱及彩盒上的条码 步骤3：若条码不一致，则需要用客户上传的标签文件覆盖EAN条码 步骤4：外箱和彩盒上不能出现除正确EAN条码以外的其他条码，若有其他条码请用白标覆盖  步骤5：完成后输入增值单品数量 透明计划场景步骤1：拆开商品外箱 步骤2：补贴商品透明计划标签 步骤3：商品封箱 步骤4：外箱上补贴对应的透明计划标签 内外箱透明计划标签需一致  步骤5：完成后输入增值单品数量,NULL,CO
579348,VASC000000292449,OSF6V1603,库内其他服务需求,1,NULL,NULL,,NULL,CD
579339,VASC000000292452,OSF8V1601,出库其他服务需求,1,20260127,【出库】覆盖指定包裹标签,操作步骤：,,
579396,VASC000000292470,OSF8V1755,出库内外箱补贴商品标签,1,NULL,NULL,EAN场景步骤1：拆开商品外箱 步骤2：核对外箱及彩盒上的条码 步骤3：若条码不一致，则需要用客户上传的标签文件覆盖EAN条码 步骤4：外箱和彩盒上不能出现除正确EAN条码以外的其他条码，若有其他条码请用白标覆盖  步骤5：完成后输入增值单品数量 透明计划场景步骤1：拆开商品外箱 步骤2：补贴商品透明计划标签 步骤3：商品封箱 步骤4：外箱上补贴对应的透明计划标签 内外箱透明计划标签需一致  步骤5：完成后输入增值单品数量,NULL,CD
579399,VASC000000292470,OSF8V1716,Anker加急出库,1,NULL,NULL,仓库根据订单情况判断能否在【指定出库日期】之前完成增值，若无法操作加急，请“异常终止”增值订单，若可以操作，请填写加急实际操作工时并“完成”增值 注意（非常重要！！！）： 1. 加急增值完成标准： *标准出库：加急订单出库日期应早于应出库日期，若不符合此条件，请“异常终止”增值订单 *自提出库：加急订单暂存日期应早于应暂存日期，若不符合此条件，请“异常终止”增值订单 2. 仓库实际操作工时，请提前记录并如实填写，最终会根据此工时收取客户费用 3. 需要在出库前完成此增值，否则增值将会被自动“异常终止”,NULL,CD
579450,VASC000000292503,OSF8V1755,出库内外箱补贴商品标签,1,NULL,NULL,EAN场景步骤1：拆开商品外箱 步骤2：核对外箱及彩盒上的条码 步骤3：若条码不一致，则需要用客户上传的标签文件覆盖EAN条码 步骤4：外箱和彩盒上不能出现除正确EAN条码以外的其他条码，若有其他条码请用白标覆盖  步骤5：完成后输入增值单品数量 透明计划场景步骤1：拆开商品外箱 步骤2：补贴商品透明计划标签 步骤3：商品封箱 步骤4：外箱上补贴对应的透明计划标签 内外箱透明计划标签需一致  步骤5：完成后输入增值单品数量,NULL,CO
579471,VASC000000292509,OSF8V1755,出库内外箱补贴商品标签,1,NULL,NULL,EAN场景步骤1：拆开商品外箱 步骤2：核对外箱及彩盒上的条码 步骤3：若条码不一致，则需要用客户上传的标签文件覆盖EAN条码 步骤4：外箱和彩盒上不能出现除正确EAN条码以外的其他条码，若有其他条码请用白标覆盖  步骤5：完成后输入增值单品数量 透明计划场景步骤1：拆开商品外箱 步骤2：补贴商品透明计划标签 步骤3：商品封箱 步骤4：外箱上补贴对应的透明计划标签 内外箱透明计划标签需一致  步骤5：完成后输入增值单品数量,NULL,CO
579543,VASC000000292536,OSF6V1603,库内其他服务需求,1,202512150002,【库内】异常商品转不良品上架,仓库操作步骤：,,
579549,VASC000000292542,OSF8V1755,出库内外箱补贴商品标签,1,NULL,NULL,EAN场景步骤1：拆开商品外箱 步骤2：核对外箱及彩盒上的条码 步骤3：若条码不一致，则需要用客户上传的标签文件覆盖EAN条码 步骤4：外箱和彩盒上不能出现除正确EAN条码以外的其他条码，若有其他条码请用白标覆盖  步骤5：完成后输入增值单品数量 透明计划场景步骤1：拆开商品外箱 步骤2：补贴商品透明计划标签 步骤3：商品封箱 步骤4：外箱上补贴对应的透明计划标签 内外箱透明计划标签需一致  步骤5：完成后输入增值单品数量,NULL,CO
579690,VASC000000292557,OSF8V1620,Winit线下尾程服务,1,202512301,【尾程】winit线下尾程询价,"""1、仓库/尾程SD报价；",,
579825,VASC000000292572,OSF8V1620,Winit线下尾程服务,1,NULL,NULL,"""1、仓库/尾程SD报价；",,
579819,VASC000000292575,OSF8V1620,Winit线下尾程服务,1,NULL,NULL,"""1、仓库/尾程SD报价；",,
579816,VASC000000292581,OSF8V1620,Winit线下尾程服务,1,NULL,NULL,"""1、仓库/尾程SD报价；",,
579780,VASC000000292584,OSF6V1596,单品拆分后上架（拆分为一个SKU）,1,NULL,NULL,1.拆分单品，拆分为同1个SKU,,
579810,VASC000000292590,OSF8V1620,Winit线下尾程服务,1,202512301,【尾程】winit线下尾程询价,"""1、仓库/尾程SD报价；",,
579837,VASC000000292593,OSF6V1752,无主货找回（6个自然日内）-仓库创建无RMA退货单,1,NULL,NULL,步骤1：按照客户提供的快递单号或者POD尝试找回无主货 步骤2： ①若货物找回，请仓库创建无RMA退货单上架并反馈退货订单号，然后【完成】增值单 ②若货物未找回，请【完成】增值单  注意：此增值无论商品是否找回，请将增值单更新为【已出库】,NULL,CO
579813,VASC000000292596,OSF8V1620,Winit线下尾程服务,1,202512301,【尾程】winit线下尾程询价,"""1、仓库/尾程SD报价；",,
579831,VASC000000292602,OSF8V1755,出库内外箱补贴商品标签,1,NULL,NULL,EAN场景步骤1：拆开商品外箱 步骤2：核对外箱及彩盒上的条码 步骤3：若条码不一致，则需要用客户上传的标签文件覆盖EAN条码 步骤4：外箱和彩盒上不能出现除正确EAN条码以外的其他条码，若有其他条码请用白标覆盖  步骤5：完成后输入增值单品数量 透明计划场景步骤1：拆开商品外箱 步骤2：补贴商品透明计划标签 步骤3：商品封箱 步骤4：外箱上补贴对应的透明计划标签 内外箱透明计划标签需一致  步骤5：完成后输入增值单品数量,NULL,CO
579849,VASC000000292605,OSF8V1755,出库内外箱补贴商品标签,1,NULL,NULL,EAN场景步骤1：拆开商品外箱 步骤2：核对外箱及彩盒上的条码 步骤3：若条码不一致，则需要用客户上传的标签文件覆盖EAN条码 步骤4：外箱和彩盒上不能出现除正确EAN条码以外的其他条码，若有其他条码请用白标覆盖  步骤5：完成后输入增值单品数量 透明计划场景步骤1：拆开商品外箱 步骤2：补贴商品透明计划标签 步骤3：商品封箱 步骤4：外箱上补贴对应的透明计划标签 内外箱透明计划标签需一致  步骤5：完成后输入增值单品数量,NULL,CO
579912,VASC000000292611,OSF8V1601,出库其他服务需求,1,20260127,【出库】覆盖指定包裹标签,操作步骤：,,
579879,VASC000000292620,OSF8V1620,Winit线下尾程服务,1,202512301,【尾程】winit线下尾程询价,"""1、仓库/尾程SD报价；",,
579885,VASC000000292623,OSF8V1755,出库内外箱补贴商品标签,1,NULL,NULL,EAN场景步骤1：拆开商品外箱 步骤2：核对外箱及彩盒上的条码 步骤3：若条码不一致，则需要用客户上传的标签文件覆盖EAN条码 步骤4：外箱和彩盒上不能出现除正确EAN条码以外的其他条码，若有其他条码请用白标覆盖  步骤5：完成后输入增值单品数量 透明计划场景步骤1：拆开商品外箱 步骤2：补贴商品透明计划标签 步骤3：商品封箱 步骤4：外箱上补贴对应的透明计划标签 内外箱透明计划标签需一致  步骤5：完成后输入增值单品数量,NULL,CO
579897,VASC000000292626,OSF6V1603,库内其他服务需求,1,20250530002,清除标签,背景:客户的该款SKU：M010000000008785778一共有505库存，前期客户提交的增值：VASC000000289884 指定单品冻结了500件；现需要将该500件清除透明计划标签，客户后续下winit尾程出库单；,,
579918,VASC000000292629,OSF8V1755,出库内外箱补贴商品标签,1,NULL,NULL,EAN场景步骤1：拆开商品外箱 步骤2：核对外箱及彩盒上的条码 步骤3：若条码不一致，则需要用客户上传的标签文件覆盖EAN条码 步骤4：外箱和彩盒上不能出现除正确EAN条码以外的其他条码，若有其他条码请用白标覆盖  步骤5：完成后输入增值单品数量 透明计划场景步骤1：拆开商品外箱 步骤2：补贴商品透明计划标签 步骤3：商品封箱 步骤4：外箱上补贴对应的透明计划标签 内外箱透明计划标签需一致  步骤5：完成后输入增值单品数量,NULL,CD
579924,VASC000000292635,OSF8V1755,出库内外箱补贴商品标签,1,NULL,NULL,EAN场景步骤1：拆开商品外箱 步骤2：核对外箱及彩盒上的条码 步骤3：若条码不一致，则需要用客户上传的标签文件覆盖EAN条码 步骤4：外箱和彩盒上不能出现除正确EAN条码以外的其他条码，若有其他条码请用白标覆盖  步骤5：完成后输入增值单品数量 透明计划场景步骤1：拆开商品外箱 步骤2：补贴商品透明计划标签 步骤3：商品封箱 步骤4：外箱上补贴对应的透明计划标签 内外箱透明计划标签需一致  步骤5：完成后输入增值单品数量,NULL,CO
579954,VASC000000292653,OSF8V1755,出库内外箱补贴商品标签,1,NULL,NULL,EAN场景步骤1：拆开商品外箱 步骤2：核对外箱及彩盒上的条码 步骤3：若条码不一致，则需要用客户上传的标签文件覆盖EAN条码 步骤4：外箱和彩盒上不能出现除正确EAN条码以外的其他条码，若有其他条码请用白标覆盖  步骤5：完成后输入增值单品数量 透明计划场景步骤1：拆开商品外箱 步骤2：补贴商品透明计划标签 步骤3：商品封箱 步骤4：外箱上补贴对应的透明计划标签 内外箱透明计划标签需一致  步骤5：完成后输入增值单品数量,NULL,CO
583518,VASC000000292659,OW01V1602,入库其他服务需求,1,20250430,【入库】“包裹条码批量异常（需客户处理）”辨识后补贴包裹标签上架,【背景】EB0126052929916342   对应的是WI49680396；EB0126052929916192   对应的是WI49680366；EB0126052929913879   对应的是WI49680338。该增值用于处理以上异常，需要将异常涉及的未上架包裹，更换补贴新单WI50323171的WINIT包裹标签。,,
579969,VASC000000292662,OSF8V1620,Winit线下尾程服务,1,202512301,【尾程】winit线下尾程询价,"""1、仓库/尾程SD报价；",,
579978,VASC000000292668,OSF6V1603,库内其他服务需求,1,NULL,NULL,,NULL,CD
579981,VASC000000292671,OSF8V1749,审核出库单,1,NULL,NULL,仅万邑通内部发起,NULL,CO
580272,VASC000000292758,OSF6V1603,库内其他服务需求,1,20250407035,【库内】拍摄照片/视频,背景：客户要求拍摄在库商品用于亚马逊店铺申诉。,,
580230,VASC000000292770,OSF6V1603,库内其他服务需求,1,202512150002,【库内】异常商品转不良品上架,仓库操作步骤：,,
580329,VASC000000292791,OW01V1599,提供海外仓监控视频-少包裹调查,1,NULL,NULL,根据到仓订单具体情况提供对应视频：,,
580368,VASC000000292797,OSF8V1601,出库其他服务需求,1,20260128001,【出库】补贴包裹/托盘标签,操作步骤：,,
580350,VASC000000292812,OSF6V1647,货权转移（改数模式）,1,NULL,NULL,,NULL,CD
580341,VASC000000292824,OSF8V1749,审核出库单,1,NULL,NULL,仅万邑通内部发起,NULL,CO
580407,VASC000000292848,OSF6V1603,库内其他服务需求,1,202512150002,【库内】异常商品转不良品上架,仓库操作步骤：,,
584859,VASC000000292905,OW01V1602,入库其他服务需求,1,20250522001,【入库】指定商品拍照暂存,【背景】因产品包装漏水，客户告知需提供箱内产品实物图片。,,
580575,VASC000000292911,OSF8V1749,审核出库单,1,NULL,NULL,仅万邑通内部发起,NULL,CO
580581,VASC000000292917,OSF8V1755,出库内外箱补贴商品标签,1,NULL,NULL,EAN场景步骤1：拆开商品外箱 步骤2：核对外箱及彩盒上的条码 步骤3：若条码不一致，则需要用客户上传的标签文件覆盖EAN条码 步骤4：外箱和彩盒上不能出现除正确EAN条码以外的其他条码，若有其他条码请用白标覆盖  步骤5：完成后输入增值单品数量 透明计划场景步骤1：拆开商品外箱 步骤2：补贴商品透明计划标签 步骤3：商品封箱 步骤4：外箱上补贴对应的透明计划标签 内外箱透明计划标签需一致  步骤5：完成后输入增值单品数量,NULL,CO
580617,VASC000000292947,OSF6V1603,库内其他服务需求,1,20250530002,清除标签,背景:客户的该款SKU：M010000000008785778一共有505库存，前期客户提交的增值：VASC000000289884 指定单品冻结了500件；现需要将该500件清除透明计划标签，无需解冻，客户后续申请解冻后下winit尾程出库单；,,
580689,VASC000000292983,OSF8V1620,Winit线下尾程服务,1,202512301,【尾程】winit线下尾程询价,"""1、仓库/尾程SD报价；",,
580728,VASC000000292995,OSF8V1620,Winit线下尾程服务,1,202512301,【尾程】winit线下尾程询价,"""1、仓库/尾程SD报价；",,
580734,VASC000000292998,OSF6V1603,库内其他服务需求,1,20250407062,【库内】指定单品/库位商品更换标签上架,仓库操作步骤：,,
581304,VASC000000293022,OW01V1602,入库其他服务需求,1,NULL,NULL,,NULL,CD
580845,VASC000000293031,OSF8V1601,出库其他服务需求,1,[Outbound] Repackaging by self-pickup order,【出库】暂存单重新装箱,操作步骤：,,
580881,VASC000000293079,OSF8V1755,出库内外箱补贴商品标签,1,NULL,NULL,EAN场景步骤1：拆开商品外箱 步骤2：核对外箱及彩盒上的条码 步骤3：若条码不一致，则需要用客户上传的标签文件覆盖EAN条码 步骤4：外箱和彩盒上不能出现除正确EAN条码以外的其他条码，若有其他条码请用白标覆盖  步骤5：完成后输入增值单品数量 透明计划场景步骤1：拆开商品外箱 步骤2：补贴商品透明计划标签 步骤3：商品封箱 步骤4：外箱上补贴对应的透明计划标签 内外箱透明计划标签需一致  步骤5：完成后输入增值单品数量,NULL,CO
580896,VASC000000293082,OSF6V1596,单品拆分后上架（拆分为一个SKU）,1,NULL,NULL,1.拆分单品，拆分为同1个SKU,,
580890,VASC000000293091,OSF6V1603,库内其他服务需求,1,20250407044,仓库已完成 需补收费用,VASC000000286848 历史增值仅按1.7h收费；,,
580962,VASC000000293094,OSF6V1603,库内其他服务需求,1,20260119001,【库内】补贴认证标签,需求：,,
581070,VASC000000293139,OSF8V1620,Winit线下尾程服务,1,NULL,NULL,"""1、仓库/尾程SD报价；",,
581094,VASC000000293157,OSF8V1620,Winit线下尾程服务,1,202512301,【尾程】winit线下尾程询价,"""1、仓库/尾程SD报价；",,
581115,VASC000000293172,OSF8V1620,Winit线下尾程服务,1,202512301,【尾程】winit线下尾程询价,"""1、仓库/尾程SD报价；",,
581130,VASC000000293178,OSF8V1620,Winit线下尾程服务,1,202512301,【尾程】winit线下尾程询价,"""1、仓库/尾程SD报价；",,
581145,VASC000000293181,OSF8V1620,Winit线下尾程服务,1,202512301,【尾程】winit线下尾程询价,"""1、仓库/尾程SD报价；",,
581160,VASC000000293184,OSF8V1620,Winit线下尾程服务,1,202512301,【尾程】winit线下尾程询价,"""1、仓库/尾程SD报价；",,
581163,VASC000000293190,OW01V1602,入库其他服务需求,1,NULL,NULL,,NULL,CD
581217,VASC000000293214,OSF8V1749,审核出库单,1,NULL,NULL,仅万邑通内部发起,NULL,CO
581220,VASC000000293217,OSF8V1749,审核出库单,1,NULL,NULL,仅万邑通内部发起,NULL,CO
581265,VASC000000293235,OSF8V1779,交接 Master BOL,1,NULL,NULL,步骤1：确认客户关联的出库单据信息 步骤2：打印2份客户上传的 Master BOL文件 步骤3：2份都交给司机签字（每页均需要签字），签字后 ①其中1份文件拍照回传，并仓库存档2周及以上 ②其中1份+Packinglist+PO BOL(若有) 一起装入信封并在信封上写Load Destination code ：#### 交给司机,NULL,CO
581295,VASC000000293238,OW01V1602,入库其他服务需求,1,NULL,NULL,,NULL,CD
581334,VASC000000293268,OSF8V1749,审核出库单,1,NULL,NULL,仅万邑通内部发起,NULL,CO
581442,VASC000000293274,OW01V1600,提供海外仓监控视频-少单品调查,1,NULL,NULL,根据到仓订单具体情况提供对应视频：,,
581343,VASC000000293277,OSF6V1603,库内其他服务需求,1,【Warehouse】Measurement and identification of commodity weight,【库内】商品尺重测量辨识,仓库操作步骤：,,
581400,VASC000000293304,OW01V1600,提供海外仓监控视频-少单品调查,1,NULL,NULL,根据到仓订单具体情况提供对应视频：,,
581388,VASC000000293307,OSF8V1620,Winit线下尾程服务,1,202512301,【尾程】winit线下尾程询价,"""1、仓库/尾程SD报价；",,
581415,VASC000000293325,OSF6V1603,库内其他服务需求,1,【Warehouse】Measurement and identification of commodity weight,【库内】商品尺重测量辨识,仓库咋核对啊？？,,
581460,VASC000000293346,OSF8V1755,出库内外箱补贴商品标签,1,NULL,NULL,EAN场景步骤1：拆开商品外箱 步骤2：核对外箱及彩盒上的条码 步骤3：若条码不一致，则需要用客户上传的标签文件覆盖EAN条码 步骤4：外箱和彩盒上不能出现除正确EAN条码以外的其他条码，若有其他条码请用白标覆盖  步骤5：完成后输入增值单品数量 透明计划场景步骤1：拆开商品外箱 步骤2：补贴商品透明计划标签 步骤3：商品封箱 步骤4：外箱上补贴对应的透明计划标签 内外箱透明计划标签需一致  步骤5：完成后输入增值单品数量,NULL,CO
581517,VASC000000293364,OSF8V1755,出库内外箱补贴商品标签,1,NULL,NULL,EAN场景步骤1：拆开商品外箱 步骤2：核对外箱及彩盒上的条码 步骤3：若条码不一致，则需要用客户上传的标签文件覆盖EAN条码 步骤4：外箱和彩盒上不能出现除正确EAN条码以外的其他条码，若有其他条码请用白标覆盖  步骤5：完成后输入增值单品数量 透明计划场景步骤1：拆开商品外箱 步骤2：补贴商品透明计划标签 步骤3：商品封箱 步骤4：外箱上补贴对应的透明计划标签 内外箱透明计划标签需一致  步骤5：完成后输入增值单品数量,NULL,CO
581529,VASC000000293370,OSF8V1620,Winit线下尾程服务,1,202512301,【尾程】winit线下尾程询价,"""1、仓库/尾程SD报价；",,
581553,VASC000000293376,OSF8V1755,出库内外箱补贴商品标签,1,NULL,NULL,EAN场景步骤1：拆开商品外箱 步骤2：核对外箱及彩盒上的条码 步骤3：若条码不一致，则需要用客户上传的标签文件覆盖EAN条码 步骤4：外箱和彩盒上不能出现除正确EAN条码以外的其他条码，若有其他条码请用白标覆盖  步骤5：完成后输入增值单品数量 透明计划场景步骤1：拆开商品外箱 步骤2：补贴商品透明计划标签 步骤3：商品封箱 步骤4：外箱上补贴对应的透明计划标签 内外箱透明计划标签需一致  步骤5：完成后输入增值单品数量,NULL,CO
581556,VASC000000293379,OSF8V1601,出库其他服务需求,1,20250408001,【出库】重新打托（塑料托盘）,操作步骤：,,
581589,VASC000000293397,OSF8V1620,Winit线下尾程服务,1,202512301,【尾程】winit线下尾程询价,"""1、仓库/尾程SD报价；",,
581625,VASC000000293436,OSF8V1657,代理清关,1,【Outbound】Customs clearance agent,【出库】代理清关,打印附件的清关文件，交付尾程供应商，完成出库,NULL,CO
581703,VASC000000293457,OSF6V1603,库内其他服务需求,1,NULL,NULL,,NULL,CD
581754,VASC000000293475,OSF6V1603,库内其他服务需求,1,20250407035,【库内】拍摄照片/视频,仓库操作步骤：,,
581760,VASC000000293481,OSF8V1601,出库其他服务需求,1,20250819,【出库】交货时拍照,操作步骤：,,
581772,VASC000000293490,OSF8V1620,Winit线下尾程服务,1,202512301,【尾程】winit线下尾程询价,"""1、仓库/尾程SD报价；",,
581775,VASC000000293493,OSF8V1749,审核出库单,1,NULL,NULL,仅万邑通内部发起,NULL,CO
581949,VASC000000293583,OSF6V1671,逆向取货,1,20250723,【尾程】Anker Crowfoots出库,仅收费，无需仓库操作,NULL,CO
582009,VASC000000293598,OSF6V1603,库内其他服务需求,1,20250407045,【库内】辨识后贴标上架+销毁,仓库操作步骤：,,
582147,VASC000000293640,OSF8V1620,Winit线下尾程服务,1,202512301,【尾程】winit线下尾程询价,"""1、仓库/尾程SD报价；",,
582075,VASC000000293646,OSF8V1755,出库内外箱补贴商品标签,1,NULL,NULL,EAN场景步骤1：拆开商品外箱 步骤2：核对外箱及彩盒上的条码 步骤3：若条码不一致，则需要用客户上传的标签文件覆盖EAN条码 步骤4：外箱和彩盒上不能出现除正确EAN条码以外的其他条码，若有其他条码请用白标覆盖  步骤5：完成后输入增值单品数量 透明计划场景步骤1：拆开商品外箱 步骤2：补贴商品透明计划标签 步骤3：商品封箱 步骤4：外箱上补贴对应的透明计划标签 内外箱透明计划标签需一致  步骤5：完成后输入增值单品数量,NULL,CO
582177,VASC000000293649,OSF8V1755,出库内外箱补贴商品标签,1,NULL,NULL,EAN场景步骤1：拆开商品外箱 步骤2：核对外箱及彩盒上的条码 步骤3：若条码不一致，则需要用客户上传的标签文件覆盖EAN条码 步骤4：外箱和彩盒上不能出现除正确EAN条码以外的其他条码，若有其他条码请用白标覆盖  步骤5：完成后输入增值单品数量 透明计划场景步骤1：拆开商品外箱 步骤2：补贴商品透明计划标签 步骤3：商品封箱 步骤4：外箱上补贴对应的透明计划标签 内外箱透明计划标签需一致  步骤5：完成后输入增值单品数量,NULL,CO
582192,VASC000000293655,OSF6V1597,单品拆分后上架（拆分为多个SKU）,1,NULL,NULL,1、拆分单品，拆分为多个SKU,,
582198,VASC000000293658,OSF6V1597,单品拆分后上架（拆分为多个SKU）,1,INSTOCK_SPLIT_SKU,【库内】拆分SKU,仓库操作步骤：,,
582234,VASC000000293661,OW01V1599,提供海外仓监控视频-少包裹调查,1,NULL,NULL,根据到仓订单具体情况提供对应视频：,,
582243,VASC000000293676,OW01V1599,提供海外仓监控视频-少包裹调查,1,NULL,NULL,根据到仓订单具体情况提供对应视频：,,
582285,VASC000000293715,OSF8V1620,Winit线下尾程服务,1,202512301,【尾程】winit线下尾程询价,"""1、仓库/尾程SD报价；",,
582585,VASC000000293844,OSF8V1755,出库内外箱补贴商品标签,1,NULL,NULL,EAN场景步骤1：拆开商品外箱 步骤2：核对外箱及彩盒上的条码 步骤3：若条码不一致，则需要用客户上传的标签文件覆盖EAN条码 步骤4：外箱和彩盒上不能出现除正确EAN条码以外的其他条码，若有其他条码请用白标覆盖  步骤5：完成后输入增值单品数量 透明计划场景步骤1：拆开商品外箱 步骤2：补贴商品透明计划标签 步骤3：商品封箱 步骤4：外箱上补贴对应的透明计划标签 内外箱透明计划标签需一致  步骤5：完成后输入增值单品数量,NULL,CO
582591,VASC000000293850,OSF8V1755,出库内外箱补贴商品标签,1,NULL,NULL,EAN场景步骤1：拆开商品外箱 步骤2：核对外箱及彩盒上的条码 步骤3：若条码不一致，则需要用客户上传的标签文件覆盖EAN条码 步骤4：外箱和彩盒上不能出现除正确EAN条码以外的其他条码，若有其他条码请用白标覆盖  步骤5：完成后输入增值单品数量 透明计划场景步骤1：拆开商品外箱 步骤2：补贴商品透明计划标签 步骤3：商品封箱 步骤4：外箱上补贴对应的透明计划标签 内外箱透明计划标签需一致  步骤5：完成后输入增值单品数量,NULL,CO
582615,VASC000000293862,OSF8V1601,出库其他服务需求,1,20250516,【出库】补贴/更换商品标签,操作步骤：,,
582714,VASC000000293892,OSF6V1640,柔性打包装箱/装袋测量尺重,1,NULL,NULL,1.根据客户包材型号及包材需要装箱/装袋的M码信息，仓库装箱测试；,,
582795,VASC000000293895,OSF6V1603,库内其他服务需求,1,20250421001,【库内】商品拆箱加/减配件,仓库操作步骤：,,
582723,VASC000000293904,OSF6V1640,柔性打包装箱/装袋测量尺重,1,NULL,NULL,1.根据客户包材型号及包材需要装箱/装袋的M码信息，仓库装箱测试；,,
582783,VASC000000293910,OSF8V1801,彩盒外箱出库加贴UPC标签,1,NULL,NULL,①按照附件贴标示意图的位置更换标签 ②开箱在彩盒顶部贴彩盒 UPC 标签（X3_彩盒中性标签_UPC），重新封箱 ③在外箱贴外箱 UPC 标签（X3_外盒中性标签_UPC）,NULL,CO
582831,VASC000000293940,OW01V1602,入库其他服务需求,1,20250407008,【入库】包裹类异常换商品标签上架,【背景】退货质检货物未全部到仓，部分到仓商品需要换标上架。,,
582933,VASC000000294003,OSF8V1755,出库内外箱补贴商品标签,1,NULL,NULL,EAN场景步骤1：拆开商品外箱 步骤2：核对外箱及彩盒上的条码 步骤3：若条码不一致，则需要用客户上传的标签文件覆盖EAN条码 步骤4：外箱和彩盒上不能出现除正确EAN条码以外的其他条码，若有其他条码请用白标覆盖  步骤5：完成后输入增值单品数量 透明计划场景步骤1：拆开商品外箱 步骤2：补贴商品透明计划标签 步骤3：商品封箱 步骤4：外箱上补贴对应的透明计划标签 内外箱透明计划标签需一致  步骤5：完成后输入增值单品数量,NULL,CO
582969,VASC000000294009,OSF6V1603,库内其他服务需求,1,20250407010,【库内】指定库位开箱拍照,仓库操作步骤：,,
582975,VASC000000294012,OSF6V1647,货权转移（改数模式）,1,【In-warehouse】Transfer of ownership of goods,【库内】货权转移,此类增值仅用于收费，IT系统改数，无需仓库实物流操作。仓库将增值单状态更新为“仓库已处理”,NULL,CD
582987,VASC000000294024,OSF8V1755,出库内外箱补贴商品标签,1,NULL,NULL,EAN场景步骤1：拆开商品外箱 步骤2：核对外箱及彩盒上的条码 步骤3：若条码不一致，则需要用客户上传的标签文件覆盖EAN条码 步骤4：外箱和彩盒上不能出现除正确EAN条码以外的其他条码，若有其他条码请用白标覆盖  步骤5：完成后输入增值单品数量 透明计划场景步骤1：拆开商品外箱 步骤2：补贴商品透明计划标签 步骤3：商品封箱 步骤4：外箱上补贴对应的透明计划标签 内外箱透明计划标签需一致  步骤5：完成后输入增值单品数量,NULL,CO
583164,VASC000000294099,OSF8V1620,Winit线下尾程服务,1,NULL,NULL,"""1、仓库/尾程SD报价；",,
583251,VASC000000294102,OW01V1602,入库其他服务需求,1,NULL,NULL,,NULL,CD
583209,VASC000000294114,OSF6V1603,库内其他服务需求,1,NULL,NULL,,NULL,CD
583230,VASC000000294117,OSF6V1596,单品拆分后上架（拆分为一个SKU）,1,NULL,NULL,1.拆分单品，拆分为同1个SKU,,
583242,VASC000000294129,OSF8V1620,Winit线下尾程服务,1,202512301,【尾程】winit线下尾程询价,"""1、仓库/尾程SD报价；",,
583260,VASC000000294135,OSF8V1620,Winit线下尾程服务,1,202512301,【尾程】winit线下尾程询价,"""1、仓库/尾程SD报价；",,
583266,VASC000000294138,OSF8V1620,Winit线下尾程服务,1,202512301,【尾程】winit线下尾程询价,"""1、仓库/尾程SD报价；",,
583290,VASC000000294144,OSF8V1620,Winit线下尾程服务,1,202512301,【尾程】winit线下尾程询价,"""1、仓库/尾程SD报价；",,
583296,VASC000000294147,OW01V1602,入库其他服务需求,1,2026060801,【入库】仓库加班工时费收取,仓库加班3小时收货上架，补收加班费。,NULL,CO
583317,VASC000000294150,OSF8V1620,Winit线下尾程服务,1,202512301,【尾程】winit线下尾程询价,"""1、仓库/尾程SD报价；",,
583332,VASC000000294153,OSF8V1620,Winit线下尾程服务,1,202512301,【尾程】winit线下尾程询价,"""1、仓库/尾程SD报价；",,
583377,VASC000000294156,OSF6V1603,库内其他服务需求,1,20250407035,【库内】拍摄照片/视频,仓库操作步骤：,,
583374,VASC000000294159,OSF8V1755,出库内外箱补贴商品标签,1,NULL,NULL,EAN场景步骤1：拆开商品外箱 步骤2：核对外箱及彩盒上的条码 步骤3：若条码不一致，则需要用客户上传的标签文件覆盖EAN条码 步骤4：外箱和彩盒上不能出现除正确EAN条码以外的其他条码，若有其他条码请用白标覆盖  步骤5：完成后输入增值单品数量 透明计划场景步骤1：拆开商品外箱 步骤2：补贴商品透明计划标签 步骤3：商品封箱 步骤4：外箱上补贴对应的透明计划标签 内外箱透明计划标签需一致  步骤5：完成后输入增值单品数量,NULL,CO
583383,VASC000000294162,OW01V1652,入库-清除商品标签,1,NULL,NULL,按照客户提供的示例图，清除标签,NULL,RT
583401,VASC000000294168,OSF8V1755,出库内外箱补贴商品标签,1,NULL,NULL,EAN场景步骤1：拆开商品外箱 步骤2：核对外箱及彩盒上的条码 步骤3：若条码不一致，则需要用客户上传的标签文件覆盖EAN条码 步骤4：外箱和彩盒上不能出现除正确EAN条码以外的其他条码，若有其他条码请用白标覆盖  步骤5：完成后输入增值单品数量 透明计划场景步骤1：拆开商品外箱 步骤2：补贴商品透明计划标签 步骤3：商品封箱 步骤4：外箱上补贴对应的透明计划标签 内外箱透明计划标签需一致  步骤5：完成后输入增值单品数量,NULL,CO
583410,VASC000000294171,OSF8V1755,出库内外箱补贴商品标签,1,NULL,NULL,EAN场景步骤1：拆开商品外箱 步骤2：核对外箱及彩盒上的条码 步骤3：若条码不一致，则需要用客户上传的标签文件覆盖EAN条码 步骤4：外箱和彩盒上不能出现除正确EAN条码以外的其他条码，若有其他条码请用白标覆盖  步骤5：完成后输入增值单品数量 透明计划场景步骤1：拆开商品外箱 步骤2：补贴商品透明计划标签 步骤3：商品封箱 步骤4：外箱上补贴对应的透明计划标签 内外箱透明计划标签需一致  步骤5：完成后输入增值单品数量,NULL,CO
583584,VASC000000294237,OSF6V1603,库内其他服务需求,1,20250407044,仓库已完成 需补收费用,Havn发了一批错误地址的货到KY5，实物已经处理，按照协议价补收200刀的批量找回；,,
583650,VASC000000294252,OSF8V1620,Winit线下尾程服务,1,NULL,NULL,"""1、仓库/尾程SD报价；",,
583758,VASC000000294276,OSF8V1620,Winit线下尾程服务,1,202512301,【尾程】winit线下尾程询价,"""1、仓库/尾程SD报价；",,
583842,VASC000000294312,OSF6V1603,库内其他服务需求,1,NULL,NULL,,NULL,CD
583854,VASC000000294321,OSF6V1603,库内其他服务需求,1,NULL,NULL,,NULL,CD
583893,VASC000000294324,OSF6V1603,库内其他服务需求,1,NULL,NULL,,NULL,CD
583917,VASC000000294330,OSF6V1603,库内其他服务需求,1,NULL,NULL,,NULL,CD
583980,VASC000000294345,OW01V1610,入库-单品指定位置开箱拍照,1,NULL,NULL,根据客户指定位置辨识拍照并反馈结果,NULL,CO
584064,VASC000000294417,OSF8V1801,彩盒外箱出库加贴UPC标签,1,NULL,NULL,①按照附件贴标示意图的位置更换标签 ②开箱在彩盒顶部贴彩盒 UPC 标签（X3_彩盒中性标签_UPC），重新封箱 ③在外箱贴外箱 UPC 标签（X3_外盒中性标签_UPC）,NULL,CD
584070,VASC000000294420,OSF8V1801,彩盒外箱出库加贴UPC标签,1,NULL,NULL,①按照附件贴标示意图的位置更换标签 ②开箱在彩盒顶部贴彩盒 UPC 标签（X3_彩盒中性标签_UPC），重新封箱 ③在外箱贴外箱 UPC 标签（X3_外盒中性标签_UPC）,NULL,CO
584136,VASC000000294471,OSF8V1620,Winit线下尾程服务,1,202512301,【尾程】winit线下尾程询价,"""1、仓库/尾程SD报价；",,
584163,VASC000000294492,OSF8V1620,Winit线下尾程服务,1,202512301,【尾程】winit线下尾程询价,"""1、仓库/尾程SD报价；",,
584214,VASC000000294522,OW01V1594,上架前自提（无需WINIT打托）,1,NULL,NULL,1、补贴快递面单,,
584517,VASC000000294543,OW01V1602,入库其他服务需求,1,202506120003,【入库】批量辨识商品后补贴商品条码及包裹条码上架,【背景】在途有两笔入库单同时卸货，其中一笔入库单产品有误，贴错标签，在库也有库存，因此需要拦截这单更换新的sku。,,
584298,VASC000000294570,OSF8V1755,出库内外箱补贴商品标签,1,NULL,NULL,EAN场景步骤1：拆开商品外箱 步骤2：核对外箱及彩盒上的条码 步骤3：若条码不一致，则需要用客户上传的标签文件覆盖EAN条码 步骤4：外箱和彩盒上不能出现除正确EAN条码以外的其他条码，若有其他条码请用白标覆盖  步骤5：完成后输入增值单品数量 透明计划场景步骤1：拆开商品外箱 步骤2：补贴商品透明计划标签 步骤3：商品封箱 步骤4：外箱上补贴对应的透明计划标签 内外箱透明计划标签需一致  步骤5：完成后输入增值单品数量,NULL,CO
584295,VASC000000294573,OSF8V1601,出库其他服务需求,1,20250516,【出库】补贴/更换商品标签,操作步骤：,,
584427,VASC000000294594,OW01V1652,入库-清除商品标签,1,NULL,NULL,按照客户提供的示例图，清除标签,NULL,CO
584508,VASC000000294609,OSF8V1601,出库其他服务需求,1,20250516,【出库】补贴/更换商品标签,操作步骤：,,
584526,VASC000000294618,OSF6V1660,審計盤點,1,20250407039,【库内】审计盘点,盘点仓库	：DE Warehouse；,,
584535,VASC000000294621,OSF6V1660,審計盤點,1,20250407039,【库内】审计盘点,盘点仓库	：DEBR2 Warehouse；,,
584667,VASC000000294669,OW01V1602,入库其他服务需求,1,20251103,【入库】补贴包裹标签上架到原入库单“已终止的”包裹中,【背景】16票异常单，由于出厂时箱唛重复粘贴，所以导致入库单无法制作，故安排 “第三方箱唛+-1”去建立入库单+导入SN数据，现安排在箱唛上补贴-1的箱唛在原入库单上架。,,
584775,VASC000000294672,OSF6V1603,库内其他服务需求,1,20250407062,【库内】指定单品/库位商品更换标签上架,背景：历史增值VASC000000294345拍照辨识后，WI49076197上架的 30件，要换新商品标签WYT-jiao pian xiu qiu-fen2--193--WX-6,,
584715,VASC000000294678,OSF6V1660,审计盘点,1,20250407039,【库内】审计盘点,盘点仓库	：DE Warehouse；,,
584721,VASC000000294684,OW01V1602,入库其他服务需求,1,20251103,【入库】补贴包裹标签上架到原入库单“已终止的”包裹中,【背景】由于出厂时箱唛重复粘贴，所以导致入库单无法制作，故安排 “第三方箱唛+-1”去建立入库单+导入SN数据，现安排在箱唛上补贴-1的箱唛在原入库单上架，对应关系请见附件。,,
584736,VASC000000294687,OSF6V1660,审计盘点,1,20250407039,【库内】审计盘点,盘点仓库	：DEBR2 Warehouse；,,
584754,VASC000000294693,OSF6V1660,审计盘点,1,20250407039,【库内】审计盘点,盘点仓库	：AU Warehouse；,,
584781,VASC000000294702,OSF6V1660,审计盘点,1,20250407039,【库内】审计盘点,盘点仓库	：UKGF Warehouse；,,
584793,VASC000000294705,OSF6V1660,审计盘点,1,20250407039,【库内】审计盘点,盘点仓库	：USWC Warehouse；,,
584814,VASC000000294708,OSF6V1603,库内其他服务需求,1,20250407062,【库内】指定单品/库位商品更换标签上架,背景：仓库反馈有14单是因为面单脱落被退回仓库了，核实是因为SKU: M010000000010084489 入库的时候商品外包装有一层缠绕膜，条码全部贴在缠绕膜外，员工出库的时候面单有些也是贴在缠绕膜外的，但是fedex派送过程中缠绕膜会破损，在库还有106件，仓库先救火把缠绕膜去掉并补贴条码了，需要补收费用，以及退回的货物需要重新按照入库单上架的，商品标签不能有made in china 字样，使用我上传的商品标签补贴。,,
584910,VASC000000294765,OSF6V1603,库内其他服务需求,1,INSTOCK_INVENTORY_FREEZE_UNFREEZE,【库内】库存冻结/解冻,仓库操作步骤：,,
585147,VASC000000294780,OSF6V1603,库内其他服务需求,1,20250407043,【库内】商品外观辨识+贴标上架,仓库操作步骤：,,
585006,VASC000000294801,OSF8V1620,Winit线下尾程服务,1,202512301,【尾程】winit线下尾程询价,"""1、仓库/尾程SD报价；",,
585141,VASC000000294807,OW01V1602,入库其他服务需求,1,NULL,NULL,,NULL,CD
585060,VASC000000294813,OSF8V1620,Winit线下尾程服务,1,NULL,NULL,"""1、仓库/尾程SD报价；",,
585153,VASC000000294834,OSF8V1620,Winit线下尾程服务,1,202512301,【尾程】winit线下尾程询价,"""1、仓库/尾程SD报价；",,
585174,VASC000000294846,OW01V1602,入库其他服务需求,1,20251218001,【库内】退货商品拍照辨识,【背景】核实第42~43箱的MU8118133774 实际是否是MU7576552360-30。,,
585333,VASC000000294906,OSF8V1601,出库其他服务需求,1,20250516,【出库】补贴/更换商品标签,操作步骤：,,
585354,VASC000000294915,OSF8V1620,Winit线下尾程服务,1,202512301,【尾程】winit线下尾程询价,"""1、仓库/尾程SD报价；",,
585417,VASC000000294966,OSF8V1620,Winit线下尾程服务,1,202512301,【尾程】winit线下尾程询价,"""1、仓库/尾程SD报价；",,
585444,VASC000000294984,OSF8V1620,Winit线下尾程服务,1,202512301,【尾程】winit线下尾程询价,"""1、仓库/尾程SD报价；",,
585480,VASC000000294987,OSF6V1603,库内其他服务需求,1,NULL,NULL,,NULL,CD
585477,VASC000000294993,OSF8V1601,出库其他服务需求,1,20250407015,【出库】补增值后补包裹/托盘级标签,操作步骤：,,
585528,VASC000000295020,OSF6V1603,库内其他服务需求,1,20250407043,【库内】商品外观辨识+贴标上架,背景：WI49183352这个入库单入库了2款sku：M010000000006325773入库96pcs；M010000000006335546入库80pcs；,,
585573,VASC000000295032,OSF6V1603,库内其他服务需求,1,NULL,NULL,,NULL,CD
585597,VASC000000295044,OSF8V1601,出库其他服务需求,1,20250414001,【出库】补增值后补订单级标签,操作步骤：,,
585669,VASC000000295074,OSF6V1603,库内其他服务需求,1,INSTOCK_SPLIT_SKU,【库内】拆分SKU,背景：对应增值：VASC000000277248辨识后3箱里面需要做拆分不同SKU重新打包上架，拆分指引如附件说明区分，拆分后按快递袋打包贴标新单WI50350021 上架；,,
585885,VASC000000295116,OSF6V1603,库内其他服务需求,1,20260127001,【库内】商品指定位置贴标,仓库操作步骤：,,
585798,VASC000000295134,OSF8V1620,Winit线下尾程服务,1,202512301,【尾程】winit线下尾程询价,"""1、仓库/尾程SD报价；",,
589941,VASC000000295137,OSF6V1759,折叠尺寸装箱/装袋尺寸测量,1,NULL,NULL,步骤1：将折叠尺寸申请-模板的SKU做拣选下架 步骤2：按客户要求M码信息及SI数量将商品做折叠装箱/装袋，测试包材最大能装多少件商品，商品折叠尺寸是多少，填写折叠尺寸结果在客户提交的模板表格回传增值单。 步骤3：每个包材型号折叠尺寸结果拍照，从封口面拍照，尽量展示折叠后的商品形态。 步骤4：折叠尺寸做完后，将商品重新上架到库存下架库位上。,NULL,CO
585795,VASC000000295146,OSF6V1603,库内其他服务需求,1,NULL,NULL,,NULL,CD
585816,VASC000000295155,OSF8V1620,Winit线下尾程服务,1,202512301,【尾程】winit线下尾程询价,"""1、仓库/尾程SD报价；",,
585810,VASC000000295158,OSF8V1657,代理清关,1,【Outbound】Customs clearance agent,【出库】代理清关,打印附件的清关文件，交付尾程供应商，完成出库,NULL,CO
585864,VASC000000295161,OSF6V1603,库内其他服务需求,1,NULL,NULL,,NULL,CD
585822,VASC000000295164,OSF8V1755,出库内外箱补贴商品标签,1,NULL,NULL,EAN场景步骤1：拆开商品外箱 步骤2：核对外箱及彩盒上的条码 步骤3：若条码不一致，则需要用客户上传的标签文件覆盖EAN条码 步骤4：外箱和彩盒上不能出现除正确EAN条码以外的其他条码，若有其他条码请用白标覆盖  步骤5：完成后输入增值单品数量 透明计划场景步骤1：拆开商品外箱 步骤2：补贴商品透明计划标签 步骤3：商品封箱 步骤4：外箱上补贴对应的透明计划标签 内外箱透明计划标签需一致  步骤5：完成后输入增值单品数量,NULL,CO
585942,VASC000000295167,OSF8V1620,Winit线下尾程服务,1,202512301,【尾程】winit线下尾程询价,"""1、仓库/尾程SD报价；",,
585882,VASC000000295170,OSF8V1755,出库内外箱补贴商品标签,1,NULL,NULL,EAN场景步骤1：拆开商品外箱 步骤2：核对外箱及彩盒上的条码 步骤3：若条码不一致，则需要用客户上传的标签文件覆盖EAN条码 步骤4：外箱和彩盒上不能出现除正确EAN条码以外的其他条码，若有其他条码请用白标覆盖  步骤5：完成后输入增值单品数量 透明计划场景步骤1：拆开商品外箱 步骤2：补贴商品透明计划标签 步骤3：商品封箱 步骤4：外箱上补贴对应的透明计划标签 内外箱透明计划标签需一致  步骤5：完成后输入增值单品数量,NULL,CO
586158,VASC000000295191,OSF8V1620,Winit线下尾程服务,1,202512301,【尾程】winit线下尾程询价,"""1、仓库/尾程SD报价；",,
586011,VASC000000295194,OSF8V1620,Winit线下尾程服务,1,202512301,【尾程】winit线下尾程询价,"""1、仓库/尾程SD报价；",,
586017,VASC000000295197,OSF8V1755,出库内外箱补贴商品标签,1,NULL,NULL,EAN场景步骤1：拆开商品外箱 步骤2：核对外箱及彩盒上的条码 步骤3：若条码不一致，则需要用客户上传的标签文件覆盖EAN条码 步骤4：外箱和彩盒上不能出现除正确EAN条码以外的其他条码，若有其他条码请用白标覆盖  步骤5：完成后输入增值单品数量 透明计划场景步骤1：拆开商品外箱 步骤2：补贴商品透明计划标签 步骤3：商品封箱 步骤4：外箱上补贴对应的透明计划标签 内外箱透明计划标签需一致  步骤5：完成后输入增值单品数量,NULL,CO
586023,VASC000000295200,OSF8V1755,出库内外箱补贴商品标签,1,NULL,NULL,EAN场景步骤1：拆开商品外箱 步骤2：核对外箱及彩盒上的条码 步骤3：若条码不一致，则需要用客户上传的标签文件覆盖EAN条码 步骤4：外箱和彩盒上不能出现除正确EAN条码以外的其他条码，若有其他条码请用白标覆盖  步骤5：完成后输入增值单品数量 透明计划场景步骤1：拆开商品外箱 步骤2：补贴商品透明计划标签 步骤3：商品封箱 步骤4：外箱上补贴对应的透明计划标签 内外箱透明计划标签需一致  步骤5：完成后输入增值单品数量,NULL,CO
587757,VASC000000295239,OW01V1602,入库其他服务需求,1,20251205,【入库】新单上架到预报单，无需更换包裹条码,背景：原入库单WI50158471，因下单方式未选择100%A+入库，导致仓库条码无法识别，异常单EB0126060930218316；,,
586167,VASC000000295248,OSF8V1620,Winit线下尾程服务,1,202512301,【尾程】winit线下尾程询价,"""1、仓库/尾程SD报价；",,
586794,VASC000000295350,OSF6V1603,库内其他服务需求,1,NULL,NULL,,NULL,CD
586302,VASC000000295353,OW01V1602,入库其他服务需求,1,20250407003,【入库】上架前拆包装,【背景】 包裹内商品是套盒包装，客户要求拆除彩盒入库，共计要拆除彩盒包装有275盒。,,
586671,VASC000000295383,OSF8V1601,出库其他服务需求,1,NULL,NULL,,NULL,CD
586398,VASC000000295401,OW01V1602,入库其他服务需求,1,20260302,【入库】覆盖/清除标签,【背景】WI49894956，A+包裹一共120箱，A+包裹外箱贴有电池标签申请移除。,,
589617,VASC000000295428,OW01V1594,上架前自提（无需WINIT打托）,1,NULL,NULL,1、补贴快递面单,,
586626,VASC000000295452,OSF6V1603,库内其他服务需求,1,NULL,NULL,,NULL,CD
586629,VASC000000295473,OSF8V1620,Winit线下尾程服务,1,NULL,NULL,"""1、仓库/尾程SD报价；",,
586638,VASC000000295476,OSF8V1755,出库内外箱补贴商品标签,1,NULL,NULL,EAN场景步骤1：拆开商品外箱 步骤2：核对外箱及彩盒上的条码 步骤3：若条码不一致，则需要用客户上传的标签文件覆盖EAN条码 步骤4：外箱和彩盒上不能出现除正确EAN条码以外的其他条码，若有其他条码请用白标覆盖  步骤5：完成后输入增值单品数量 透明计划场景步骤1：拆开商品外箱 步骤2：补贴商品透明计划标签 步骤3：商品封箱 步骤4：外箱上补贴对应的透明计划标签 内外箱透明计划标签需一致  步骤5：完成后输入增值单品数量,NULL,CO
586650,VASC000000295491,OW01V1654,包裹串仓异常调拨,1,NULL,NULL,将客户指定异常调拨到目的仓库,NULL,CD
586677,VASC000000295494,OSF6V1603,库内其他服务需求,1,INSTOCK_INVENTORY_FREEZE_UNFREEZE,【库内】库存冻结/解冻,历史AS240425000082提交库内拍照冻结库存，M010000000004868365现在要解冻。,,
586659,VASC000000295500,OW01V1654,包裹串仓异常调拨,1,NULL,NULL,将客户指定异常调拨到目的仓库,NULL,CD
586719,VASC000000295527,OSF8V1749,审核出库单,1,NULL,NULL,仅万邑通内部发起,NULL,CO
586728,VASC000000295536,OSF6V1671,逆向取货,1,20250723,【尾程】Anker Crowfoots出库,仅收费，无需仓库操作,NULL,CO
586779,VASC000000295542,OSF6V1673,无主货找回-6个自然日内,1,NULL,NULL,根据客户提供的单据信息找货，若超过1h未找回，则反馈无法找回,NULL,CO
586758,VASC000000295545,OSF6V1603,库内其他服务需求,1,20250408001,【出库】重新打托（塑料托盘）,需要将出库单,,
586833,VASC000000295572,OSF8V1620,Winit线下尾程服务,1,NULL,NULL,"""1、仓库/尾程SD报价；",,
586845,VASC000000295578,OSF8V1779,交接 Master BOL,1,NULL,NULL,步骤1：确认客户关联的出库单据信息 步骤2：打印2份客户上传的 Master BOL文件 步骤3：2份都交给司机签字（每页均需要签字），签字后 ①其中1份文件拍照回传，并仓库存档2周及以上 ②其中1份+Packinglist+PO BOL(若有) 一起装入信封并在信封上写Load Destination code ：#### 交给司机,NULL,CO
586857,VASC000000295584,OSF8V1755,出库内外箱补贴商品标签,1,NULL,NULL,EAN场景步骤1：拆开商品外箱 步骤2：核对外箱及彩盒上的条码 步骤3：若条码不一致，则需要用客户上传的标签文件覆盖EAN条码 步骤4：外箱和彩盒上不能出现除正确EAN条码以外的其他条码，若有其他条码请用白标覆盖  步骤5：完成后输入增值单品数量 透明计划场景步骤1：拆开商品外箱 步骤2：补贴商品透明计划标签 步骤3：商品封箱 步骤4：外箱上补贴对应的透明计划标签 内外箱透明计划标签需一致  步骤5：完成后输入增值单品数量,NULL,CO
587127,VASC000000295587,OSF6V1603,库内其他服务需求,1,NULL,NULL,,NULL,CD
586881,VASC000000295599,OSF8V1601,出库其他服务需求,1,NULL,NULL,,NULL,CD
586938,VASC000000295623,OSF6V1603,库内其他服务需求,1,20250407043,【库内】商品外观辨识+贴标上架,背景：该sku在库实物存在风险批次，入库均是A+包，需要核对外箱上的箱码是否属于风险批次，如附件表格，只要在扫描查询输入箱码，就会自动输出是否风险箱码；,,
586977,VASC000000295632,OSF8V1601,出库其他服务需求,1,20250516,【出库】补贴/更换商品标签,操作步骤：,,
NULL,CO,,,,,,,,
587016,VASC000000295644,OSF8V1620,Winit线下尾程服务,1,202512301,【尾程】winit线下尾程询价,"""1、仓库/尾程SD报价；",,
587046,VASC000000295653,OSF8V1620,Winit线下尾程服务,1,202512301,【尾程】winit线下尾程询价,"""1、仓库/尾程SD报价；",,
587220,VASC000000295713,OSF8V1601,出库其他服务需求,1,20260408,【出库】特殊打托需求,操作步骤：,,
587322,VASC000000295722,OSF8V1601,出库其他服务需求,1,20250516,【出库】补贴/更换商品标签,操作步骤：,,
587439,VASC000000295806,OSF8V1755,出库内外箱补贴商品标签,1,NULL,NULL,EAN场景步骤1：拆开商品外箱 步骤2：核对外箱及彩盒上的条码 步骤3：若条码不一致，则需要用客户上传的标签文件覆盖EAN条码 步骤4：外箱和彩盒上不能出现除正确EAN条码以外的其他条码，若有其他条码请用白标覆盖  步骤5：完成后输入增值单品数量 透明计划场景步骤1：拆开商品外箱 步骤2：补贴商品透明计划标签 步骤3：商品封箱 步骤4：外箱上补贴对应的透明计划标签 内外箱透明计划标签需一致  步骤5：完成后输入增值单品数量,NULL,CO
587511,VASC000000295827,OSF6V1626,指定商品盘点,1,NULL,NULL,1、将在库商品按SKU进行清点数量,,
587544,VASC000000295836,OSF8V1755,出库内外箱补贴商品标签,1,NULL,NULL,EAN场景步骤1：拆开商品外箱 步骤2：核对外箱及彩盒上的条码 步骤3：若条码不一致，则需要用客户上传的标签文件覆盖EAN条码 步骤4：外箱和彩盒上不能出现除正确EAN条码以外的其他条码，若有其他条码请用白标覆盖  步骤5：完成后输入增值单品数量 透明计划场景步骤1：拆开商品外箱 步骤2：补贴商品透明计划标签 步骤3：商品封箱 步骤4：外箱上补贴对应的透明计划标签 内外箱透明计划标签需一致  步骤5：完成后输入增值单品数量,NULL,CO
587739,VASC000000295860,OW01V1602,入库其他服务需求,1,20250430,【入库】“包裹条码批量异常（需客户处理）”辨识后补贴包裹标签上架,【背景】异常单号EB0126060330030603因包裹条码被涂改导致难以分辨条码扫描上架,,
599625,VASC000000295887,OW01V1602,入库其他服务需求,1,20250619,【入库】	ABC类/子包裹内商品错装暂存（需客户处理），云仓不支持原单补贴包裹条码上架,【背景】 包裹码相互贴错导致错装且实物已经部分上架了，需要改数解绑已上架单品同原入库单WI49360111关系后 再把已上架未上架的商品都补贴包裹条码后重新上架。,,
587634,VASC000000295902,OSF8V1755,出库内外箱补贴商品标签,1,NULL,NULL,EAN场景步骤1：拆开商品外箱 步骤2：核对外箱及彩盒上的条码 步骤3：若条码不一致，则需要用客户上传的标签文件覆盖EAN条码 步骤4：外箱和彩盒上不能出现除正确EAN条码以外的其他条码，若有其他条码请用白标覆盖  步骤5：完成后输入增值单品数量 透明计划场景步骤1：拆开商品外箱 步骤2：补贴商品透明计划标签 步骤3：商品封箱 步骤4：外箱上补贴对应的透明计划标签 内外箱透明计划标签需一致  步骤5：完成后输入增值单品数量,NULL,CO
587655,VASC000000295935,OW01V1602,入库其他服务需求,1,NULL,NULL,,NULL,CD
587676,VASC000000295944,OSF8V1620,Winit线下尾程服务,1,202512301,【尾程】winit线下尾程询价,"""1、仓库/尾程SD报价；",,
587703,VASC000000295977,OSF8V1755,出库内外箱补贴商品标签,1,NULL,NULL,EAN场景步骤1：拆开商品外箱 步骤2：核对外箱及彩盒上的条码 步骤3：若条码不一致，则需要用客户上传的标签文件覆盖EAN条码 步骤4：外箱和彩盒上不能出现除正确EAN条码以外的其他条码，若有其他条码请用白标覆盖  步骤5：完成后输入增值单品数量 透明计划场景步骤1：拆开商品外箱 步骤2：补贴商品透明计划标签 步骤3：商品封箱 步骤4：外箱上补贴对应的透明计划标签 内外箱透明计划标签需一致  步骤5：完成后输入增值单品数量,NULL,CO
587715,VASC000000295986,OSF6V1603,库内其他服务需求,1,NULL,NULL,,NULL,CD
587721,VASC000000295992,OSF8V1755,出库内外箱补贴商品标签,1,NULL,NULL,EAN场景步骤1：拆开商品外箱 步骤2：核对外箱及彩盒上的条码 步骤3：若条码不一致，则需要用客户上传的标签文件覆盖EAN条码 步骤4：外箱和彩盒上不能出现除正确EAN条码以外的其他条码，若有其他条码请用白标覆盖  步骤5：完成后输入增值单品数量 透明计划场景步骤1：拆开商品外箱 步骤2：补贴商品透明计划标签 步骤3：商品封箱 步骤4：外箱上补贴对应的透明计划标签 内外箱透明计划标签需一致  步骤5：完成后输入增值单品数量,NULL,CO
587724,VASC000000295995,OSF8V1749,审核出库单,1,NULL,NULL,仅万邑通内部发起,NULL,CO
587745,VASC000000295998,OSF8V1620,Winit线下尾程服务,1,202512301,【尾程】winit线下尾程询价,"""1、仓库/尾程SD报价；",,
587835,VASC000000296046,OSF8V1620,Winit线下尾程服务,1,202512301,【尾程】winit线下尾程询价,"""1、仓库/尾程SD报价；",,
587895,VASC000000296082,OSF8V1620,Winit线下尾程服务,1,202512301,【尾程】winit线下尾程询价,"""1、仓库/尾程SD报价；",,
587907,VASC000000296088,OSF8V1620,Winit线下尾程服务,1,202512301,【尾程】winit线下尾程询价,"""1、仓库/尾程SD报价；",,
588156,VASC000000296091,OSF6V1753,无主货找回（6个自然日内）-客户自提,1,NULL,NULL,步骤1：按照客户提供的快递单号或者POD尝试找回无主货 步骤2： ①若货物找回，请仓库根据客户提供的标签文件补贴包裹/订单标签，等待供应商上门提货 ②若货物未找回，请【完成】增值单  注意：此增值无论商品是否找回，请将增值单更新为【已出库】,NULL,CO
588090,VASC000000296127,OSF6V1603,库内其他服务需求,1,20250407062,【库内】指定单品/库位商品更换标签上架,背景：原增值VASC000000294780，目的是为辨识在库商品是否有贴错标签；,,
589146,VASC000000296172,OSF8V1601,出库其他服务需求,1,NULL,NULL,,NULL,CD
588165,VASC000000296175,OSF6V1651,库内商品拍摄视频,1,NULL,NULL,,NULL,CO
588213,VASC000000296202,OW01V1602,入库其他服务需求,1,NULL,NULL,,NULL,CD
588216,VASC000000296205,OSF6V1603,库内其他服务需求,1,【Library】Abnormal re-photographing,【库内】异常重新拍照,仓库操作步骤：,,
588258,VASC000000296217,OW01V1602,入库其他服务需求,1,20250430,【入库】“包裹条码批量异常（需客户处理）”辨识后补贴包裹标签上架,【背景】EB0126061030264738=WI48561278内有2款sku，仓库已经提供了每款的数量，需要辨识SKU，每款SKU补贴正确的包裹条码标签。,,
588276,VASC000000296223,OSF8V1601,出库其他服务需求,1,202601160001,【库内】特殊商品销毁（DG、带电、药物）,12211212,NULL,CD
588312,VASC000000296259,OSF8V1657,代理清关,1,【Outbound】Customs clearance agent,【出库】代理清关,打印附件的清关文件，交付尾程供应商，完成出库,NULL,CO
588327,VASC000000296265,OSF8V1657,代理清关,1,【Outbound】Customs clearance agent,【出库】代理清关,打印附件的清关文件，交付尾程供应商，完成出库,NULL,CO
588444,VASC000000296307,OSF6V1603,库内其他服务需求,1,20250407035,【库内】拍摄照片/视频,背景：客户做尾程申诉用，因为大部分订单都是客制包材出，所以需要提供纸箱撑开后测量的外径尺寸；,,
589071,VASC000000296319,OW01V1602,入库其他服务需求,1,20250407008,【入库】包裹类异常换商品标签上架,仓库操作步骤：,,
588453,VASC000000296325,OW01V1602,入库其他服务需求,1,20250407008,【入库】包裹类异常换商品标签上架,仓库操作步骤：,,
588561,VASC000000296337,OSF8V1620,Winit线下尾程服务,1,NULL,NULL,"""1、仓库/尾程SD报价；",,
588516,VASC000000296346,OSF8V1620,Winit线下尾程服务,1,NULL,NULL,"""1、仓库/尾程SD报价；",,
588558,VASC000000296352,OW01V1602,入库其他服务需求,1,NULL,NULL,,NULL,CD
588567,VASC000000296355,OSF6V1626,指定商品盘点,1,NULL,NULL,1、将在库商品按SKU进行清点数量,,
588600,VASC000000296370,OW01V1602,入库其他服务需求,1,202506120003,【入库】批量辨识商品后补贴商品条码及包裹条码上架,【背景】EB0126060730201747这个异常单里有2款SKU各一件，牛仔色的这一件是M010000000008217667，用透明袋装的一套是M010000000010207234，2款SKU的产品条码标签的补贴。,,
588657,VASC000000296373,OSF8V1620,Winit线下尾程服务,1,202512301,【尾程】winit线下尾程询价,"""1、仓库/尾程SD报价；",,
588738,VASC000000296406,OSF6V1603,库内其他服务需求,1,20250407071,【库内】商品组合,背景：库内需加急组装8套产品用于山姆线上订单销售；,,
588801,VASC000000296445,OSF8V1601,出库其他服务需求,1,20260128001,【出库】补贴包裹/托盘标签,操作步骤：,,
588867,VASC000000296460,OSF8V1755,出库内外箱补贴商品标签,1,NULL,NULL,EAN场景步骤1：拆开商品外箱 步骤2：核对外箱及彩盒上的条码 步骤3：若条码不一致，则需要用客户上传的标签文件覆盖EAN条码 步骤4：外箱和彩盒上不能出现除正确EAN条码以外的其他条码，若有其他条码请用白标覆盖  步骤5：完成后输入增值单品数量 透明计划场景步骤1：拆开商品外箱 步骤2：补贴商品透明计划标签 步骤3：商品封箱 步骤4：外箱上补贴对应的透明计划标签 内外箱透明计划标签需一致  步骤5：完成后输入增值单品数量,NULL,CO
588873,VASC000000296463,OSF8V1716,Anker加急出库,1,NULL,NULL,仓库根据订单情况判断能否在【指定出库日期】之前完成增值，若无法操作加急，请“异常终止”增值订单，若可以操作，请填写加急实际操作工时并“完成”增值 注意（非常重要！！！）： 1. 加急增值完成标准： *标准出库：加急订单出库日期应早于应出库日期，若不符合此条件，请“异常终止”增值订单 *自提出库：加急订单暂存日期应早于应暂存日期，若不符合此条件，请“异常终止”增值订单 2. 仓库实际操作工时，请提前记录并如实填写，最终会根据此工时收取客户费用 3. 需要在出库前完成此增值，否则增值将会被自动“异常终止”,NULL,CO
588876,VASC000000296469,OSF8V1749,审核出库单,1,NULL,NULL,仅万邑通内部发起,NULL,CO
588891,VASC000000296481,OSF8V1755,出库内外箱补贴商品标签,1,NULL,NULL,EAN场景步骤1：拆开商品外箱 步骤2：核对外箱及彩盒上的条码 步骤3：若条码不一致，则需要用客户上传的标签文件覆盖EAN条码 步骤4：外箱和彩盒上不能出现除正确EAN条码以外的其他条码，若有其他条码请用白标覆盖  步骤5：完成后输入增值单品数量 透明计划场景步骤1：拆开商品外箱 步骤2：补贴商品透明计划标签 步骤3：商品封箱 步骤4：外箱上补贴对应的透明计划标签 内外箱透明计划标签需一致  步骤5：完成后输入增值单品数量,NULL,CO
588903,VASC000000296493,OSF6V1660,审计盘点,1,20250407039,【库内】审计盘点,盘点仓库	：UKGF  Warehouse；,,
588909,VASC000000296499,OSF6V1660,审计盘点,1,20250407039,【库内】审计盘点,盘点仓库	：USWC Warehouse；,,
588942,VASC000000296517,OSF8V1755,出库内外箱补贴商品标签,1,NULL,NULL,EAN场景步骤1：拆开商品外箱 步骤2：核对外箱及彩盒上的条码 步骤3：若条码不一致，则需要用客户上传的标签文件覆盖EAN条码 步骤4：外箱和彩盒上不能出现除正确EAN条码以外的其他条码，若有其他条码请用白标覆盖  步骤5：完成后输入增值单品数量 透明计划场景步骤1：拆开商品外箱 步骤2：补贴商品透明计划标签 步骤3：商品封箱 步骤4：外箱上补贴对应的透明计划标签 内外箱透明计划标签需一致  步骤5：完成后输入增值单品数量,NULL,CO
588972,VASC000000296523,OSF6V1752,无主货找回（6个自然日内）-仓库创建无RMA退货单,1,NULL,NULL,步骤1：按照客户提供的快递单号或者POD尝试找回无主货 步骤2： ①若货物找回，请仓库创建无RMA退货单上架并反馈退货订单号，然后【完成】增值单 ②若货物未找回，请【完成】增值单  注意：此增值无论商品是否找回，请将增值单更新为【已出库】,NULL,CO
589215,VASC000000296529,OSF6V1603,库内其他服务需求,1,20250407065,【库内】指定单品销毁,仓库操作步骤：,,
588978,VASC000000296535,OSF8V1755,出库内外箱补贴商品标签,1,NULL,NULL,EAN场景步骤1：拆开商品外箱 步骤2：核对外箱及彩盒上的条码 步骤3：若条码不一致，则需要用客户上传的标签文件覆盖EAN条码 步骤4：外箱和彩盒上不能出现除正确EAN条码以外的其他条码，若有其他条码请用白标覆盖  步骤5：完成后输入增值单品数量 透明计划场景步骤1：拆开商品外箱 步骤2：补贴商品透明计划标签 步骤3：商品封箱 步骤4：外箱上补贴对应的透明计划标签 内外箱透明计划标签需一致  步骤5：完成后输入增值单品数量,NULL,CD
588990,VASC000000296538,OSF8V1755,出库内外箱补贴商品标签,1,NULL,NULL,EAN场景步骤1：拆开商品外箱 步骤2：核对外箱及彩盒上的条码 步骤3：若条码不一致，则需要用客户上传的标签文件覆盖EAN条码 步骤4：外箱和彩盒上不能出现除正确EAN条码以外的其他条码，若有其他条码请用白标覆盖  步骤5：完成后输入增值单品数量 透明计划场景步骤1：拆开商品外箱 步骤2：补贴商品透明计划标签 步骤3：商品封箱 步骤4：外箱上补贴对应的透明计划标签 内外箱透明计划标签需一致  步骤5：完成后输入增值单品数量,NULL,CO
588999,VASC000000296541,OSF8V1716,Anker加急出库,1,NULL,NULL,仓库根据订单情况判断能否在【指定出库日期】之前完成增值，若无法操作加急，请“异常终止”增值订单，若可以操作，请填写加急实际操作工时并“完成”增值 注意（非常重要！！！）： 1. 加急增值完成标准： *标准出库：加急订单出库日期应早于应出库日期，若不符合此条件，请“异常终止”增值订单 *自提出库：加急订单暂存日期应早于应暂存日期，若不符合此条件，请“异常终止”增值订单 2. 仓库实际操作工时，请提前记录并如实填写，最终会根据此工时收取客户费用 3. 需要在出库前完成此增值，否则增值将会被自动“异常终止”,NULL,CO
589005,VASC000000296547,OSF8V1620,Winit线下尾程服务,1,202512301,【尾程】winit线下尾程询价,"""1、仓库/尾程SD报价；",,
589041,VASC000000296562,OSF8V1755,出库内外箱补贴商品标签,1,NULL,NULL,EAN场景步骤1：拆开商品外箱 步骤2：核对外箱及彩盒上的条码 步骤3：若条码不一致，则需要用客户上传的标签文件覆盖EAN条码 步骤4：外箱和彩盒上不能出现除正确EAN条码以外的其他条码，若有其他条码请用白标覆盖  步骤5：完成后输入增值单品数量 透明计划场景步骤1：拆开商品外箱 步骤2：补贴商品透明计划标签 步骤3：商品封箱 步骤4：外箱上补贴对应的透明计划标签 内外箱透明计划标签需一致  步骤5：完成后输入增值单品数量,NULL,CO
589107,VASC000000296583,OSF8V1755,出库内外箱补贴商品标签,1,NULL,NULL,EAN场景步骤1：拆开商品外箱 步骤2：核对外箱及彩盒上的条码 步骤3：若条码不一致，则需要用客户上传的标签文件覆盖EAN条码 步骤4：外箱和彩盒上不能出现除正确EAN条码以外的其他条码，若有其他条码请用白标覆盖  步骤5：完成后输入增值单品数量 透明计划场景步骤1：拆开商品外箱 步骤2：补贴商品透明计划标签 步骤3：商品封箱 步骤4：外箱上补贴对应的透明计划标签 内外箱透明计划标签需一致  步骤5：完成后输入增值单品数量,NULL,CO
589113,VASC000000296586,OSF8V1755,出库内外箱补贴商品标签,1,NULL,NULL,EAN场景步骤1：拆开商品外箱 步骤2：核对外箱及彩盒上的条码 步骤3：若条码不一致，则需要用客户上传的标签文件覆盖EAN条码 步骤4：外箱和彩盒上不能出现除正确EAN条码以外的其他条码，若有其他条码请用白标覆盖  步骤5：完成后输入增值单品数量 透明计划场景步骤1：拆开商品外箱 步骤2：补贴商品透明计划标签 步骤3：商品封箱 步骤4：外箱上补贴对应的透明计划标签 内外箱透明计划标签需一致  步骤5：完成后输入增值单品数量,NULL,CO
589119,VASC000000296589,OSF8V1755,出库内外箱补贴商品标签,1,NULL,NULL,EAN场景步骤1：拆开商品外箱 步骤2：核对外箱及彩盒上的条码 步骤3：若条码不一致，则需要用客户上传的标签文件覆盖EAN条码 步骤4：外箱和彩盒上不能出现除正确EAN条码以外的其他条码，若有其他条码请用白标覆盖  步骤5：完成后输入增值单品数量 透明计划场景步骤1：拆开商品外箱 步骤2：补贴商品透明计划标签 步骤3：商品封箱 步骤4：外箱上补贴对应的透明计划标签 内外箱透明计划标签需一致  步骤5：完成后输入增值单品数量,NULL,CO
589125,VASC000000296592,OSF8V1755,出库内外箱补贴商品标签,1,NULL,NULL,EAN场景步骤1：拆开商品外箱 步骤2：核对外箱及彩盒上的条码 步骤3：若条码不一致，则需要用客户上传的标签文件覆盖EAN条码 步骤4：外箱和彩盒上不能出现除正确EAN条码以外的其他条码，若有其他条码请用白标覆盖  步骤5：完成后输入增值单品数量 透明计划场景步骤1：拆开商品外箱 步骤2：补贴商品透明计划标签 步骤3：商品封箱 步骤4：外箱上补贴对应的透明计划标签 内外箱透明计划标签需一致  步骤5：完成后输入增值单品数量,NULL,CO
589137,VASC000000296598,OSF8V1716,Anker加急出库,1,NULL,NULL,仓库根据订单情况判断能否在【指定出库日期】之前完成增值，若无法操作加急，请“异常终止”增值订单，若可以操作，请填写加急实际操作工时并“完成”增值 注意（非常重要！！！）： 1. 加急增值完成标准： *标准出库：加急订单出库日期应早于应出库日期，若不符合此条件，请“异常终止”增值订单 *自提出库：加急订单暂存日期应早于应暂存日期，若不符合此条件，请“异常终止”增值订单 2. 仓库实际操作工时，请提前记录并如实填写，最终会根据此工时收取客户费用 3. 需要在出库前完成此增值，否则增值将会被自动“异常终止”,NULL,CD
589152,VASC000000296601,OSF8V1755,出库内外箱补贴商品标签,1,NULL,NULL,EAN场景步骤1：拆开商品外箱 步骤2：核对外箱及彩盒上的条码 步骤3：若条码不一致，则需要用客户上传的标签文件覆盖EAN条码 步骤4：外箱和彩盒上不能出现除正确EAN条码以外的其他条码，若有其他条码请用白标覆盖  步骤5：完成后输入增值单品数量 透明计划场景步骤1：拆开商品外箱 步骤2：补贴商品透明计划标签 步骤3：商品封箱 步骤4：外箱上补贴对应的透明计划标签 内外箱透明计划标签需一致  步骤5：完成后输入增值单品数量,NULL,CO
589170,VASC000000296610,OW01V1602,入库其他服务需求,1,INBOUND_PICKUP_BF_SHELVE,【入库】上架前自提,111,NULL,CD
589182,VASC000000296616,OSF8V1620,Winit线下尾程服务,1,202512301,【尾程】winit线下尾程询价,"""1、仓库/尾程SD报价；",,
589188,VASC000000296619,OSF8V1620,Winit线下尾程服务,1,202512301,【尾程】winit线下尾程询价,"""1、仓库/尾程SD报价；",,
589377,VASC000000296655,OSF6V1603,库内其他服务需求,1,20250407035,【库内】拍摄照片/视频,背景：TikTok店铺二审，需要配合提供相关视频；,,
589278,VASC000000296667,OSF6V1603,库内其他服务需求,1,20250407043,【库内】商品外观辨识+贴标上架,仓库操作步骤：,,
589368,VASC000000296694,OW01V1600,提供海外仓监控视频-少单品调查,1,NULL,NULL,根据到仓订单具体情况提供对应视频：,,
589335,VASC000000296703,OSF8V1620,Winit线下尾程服务,1,202512301,【尾程】winit线下尾程询价,"""1、仓库/尾程SD报价；",,
589413,VASC000000296724,OSF6V1677,退货商品补拍细节照,1,NULL,NULL,针对退货入库商品，按照客户示例图要求开箱补拍商品细节照片（含外箱标签照、内部商品细节图、内部商品标签照等）,NULL,CO
589401,VASC000000296733,OSF6V1603,库内其他服务需求,1,【Library】Abnormal re-photographing,【库内】异常重新拍照,仓库操作步骤：,,
589452,VASC000000296754,OW01V1652,入库-清除商品标签,1,NULL,NULL,按照客户提供的示例图，清除标签,NULL,CO
589533,VASC000000296757,OSF8V1620,Winit线下尾程服务,1,202512301,【尾程】winit线下尾程询价,"""1、仓库/尾程SD报价；",,
589458,VASC000000296760,OW01V1602,入库其他服务需求,1,20260302,【入库】覆盖/清除标签,【背景】入库单：WI49829941，A+包：共203箱，A+包裹外箱贴有电池标签，申请移除。,,
589584,VASC000000296817,OSF6V1673,无主货找回-6个自然日内,1,NULL,NULL,根据客户提供的单据信息找货，若超过1h未找回，则反馈无法找回,NULL,CD
589605,VASC000000296826,OW01V1674,入库-异常包裹开箱拍照,1,NULL,NULL,1、根据增值单需求信息找货 2、根据客户示例图片拍照、且需要拍外箱箱唛图、SKU条码图，开箱拍产品实物图以及产品实物标签图 3、按照SKU/包裹整理拍照文件并上传,NULL,CO
589614,VASC000000296838,OSF6V1603,库内其他服务需求,1,20250619001,【库内】代采购包材物料,代客代购20卷牛皮纸。,,
589608,VASC000000296844,OSF8V1601,出库其他服务需求,1,20250407013,【出库】指定位置贴商品/包裹标签/快递面单,操作步骤：,,
589623,VASC000000296847,OSF8V1601,出库其他服务需求,1,20250407013,【出库】指定位置贴商品/包裹标签/快递面单,操作步骤：,,
590229,VASC000000296862,OSF8V1601,出库其他服务需求,1,20250516,【出库】补贴/更换商品标签,操作步骤：,,
589647,VASC000000296865,OW01V1602,入库其他服务需求,1,20260115,【入库】上架到不良品,【背景】,,
590100,VASC000000296889,OW01V1594,上架前自提（无需WINIT打托）,1,NULL,NULL,1、补贴快递面单,,
589731,VASC000000296913,OSF8V1755,出库内外箱补贴商品标签,1,NULL,NULL,EAN场景步骤1：拆开商品外箱 步骤2：核对外箱及彩盒上的条码 步骤3：若条码不一致，则需要用客户上传的标签文件覆盖EAN条码 步骤4：外箱和彩盒上不能出现除正确EAN条码以外的其他条码，若有其他条码请用白标覆盖  步骤5：完成后输入增值单品数量 透明计划场景步骤1：拆开商品外箱 步骤2：补贴商品透明计划标签 步骤3：商品封箱 步骤4：外箱上补贴对应的透明计划标签 内外箱透明计划标签需一致  步骤5：完成后输入增值单品数量,NULL,CO
589749,VASC000000296922,OSF8V1755,出库内外箱补贴商品标签,1,NULL,NULL,EAN场景步骤1：拆开商品外箱 步骤2：核对外箱及彩盒上的条码 步骤3：若条码不一致，则需要用客户上传的标签文件覆盖EAN条码 步骤4：外箱和彩盒上不能出现除正确EAN条码以外的其他条码，若有其他条码请用白标覆盖  步骤5：完成后输入增值单品数量 透明计划场景步骤1：拆开商品外箱 步骤2：补贴商品透明计划标签 步骤3：商品封箱 步骤4：外箱上补贴对应的透明计划标签 内外箱透明计划标签需一致  步骤5：完成后输入增值单品数量,NULL,CO
589830,VASC000000296934,OSF6V1596,Shelf the item after splitting it into a single SKU.,1,NULL,NULL,1. Split the unit into the same SKU.,,
589794,VASC000000296937,OSF8V1755,出库内外箱补贴商品标签,1,NULL,NULL,EAN场景步骤1：拆开商品外箱 步骤2：核对外箱及彩盒上的条码 步骤3：若条码不一致，则需要用客户上传的标签文件覆盖EAN条码 步骤4：外箱和彩盒上不能出现除正确EAN条码以外的其他条码，若有其他条码请用白标覆盖  步骤5：完成后输入增值单品数量 透明计划场景步骤1：拆开商品外箱 步骤2：补贴商品透明计划标签 步骤3：商品封箱 步骤4：外箱上补贴对应的透明计划标签 内外箱透明计划标签需一致  步骤5：完成后输入增值单品数量,NULL,CO
590121,VASC000000296940,OSF8V1601,出库其他服务需求,1,NULL,NULL,,NULL,CD
589848,VASC000000296964,OSF8V1755,出库内外箱补贴商品标签,1,NULL,NULL,EAN场景步骤1：拆开商品外箱 步骤2：核对外箱及彩盒上的条码 步骤3：若条码不一致，则需要用客户上传的标签文件覆盖EAN条码 步骤4：外箱和彩盒上不能出现除正确EAN条码以外的其他条码，若有其他条码请用白标覆盖  步骤5：完成后输入增值单品数量 透明计划场景步骤1：拆开商品外箱 步骤2：补贴商品透明计划标签 步骤3：商品封箱 步骤4：外箱上补贴对应的透明计划标签 内外箱透明计划标签需一致  步骤5：完成后输入增值单品数量,NULL,CO
592125,VASC000000296970,OSF6V1603,库内其他服务需求,1,NULL,NULL,背景：根据之前增值：VASC000000294009拍的KRB0300和KRB4110的照片，需要对贴错Winit标签的外盒更换标签。,,
590052,VASC000000297015,OW01V1602,入库其他服务需求,1,20251208,【入库】包裹级异常更换包装,仓库操作步骤;,,
590010,VASC000000297027,OSF6V1603,库内其他服务需求,1,【Warehouse】Measurement and identification of commodity weight,【库内】商品尺重测量辨识,仓库操作步骤：,,
589998,VASC000000297048,OSF6V1603,库内其他服务需求,1,20250407043,【库内】商品外观辨识+贴标上架,仓库操作步骤：,,
590019,VASC000000297057,OSF6V1603,库内其他服务需求,1,20250407056,【库内】商品包装加固,背景：M010000000008989478 *557 仓库反馈产品库内包装破损，这个产品仓库反馈包装破损，因直接套袋子或者直接套纸箱都有破损的风险，目前客户有待发的订单着急发货，考虑补发刀套重新包装时间较长，仓库反馈库内可以热敏纸包好刀头，重新包装避免刀头再次戳破包装。,,
590280,VASC000000297099,OSF6V1603,库内其他服务需求,1,20251230001,【库内】补贴第三方商品条码上架,仓库操作步骤：,,
590178,VASC000000297108,OW01V1602,入库其他服务需求,1,20250407004,【入库】尺重/标签辨识后换标上架,【背景】对应入库单的条码货物不想跟已经在库的sku货物混在一起，所以下新单换标上架的。预计6.23。,,
590151,VASC000000297111,OW01V1594,上架前自提（无需WINIT打托）,1,NULL,NULL,1、补贴快递面单,,
590160,VASC000000297117,OW01V1594,上架前自提（无需WINIT打托）,1,NULL,NULL,1、补贴快递面单,,
590187,VASC000000297120,OW01V1602,入库其他服务需求,1,20250407004,【入库】尺重/标签辨识后换标上架,【背景】对应入库单的条码货物不想跟已经在库的sku货物混在一起，所以下新单换标上架的。,,
590217,VASC000000297132,OSF8V1620,Winit线下尾程服务,1,202512301,【尾程】winit线下尾程询价,"""1、仓库/尾程SD报价；",,
596583,VASC000000297135,OW01V1602,入库其他服务需求,1,NULL,NULL,,NULL,CD
590232,VASC000000297141,OW01V1602,入库其他服务需求,1,202506120001,【入库】关联第三方商品条码上架,【背景】客户入库单建单晚了，到仓了再推入库单，仓库报：EB0126061030264318包裹条码异常，现客户第三方箱唛已关联，需直接扫描上架到新单：WI50407236。,,
590358,VASC000000297171,OSF6V1647,货权转移（改数模式）,1,【In-warehouse】Transfer of ownership of goods,【库内】货权转移,此类增值仅用于收费，IT系统改数，无需仓库实物流操作。仓库将增值单状态更新为“仓库已处理”,NULL,CD
590310,VASC000000297177,OSF8V1755,出库内外箱补贴商品标签,1,NULL,NULL,EAN场景步骤1：拆开商品外箱 步骤2：核对外箱及彩盒上的条码 步骤3：若条码不一致，则需要用客户上传的标签文件覆盖EAN条码 步骤4：外箱和彩盒上不能出现除正确EAN条码以外的其他条码，若有其他条码请用白标覆盖  步骤5：完成后输入增值单品数量 透明计划场景步骤1：拆开商品外箱 步骤2：补贴商品透明计划标签 步骤3：商品封箱 步骤4：外箱上补贴对应的透明计划标签 内外箱透明计划标签需一致  步骤5：完成后输入增值单品数量,NULL,CO
590349,VASC000000297189,OSF8V1601,出库其他服务需求,1,20250516,【出库】补贴/更换商品标签,操作步骤：,,
590409,VASC000000297195,OSF8V1620,Winit线下尾程服务,1,202512301,【尾程】winit线下尾程询价,"""1、仓库/尾程SD报价；",,
590373,VASC000000297198,OSF6V1603,库内其他服务需求,1,20250407035,【库内】拍摄照片/视频,"背景：TikTok 平台店铺审核,需要客户上传货物库存图片的证明文件。",,
590454,VASC000000297225,OSF6V1603,库内其他服务需求,1,20250427001,【库内】商品贴指令性标签（警示标语/使用说明/清洁维护等）+拍照,背景：这5件M010000000006938355产品外箱需要粘贴贴纸，贴纸实物已经入库上架，贴纸sku为M010000000011661498，粘贴后返架。,,
590427,VASC000000297231,OSF8V1620,Winit线下尾程服务,1,202512301,【尾程】winit线下尾程询价,"""1、仓库/尾程SD报价；",,
590448,VASC000000297234,OSF8V1601,出库其他服务需求,1,NULL,NULL,,NULL,CD
590490,VASC000000297237,OSF6V1596,单品拆分后上架（拆分为一个SKU）,1,NULL,NULL,1.拆分单品，拆分为同1个SKU,,
590475,VASC000000297240,OSF8V1601,出库其他服务需求,1,NULL,NULL,,NULL,CD
590478,VASC000000297249,OSF8V1755,出库内外箱补贴商品标签,1,NULL,NULL,EAN场景步骤1：拆开商品外箱 步骤2：核对外箱及彩盒上的条码 步骤3：若条码不一致，则需要用客户上传的标签文件覆盖EAN条码 步骤4：外箱和彩盒上不能出现除正确EAN条码以外的其他条码，若有其他条码请用白标覆盖  步骤5：完成后输入增值单品数量 透明计划场景步骤1：拆开商品外箱 步骤2：补贴商品透明计划标签 步骤3：商品封箱 步骤4：外箱上补贴对应的透明计划标签 内外箱透明计划标签需一致  步骤5：完成后输入增值单品数量,NULL,CO
590505,VASC000000297261,OSF8V1620,Winit线下尾程服务,1,202512301,【尾程】winit线下尾程询价,"""1、仓库/尾程SD报价；",,
590514,VASC000000297264,OW01V1602,入库其他服务需求,1,20260302,【入库】覆盖/清除标签,【背景】在覆盖危险品标签方案维护上线前有部分订单已经预约完成，无法走标准增值，故按照历史共识，在标准增值没有上线之前，需要让客户BY周提一个非标增值统一让仓库操作入库覆盖危险品标签的非标增值，前有4单已到仓需要下非标增值覆盖加急上架，总单品数量：2016。,,
590511,VASC000000297267,OW01V1602,入库其他服务需求,1,20260302,【入库】覆盖/清除标签,【背景】在覆盖危险品标签方案维护上线前有部分订单已经预约完成，无法走标准增值，故按照历史共识，在标准增值没有上线之前，需要让客户BY周提一个非标增值统一让仓库操作入库覆盖危险品标签的非标增值，目前有3单预计6.11到仓，需要下非标增值覆盖上架，总单品数量：382。,,
590544,VASC000000297270,OSF8V1601,出库其他服务需求,1,20250516,【出库】补贴/更换商品标签,操作步骤：,,
590556,VASC000000297273,OW01V1602,入库其他服务需求,1,NULL,NULL,,NULL,CD
590592,VASC000000297282,OSF8V1601,出库其他服务需求,1,NULL,NULL,,NULL,CD
590652,VASC000000297288,OSF6V1647,货权转移（改数模式）,1,【In-warehouse】Transfer of ownership of goods,【库内】货权转移,此类增值仅用于收费，IT系统改数，无需仓库实物流操作。仓库将增值单状态更新为“仓库已处理”,,
590661,VASC000000297312,OSF8V1755,出库内外箱补贴商品标签,1,NULL,NULL,EAN场景步骤1：拆开商品外箱 步骤2：核对外箱及彩盒上的条码 步骤3：若条码不一致，则需要用客户上传的标签文件覆盖EAN条码 步骤4：外箱和彩盒上不能出现除正确EAN条码以外的其他条码，若有其他条码请用白标覆盖  步骤5：完成后输入增值单品数量 透明计划场景步骤1：拆开商品外箱 步骤2：补贴商品透明计划标签 步骤3：商品封箱 步骤4：外箱上补贴对应的透明计划标签 内外箱透明计划标签需一致  步骤5：完成后输入增值单品数量,NULL,CO
590676,VASC000000297318,OSF8V1755,出库内外箱补贴商品标签,1,NULL,NULL,EAN场景步骤1：拆开商品外箱 步骤2：核对外箱及彩盒上的条码 步骤3：若条码不一致，则需要用客户上传的标签文件覆盖EAN条码 步骤4：外箱和彩盒上不能出现除正确EAN条码以外的其他条码，若有其他条码请用白标覆盖  步骤5：完成后输入增值单品数量 透明计划场景步骤1：拆开商品外箱 步骤2：补贴商品透明计划标签 步骤3：商品封箱 步骤4：外箱上补贴对应的透明计划标签 内外箱透明计划标签需一致  步骤5：完成后输入增值单品数量,NULL,CO
590706,VASC000000297336,OSF8V1716,Anker加急出库,1,NULL,NULL,仓库根据订单情况判断能否在【指定出库日期】之前完成增值，若无法操作加急，请“异常终止”增值订单，若可以操作，请填写加急实际操作工时并“完成”增值 注意（非常重要！！！）： 1. 加急增值完成标准： *标准出库：加急订单出库日期应早于应出库日期，若不符合此条件，请“异常终止”增值订单 *自提出库：加急订单暂存日期应早于应暂存日期，若不符合此条件，请“异常终止”增值订单 2. 仓库实际操作工时，请提前记录并如实填写，最终会根据此工时收取客户费用 3. 需要在出库前完成此增值，否则增值将会被自动“异常终止”,NULL,RT
590712,VASC000000297339,OSF8V1716,Anker加急出库,1,NULL,NULL,仓库根据订单情况判断能否在【指定出库日期】之前完成增值，若无法操作加急，请“异常终止”增值订单，若可以操作，请填写加急实际操作工时并“完成”增值 注意（非常重要！！！）： 1. 加急增值完成标准： *标准出库：加急订单出库日期应早于应出库日期，若不符合此条件，请“异常终止”增值订单 *自提出库：加急订单暂存日期应早于应暂存日期，若不符合此条件，请“异常终止”增值订单 2. 仓库实际操作工时，请提前记录并如实填写，最终会根据此工时收取客户费用 3. 需要在出库前完成此增值，否则增值将会被自动“异常终止”,NULL,RT
590721,VASC000000297351,OSF6V1603,库内其他服务需求,1,NULL,NULL,,NULL,CD
590814,VASC000000297372,OSF8V1749,审核出库单,1,NULL,NULL,仅万邑通内部发起,NULL,CO
590826,VASC000000297381,OSF8V1620,Winit线下尾程服务,1,202512301,【尾程】winit线下尾程询价,"""1、仓库/尾程SD报价；",,
590943,VASC000000297432,OSF8V1620,Winit线下尾程服务,1,NULL,NULL,"""1、仓库/尾程SD报价；",,
591021,VASC000000297489,OSF8V1755,出库内外箱补贴商品标签,1,NULL,NULL,EAN场景步骤1：拆开商品外箱 步骤2：核对外箱及彩盒上的条码 步骤3：若条码不一致，则需要用客户上传的标签文件覆盖EAN条码 步骤4：外箱和彩盒上不能出现除正确EAN条码以外的其他条码，若有其他条码请用白标覆盖  步骤5：完成后输入增值单品数量 透明计划场景步骤1：拆开商品外箱 步骤2：补贴商品透明计划标签 步骤3：商品封箱 步骤4：外箱上补贴对应的透明计划标签 内外箱透明计划标签需一致  步骤5：完成后输入增值单品数量,NULL,CO
591039,VASC000000297498,OSF8V1620,Winit线下尾程服务,1,202512301,【尾程】winit线下尾程询价,"""1、仓库/尾程SD报价；",,
591234,VASC000000297504,OW01V1602,入库其他服务需求,1,NULL,NULL,,NULL,CD
591069,VASC000000297516,OW01V1652,入库-清除商品标签,1,NULL,NULL,按照客户提供的示例图，清除标签,NULL,CO
591081,VASC000000297519,OW01V1652,入库-清除商品标签,1,NULL,NULL,按照客户提供的示例图，清除标签,NULL,CO
591186,VASC000000297534,OSF6V1603,库内其他服务需求,1,20250512001,【库内】商品更换包装（WINIT标准包材）,仓库操作步骤：,,
591132,VASC000000297561,OSF6V1603,库内其他服务需求,1,20250407051,【库内】良品/不良品检测,背景：以下sku在库库存因批次问题需在库做改制，操作流程如下,,
591393,VASC000000297567,OW01V1602,入库其他服务需求,1,20250522001,【入库】指定商品拍照暂存,【背景】A+包裹质量异常，看异常单中的图片无法辨别里面的产品是否有损坏，因此，需要开箱拍照查验里面的产品是否有损坏。,,
591330,VASC000000297582,OW01V1602,入库其他服务需求,1,NULL,NULL,,NULL,CD
591567,VASC000000297618,OW01V1602,入库其他服务需求,1,20250522001,【入库】指定商品拍照暂存,【背景】入库无法匹配SKU，需要拍照辨识。,,
591480,VASC000000297621,OW01V1599,提供海外仓监控视频-少包裹调查,1,NULL,NULL,根据到仓订单具体情况提供对应视频：,,
591486,VASC000000297624,OSF8V1755,出库内外箱补贴商品标签,1,NULL,NULL,EAN场景步骤1：拆开商品外箱 步骤2：核对外箱及彩盒上的条码 步骤3：若条码不一致，则需要用客户上传的标签文件覆盖EAN条码 步骤4：外箱和彩盒上不能出现除正确EAN条码以外的其他条码，若有其他条码请用白标覆盖  步骤5：完成后输入增值单品数量 透明计划场景步骤1：拆开商品外箱 步骤2：补贴商品透明计划标签 步骤3：商品封箱 步骤4：外箱上补贴对应的透明计划标签 内外箱透明计划标签需一致  步骤5：完成后输入增值单品数量,NULL,CO
591495,VASC000000297627,OSF6V1603,库内其他服务需求,1,20250407044,仓库已完成 需补收费用,"WO11399681250,WO11370572764,2单仓库已按照标签覆盖FBA标签上架了货物，一共使用180张标签（需要补收费用)",,
591537,VASC000000297639,OSF8V1601,出库其他服务需求,1,20260408,【出库】特殊打托需求,补收合托费用,NULL,CO
591549,VASC000000297642,OW01V1602,入库其他服务需求,1,20250522001,【入库】指定商品拍照暂存,【背景】客户入库包裹标签弄错了，需要上架前拦截辨识。,,
591582,VASC000000297660,OSF8V1755,出库内外箱补贴商品标签,1,NULL,NULL,EAN场景步骤1：拆开商品外箱 步骤2：核对外箱及彩盒上的条码 步骤3：若条码不一致，则需要用客户上传的标签文件覆盖EAN条码 步骤4：外箱和彩盒上不能出现除正确EAN条码以外的其他条码，若有其他条码请用白标覆盖  步骤5：完成后输入增值单品数量 透明计划场景步骤1：拆开商品外箱 步骤2：补贴商品透明计划标签 步骤3：商品封箱 步骤4：外箱上补贴对应的透明计划标签 内外箱透明计划标签需一致  步骤5：完成后输入增值单品数量,NULL,CO
591606,VASC000000297678,OSF8V1657,代理清关,1,【Outbound】Customs clearance agent,【出库】代理清关,打印附件的清关文件，交付尾程供应商，完成出库,NULL,CO
591630,VASC000000297681,OSF8V1601,出库其他服务需求,1,20250407015,【出库】补增值后补包裹/托盘级标签,操作步骤：,,
591699,VASC000000297714,OSF8V1755,出库内外箱补贴商品标签,1,NULL,NULL,EAN场景步骤1：拆开商品外箱 步骤2：核对外箱及彩盒上的条码 步骤3：若条码不一致，则需要用客户上传的标签文件覆盖EAN条码 步骤4：外箱和彩盒上不能出现除正确EAN条码以外的其他条码，若有其他条码请用白标覆盖  步骤5：完成后输入增值单品数量 透明计划场景步骤1：拆开商品外箱 步骤2：补贴商品透明计划标签 步骤3：商品封箱 步骤4：外箱上补贴对应的透明计划标签 内外箱透明计划标签需一致  步骤5：完成后输入增值单品数量,NULL,CO
591732,VASC000000297723,OW01V1599,提供海外仓监控视频-少包裹调查,1,NULL,NULL,根据到仓订单具体情况提供对应视频：,,
591759,VASC000000297729,OSF8V1755,出库内外箱补贴商品标签,1,NULL,NULL,EAN场景步骤1：拆开商品外箱 步骤2：核对外箱及彩盒上的条码 步骤3：若条码不一致，则需要用客户上传的标签文件覆盖EAN条码 步骤4：外箱和彩盒上不能出现除正确EAN条码以外的其他条码，若有其他条码请用白标覆盖  步骤5：完成后输入增值单品数量 透明计划场景步骤1：拆开商品外箱 步骤2：补贴商品透明计划标签 步骤3：商品封箱 步骤4：外箱上补贴对应的透明计划标签 内外箱透明计划标签需一致  步骤5：完成后输入增值单品数量,NULL,CO
591909,VASC000000297738,OW01V1602,入库其他服务需求,1,NULL,NULL,,NULL,CD
591786,VASC000000297741,OSF8V1716,Anker加急出库,1,NULL,NULL,仓库根据订单情况判断能否在【指定出库日期】之前完成增值，若无法操作加急，请“异常终止”增值订单，若可以操作，请填写加急实际操作工时并“完成”增值 注意（非常重要！！！）： 1. 加急增值完成标准： *标准出库：加急订单出库日期应早于应出库日期，若不符合此条件，请“异常终止”增值订单 *自提出库：加急订单暂存日期应早于应暂存日期，若不符合此条件，请“异常终止”增值订单 2. 仓库实际操作工时，请提前记录并如实填写，最终会根据此工时收取客户费用 3. 需要在出库前完成此增值，否则增值将会被自动“异常终止”,NULL,CO
591810,VASC000000297744,OSF8V1601,出库其他服务需求,1,20260408,【出库】特殊打托需求,操作步骤：,,
591792,VASC000000297750,OSF8V1716,Anker加急出库,1,NULL,NULL,仓库根据订单情况判断能否在【指定出库日期】之前完成增值，若无法操作加急，请“异常终止”增值订单，若可以操作，请填写加急实际操作工时并“完成”增值 注意（非常重要！！！）： 1. 加急增值完成标准： *标准出库：加急订单出库日期应早于应出库日期，若不符合此条件，请“异常终止”增值订单 *自提出库：加急订单暂存日期应早于应暂存日期，若不符合此条件，请“异常终止”增值订单 2. 仓库实际操作工时，请提前记录并如实填写，最终会根据此工时收取客户费用 3. 需要在出库前完成此增值，否则增值将会被自动“异常终止”,NULL,CO
591894,VASC000000297762,OSF8V1755,出库内外箱补贴商品标签,1,NULL,NULL,EAN场景步骤1：拆开商品外箱 步骤2：核对外箱及彩盒上的条码 步骤3：若条码不一致，则需要用客户上传的标签文件覆盖EAN条码 步骤4：外箱和彩盒上不能出现除正确EAN条码以外的其他条码，若有其他条码请用白标覆盖  步骤5：完成后输入增值单品数量 透明计划场景步骤1：拆开商品外箱 步骤2：补贴商品透明计划标签 步骤3：商品封箱 步骤4：外箱上补贴对应的透明计划标签 内外箱透明计划标签需一致  步骤5：完成后输入增值单品数量,NULL,CO
591975,VASC000000297801,OSF6V1603,库内其他服务需求,1,20250401002,【库内】关联第三方条码上架,仓库操作步骤：,,
592176,VASC000000297813,OSF6V1627,单品辨识（不开箱）,1,NULL,NULL,根据客户提供的辨识方法，在不拆单品外包装的情况下，仓库辨识单品数量/标签内容（含第三方商品标签）等差异并反馈,NULL,RT
592017,VASC000000297816,OW01V1599,提供海外仓监控视频-少包裹调查,1,NULL,NULL,根据到仓订单具体情况提供对应视频：,,
592242,VASC000000297861,OSF6V1603,库内其他服务需求,1,20250407045,【库内】辨识后贴标上架+销毁,仓库操作步骤：,,
592419,VASC000000297867,OSF6V1597,单品拆分后上架（拆分为多个SKU）,1,INSTOCK_SPLIT_SKU,【库内】拆分SKU,仓库操作步骤：,,
592233,VASC000000297885,OSF8V1755,出库内外箱补贴商品标签,1,NULL,NULL,EAN场景步骤1：拆开商品外箱 步骤2：核对外箱及彩盒上的条码 步骤3：若条码不一致，则需要用客户上传的标签文件覆盖EAN条码 步骤4：外箱和彩盒上不能出现除正确EAN条码以外的其他条码，若有其他条码请用白标覆盖  步骤5：完成后输入增值单品数量 透明计划场景步骤1：拆开商品外箱 步骤2：补贴商品透明计划标签 步骤3：商品封箱 步骤4：外箱上补贴对应的透明计划标签 内外箱透明计划标签需一致  步骤5：完成后输入增值单品数量,NULL,CO
592245,VASC000000297945,OSF8V1749,审核出库单,1,NULL,NULL,仅万邑通内部发起,NULL,CO
592281,VASC000000297972,OSF8V1755,出库内外箱补贴商品标签,1,NULL,NULL,EAN场景步骤1：拆开商品外箱 步骤2：核对外箱及彩盒上的条码 步骤3：若条码不一致，则需要用客户上传的标签文件覆盖EAN条码 步骤4：外箱和彩盒上不能出现除正确EAN条码以外的其他条码，若有其他条码请用白标覆盖  步骤5：完成后输入增值单品数量 透明计划场景步骤1：拆开商品外箱 步骤2：补贴商品透明计划标签 步骤3：商品封箱 步骤4：外箱上补贴对应的透明计划标签 内外箱透明计划标签需一致  步骤5：完成后输入增值单品数量,NULL,CO
592359,VASC000000297990,OSF6V1603,库内其他服务需求,1,NULL,NULL,,NULL,CD
592536,VASC000000298062,OSF6V1603,库内其他服务需求,1,20250407075,【入库】指定包裹拍照,仓库操作步骤：,,
592614,VASC000000298104,OW01V1602,入库其他服务需求,1,NULL,NULL,,NULL,CD
592647,VASC000000298119,OW01V1602,入库其他服务需求,1,20250407006,【入库】同异常多种处理方式（直接上架+换包装上架+换标上架+部分销毁）,【背景】VASC000000294846 入库非标增值（特批）WI50050380 USKY3 Warehouse，B0400000001413578783 包裹类型A包：,,
592656,VASC000000298122,OSF6V1603,库内其他服务需求,1,NULL,NULL,,NULL,CD
592704,VASC000000298125,OW01V1602,入库其他服务需求,1,NULL,NULL,,NULL,CD
592710,VASC000000298137,OSF8V1755,出库内外箱补贴商品标签,1,NULL,NULL,EAN场景步骤1：拆开商品外箱 步骤2：核对外箱及彩盒上的条码 步骤3：若条码不一致，则需要用客户上传的标签文件覆盖EAN条码 步骤4：外箱和彩盒上不能出现除正确EAN条码以外的其他条码，若有其他条码请用白标覆盖  步骤5：完成后输入增值单品数量 透明计划场景步骤1：拆开商品外箱 步骤2：补贴商品透明计划标签 步骤3：商品封箱 步骤4：外箱上补贴对应的透明计划标签 内外箱透明计划标签需一致  步骤5：完成后输入增值单品数量,NULL,CO
592827,VASC000000298146,OW01V1602,入库其他服务需求,1,20250430,【入库】“包裹条码批量异常（需客户处理）”辨识后补贴包裹标签上架,【背景】异常单号EB0126060330030603因包裹条码被涂改导致难以分辨条码扫描上架。,,
592782,VASC000000298164,OSF8V1620,Winit线下尾程服务,1,202512301,【尾程】winit线下尾程询价,"""1、仓库/尾程SD报价；",,
592791,VASC000000298167,OSF8V1755,出库内外箱补贴商品标签,1,NULL,NULL,EAN场景步骤1：拆开商品外箱 步骤2：核对外箱及彩盒上的条码 步骤3：若条码不一致，则需要用客户上传的标签文件覆盖EAN条码 步骤4：外箱和彩盒上不能出现除正确EAN条码以外的其他条码，若有其他条码请用白标覆盖  步骤5：完成后输入增值单品数量 透明计划场景步骤1：拆开商品外箱 步骤2：补贴商品透明计划标签 步骤3：商品封箱 步骤4：外箱上补贴对应的透明计划标签 内外箱透明计划标签需一致  步骤5：完成后输入增值单品数量,NULL,CO
592893,VASC000000298206,OSF8V1755,出库内外箱补贴商品标签,1,NULL,NULL,EAN场景步骤1：拆开商品外箱 步骤2：核对外箱及彩盒上的条码 步骤3：若条码不一致，则需要用客户上传的标签文件覆盖EAN条码 步骤4：外箱和彩盒上不能出现除正确EAN条码以外的其他条码，若有其他条码请用白标覆盖  步骤5：完成后输入增值单品数量 透明计划场景步骤1：拆开商品外箱 步骤2：补贴商品透明计划标签 步骤3：商品封箱 步骤4：外箱上补贴对应的透明计划标签 内外箱透明计划标签需一致  步骤5：完成后输入增值单品数量,NULL,CO
592899,VASC000000298209,OSF8V1755,出库内外箱补贴商品标签,1,NULL,NULL,EAN场景步骤1：拆开商品外箱 步骤2：核对外箱及彩盒上的条码 步骤3：若条码不一致，则需要用客户上传的标签文件覆盖EAN条码 步骤4：外箱和彩盒上不能出现除正确EAN条码以外的其他条码，若有其他条码请用白标覆盖  步骤5：完成后输入增值单品数量 透明计划场景步骤1：拆开商品外箱 步骤2：补贴商品透明计划标签 步骤3：商品封箱 步骤4：外箱上补贴对应的透明计划标签 内外箱透明计划标签需一致  步骤5：完成后输入增值单品数量,NULL,CO
592905,VASC000000298212,OSF8V1755,出库内外箱补贴商品标签,1,NULL,NULL,EAN场景步骤1：拆开商品外箱 步骤2：核对外箱及彩盒上的条码 步骤3：若条码不一致，则需要用客户上传的标签文件覆盖EAN条码 步骤4：外箱和彩盒上不能出现除正确EAN条码以外的其他条码，若有其他条码请用白标覆盖  步骤5：完成后输入增值单品数量 透明计划场景步骤1：拆开商品外箱 步骤2：补贴商品透明计划标签 步骤3：商品封箱 步骤4：外箱上补贴对应的透明计划标签 内外箱透明计划标签需一致  步骤5：完成后输入增值单品数量,NULL,CO
592953,VASC000000298233,OSF6V1603,库内其他服务需求,1,20250407065,【库内】指定单品销毁,仓库操作步骤：,,
592977,VASC000000298245,OSF6V1603,库内其他服务需求,1,20250401002,【库内】关联第三方条码上架,背景：WO10632134550自提单已作废，产生了异常单EB0626031027822621 打包完成后作废出库单（有商品增值），已经维护了第三方商品条码，现在需要将异常的货物，上架到仓内上架单WI50454666。,,
593004,VASC000000298272,OW01V1599,提供海外仓监控视频-少包裹调查,1,NULL,NULL,根据到仓订单具体情况提供对应视频：,,
593466,VASC000000298527,OW01V1600,提供海外仓监控视频-少单品调查,1,NULL,NULL,根据到仓订单具体情况提供对应视频：,,
593493,VASC000000298551,OSF8V1657,代理清关,1,【Outbound】Customs clearance agent,【出库】代理清关,打印附件的清关文件，交付尾程供应商，完成出库,NULL,CO
593517,VASC000000298557,OSF6V1603,库内其他服务需求,1,20260302,【入库】覆盖/清除标签,仓库操作步骤：,,
593547,VASC000000298569,OW01V1602,入库其他服务需求,1,20250430,【入库】“包裹条码批量异常（需客户处理）”辨识后补贴包裹标签上架,【背景】入庫單WI48940807工廠漏貼包裹標，内有2款sku，但仓库登记的包裹条码批量异常，发起标准增值服务无法正确对应到每箱去提供到正确的对应关系，需要通过非标特批增值操作辨识SKU，每款SKU补贴正确的包裹条码标签，上架到新入庫單WI50470175。,,
593535,VASC000000298575,OSF6V1603,库内其他服务需求,1,NULL,NULL,,NULL,CD
593553,VASC000000298581,OSF8V1620,Winit线下尾程服务,1,202512301,【尾程】winit线下尾程询价,"""1、仓库/尾程SD报价；",,
593580,VASC000000298584,OSF8V1601,出库其他服务需求,1,NULL,NULL,,NULL,CD
593568,VASC000000298593,OSF6V1603,库内其他服务需求,1,NULL,NULL,,NULL,CD
593583,VASC000000298599,OSF6V1603,库内其他服务需求,1,20250407051,【库内】良品/不良品检测,背景：以下sku在库库存因批次问题需在库做改制，操作流程如下,,
593619,VASC000000298614,OW01V1602,入库其他服务需求,1,2026042101,【入库】100%A+/A包裹包裹条码批量异常（需客户处理）,【背景】VASC000000298533异常包裹直接上架，[海运整柜100%A+/A包裹]，不支持异常[B01E1615_包裹条码批量异常（需客户处理），B0102E21_包裹条码异常(需客户处理)];整单退回。,,
593646,VASC000000298617,OW01V1602,入库其他服务需求,1,20250522001,【入库】指定商品拍照暂存,仓库操作流程：,,
593631,VASC000000298623,OSF8V1601,出库其他服务需求,1,20260408,【出库】特殊打托需求,操作步骤:,,
593808,VASC000000298632,OW01V1602,入库其他服务需求,1,20250430,【入库】“包裹条码批量异常（需客户处理）”辨识后补贴包裹标签上架,【背景】原单WI49580554 ，EB0126061030302016，异常货物95件，需新单上架。,,
593913,VASC000000298641,OW01V1602,入库其他服务需求,1,20250522001,【入库】指定商品拍照暂存,【背景】EB0126061230382677，商品质量异常(影响销售)。客户需要仓库打开破损的这一箱里面的产品，拍照确认产品完好情况。,,
593733,VASC000000298650,OSF6V1603,库内其他服务需求,1,INBOUND_PICKUP_BF_SHELVE,【入库】上架前自提,背景：DB260527192113，6月11日车牌号DX61257/DMI02RX，这票未同步万邑通，头程代理误装到去德国万邑通的车上，到仓麻烦安排分出来，告诉halara让货代安排车提走；,,
593907,VASC000000298689,OSF8V1620,Winit线下尾程服务,1,202512301,【尾程】winit线下尾程询价,"""1、仓库/尾程SD报价；",,
594057,VASC000000298770,OSF8V1620,Winit线下尾程服务,1,202512301,【尾程】winit线下尾程询价,"""1、仓库/尾程SD报价；",,
594087,VASC000000298782,OW01V1602,入库其他服务需求,1,202506120001,【入库】关联第三方商品条码上架,【背景】无主货异常单号（EB0126060930225411），货物上面是补贴的第三方的外箱标跟第三方的产品条码，对应我的入库单（WI49403640），已经维护好第三方外箱标，跟维护好第三方商品条码了。需要将无主货的异常单货物，关联到这个入库单（WI49403640）去上架。,,
594111,VASC000000298797,OSF8V1755,出库内外箱补贴商品标签,1,NULL,NULL,EAN场景步骤1：拆开商品外箱 步骤2：核对外箱及彩盒上的条码 步骤3：若条码不一致，则需要用客户上传的标签文件覆盖EAN条码 步骤4：外箱和彩盒上不能出现除正确EAN条码以外的其他条码，若有其他条码请用白标覆盖  步骤5：完成后输入增值单品数量 透明计划场景步骤1：拆开商品外箱 步骤2：补贴商品透明计划标签 步骤3：商品封箱 步骤4：外箱上补贴对应的透明计划标签 内外箱透明计划标签需一致  步骤5：完成后输入增值单品数量,NULL,CO
594171,VASC000000298815,OSF8V1620,Winit线下尾程服务,1,202512301,【尾程】winit线下尾程询价,"""1、仓库/尾程SD报价；",,
594201,VASC000000298821,OSF8V1620,Winit线下尾程服务,1,202512301,【尾程】winit线下尾程询价,"""1、仓库/尾程SD报价；",,
594231,VASC000000298845,OSF6V1647,货权转移（改数模式）,1,【In-warehouse】Transfer of ownership of goods,【库内】货权转移,此类增值仅用于收费，IT系统改数，无需仓库实物流操作。仓库将增值单状态更新为“仓库已处理”,NULL,CD
594297,VASC000000298866,OSF8V1755,出库内外箱补贴商品标签,1,NULL,NULL,EAN场景步骤1：拆开商品外箱 步骤2：核对外箱及彩盒上的条码 步骤3：若条码不一致，则需要用客户上传的标签文件覆盖EAN条码 步骤4：外箱和彩盒上不能出现除正确EAN条码以外的其他条码，若有其他条码请用白标覆盖  步骤5：完成后输入增值单品数量 透明计划场景步骤1：拆开商品外箱 步骤2：补贴商品透明计划标签 步骤3：商品封箱 步骤4：外箱上补贴对应的透明计划标签 内外箱透明计划标签需一致  步骤5：完成后输入增值单品数量,NULL,CO
594309,VASC000000298872,OSF8V1601,出库其他服务需求,1,20250516,【出库】补贴/更换商品标签,操作步骤：,,
594318,VASC000000298878,OSF8V1601,出库其他服务需求,1,NULL,NULL,,NULL,CD
594369,VASC000000298884,OSF6V1603,库内其他服务需求,1,20250407052,【库内】包裹错装换标上架,仓库操作步骤：,,
594351,VASC000000298890,OSF6V1603,库内其他服务需求,1,NULL,NULL,,NULL,CD
594435,VASC000000298929,OW01V1602,入库其他服务需求,1,20260115,【入库】上架到不良品,【背景】WI50048193单中有10pcs需要上架到不良品。,,
594453,VASC000000298941,OW01V1674,入库-异常包裹开箱拍照,1,NULL,NULL,1、根据增值单需求信息找货 2、根据客户示例图片拍照、且需要拍外箱箱唛图、SKU条码图，开箱拍产品实物图以及产品实物标签图 3、按照SKU/包裹整理拍照文件并上传,NULL,CO
594495,VASC000000298962,OW01V1599,提供海外仓监控视频-少包裹调查,1,NULL,NULL,根据到仓订单具体情况提供对应视频：,,
594522,VASC000000298971,OSF8V1601,出库其他服务需求,1,NULL,NULL,,NULL,CD
594528,VASC000000298974,OSF8V1755,出库内外箱补贴商品标签,1,NULL,NULL,EAN场景步骤1：拆开商品外箱 步骤2：核对外箱及彩盒上的条码 步骤3：若条码不一致，则需要用客户上传的标签文件覆盖EAN条码 步骤4：外箱和彩盒上不能出现除正确EAN条码以外的其他条码，若有其他条码请用白标覆盖  步骤5：完成后输入增值单品数量 透明计划场景步骤1：拆开商品外箱 步骤2：补贴商品透明计划标签 步骤3：商品封箱 步骤4：外箱上补贴对应的透明计划标签 内外箱透明计划标签需一致  步骤5：完成后输入增值单品数量,NULL,CO
594540,VASC000000298977,OSF8V1755,出库内外箱补贴商品标签,1,NULL,NULL,EAN场景步骤1：拆开商品外箱 步骤2：核对外箱及彩盒上的条码 步骤3：若条码不一致，则需要用客户上传的标签文件覆盖EAN条码 步骤4：外箱和彩盒上不能出现除正确EAN条码以外的其他条码，若有其他条码请用白标覆盖  步骤5：完成后输入增值单品数量 透明计划场景步骤1：拆开商品外箱 步骤2：补贴商品透明计划标签 步骤3：商品封箱 步骤4：外箱上补贴对应的透明计划标签 内外箱透明计划标签需一致  步骤5：完成后输入增值单品数量,NULL,CO
594543,VASC000000298977,OSF8V1716,Anker加急出库,1,NULL,NULL,仓库根据订单情况判断能否在【指定出库日期】之前完成增值，若无法操作加急，请“异常终止”增值订单，若可以操作，请填写加急实际操作工时并“完成”增值 注意（非常重要！！！）： 1. 加急增值完成标准： *标准出库：加急订单出库日期应早于应出库日期，若不符合此条件，请“异常终止”增值订单 *自提出库：加急订单暂存日期应早于应暂存日期，若不符合此条件，请“异常终止”增值订单 2. 仓库实际操作工时，请提前记录并如实填写，最终会根据此工时收取客户费用 3. 需要在出库前完成此增值，否则增值将会被自动“异常终止”,NULL,CO
594549,VASC000000298980,OSF8V1755,出库内外箱补贴商品标签,1,NULL,NULL,EAN场景步骤1：拆开商品外箱 步骤2：核对外箱及彩盒上的条码 步骤3：若条码不一致，则需要用客户上传的标签文件覆盖EAN条码 步骤4：外箱和彩盒上不能出现除正确EAN条码以外的其他条码，若有其他条码请用白标覆盖  步骤5：完成后输入增值单品数量 透明计划场景步骤1：拆开商品外箱 步骤2：补贴商品透明计划标签 步骤3：商品封箱 步骤4：外箱上补贴对应的透明计划标签 内外箱透明计划标签需一致  步骤5：完成后输入增值单品数量,NULL,CO
594564,VASC000000298986,OSF8V1755,出库内外箱补贴商品标签,1,NULL,NULL,EAN场景步骤1：拆开商品外箱 步骤2：核对外箱及彩盒上的条码 步骤3：若条码不一致，则需要用客户上传的标签文件覆盖EAN条码 步骤4：外箱和彩盒上不能出现除正确EAN条码以外的其他条码，若有其他条码请用白标覆盖  步骤5：完成后输入增值单品数量 透明计划场景步骤1：拆开商品外箱 步骤2：补贴商品透明计划标签 步骤3：商品封箱 步骤4：外箱上补贴对应的透明计划标签 内外箱透明计划标签需一致  步骤5：完成后输入增值单品数量,NULL,CO
594570,VASC000000298989,OSF8V1755,出库内外箱补贴商品标签,1,NULL,NULL,EAN场景步骤1：拆开商品外箱 步骤2：核对外箱及彩盒上的条码 步骤3：若条码不一致，则需要用客户上传的标签文件覆盖EAN条码 步骤4：外箱和彩盒上不能出现除正确EAN条码以外的其他条码，若有其他条码请用白标覆盖  步骤5：完成后输入增值单品数量 透明计划场景步骤1：拆开商品外箱 步骤2：补贴商品透明计划标签 步骤3：商品封箱 步骤4：外箱上补贴对应的透明计划标签 内外箱透明计划标签需一致  步骤5：完成后输入增值单品数量,NULL,RT
594576,VASC000000298992,OSF8V1755,出库内外箱补贴商品标签,1,NULL,NULL,EAN场景步骤1：拆开商品外箱 步骤2：核对外箱及彩盒上的条码 步骤3：若条码不一致，则需要用客户上传的标签文件覆盖EAN条码 步骤4：外箱和彩盒上不能出现除正确EAN条码以外的其他条码，若有其他条码请用白标覆盖  步骤5：完成后输入增值单品数量 透明计划场景步骤1：拆开商品外箱 步骤2：补贴商品透明计划标签 步骤3：商品封箱 步骤4：外箱上补贴对应的透明计划标签 内外箱透明计划标签需一致  步骤5：完成后输入增值单品数量,NULL,CO
594621,VASC000000299013,OW01V1602,入库其他服务需求,1,20250407020,【入库】组合后上架,【背景】19606505这个客户近期有大批量转仓到仓，涉及补贴包裹条码/商品条码/入库组套，会按照托盘号码拆分入库单下非标增值，其中补贴条码是事后补收，组套是事先审核。审核的时候麻烦忽略增值最小收费，因为实际上是同一批到仓，为了便于仓库处理才拆分的入库单。,,
594666,VASC000000299055,OW01V1602,入库其他服务需求,1,20250407020,【入库】组合后上架,【背景】19606505这个客户近期有大批量转仓到仓，涉及补贴包裹条码/商品条码/入库组套，会按照托盘号码拆分入库单下非标增值，其中补贴条码是事后补收，组套是事先审核。审核的时候麻烦忽略增值最小收费，因为实际上是同一批到仓，为了便于仓库处理才拆分的入库单。,,
594804,VASC000000299106,OSF6V1673,无主货找回-6个自然日内,1,NULL,NULL,根据客户提供的单据信息找货，若超过1h未找回，则反馈无法找回,NULL,CD
595554,VASC000000299166,OW01V1602,入库其他服务需求,1,20250430,【入库】“包裹条码批量异常（需客户处理）”辨识后补贴包裹标签上架,【背景】异常单号EB0126060330030603因包裹条码被涂改导致难以分辨条码扫描上架。,,
594888,VASC000000299169,OW01V1604,上架前自提（需WINIT打托）,1,NULL,NULL,"""1、打托",,
594882,VASC000000299175,OSF6V1603,库内其他服务需求,1,20260302,【入库】覆盖/清除标签,仓库操作步骤：,,
594912,VASC000000299178,OSF6V1603,库内其他服务需求,1,20250407035,【库内】拍摄照片/视频,仓库操作步骤：,,
594930,VASC000000299187,OSF6V1603,库内其他服务需求,1,20250407045,【库内】辨识后贴标上架+销毁,仓库操作步骤：,,
594933,VASC000000299193,OSF8V1601,出库其他服务需求,1,20250407013,【出库】指定位置贴商品/包裹标签/快递面单,操作步骤：,,
594936,VASC000000299199,OW01V1602,入库其他服务需求,1,202506120003,【入库】批量辨识商品后补贴商品条码及包裹条码上架,【背景】EB0126060330071043、EB0126060330073905、EB0126060330073002需仓库实物是否是良品，良品就直接上架，不良品登记异常再重新处理新单上架。,,
595128,VASC000000299223,OSF6V1603,库内其他服务需求,1,20250512001,【库内】商品更换包装（WINIT标准包材）,仓库操作步骤：,,
595020,VASC000000299241,OSF8V1601,出库其他服务需求,1,20250407039,【库内】审计盘点,操作步骤：,,
595080,VASC000000299256,OW01V1600,提供海外仓监控视频-少单品调查,1,NULL,NULL,根据到仓订单具体情况提供对应视频：,,
595062,VASC000000299262,OW01V1602,入库其他服务需求,1,20260616,【入库】A+包质量异常需开箱辨识,【背景】以上都是A+包质量异常，仓库反馈包裹都有受潮后的水印，需开箱查看里面的彩盒是否有破损，如有破损，请回传破损数量。,,
595119,VASC000000299286,OW01V1602,入库其他服务需求,1,20260302,【入库】覆盖/清除标签,【背景】WI50478960，M010000000010395389=72箱，M010000000010369236=54箱；WI50430548，M010000000009369666=16箱。,,
595395,VASC000000299289,OSF8V1601,出库其他服务需求,1,NULL,NULL,,NULL,CD
595137,VASC000000299292,OW01V1622,入库-提供无箱单预报单上架,1,NULL,NULL,"""场景1：新入库单是无箱单，通过包裹推荐>商品预分拣上架",,
595140,VASC000000299298,OSF6V1671,逆向取货,1,20250723,【尾程】Anker Crowfoots出库,仅收费，无需仓库操作,NULL,CO
595167,VASC000000299301,OW01V1602,入库其他服务需求,1,INSTOCK_SPLIT_SKU,【库内】拆分SKU,【背景】EB0126061330389547，商品合箱发过来（比如1箱7件，一箱3件，推单推了2箱，但是合并在一箱10cs发过来）外箱贴了2张箱唛，仓库从箱子里面单独拿出3pcs扫描箱唛上架。,,
595203,VASC000000299328,OW01V1602,入库其他服务需求,1,202506120001,【入库】关联第三方商品条码上架,【背景】客户晚推单 导致到仓无法识别登记了异常。,,
595251,VASC000000299343,OW01V1602,入库其他服务需求,1,NULL,NULL,,NULL,CD
595269,VASC000000299358,OSF8V1657,代理清关,1,【Outbound】Customs clearance agent,【出库】代理清关,打印附件的清关文件，交付尾程供应商，完成出库,NULL,CO
595305,VASC000000299361,OSF8V1601,出库其他服务需求,1,20250516,【出库】补贴/更换商品标签,操作步骤：,,
595365,VASC000000299373,OSF8V1601,出库其他服务需求,1,20250516,【出库】补贴/更换商品标签,操作步骤：,,
595398,VASC000000299376,OSF8V1601,出库其他服务需求,1,20250516,【出库】补贴/更换商品标签,操作步骤：,,
595422,VASC000000299382,OSF8V1601,出库其他服务需求,1,20250516,【出库】补贴/更换商品标签,操作步骤：,,
595440,VASC000000299391,OSF8V1601,出库其他服务需求,1,20250516,【出库】补贴/更换商品标签,操作步骤：,,
595452,VASC000000299394,OSF6V1603,库内其他服务需求,1,【Library】Abnormal re-photographing,【库内】异常重新拍照,仓库操作步骤：,,
595446,VASC000000299397,OSF8V1755,出库内外箱补贴商品标签,1,NULL,NULL,EAN场景步骤1：拆开商品外箱 步骤2：核对外箱及彩盒上的条码 步骤3：若条码不一致，则需要用客户上传的标签文件覆盖EAN条码 步骤4：外箱和彩盒上不能出现除正确EAN条码以外的其他条码，若有其他条码请用白标覆盖  步骤5：完成后输入增值单品数量 透明计划场景步骤1：拆开商品外箱 步骤2：补贴商品透明计划标签 步骤3：商品封箱 步骤4：外箱上补贴对应的透明计划标签 内外箱透明计划标签需一致  步骤5：完成后输入增值单品数量,NULL,CO
595509,VASC000000299415,OSF6V1603,库内其他服务需求,1,NULL,NULL,,NULL,CD
595521,VASC000000299421,OSF8V1755,出库内外箱补贴商品标签,1,NULL,NULL,EAN场景步骤1：拆开商品外箱 步骤2：核对外箱及彩盒上的条码 步骤3：若条码不一致，则需要用客户上传的标签文件覆盖EAN条码 步骤4：外箱和彩盒上不能出现除正确EAN条码以外的其他条码，若有其他条码请用白标覆盖  步骤5：完成后输入增值单品数量 透明计划场景步骤1：拆开商品外箱 步骤2：补贴商品透明计划标签 步骤3：商品封箱 步骤4：外箱上补贴对应的透明计划标签 内外箱透明计划标签需一致  步骤5：完成后输入增值单品数量,NULL,CO
595527,VASC000000299424,OSF8V1755,出库内外箱补贴商品标签,1,NULL,NULL,EAN场景步骤1：拆开商品外箱 步骤2：核对外箱及彩盒上的条码 步骤3：若条码不一致，则需要用客户上传的标签文件覆盖EAN条码 步骤4：外箱和彩盒上不能出现除正确EAN条码以外的其他条码，若有其他条码请用白标覆盖  步骤5：完成后输入增值单品数量 透明计划场景步骤1：拆开商品外箱 步骤2：补贴商品透明计划标签 步骤3：商品封箱 步骤4：外箱上补贴对应的透明计划标签 内外箱透明计划标签需一致  步骤5：完成后输入增值单品数量,NULL,CO
596370,VASC000000299430,OW01V1602,入库其他服务需求,1,2026042101,【入库】100%A+/A包裹包裹条码批量异常（需客户处理）,【背景】该增值的背景是踏龙这个客户有多个账号：客户ID：20091793与19934454；原客户ID20091793下了一个入库单WI50315857，仓库发现有订单外商品登记了异常单EB0126061230345423；后面核实发现这个商品是注册在19934454这个ID下面的，现在客户已使用19934454下了新的入库单：WI50503327  ，走非标增值上架；,,
595548,VASC000000299439,OSF6V1752,无主货找回（6个自然日内）-仓库创建无RMA退货单,1,NULL,NULL,步骤1：按照客户提供的快递单号或者POD尝试找回无主货 步骤2： ①若货物找回，请仓库创建无RMA退货单上架并反馈退货订单号，然后【完成】增值单 ②若货物未找回，请【完成】增值单  注意：此增值无论商品是否找回，请将增值单更新为【已出库】,NULL,CO
595593,VASC000000299448,OSF8V1601,出库其他服务需求,1,20250408004,【库内】单一产品开箱补贴商品标签,操作步骤：,,
595689,VASC000000299487,OSF8V1601,出库其他服务需求,1,20250516,【出库】补贴/更换商品标签,操作步骤：,,
595713,VASC000000299514,OSF8V1620,Winit线下尾程服务,1,202512301,【尾程】winit线下尾程询价,"""1、仓库/尾程SD报价；",,
595881,VASC000000299517,OSF6V1603,库内其他服务需求,1,INSTOCK_SPLIT_SKU,【库内】拆分SKU,仓库操作步骤：,,
596043,VASC000000299541,OW01V1622,入库-提供无箱单预报单上架,1,NULL,NULL,"""场景1：新入库单是无箱单，通过包裹推荐>商品预分拣上架",,
595800,VASC000000299556,OSF8V1620,Winit线下尾程服务,1,202512301,【尾程】winit线下尾程询价,"""1、仓库/尾程SD报价；",,
595809,VASC000000299568,OSF8V1755,出库内外箱补贴商品标签,1,NULL,NULL,EAN场景步骤1：拆开商品外箱 步骤2：核对外箱及彩盒上的条码 步骤3：若条码不一致，则需要用客户上传的标签文件覆盖EAN条码 步骤4：外箱和彩盒上不能出现除正确EAN条码以外的其他条码，若有其他条码请用白标覆盖  步骤5：完成后输入增值单品数量 透明计划场景步骤1：拆开商品外箱 步骤2：补贴商品透明计划标签 步骤3：商品封箱 步骤4：外箱上补贴对应的透明计划标签 内外箱透明计划标签需一致  步骤5：完成后输入增值单品数量,NULL,CO
595839,VASC000000299574,OSF8V1620,Winit线下尾程服务,1,202512301,【尾程】winit线下尾程询价,"""1、仓库/尾程SD报价；",,
595902,VASC000000299589,OSF6V1596,单品拆分后上架（拆分为一个SKU）,1,NULL,NULL,1.拆分单品，拆分为同1个SKU,,
596127,VASC000000299595,OSF8V1601,出库其他服务需求,1,20260128001,【出库】补贴包裹/托盘标签,操作步骤：,,
596070,VASC000000299607,OSF6V1603,库内其他服务需求,1,INSTOCK_SPLIT_SKU,【库内】拆分SKU,仓库操作步骤：,,
596022,VASC000000299610,OSF8V1601,出库其他服务需求,1,NULL,NULL,,NULL,CD
596025,VASC000000299613,OSF6V1603,库内其他服务需求,1,20250407062,【库内】指定单品/库位商品更换标签上架,【背景】12001001.0017 这个包材上面的信息需要调整修改，装另一种产品，总共需要返工184pcs。,,
595962,VASC000000299622,OSF8V1755,出库内外箱补贴商品标签,1,NULL,NULL,EAN场景步骤1：拆开商品外箱 步骤2：核对外箱及彩盒上的条码 步骤3：若条码不一致，则需要用客户上传的标签文件覆盖EAN条码 步骤4：外箱和彩盒上不能出现除正确EAN条码以外的其他条码，若有其他条码请用白标覆盖  步骤5：完成后输入增值单品数量 透明计划场景步骤1：拆开商品外箱 步骤2：补贴商品透明计划标签 步骤3：商品封箱 步骤4：外箱上补贴对应的透明计划标签 内外箱透明计划标签需一致  步骤5：完成后输入增值单品数量,NULL,CO
596100,VASC000000299631,OW01V1602,入库其他服务需求,1,202506120001,【入库】关联第三方商品条码上架,【背景】计划外商品重新下无箱单预报单，扫描第三方商品条码重新上架。,,
596082,VASC000000299646,OSF8V1755,出库内外箱补贴商品标签,1,NULL,NULL,EAN场景步骤1：拆开商品外箱 步骤2：核对外箱及彩盒上的条码 步骤3：若条码不一致，则需要用客户上传的标签文件覆盖EAN条码 步骤4：外箱和彩盒上不能出现除正确EAN条码以外的其他条码，若有其他条码请用白标覆盖  步骤5：完成后输入增值单品数量 透明计划场景步骤1：拆开商品外箱 步骤2：补贴商品透明计划标签 步骤3：商品封箱 步骤4：外箱上补贴对应的透明计划标签 内外箱透明计划标签需一致  步骤5：完成后输入增值单品数量,NULL,CO
596331,VASC000000299661,OSF6V1626,指定商品盘点,1,NULL,NULL,1、将在库商品按SKU进行清点数量,,
596118,VASC000000299667,OSF6V1671,逆向取货,1,20250723,【尾程】Anker Crowfoots出库,仅收费，无需仓库操作,NULL,CO
596145,VASC000000299670,OSF8V1601,出库其他服务需求,1,NULL,NULL,,NULL,CD
596205,VASC000000299688,OSF8V1601,出库其他服务需求,1,20250408004,【库内】单一产品开箱补贴商品标签,操作步骤：,,
596217,VASC000000299697,OSF8V1601,出库其他服务需求,1,NULL,NULL,,NULL,CD
596259,VASC000000299703,OSF6V1603,库内其他服务需求,1,20250407043,【库内】商品外观辨识+贴标上架,仓库操作步骤：,,
603966,VASC000000299709,OSF6V1597,单品拆分后上架（拆分为多个SKU）,1,NULL,NULL,1、拆分单品，拆分为多个SKU,,
596289,VASC000000299715,OSF8V1601,出库其他服务需求,1,20250516,【出库】补贴/更换商品标签,操作步骤：,,
596307,VASC000000299727,OSF8V1601,出库其他服务需求,1,[Outbound] Repackaging by self-pickup order,【出库】暂存单重新装箱,操作步骤：,,
596304,VASC000000299730,OSF8V1601,出库其他服务需求,1,20250516,【出库】补贴/更换商品标签,操作步骤：,,
596313,VASC000000299733,OSF8V1601,出库其他服务需求,1,20250516,【出库】补贴/更换商品标签,操作步骤：,,
596388,VASC000000299754,OSF8V1755,出库内外箱补贴商品标签,1,NULL,NULL,EAN场景步骤1：拆开商品外箱 步骤2：核对外箱及彩盒上的条码 步骤3：若条码不一致，则需要用客户上传的标签文件覆盖EAN条码 步骤4：外箱和彩盒上不能出现除正确EAN条码以外的其他条码，若有其他条码请用白标覆盖  步骤5：完成后输入增值单品数量 透明计划场景步骤1：拆开商品外箱 步骤2：补贴商品透明计划标签 步骤3：商品封箱 步骤4：外箱上补贴对应的透明计划标签 内外箱透明计划标签需一致  步骤5：完成后输入增值单品数量,NULL,CO
596403,VASC000000299757,OSF8V1620,Winit线下尾程服务,1,NULL,NULL,"""1、仓库/尾程SD报价；",,
596418,VASC000000299760,OSF8V1601,出库其他服务需求,1,NULL,NULL,,NULL,CD
596424,VASC000000299763,OSF6V1603,库内其他服务需求,1,202512150002,【库内】异常商品转不良品上架,仓库操作步骤：,,
596445,VASC000000299766,OSF6V1603,库内其他服务需求,1,NULL,NULL,,NULL,CD
596439,VASC000000299769,OSF8V1601,出库其他服务需求,1,20250516,【出库】补贴/更换商品标签,操作步骤：,,
596448,VASC000000299772,OSF8V1749,审核出库单,1,NULL,NULL,仅万邑通内部发起,NULL,CO
596451,VASC000000299775,OSF8V1749,审核出库单,1,NULL,NULL,仅万邑通内部发起,NULL,CO
596514,VASC000000299796,OW01V1602,入库其他服务需求,1,202506120003,【入库】批量辨识商品后补贴商品条码及包裹条码上架,【背景】Lockly批量转仓，线下补贴包裹条码25张，不要触发最低消费。,,
596541,VASC000000299799,OW01V1602,入库其他服务需求,1,NULL,NULL,,NULL,CD
596550,VASC000000299805,OW01V1602,入库其他服务需求,1,NULL,NULL,,NULL,CD
596607,VASC000000299826,OSF8V1601,出库其他服务需求,1,20250407013,【出库】指定位置贴商品/包裹标签/快递面单,操作步骤：,,
596640,VASC000000299850,OW01V1602,入库其他服务需求,1,2026042101,【入库】100%A+/A包裹包裹条码批量异常（需客户处理）,【背景】客户ID：20091793与客户ID：19934454同属于踏龙公司，订单号：WI50315857由于货代那边将部分标签错贴了商品编码：T-sku001856-Green的商品条码：M010000000010715912，现需将重新入库到入库单：WI50503327。,,
596748,VASC000000299886,OSF6V1603,库内其他服务需求,1,NULL,NULL,,NULL,CD
596751,VASC000000299892,OSF8V1749,审核出库单,1,NULL,NULL,仅万邑通内部发起,NULL,CO
596754,VASC000000299895,OSF8V1749,审核出库单,1,NULL,NULL,仅万邑通内部发起,NULL,CO
596862,VASC000000299913,OSF8V1620,Winit线下尾程服务,1,202512301,【尾程】winit线下尾程询价,"""1、仓库/尾程SD报价；",,
596898,VASC000000299937,OSF8V1620,Winit线下尾程服务,1,202512301,【尾程】winit线下尾程询价,"""1、仓库/尾程SD报价；",,
596928,VASC000000299949,OSF6V1671,逆向取货,1,20250723,【尾程】Anker Crowfoots出库,仅收费，无需仓库操作,NULL,CO
597027,VASC000000299982,OSF6V1603,库内其他服务需求,1,20260127,【出库】覆盖指定包裹标签,仓库已操作，补收费用,NULL,CD
597105,VASC000000300030,OSF8V1620,Winit线下尾程服务,1,202512301,【尾程】winit线下尾程询价,"""1、仓库/尾程SD报价；",,
597117,VASC000000300039,OSF8V1657,代理清关,1,【Outbound】Customs clearance agent,【出库】代理清关,打印附件的清关文件，交付尾程供应商，完成出库,NULL,CO
597120,VASC000000300042,OSF8V1657,代理清关,1,【Outbound】Customs clearance agent,【出库】代理清关,打印附件的清关文件，交付尾程供应商，完成出库,NULL,CO
597123,VASC000000300045,OSF8V1657,代理清关,1,【Outbound】Customs clearance agent,【出库】代理清关,打印附件的清关文件，交付尾程供应商，完成出库,NULL,CO
597126,VASC000000300048,OSF8V1657,代理清关,1,【Outbound】Customs clearance agent,【出库】代理清关,打印附件的清关文件，交付尾程供应商，完成出库,NULL,CO
597129,VASC000000300051,OSF8V1657,代理清关,1,【Outbound】Customs clearance agent,【出库】代理清关,打印附件的清关文件，交付尾程供应商，完成出库,NULL,CO
597168,VASC000000300075,OSF8V1657,代理清关,1,【Outbound】Customs clearance agent,【出库】代理清关,打印附件的清关文件，交付尾程供应商，完成出库,NULL,CO
597225,VASC000000300099,OW01V1674,入库-异常包裹开箱拍照,1,NULL,NULL,1、根据增值单需求信息找货 2、根据客户示例图片拍照、且需要拍外箱箱唛图、SKU条码图，开箱拍产品实物图以及产品实物标签图 3、按照SKU/包裹整理拍照文件并上传,NULL,CD
597276,VASC000000300114,OSF8V1620,Winit线下尾程服务,1,202512301,【尾程】winit线下尾程询价,"""1、仓库/尾程SD报价；",,
599139,VASC000000300117,OW01V1602,入库其他服务需求,1,20250407003,【入库】上架前拆包装,【背景】因异常单对应A+包裹底部只有1个地A脚，无法平稳直立易歪斜，仓库反馈无法做存储；,,
597600,VASC000000300135,OSF6V1603,库内其他服务需求,1,20250616001,【库内】清除包装绑带,【背景】客户需要把NJ2仓，这个SKU：M010000000010208012 所有库存全部下架在库内增值服务—剪轧带。,,
597330,VASC000000300144,OSF8V1620,Winit线下尾程服务,1,202512301,【尾程】winit线下尾程询价,"""1、仓库/尾程SD报价；",,
597336,VASC000000300162,OSF8V1755,出库内外箱补贴商品标签,1,NULL,NULL,EAN场景步骤1：拆开商品外箱 步骤2：核对外箱及彩盒上的条码 步骤3：若条码不一致，则需要用客户上传的标签文件覆盖EAN条码 步骤4：外箱和彩盒上不能出现除正确EAN条码以外的其他条码，若有其他条码请用白标覆盖  步骤5：完成后输入增值单品数量 透明计划场景步骤1：拆开商品外箱 步骤2：补贴商品透明计划标签 步骤3：商品封箱 步骤4：外箱上补贴对应的透明计划标签 内外箱透明计划标签需一致  步骤5：完成后输入增值单品数量,NULL,CO
597417,VASC000000300168,OSF8V1620,Winit线下尾程服务,1,202512301,【尾程】winit线下尾程询价,"""1、仓库/尾程SD报价；",,
597390,VASC000000300192,OSF8V1755,出库内外箱补贴商品标签,1,NULL,NULL,EAN场景步骤1：拆开商品外箱 步骤2：核对外箱及彩盒上的条码 步骤3：若条码不一致，则需要用客户上传的标签文件覆盖EAN条码 步骤4：外箱和彩盒上不能出现除正确EAN条码以外的其他条码，若有其他条码请用白标覆盖  步骤5：完成后输入增值单品数量 透明计划场景步骤1：拆开商品外箱 步骤2：补贴商品透明计划标签 步骤3：商品封箱 步骤4：外箱上补贴对应的透明计划标签 内外箱透明计划标签需一致  步骤5：完成后输入增值单品数量,NULL,CO
597396,VASC000000300207,OSF8V1620,Winit线下尾程服务,1,NULL,NULL,"""1、仓库/尾程SD报价；",,
597471,VASC000000300213,OSF6V1603,库内其他服务需求,1,20250407035,【库内】拍摄照片/视频,背景:因Temu平台品牌升分审核要求，需要拍摄在库视频。,,
597468,VASC000000300234,OSF8V1620,Winit线下尾程服务,1,202512301,【尾程】winit线下尾程询价,"""1、仓库/尾程SD报价；",,
597540,VASC000000300270,OSF8V1620,Winit线下尾程服务,1,202512301,【尾程】winit线下尾程询价,"""1、仓库/尾程SD报价；",,
597591,VASC000000300297,OSF8V1755,出库内外箱补贴商品标签,1,NULL,NULL,EAN场景步骤1：拆开商品外箱 步骤2：核对外箱及彩盒上的条码 步骤3：若条码不一致，则需要用客户上传的标签文件覆盖EAN条码 步骤4：外箱和彩盒上不能出现除正确EAN条码以外的其他条码，若有其他条码请用白标覆盖  步骤5：完成后输入增值单品数量 透明计划场景步骤1：拆开商品外箱 步骤2：补贴商品透明计划标签 步骤3：商品封箱 步骤4：外箱上补贴对应的透明计划标签 内外箱透明计划标签需一致  步骤5：完成后输入增值单品数量,NULL,CO
597609,VASC000000300300,OSF6V1603,库内其他服务需求,1,20250616001,【库内】清除包装绑带,仓库操作步骤：,,
597615,VASC000000300303,OSF8V1716,Anker加急出库,1,NULL,NULL,仓库根据订单情况判断能否在【指定出库日期】之前完成增值，若无法操作加急，请“异常终止”增值订单，若可以操作，请填写加急实际操作工时并“完成”增值 注意（非常重要！！！）： 1. 加急增值完成标准： *标准出库：加急订单出库日期应早于应出库日期，若不符合此条件，请“异常终止”增值订单 *自提出库：加急订单暂存日期应早于应暂存日期，若不符合此条件，请“异常终止”增值订单 2. 仓库实际操作工时，请提前记录并如实填写，最终会根据此工时收取客户费用 3. 需要在出库前完成此增值，否则增值将会被自动“异常终止”,NULL,CO
604509,VASC000000300306,OW01V1599,提供海外仓监控视频-少包裹调查,1,NULL,NULL,根据到仓订单具体情况提供对应视频：,,
597621,VASC000000300309,OSF8V1620,Winit线下尾程服务,1,NULL,NULL,"""1、仓库/尾程SD报价；",,
597666,VASC000000300318,OSF6V1603,库内其他服务需求,1,NULL,NULL,,NULL,CD
597732,VASC000000300333,OSF8V1755,出库内外箱补贴商品标签,1,NULL,NULL,EAN场景步骤1：拆开商品外箱 步骤2：核对外箱及彩盒上的条码 步骤3：若条码不一致，则需要用客户上传的标签文件覆盖EAN条码 步骤4：外箱和彩盒上不能出现除正确EAN条码以外的其他条码，若有其他条码请用白标覆盖  步骤5：完成后输入增值单品数量 透明计划场景步骤1：拆开商品外箱 步骤2：补贴商品透明计划标签 步骤3：商品封箱 步骤4：外箱上补贴对应的透明计划标签 内外箱透明计划标签需一致  步骤5：完成后输入增值单品数量,NULL,CO
597714,VASC000000300336,OSF6V1603,库内其他服务需求,1,INSTOCK_SPLIT_SKU,【库内】拆分SKU,背景：40001005.0044 展示架套装箱转单一产品操作 SOP,,
597759,VASC000000300360,OSF6V1603,库内其他服务需求,1,【Warehouse】Measurement and identification of commodity weight,【库内】商品尺重测量辨识,背景：Anker有一批包材已经寄到仓库，目前anker不清楚实物尺寸，需要仓库协助测量下包材尺寸后再注册sku和入库单。,,
597840,VASC000000300384,OSF8V1755,出库内外箱补贴商品标签,1,NULL,NULL,EAN场景步骤1：拆开商品外箱 步骤2：核对外箱及彩盒上的条码 步骤3：若条码不一致，则需要用客户上传的标签文件覆盖EAN条码 步骤4：外箱和彩盒上不能出现除正确EAN条码以外的其他条码，若有其他条码请用白标覆盖  步骤5：完成后输入增值单品数量 透明计划场景步骤1：拆开商品外箱 步骤2：补贴商品透明计划标签 步骤3：商品封箱 步骤4：外箱上补贴对应的透明计划标签 内外箱透明计划标签需一致  步骤5：完成后输入增值单品数量,NULL,CO
597858,VASC000000300390,OSF8V1755,出库内外箱补贴商品标签,1,NULL,NULL,EAN场景步骤1：拆开商品外箱 步骤2：核对外箱及彩盒上的条码 步骤3：若条码不一致，则需要用客户上传的标签文件覆盖EAN条码 步骤4：外箱和彩盒上不能出现除正确EAN条码以外的其他条码，若有其他条码请用白标覆盖  步骤5：完成后输入增值单品数量 透明计划场景步骤1：拆开商品外箱 步骤2：补贴商品透明计划标签 步骤3：商品封箱 步骤4：外箱上补贴对应的透明计划标签 内外箱透明计划标签需一致  步骤5：完成后输入增值单品数量,NULL,CO
597870,VASC000000300393,OSF8V1755,出库内外箱补贴商品标签,1,NULL,NULL,EAN场景步骤1：拆开商品外箱 步骤2：核对外箱及彩盒上的条码 步骤3：若条码不一致，则需要用客户上传的标签文件覆盖EAN条码 步骤4：外箱和彩盒上不能出现除正确EAN条码以外的其他条码，若有其他条码请用白标覆盖  步骤5：完成后输入增值单品数量 透明计划场景步骤1：拆开商品外箱 步骤2：补贴商品透明计划标签 步骤3：商品封箱 步骤4：外箱上补贴对应的透明计划标签 内外箱透明计划标签需一致  步骤5：完成后输入增值单品数量,NULL,CD
597873,VASC000000300393,OSF8V1716,Anker加急出库,1,NULL,NULL,仓库根据订单情况判断能否在【指定出库日期】之前完成增值，若无法操作加急，请“异常终止”增值订单，若可以操作，请填写加急实际操作工时并“完成”增值 注意（非常重要！！！）： 1. 加急增值完成标准： *标准出库：加急订单出库日期应早于应出库日期，若不符合此条件，请“异常终止”增值订单 *自提出库：加急订单暂存日期应早于应暂存日期，若不符合此条件，请“异常终止”增值订单 2. 仓库实际操作工时，请提前记录并如实填写，最终会根据此工时收取客户费用 3. 需要在出库前完成此增值，否则增值将会被自动“异常终止”,NULL,CD
597882,VASC000000300396,OSF6V1647,货权转移（改数模式）,1,【In-warehouse】Transfer of ownership of goods,【库内】货权转移,此类增值仅用于收费，IT系统改数，无需仓库实物流操作。仓库将增值单状态更新为“仓库已处理”,NULL,CO
597888,VASC000000300402,OSF8V1755,出库内外箱补贴商品标签,1,NULL,NULL,EAN场景步骤1：拆开商品外箱 步骤2：核对外箱及彩盒上的条码 步骤3：若条码不一致，则需要用客户上传的标签文件覆盖EAN条码 步骤4：外箱和彩盒上不能出现除正确EAN条码以外的其他条码，若有其他条码请用白标覆盖  步骤5：完成后输入增值单品数量 透明计划场景步骤1：拆开商品外箱 步骤2：补贴商品透明计划标签 步骤3：商品封箱 步骤4：外箱上补贴对应的透明计划标签 内外箱透明计划标签需一致  步骤5：完成后输入增值单品数量,NULL,CO
597894,VASC000000300405,OSF8V1755,出库内外箱补贴商品标签,1,NULL,NULL,EAN场景步骤1：拆开商品外箱 步骤2：核对外箱及彩盒上的条码 步骤3：若条码不一致，则需要用客户上传的标签文件覆盖EAN条码 步骤4：外箱和彩盒上不能出现除正确EAN条码以外的其他条码，若有其他条码请用白标覆盖  步骤5：完成后输入增值单品数量 透明计划场景步骤1：拆开商品外箱 步骤2：补贴商品透明计划标签 步骤3：商品封箱 步骤4：外箱上补贴对应的透明计划标签 内外箱透明计划标签需一致  步骤5：完成后输入增值单品数量,NULL,CO
597900,VASC000000300408,OSF8V1755,出库内外箱补贴商品标签,1,NULL,NULL,EAN场景步骤1：拆开商品外箱 步骤2：核对外箱及彩盒上的条码 步骤3：若条码不一致，则需要用客户上传的标签文件覆盖EAN条码 步骤4：外箱和彩盒上不能出现除正确EAN条码以外的其他条码，若有其他条码请用白标覆盖  步骤5：完成后输入增值单品数量 透明计划场景步骤1：拆开商品外箱 步骤2：补贴商品透明计划标签 步骤3：商品封箱 步骤4：外箱上补贴对应的透明计划标签 内外箱透明计划标签需一致  步骤5：完成后输入增值单品数量,NULL,CO
597921,VASC000000300423,OW01V1602,入库其他服务需求,1,20250407020,【入库】组合后上架,仓库操作流程：,,
598746,VASC000000300504,OSF6V1751,无主货找回（6个自然日内）-客户提供新单上架,1,NULL,NULL,步骤1：按照客户提供的快递单号或者POD尝试找回无主货 步骤2： ①若货物找回，请按照客户提供的新入库单补贴商品标签和包裹标签上架，并【完成】增值订单 ②若货物未找回，请【完成】增值单，且增值贴标数量反馈为“0”  注意：此增值无论商品是否找回，请将增值单更新为【已出库】,NULL,CO
598140,VASC000000300534,OW01V1602,入库其他服务需求,1,20250522001,【入库】指定商品拍照暂存,【背景】客户入库包裹标签弄错了，需要上架前拦截辨识。,,
598350,VASC000000300540,OW01V1602,入库其他服务需求,1,20260522,【入库】商品条码异常换包装+重新贴标后上架,【背景】原入库单WI47007604，共下单5个商品数，合计2个包裹。其中B0400000001352614110--M010000000006596039，被仓库登记了EB0126061830499785商品有条码但实物无法识别的异常。  原入库单WI47007604--B0400000001352614110--M010000000006596039，这个商品实物是6977512610680-SN=M010000000006902130，因为原单中并没有这个SKU，如果继续在原单上架就会报错。所以客户就上架到新单WI50541244--B0400000001422466328--M010000000006902130--6977512610680-SN。原单WI47007604另外4个SKU继续在原单上架，不做调整。,,
598452,VASC000000300672,OSF6V1595,单品指定位置开箱拍照,1,NULL,NULL,根据客户指定位置辨识拍照并反馈结果,NULL,CD
598476,VASC000000300678,OSF6V1595,单品指定位置开箱拍照,1,NULL,NULL,根据客户指定位置辨识拍照并反馈结果,NULL,CO
598527,VASC000000300714,OSF6V1603,库内其他服务需求,1,NULL,NULL,,NULL,CD
598563,VASC000000300729,OSF6V1603,库内其他服务需求,1,【Library】Abnormal re-photographing,【库内】异常重新拍照,仓库操作步骤：,,
598602,VASC000000300759,OSF6V1603,库内其他服务需求,1,20260128001,【出库】补贴包裹/托盘标签,WO11539369026 VASC00000029982  补收此增值贴标的50个标签费用；,,
598818,VASC000000300828,OSF6V1603,库内其他服务需求,1,NULL,NULL,,NULL,CD
598812,VASC000000300837,OW01V1602,入库其他服务需求,1,20251027,【入库】包裹类异常关联第三方包裹条码直接上架,【背景】货物到仓前，客户没有导入这批货的第三方单品条码，到仓后仓库识别不了，登记了商品条码识别异常。两个新单已上架本增值为关闭异常单。,,
598797,VASC000000300840,OSF8V1620,Winit线下尾程服务,1,202512301,【尾程】winit线下尾程询价,"""1、仓库/尾程SD报价；",,
598827,VASC000000300846,OSF8V1620,Winit线下尾程服务,1,202512301,【尾程】winit线下尾程询价,"""1、仓库/尾程SD报价；",,
598842,VASC000000300849,OW01V1602,入库其他服务需求,1,20250430,【入库】“包裹条码批量异常（需客户处理）”辨识后补贴包裹标签上架,"【背景】EB0126061030297750 此包裹条码异常，对应是有多个商品，客户反馈实物条码正确,客户要求使用新入库单上架，单号：WI50425143, WI50425178, WI50425206   ，标准无法操作，需要提交非标增值操作处理并关闭异常。",,
598836,VASC000000300858,OSF8V1657,代理清关,1,【Outbound】Customs clearance agent,【出库】代理清关,打印附件的清关文件，交付尾程供应商，完成出库,NULL,CO
598845,VASC000000300861,OSF8V1657,代理清关,1,【Outbound】Customs clearance agent,【出库】代理清关,打印附件的清关文件，交付尾程供应商，完成出库,NULL,CO
598848,VASC000000300864,OSF8V1657,代理清关,1,【Outbound】Customs clearance agent,【出库】代理清关,打印附件的清关文件，交付尾程供应商，完成出库,NULL,CO
599061,VASC000000300867,OW01V1599,提供海外仓监控视频-少包裹调查,1,NULL,NULL,根据到仓订单具体情况提供对应视频：,,
598851,VASC000000300870,OSF8V1657,代理清关,1,【Outbound】Customs clearance agent,【出库】代理清关,打印附件的清关文件，交付尾程供应商，完成出库,NULL,CO
598854,VASC000000300876,OSF8V1657,代理清关,1,【Outbound】Customs clearance agent,【出库】代理清关,打印附件的清关文件，交付尾程供应商，完成出库,NULL,CO
598869,VASC000000300879,OSF8V1620,Winit线下尾程服务,1,NULL,NULL,"""1、仓库/尾程SD报价；",,
598860,VASC000000300882,OSF8V1657,代理清关,1,【Outbound】Customs clearance agent,【出库】代理清关,打印附件的清关文件，交付尾程供应商，完成出库,NULL,CO
599577,VASC000000300885,OSF6V1603,库内其他服务需求,1,20250407045,【库内】辨识后贴标上架+销毁,仓库操作步骤：,,
598977,VASC000000300912,OSF6V1603,库内其他服务需求,1,202512150002,【库内】异常商品转不良品上架,仓库操作步骤：,,
599055,VASC000000300915,OW01V1602,入库其他服务需求,1,20250522001,【入库】指定商品拍照暂存,【背景】EB0126061630448350 	商品有条码但系统无法识别，需要拍照辨识。,,
599007,VASC000000300924,OSF6V1603,库内其他服务需求,1,20260302,【入库】覆盖/清除标签,仓库操作步骤：,,
599145,VASC000000300960,OW01V1602,入库其他服务需求,1,NULL,NULL,,NULL,CD
607161,VASC000000300966,OW01V1594,上架前自提（无需WINIT打托）,1,NULL,NULL,1、补贴快递面单,,
599154,VASC000000300969,OSF8V1755,出库内外箱补贴商品标签,1,NULL,NULL,EAN场景步骤1：拆开商品外箱 步骤2：核对外箱及彩盒上的条码 步骤3：若条码不一致，则需要用客户上传的标签文件覆盖EAN条码 步骤4：外箱和彩盒上不能出现除正确EAN条码以外的其他条码，若有其他条码请用白标覆盖  步骤5：完成后输入增值单品数量 透明计划场景步骤1：拆开商品外箱 步骤2：补贴商品透明计划标签 步骤3：商品封箱 步骤4：外箱上补贴对应的透明计划标签 内外箱透明计划标签需一致  步骤5：完成后输入增值单品数量,NULL,CO
599208,VASC000000300993,OSF6V1603,库内其他服务需求,1,20250407062,【库内】指定单品/库位商品更换标签上架,仓库处理步骤：,,
599214,VASC000000300996,OSF8V1755,出库内外箱补贴商品标签,1,NULL,NULL,EAN场景步骤1：拆开商品外箱 步骤2：核对外箱及彩盒上的条码 步骤3：若条码不一致，则需要用客户上传的标签文件覆盖EAN条码 步骤4：外箱和彩盒上不能出现除正确EAN条码以外的其他条码，若有其他条码请用白标覆盖  步骤5：完成后输入增值单品数量 透明计划场景步骤1：拆开商品外箱 步骤2：补贴商品透明计划标签 步骤3：商品封箱 步骤4：外箱上补贴对应的透明计划标签 内外箱透明计划标签需一致  步骤5：完成后输入增值单品数量,NULL,CO
599226,VASC000000301008,OSF8V1716,Anker加急出库,1,NULL,NULL,仓库根据订单情况判断能否在【指定出库日期】之前完成增值，若无法操作加急，请“异常终止”增值订单，若可以操作，请填写加急实际操作工时并“完成”增值 注意（非常重要！！！）： 1. 加急增值完成标准： *标准出库：加急订单出库日期应早于应出库日期，若不符合此条件，请“异常终止”增值订单 *自提出库：加急订单暂存日期应早于应暂存日期，若不符合此条件，请“异常终止”增值订单 2. 仓库实际操作工时，请提前记录并如实填写，最终会根据此工时收取客户费用 3. 需要在出库前完成此增值，否则增值将会被自动“异常终止”,NULL,CO
599403,VASC000000301050,OSF6V1603,库内其他服务需求,1,20250407055,【库内】更换客制包装,仓库操作步骤：,,
599307,VASC000000301062,OSF8V1620,Winit线下尾程服务,1,202512301,【尾程】winit线下尾程询价,"""1、仓库/尾程SD报价；",,
599331,VASC000000301071,OSF6V1603,库内其他服务需求,1,20250407025,【入库】异常商品/包裹数量与实际不符，按照实际贴标上架,仓库操作步骤：,,
599352,VASC000000301080,OSF6V1603,库内其他服务需求,1,202512150002,【库内】异常商品转不良品上架,仓库操作步骤：,,
599364,VASC000000301086,OSF8V1755,出库内外箱补贴商品标签,1,NULL,NULL,EAN场景步骤1：拆开商品外箱 步骤2：核对外箱及彩盒上的条码 步骤3：若条码不一致，则需要用客户上传的标签文件覆盖EAN条码 步骤4：外箱和彩盒上不能出现除正确EAN条码以外的其他条码，若有其他条码请用白标覆盖  步骤5：完成后输入增值单品数量 透明计划场景步骤1：拆开商品外箱 步骤2：补贴商品透明计划标签 步骤3：商品封箱 步骤4：外箱上补贴对应的透明计划标签 内外箱透明计划标签需一致  步骤5：完成后输入增值单品数量,NULL,CO
599367,VASC000000301089,OW01V1622,入库-提供无箱单预报单上架,1,NULL,NULL,"""场景1：新入库单是无箱单，通过包裹推荐>商品预分拣上架",,
599421,VASC000000301092,OW01V1602,入库其他服务需求,1,20260616,【入库】A+包质量异常需开箱辨识,【背景】EB0126052629790828、EB0126052629790807 、EB0126052629790804  A+包裹质量异常，外箱破损，需要换包装重新上架。,,
599451,VASC000000301101,OSF6V1595,单品指定位置开箱拍照,1,NULL,NULL,根据客户指定位置辨识拍照并反馈结果,NULL,CO
599448,VASC000000301113,OSF6V1595,单品指定位置开箱拍照,1,NULL,NULL,根据客户指定位置辨识拍照并反馈结果,NULL,CO
599436,VASC000000301119,OSF8V1755,出库内外箱补贴商品标签,1,NULL,NULL,EAN场景步骤1：拆开商品外箱 步骤2：核对外箱及彩盒上的条码 步骤3：若条码不一致，则需要用客户上传的标签文件覆盖EAN条码 步骤4：外箱和彩盒上不能出现除正确EAN条码以外的其他条码，若有其他条码请用白标覆盖  步骤5：完成后输入增值单品数量 透明计划场景步骤1：拆开商品外箱 步骤2：补贴商品透明计划标签 步骤3：商品封箱 步骤4：外箱上补贴对应的透明计划标签 内外箱透明计划标签需一致  步骤5：完成后输入增值单品数量,NULL,RT
599478,VASC000000301122,OSF8V1620,Winit线下尾程服务,1,202512301,【尾程】winit线下尾程询价,"""1、仓库/尾程SD报价；",,
599484,VASC000000301125,OSF8V1755,出库内外箱补贴商品标签,1,NULL,NULL,EAN场景步骤1：拆开商品外箱 步骤2：核对外箱及彩盒上的条码 步骤3：若条码不一致，则需要用客户上传的标签文件覆盖EAN条码 步骤4：外箱和彩盒上不能出现除正确EAN条码以外的其他条码，若有其他条码请用白标覆盖  步骤5：完成后输入增值单品数量 透明计划场景步骤1：拆开商品外箱 步骤2：补贴商品透明计划标签 步骤3：商品封箱 步骤4：外箱上补贴对应的透明计划标签 内外箱透明计划标签需一致  步骤5：完成后输入增值单品数量,NULL,CO
599571,VASC000000301149,OSF6V1595,单品指定位置开箱拍照,1,NULL,NULL,根据客户指定位置辨识拍照并反馈结果,NULL,CO
599580,VASC000000301152,OSF8V1601,出库其他服务需求,1,20250516,【出库】补贴/更换商品标签,操作步骤：,,
599607,VASC000000301164,OSF8V1755,出库内外箱补贴商品标签,1,NULL,NULL,EAN场景步骤1：拆开商品外箱 步骤2：核对外箱及彩盒上的条码 步骤3：若条码不一致，则需要用客户上传的标签文件覆盖EAN条码 步骤4：外箱和彩盒上不能出现除正确EAN条码以外的其他条码，若有其他条码请用白标覆盖  步骤5：完成后输入增值单品数量 透明计划场景步骤1：拆开商品外箱 步骤2：补贴商品透明计划标签 步骤3：商品封箱 步骤4：外箱上补贴对应的透明计划标签 内外箱透明计划标签需一致  步骤5：完成后输入增值单品数量,NULL,CO
599628,VASC000000301194,OSF8V1755,出库内外箱补贴商品标签,1,NULL,NULL,EAN场景步骤1：拆开商品外箱 步骤2：核对外箱及彩盒上的条码 步骤3：若条码不一致，则需要用客户上传的标签文件覆盖EAN条码 步骤4：外箱和彩盒上不能出现除正确EAN条码以外的其他条码，若有其他条码请用白标覆盖  步骤5：完成后输入增值单品数量 透明计划场景步骤1：拆开商品外箱 步骤2：补贴商品透明计划标签 步骤3：商品封箱 步骤4：外箱上补贴对应的透明计划标签 内外箱透明计划标签需一致  步骤5：完成后输入增值单品数量,NULL,RT
599727,VASC000000301218,OW01V1602,入库其他服务需求,1,20250721001,【库内】箱产品补贴/更换箱内单品标签,背景：SKU：M010000000010407617+M010000000010407548 实际是C包混装入库，因下了调整单，仓库已调整完成。实际在库的库存数据有误。,,
599754,VASC000000301257,OW01V1602,入库其他服务需求,1,NULL,NULL,,NULL,CD
600324,VASC000000301524,OSF8V1620,Winit线下尾程服务,1,202512301,【尾程】winit线下尾程询价,"""1、仓库/尾程SD报价；",,
600330,VASC000000301527,OSF8V1620,Winit线下尾程服务,1,NULL,NULL,"""1、仓库/尾程SD报价；",,
600339,VASC000000301533,OSF8V1601,出库其他服务需求,1,NULL,NULL,,NULL,CD
600345,VASC000000301536,OSF8V1779,交接 Master BOL,1,NULL,NULL,步骤1：确认客户关联的出库单据信息 步骤2：打印2份客户上传的 Master BOL文件 步骤3：2份都交给司机签字（每页均需要签字），签字后 ①其中1份文件拍照回传，并仓库存档2周及以上 ②其中1份+Packinglist+PO BOL(若有) 一起装入信封并在信封上写Load Destination code ：#### 交给司机,NULL,CD
600480,VASC000000301629,OW01V1602,入库其他服务需求,1,NULL,NULL,,NULL,CD
600516,VASC000000301635,OW01V1602,入库其他服务需求,1,NULL,NULL,,NULL,CD
600861,VASC000000301812,OW01V1602,入库其他服务需求,1,20250407008,【入库】包裹类异常换商品标签上架,WI49769100 整单的A+包裹条码贴错了，需要整单到仓拦截，更换新入库单WI50566982包裹标签做上架，  不用辨识，全部一种产品，A+包裹条码盲贴。,NULL,CO
600930,VASC000000301842,OSF6V1597,单品拆分后上架（拆分为多个SKU）,1,INSTOCK_SPLIT_SKU,【库内】拆分SKU,仓库操作步骤：,,
603171,VASC000000302964,OSF8V1620,Winit线下尾程服务,1,202512301,【尾程】winit线下尾程询价,"""1、仓库/尾程SD报价；",,
603201,VASC000000302973,OW01V1602,入库其他服务需求,1,2026042101,【入库】100%A+/A包裹包裹条码批量异常（需客户处理）,【背景】客户ID：20091793与客户ID：19934454同属于踏龙公司，订单号：WI50315857由于货代那边将部分标签错贴了商品编码：T-sku001856-Green的商品条码：M010000000010715912，现需将重新入库到入库单：WI50503327。,,
604326,VASC000000303027,OW01V1602,入库其他服务需求,1,NULL,NULL,,NULL,CD
603468,VASC000000303063,OSF8V1657,代理清关,1,【Outbound】Customs clearance agent,【出库】代理清关,打印附件的清关文件，交付尾程供应商，完成出库,NULL,CO
603471,VASC000000303066,OSF8V1657,代理清关,1,【Outbound】Customs clearance agent,【出库】代理清关,打印附件的清关文件，交付尾程供应商，完成出库,NULL,CO
603474,VASC000000303072,OSF8V1657,代理清关,1,【Outbound】Customs clearance agent,【出库】代理清关,打印附件的清关文件，交付尾程供应商，完成出库,NULL,CO
603477,VASC000000303075,OSF8V1657,代理清关,1,【Outbound】Customs clearance agent,【出库】代理清关,打印附件的清关文件，交付尾程供应商，完成出库,NULL,CO
603480,VASC000000303078,OSF8V1657,代理清关,1,【Outbound】Customs clearance agent,【出库】代理清关,打印附件的清关文件，交付尾程供应商，完成出库,NULL,CO
603489,VASC000000303081,OSF8V1657,代理清关,1,【Outbound】Customs clearance agent,【出库】代理清关,打印附件的清关文件，交付尾程供应商，完成出库,NULL,CO
603492,VASC000000303084,OSF8V1657,代理清关,1,【Outbound】Customs clearance agent,【出库】代理清关,打印附件的清关文件，交付尾程供应商，完成出库,NULL,CO
603495,VASC000000303087,OSF8V1657,代理清关,1,【Outbound】Customs clearance agent,【出库】代理清关,打印附件的清关文件，交付尾程供应商，完成出库,NULL,CO
603498,VASC000000303090,OSF8V1657,代理清关,1,【Outbound】Customs clearance agent,【出库】代理清关,打印附件的清关文件，交付尾程供应商，完成出库,NULL,CO
603501,VASC000000303093,OSF8V1657,代理清关,1,【Outbound】Customs clearance agent,【出库】代理清关,打印附件的清关文件，交付尾程供应商，完成出库,NULL,CO
603510,VASC000000303096,OSF8V1657,代理清关,1,【Outbound】Customs clearance agent,【出库】代理清关,打印附件的清关文件，交付尾程供应商，完成出库,NULL,CO
603516,VASC000000303099,OSF8V1657,代理清关,1,【Outbound】Customs clearance agent,【出库】代理清关,打印附件的清关文件，交付尾程供应商，完成出库,NULL,CO
603612,VASC000000303165,OSF6V1603,库内其他服务需求,1,20260302,【入库】覆盖/清除标签,仓库操作步骤：,,
603624,VASC000000303171,OW01V1602,入库其他服务需求,1,20260622001,【入库】补贴包裹条码原单上架,WI50257203--EB0126061730491421,,
603630,VASC000000303174,OW01V1602,入库其他服务需求,1,20260622001,【入库】补贴包裹条码原单上架,WI50211098--EB0126061730491109,,
603633,VASC000000303177,OW01V1602,入库其他服务需求,1,20260622001,【入库】补贴包裹条码原单上架,WI50257114--EB0126061730490536,,
603879,VASC000000303213,OW01V1602,入库其他服务需求,1,NULL,NULL,,NULL,CD
603735,VASC000000303219,OSF6V1627,单品辨识（不开箱）,1,NULL,NULL,根据客户提供的辨识方法，在不拆单品外包装的情况下，仓库辨识单品数量/标签内容（含第三方商品标签）等差异并反馈,NULL,CO
603744,VASC000000303234,OSF8V1755,出库内外箱补贴商品标签,1,NULL,NULL,EAN场景步骤1：拆开商品外箱 步骤2：核对外箱及彩盒上的条码 步骤3：若条码不一致，则需要用客户上传的标签文件覆盖EAN条码 步骤4：外箱和彩盒上不能出现除正确EAN条码以外的其他条码，若有其他条码请用白标覆盖  步骤5：完成后输入增值单品数量 透明计划场景步骤1：拆开商品外箱 步骤2：补贴商品透明计划标签 步骤3：商品封箱 步骤4：外箱上补贴对应的透明计划标签 内外箱透明计划标签需一致  步骤5：完成后输入增值单品数量,NULL,CO
603759,VASC000000303237,OSF8V1755,出库内外箱补贴商品标签,1,NULL,NULL,EAN场景步骤1：拆开商品外箱 步骤2：核对外箱及彩盒上的条码 步骤3：若条码不一致，则需要用客户上传的标签文件覆盖EAN条码 步骤4：外箱和彩盒上不能出现除正确EAN条码以外的其他条码，若有其他条码请用白标覆盖  步骤5：完成后输入增值单品数量 透明计划场景步骤1：拆开商品外箱 步骤2：补贴商品透明计划标签 步骤3：商品封箱 步骤4：外箱上补贴对应的透明计划标签 内外箱透明计划标签需一致  步骤5：完成后输入增值单品数量,NULL,CO
603765,VASC000000303240,OSF8V1755,出库内外箱补贴商品标签,1,NULL,NULL,EAN场景步骤1：拆开商品外箱 步骤2：核对外箱及彩盒上的条码 步骤3：若条码不一致，则需要用客户上传的标签文件覆盖EAN条码 步骤4：外箱和彩盒上不能出现除正确EAN条码以外的其他条码，若有其他条码请用白标覆盖  步骤5：完成后输入增值单品数量 透明计划场景步骤1：拆开商品外箱 步骤2：补贴商品透明计划标签 步骤3：商品封箱 步骤4：外箱上补贴对应的透明计划标签 内外箱透明计划标签需一致  步骤5：完成后输入增值单品数量,NULL,CO
603771,VASC000000303243,OSF8V1755,出库内外箱补贴商品标签,1,NULL,NULL,EAN场景步骤1：拆开商品外箱 步骤2：核对外箱及彩盒上的条码 步骤3：若条码不一致，则需要用客户上传的标签文件覆盖EAN条码 步骤4：外箱和彩盒上不能出现除正确EAN条码以外的其他条码，若有其他条码请用白标覆盖  步骤5：完成后输入增值单品数量 透明计划场景步骤1：拆开商品外箱 步骤2：补贴商品透明计划标签 步骤3：商品封箱 步骤4：外箱上补贴对应的透明计划标签 内外箱透明计划标签需一致  步骤5：完成后输入增值单品数量,NULL,CO
603777,VASC000000303246,OSF8V1755,出库内外箱补贴商品标签,1,NULL,NULL,EAN场景步骤1：拆开商品外箱 步骤2：核对外箱及彩盒上的条码 步骤3：若条码不一致，则需要用客户上传的标签文件覆盖EAN条码 步骤4：外箱和彩盒上不能出现除正确EAN条码以外的其他条码，若有其他条码请用白标覆盖  步骤5：完成后输入增值单品数量 透明计划场景步骤1：拆开商品外箱 步骤2：补贴商品透明计划标签 步骤3：商品封箱 步骤4：外箱上补贴对应的透明计划标签 内外箱透明计划标签需一致  步骤5：完成后输入增值单品数量,NULL,CO
603786,VASC000000303252,OSF8V1755,出库内外箱补贴商品标签,1,NULL,NULL,EAN场景步骤1：拆开商品外箱 步骤2：核对外箱及彩盒上的条码 步骤3：若条码不一致，则需要用客户上传的标签文件覆盖EAN条码 步骤4：外箱和彩盒上不能出现除正确EAN条码以外的其他条码，若有其他条码请用白标覆盖  步骤5：完成后输入增值单品数量 透明计划场景步骤1：拆开商品外箱 步骤2：补贴商品透明计划标签 步骤3：商品封箱 步骤4：外箱上补贴对应的透明计划标签 内外箱透明计划标签需一致  步骤5：完成后输入增值单品数量,NULL,CO
603792,VASC000000303255,OSF8V1755,出库内外箱补贴商品标签,1,NULL,NULL,EAN场景步骤1：拆开商品外箱 步骤2：核对外箱及彩盒上的条码 步骤3：若条码不一致，则需要用客户上传的标签文件覆盖EAN条码 步骤4：外箱和彩盒上不能出现除正确EAN条码以外的其他条码，若有其他条码请用白标覆盖  步骤5：完成后输入增值单品数量 透明计划场景步骤1：拆开商品外箱 步骤2：补贴商品透明计划标签 步骤3：商品封箱 步骤4：外箱上补贴对应的透明计划标签 内外箱透明计划标签需一致  步骤5：完成后输入增值单品数量,NULL,CO
603804,VASC000000303258,OSF8V1755,出库内外箱补贴商品标签,1,NULL,NULL,EAN场景步骤1：拆开商品外箱 步骤2：核对外箱及彩盒上的条码 步骤3：若条码不一致，则需要用客户上传的标签文件覆盖EAN条码 步骤4：外箱和彩盒上不能出现除正确EAN条码以外的其他条码，若有其他条码请用白标覆盖  步骤5：完成后输入增值单品数量 透明计划场景步骤1：拆开商品外箱 步骤2：补贴商品透明计划标签 步骤3：商品封箱 步骤4：外箱上补贴对应的透明计划标签 内外箱透明计划标签需一致  步骤5：完成后输入增值单品数量,NULL,CO
603810,VASC000000303264,OSF8V1755,出库内外箱补贴商品标签,1,NULL,NULL,EAN场景步骤1：拆开商品外箱 步骤2：核对外箱及彩盒上的条码 步骤3：若条码不一致，则需要用客户上传的标签文件覆盖EAN条码 步骤4：外箱和彩盒上不能出现除正确EAN条码以外的其他条码，若有其他条码请用白标覆盖  步骤5：完成后输入增值单品数量 透明计划场景步骤1：拆开商品外箱 步骤2：补贴商品透明计划标签 步骤3：商品封箱 步骤4：外箱上补贴对应的透明计划标签 内外箱透明计划标签需一致  步骤5：完成后输入增值单品数量,NULL,CO
603819,VASC000000303267,OSF8V1755,出库内外箱补贴商品标签,1,NULL,NULL,EAN场景步骤1：拆开商品外箱 步骤2：核对外箱及彩盒上的条码 步骤3：若条码不一致，则需要用客户上传的标签文件覆盖EAN条码 步骤4：外箱和彩盒上不能出现除正确EAN条码以外的其他条码，若有其他条码请用白标覆盖  步骤5：完成后输入增值单品数量 透明计划场景步骤1：拆开商品外箱 步骤2：补贴商品透明计划标签 步骤3：商品封箱 步骤4：外箱上补贴对应的透明计划标签 内外箱透明计划标签需一致  步骤5：完成后输入增值单品数量,NULL,CO
603825,VASC000000303270,OSF8V1755,出库内外箱补贴商品标签,1,NULL,NULL,EAN场景步骤1：拆开商品外箱 步骤2：核对外箱及彩盒上的条码 步骤3：若条码不一致，则需要用客户上传的标签文件覆盖EAN条码 步骤4：外箱和彩盒上不能出现除正确EAN条码以外的其他条码，若有其他条码请用白标覆盖  步骤5：完成后输入增值单品数量 透明计划场景步骤1：拆开商品外箱 步骤2：补贴商品透明计划标签 步骤3：商品封箱 步骤4：外箱上补贴对应的透明计划标签 内外箱透明计划标签需一致  步骤5：完成后输入增值单品数量,NULL,CO
603837,VASC000000303273,OSF8V1755,出库内外箱补贴商品标签,1,NULL,NULL,EAN场景步骤1：拆开商品外箱 步骤2：核对外箱及彩盒上的条码 步骤3：若条码不一致，则需要用客户上传的标签文件覆盖EAN条码 步骤4：外箱和彩盒上不能出现除正确EAN条码以外的其他条码，若有其他条码请用白标覆盖  步骤5：完成后输入增值单品数量 透明计划场景步骤1：拆开商品外箱 步骤2：补贴商品透明计划标签 步骤3：商品封箱 步骤4：外箱上补贴对应的透明计划标签 内外箱透明计划标签需一致  步骤5：完成后输入增值单品数量,NULL,CO
603846,VASC000000303279,OSF8V1755,出库内外箱补贴商品标签,1,NULL,NULL,EAN场景步骤1：拆开商品外箱 步骤2：核对外箱及彩盒上的条码 步骤3：若条码不一致，则需要用客户上传的标签文件覆盖EAN条码 步骤4：外箱和彩盒上不能出现除正确EAN条码以外的其他条码，若有其他条码请用白标覆盖  步骤5：完成后输入增值单品数量 透明计划场景步骤1：拆开商品外箱 步骤2：补贴商品透明计划标签 步骤3：商品封箱 步骤4：外箱上补贴对应的透明计划标签 内外箱透明计划标签需一致  步骤5：完成后输入增值单品数量,NULL,CO
603852,VASC000000303282,OSF8V1755,出库内外箱补贴商品标签,1,NULL,NULL,EAN场景步骤1：拆开商品外箱 步骤2：核对外箱及彩盒上的条码 步骤3：若条码不一致，则需要用客户上传的标签文件覆盖EAN条码 步骤4：外箱和彩盒上不能出现除正确EAN条码以外的其他条码，若有其他条码请用白标覆盖  步骤5：完成后输入增值单品数量 透明计划场景步骤1：拆开商品外箱 步骤2：补贴商品透明计划标签 步骤3：商品封箱 步骤4：外箱上补贴对应的透明计划标签 内外箱透明计划标签需一致  步骤5：完成后输入增值单品数量,NULL,CO
603858,VASC000000303285,OSF8V1755,出库内外箱补贴商品标签,1,NULL,NULL,EAN场景步骤1：拆开商品外箱 步骤2：核对外箱及彩盒上的条码 步骤3：若条码不一致，则需要用客户上传的标签文件覆盖EAN条码 步骤4：外箱和彩盒上不能出现除正确EAN条码以外的其他条码，若有其他条码请用白标覆盖  步骤5：完成后输入增值单品数量 透明计划场景步骤1：拆开商品外箱 步骤2：补贴商品透明计划标签 步骤3：商品封箱 步骤4：外箱上补贴对应的透明计划标签 内外箱透明计划标签需一致  步骤5：完成后输入增值单品数量,NULL,CO
603864,VASC000000303288,OSF8V1755,出库内外箱补贴商品标签,1,NULL,NULL,EAN场景步骤1：拆开商品外箱 步骤2：核对外箱及彩盒上的条码 步骤3：若条码不一致，则需要用客户上传的标签文件覆盖EAN条码 步骤4：外箱和彩盒上不能出现除正确EAN条码以外的其他条码，若有其他条码请用白标覆盖  步骤5：完成后输入增值单品数量 透明计划场景步骤1：拆开商品外箱 步骤2：补贴商品透明计划标签 步骤3：商品封箱 步骤4：外箱上补贴对应的透明计划标签 内外箱透明计划标签需一致  步骤5：完成后输入增值单品数量,NULL,CO
603870,VASC000000303291,OSF8V1755,出库内外箱补贴商品标签,1,NULL,NULL,EAN场景步骤1：拆开商品外箱 步骤2：核对外箱及彩盒上的条码 步骤3：若条码不一致，则需要用客户上传的标签文件覆盖EAN条码 步骤4：外箱和彩盒上不能出现除正确EAN条码以外的其他条码，若有其他条码请用白标覆盖  步骤5：完成后输入增值单品数量 透明计划场景步骤1：拆开商品外箱 步骤2：补贴商品透明计划标签 步骤3：商品封箱 步骤4：外箱上补贴对应的透明计划标签 内外箱透明计划标签需一致  步骤5：完成后输入增值单品数量,NULL,CO
603885,VASC000000303294,OSF8V1755,出库内外箱补贴商品标签,1,NULL,NULL,EAN场景步骤1：拆开商品外箱 步骤2：核对外箱及彩盒上的条码 步骤3：若条码不一致，则需要用客户上传的标签文件覆盖EAN条码 步骤4：外箱和彩盒上不能出现除正确EAN条码以外的其他条码，若有其他条码请用白标覆盖  步骤5：完成后输入增值单品数量 透明计划场景步骤1：拆开商品外箱 步骤2：补贴商品透明计划标签 步骤3：商品封箱 步骤4：外箱上补贴对应的透明计划标签 内外箱透明计划标签需一致  步骤5：完成后输入增值单品数量,NULL,CO
603891,VASC000000303297,OSF8V1755,出库内外箱补贴商品标签,1,NULL,NULL,EAN场景步骤1：拆开商品外箱 步骤2：核对外箱及彩盒上的条码 步骤3：若条码不一致，则需要用客户上传的标签文件覆盖EAN条码 步骤4：外箱和彩盒上不能出现除正确EAN条码以外的其他条码，若有其他条码请用白标覆盖  步骤5：完成后输入增值单品数量 透明计划场景步骤1：拆开商品外箱 步骤2：补贴商品透明计划标签 步骤3：商品封箱 步骤4：外箱上补贴对应的透明计划标签 内外箱透明计划标签需一致  步骤5：完成后输入增值单品数量,NULL,CO
603897,VASC000000303300,OSF8V1755,出库内外箱补贴商品标签,1,NULL,NULL,EAN场景步骤1：拆开商品外箱 步骤2：核对外箱及彩盒上的条码 步骤3：若条码不一致，则需要用客户上传的标签文件覆盖EAN条码 步骤4：外箱和彩盒上不能出现除正确EAN条码以外的其他条码，若有其他条码请用白标覆盖  步骤5：完成后输入增值单品数量 透明计划场景步骤1：拆开商品外箱 步骤2：补贴商品透明计划标签 步骤3：商品封箱 步骤4：外箱上补贴对应的透明计划标签 内外箱透明计划标签需一致  步骤5：完成后输入增值单品数量,NULL,CO
603957,VASC000000303321,OSF8V1620,Winit线下尾程服务,1,202512301,【尾程】winit线下尾程询价,"""1、仓库/尾程SD报价；",,
603972,VASC000000303327,OW01V1602,入库其他服务需求,1,NULL,NULL,,NULL,CD
604131,VASC000000303378,OSF8V1620,Winit线下尾程服务,1,202512301,【尾程】winit线下尾程询价,"""1、仓库/尾程SD报价；",,
604176,VASC000000303390,OSF8V1620,Winit线下尾程服务,1,202512301,【尾程】winit线下尾程询价,"""1、仓库/尾程SD报价；",,
604245,VASC000000303411,OSF8V1755,出库内外箱补贴商品标签,1,NULL,NULL,EAN场景步骤1：拆开商品外箱 步骤2：核对外箱及彩盒上的条码 步骤3：若条码不一致，则需要用客户上传的标签文件覆盖EAN条码 步骤4：外箱和彩盒上不能出现除正确EAN条码以外的其他条码，若有其他条码请用白标覆盖  步骤5：完成后输入增值单品数量 透明计划场景步骤1：拆开商品外箱 步骤2：补贴商品透明计划标签 步骤3：商品封箱 步骤4：外箱上补贴对应的透明计划标签 内外箱透明计划标签需一致  步骤5：完成后输入增值单品数量,NULL,CO
604338,VASC000000303426,OSF8V1755,出库内外箱补贴商品标签,1,NULL,NULL,EAN场景步骤1：拆开商品外箱 步骤2：核对外箱及彩盒上的条码 步骤3：若条码不一致，则需要用客户上传的标签文件覆盖EAN条码 步骤4：外箱和彩盒上不能出现除正确EAN条码以外的其他条码，若有其他条码请用白标覆盖  步骤5：完成后输入增值单品数量 透明计划场景步骤1：拆开商品外箱 步骤2：补贴商品透明计划标签 步骤3：商品封箱 步骤4：外箱上补贴对应的透明计划标签 内外箱透明计划标签需一致  步骤5：完成后输入增值单品数量,NULL,CO
607458,VASC000000303444,OW01V1602,入库其他服务需求,1,20250407004,【入库】尺重/标签辨识后换标上架,背景：原上架单 WI49360111因重新下单原因单号与包裹条码不一致，仓库前期核实了异常，it同步也做了改数解绑了原单品条码与原入库单的关系，且原入库sku已做盘亏，现在需要根据当前箱码再把已上架未上架的商品都补贴包裹条码后重新上架。,,
604557,VASC000000303453,OSF6V1603,库内其他服务需求,1,20250407043,【库内】商品外观辨识+贴标上架,背景：库内已上M010000000006882470 -33件，存在贴错标签，需要仓库依据外箱印刷与贴winit商品标签进行核对后辨识，新单上,,
604473,VASC000000303468,OSF8V1601,出库其他服务需求,1,20250407013,【出库】指定位置贴商品/包裹标签/快递面单,操作步骤：,,
604476,VASC000000303471,OSF6V1603,库内其他服务需求,1,NULL,NULL,,NULL,CD
604542,VASC000000303486,OSF6V1603,库内其他服务需求,1,20250530002,清除标签,仓库操作步骤：,,
604575,VASC000000303522,OSF8V1620,Winit线下尾程服务,1,NULL,NULL,"""1、仓库/尾程SD报价；",,
604728,VASC000000303600,OSF8V1620,Winit线下尾程服务,1,202512301,【尾程】winit线下尾程询价,"""1、仓库/尾程SD报价；",,
604752,VASC000000303612,OSF8V1620,Winit线下尾程服务,1,202512301,【尾程】winit线下尾程询价,"""1、仓库/尾程SD报价；",,
604788,VASC000000303621,OSF6V1603,库内其他服务需求,1,20250407062,【库内】指定单品/库位商品更换标签上架,背景；基于上次VASC000000294009增值的拍照辨识结果客户提出需求。,,
604776,VASC000000303630,OSF8V1749,审核出库单,1,NULL,NULL,仅万邑通内部发起,NULL,CO
604794,VASC000000303633,OW01V1602,入库其他服务需求,1,NULL,NULL,,NULL,CD
604821,VASC000000303654,OSF8V1749,审核出库单,1,NULL,NULL,仅万邑通内部发起,NULL,CO
604848,VASC000000303660,OSF6V1603,库内其他服务需求,1,NULL,NULL,,NULL,CD
604965,VASC000000303690,OSF6V1603,库内其他服务需求,1,20250407055,【库内】更换客制包装,仓库操作步骤：,,
604971,VASC000000303729,OSF8V1755,出库内外箱补贴商品标签,1,NULL,NULL,EAN场景步骤1：拆开商品外箱 步骤2：核对外箱及彩盒上的条码 步骤3：若条码不一致，则需要用客户上传的标签文件覆盖EAN条码 步骤4：外箱和彩盒上不能出现除正确EAN条码以外的其他条码，若有其他条码请用白标覆盖  步骤5：完成后输入增值单品数量 透明计划场景步骤1：拆开商品外箱 步骤2：补贴商品透明计划标签 步骤3：商品封箱 步骤4：外箱上补贴对应的透明计划标签 内外箱透明计划标签需一致  步骤5：完成后输入增值单品数量,NULL,CO
604977,VASC000000303732,OSF8V1655,补贴UN标签（仅自提出库）,1,NULL,NULL,1.按照客户提供的示例标签，使用仓库标签补贴；,,
604980,VASC000000303738,OW01V1602,入库其他服务需求,1,2026042101,【入库】100%A+/A包裹包裹条码批量异常（需客户处理）,【背景】VASC000000303033异常包裹直接上架，[海运整柜100%A+/A包裹]，不支持异常[B01E1615_包裹条码批量异常（需客户处理），B0102E21_包裹条码异常(需客户处理)]标准增值。,,
605022,VASC000000303759,OW01V1602,入库其他服务需求,1,[Warehouse] Package-level abnormalities Unpack and take product photos,【入库】包裹级异常开箱拍商品照片,仓库操作步骤：,,
605652,VASC000000303765,OW01V1594,上架前自提（无需WINIT打托）,1,NULL,NULL,1、补贴快递面单,,
605343,VASC000000303912,OSF6V1603,库内其他服务需求,1,NULL,NULL,,NULL,CD
605514,VASC000000303981,OSF6V1603,库内其他服务需求,1,NULL,NULL,,NULL,CD
605661,VASC000000304053,OW01V1602,入库其他服务需求,1,20250522001,【入库】指定商品拍照暂存,【背景】客户入库包裹标签弄错了，需要上架前拦截辨识。,,
605643,VASC000000304056,OSF8V1749,审核出库单,1,NULL,NULL,仅万邑通内部发起,NULL,CO
605685,VASC000000304083,OW01V1602,入库其他服务需求,1,20260302,【入库】覆盖/清除标签,仓库操作步骤：,,
605793,VASC000000304167,OSF6V1603,库内其他服务需求,1,20250530002,清除标签,【背景】共100箱，A+包裹外箱贴有电池标签，申请移除。,,
605910,VASC000000304203,OSF8V1620,Winit线下尾程服务,1,202512301,【尾程】winit线下尾程询价,"""1、仓库/尾程SD报价；",,
605931,VASC000000304206,OSF8V1620,Winit线下尾程服务,1,202512301,【尾程】winit线下尾程询价,"""1、仓库/尾程SD报价；",,
606126,VASC000000304263,OSF8V1620,Winit线下尾程服务,1,202512301,【尾程】winit线下尾程询价,"""1、仓库/尾程SD报价；",,
606300,VASC000000304353,OSF8V1620,Winit线下尾程服务,1,202512301,【尾程】winit线下尾程询价,"""1、仓库/尾程SD报价；",,
606345,VASC000000304383,OSF6V1603,库内其他服务需求,1,【Library】Abnormal re-photographing,【库内】异常重新拍照,【背景】客户需确认异常包裹内部商品样式和粘贴条码、绑定的第三方商品条码内容。,,
606363,VASC000000304395,OSF8V1620,Winit线下尾程服务,1,202512301,【尾程】winit线下尾程询价,"""1、仓库/尾程SD报价；",,
606420,VASC000000304404,OSF8V1601,出库其他服务需求,1,NULL,NULL,,NULL,CD
606411,VASC000000304413,OSF6V1671,逆向取货,1,20250723,【尾程】Anker Crowfoots出库,仅收费，无需仓库操作,NULL,CO
606435,VASC000000304422,OSF6V1671,逆向取货,1,20250723,【尾程】Anker Crowfoots出库,仅收费，无需仓库操作,NULL,CO
606588,VASC000000304425,OW01V1602,入库其他服务需求,1,20250407075,【入库】指定包裹拍照,仓库操作步骤：,,
606447,VASC000000304431,OSF6V1671,逆向取货,1,20250723,【尾程】Anker Crowfoots出库,仅收费，无需仓库操作,NULL,CO
606465,VASC000000304434,OSF6V1671,逆向取货,1,20250723,【尾程】Anker Crowfoots出库,仅收费，无需仓库操作,NULL,CO
606471,VASC000000304437,OSF6V1671,逆向取货,1,20250723,【尾程】Anker Crowfoots出库,仅收费，无需仓库操作,NULL,CO
606474,VASC000000304440,OSF6V1671,逆向取货,1,20250723,【尾程】Anker Crowfoots出库,仅收费，无需仓库操作,NULL,CO
606501,VASC000000304443,OSF6V1603,库内其他服务需求,1,NULL,NULL,,NULL,CD
606522,VASC000000304461,OSF6V1603,库内其他服务需求,1,20250407062,【库内】指定单品/库位商品更换标签上架,背景：VASC000000297048非标辨识异常的1件M010000000009484795需要换标；,,
606528,VASC000000304464,OSF8V1755,出库内外箱补贴商品标签,1,NULL,NULL,EAN场景步骤1：拆开商品外箱 步骤2：核对外箱及彩盒上的条码 步骤3：若条码不一致，则需要用客户上传的标签文件覆盖EAN条码 步骤4：外箱和彩盒上不能出现除正确EAN条码以外的其他条码，若有其他条码请用白标覆盖  步骤5：完成后输入增值单品数量 透明计划场景步骤1：拆开商品外箱 步骤2：补贴商品透明计划标签 步骤3：商品封箱 步骤4：外箱上补贴对应的透明计划标签 内外箱透明计划标签需一致  步骤5：完成后输入增值单品数量,NULL,CO
606546,VASC000000304470,OSF8V1620,Winit线下尾程服务,1,202512301,【尾程】winit线下尾程询价,"""1、仓库/尾程SD报价；",,
606729,VASC000000304494,OSF6V1603,库内其他服务需求,1,20250407043,【库内】商品外观辨识+贴标上架,【 背景】打包完成作废出库，产生了异常单EB0626061830539271、EB0626061830538503、EB0626061830538512 、EB0626061830538509 、EB0626061830538506、EB0626061830538455 打包完成后作废出库单（有商品增值），需要处理上架。,,
606612,VASC000000304497,OSF8V1755,出库内外箱补贴商品标签,1,NULL,NULL,EAN场景步骤1：拆开商品外箱 步骤2：核对外箱及彩盒上的条码 步骤3：若条码不一致，则需要用客户上传的标签文件覆盖EAN条码 步骤4：外箱和彩盒上不能出现除正确EAN条码以外的其他条码，若有其他条码请用白标覆盖  步骤5：完成后输入增值单品数量 透明计划场景步骤1：拆开商品外箱 步骤2：补贴商品透明计划标签 步骤3：商品封箱 步骤4：外箱上补贴对应的透明计划标签 内外箱透明计划标签需一致  步骤5：完成后输入增值单品数量,NULL,CO
606615,VASC000000304500,OSF8V1601,出库其他服务需求,1,20250407013,【出库】指定位置贴商品/包裹标签/快递面单,操作步骤：,,
606648,VASC000000304509,OSF8V1620,Winit线下尾程服务,1,202512301,【尾程】winit线下尾程询价,"""1、仓库/尾程SD报价；",,
606696,VASC000000304512,OSF8V1601,出库其他服务需求,1,NULL,NULL,,NULL,CD
607029,VASC000000304536,OSF6V1647,货权转移（改数模式）,1,NULL,NULL,,NULL,CD
606993,VASC000000304551,OW01V1602,入库其他服务需求,1,20250430,【入库】“包裹条码批量异常（需客户处理）”辨识后补贴包裹标签上架,背景：,,
606948,VASC000000304563,OSF6V1820,Global Quote Shipping-非标卡派LTL/FTL询价,1,NULL,NULL,"""""""1、仓库/尾程SD报价； 2、客户若同意报价，仓库预约供应商出库""""""",NULL,CD
606969,VASC000000304569,OSF8V1755,出库内外箱补贴商品标签,1,NULL,NULL,EAN场景步骤1：拆开商品外箱 步骤2：核对外箱及彩盒上的条码 步骤3：若条码不一致，则需要用客户上传的标签文件覆盖EAN条码 步骤4：外箱和彩盒上不能出现除正确EAN条码以外的其他条码，若有其他条码请用白标覆盖  步骤5：完成后输入增值单品数量 透明计划场景步骤1：拆开商品外箱 步骤2：补贴商品透明计划标签 步骤3：商品封箱 步骤4：外箱上补贴对应的透明计划标签 内外箱透明计划标签需一致  步骤5：完成后输入增值单品数量,NULL,CO
606966,VASC000000304581,OSF6V1660,审计盘点,1,20250407039,【库内】审计盘点,仓库操作步骤：,,
607050,VASC000000304590,OSF6V1603,库内其他服务需求,1,20250407043,【库内】商品外观辨识+贴标上架,【背景】WI49809934 这个入库单有可能存在错装，需检查所有包裹是否错装。,,
607059,VASC000000304614,OSF6V1671,逆向取货,1,20250723,【尾程】Anker Crowfoots出库,仅收费，无需仓库操作,NULL,CO
607080,VASC000000304626,OSF6V1647,货权转移（改数模式）,1,【In-warehouse】Transfer of ownership of goods,【库内】货权转移,此类增值仅用于收费，IT系统改数，无需仓库实物流操作。仓库将增值单状态更新为“仓库已处理”。,NULL,CO
607149,VASC000000304641,OSF6V1603,库内其他服务需求,1,NULL,NULL,,NULL,CD
607092,VASC000000304644,OSF8V1620,Winit线下尾程服务,1,202512301,【尾程】winit线下尾程询价,"""1、仓库/尾程SD报价；",,
607110,VASC000000304647,OSF8V1601,出库其他服务需求,1,20250407013,【出库】指定位置贴商品/包裹标签/快递面单,操作步骤：,,
607413,VASC000000304650,OSF6V1646,货权转移（换标模式）,1,【In-warehouse】Transfer of ownership of goods,【库内】货权转移,1. 按WO11589727680下架原SKU。,,
607224,VASC000000304653,OSF6V1673,无主货找回-6个自然日内,1,NULL,NULL,根据客户提供的单据信息找货，若超过1h未找回，则反馈无法找回,NULL,CD
607329,VASC000000304671,OSF8V1601,出库其他服务需求,1,NULL,NULL,,NULL,CD
607269,VASC000000304677,OSF6V1752,找回無主貨物（6個自然日內）- 倉庫創建無RMA退貨單,1,NULL,NULL,步骤1：按照客户提供的快递单号或POD尝试找回无主货 步骤2： ① 若货物找回，请仓库创建无RMA退货单并上架，同时反馈退货订单号，随后将增值单状态更新为【完成】 ② 若货物未找回，请将增值单状态更新为【完成】 注意：无论货物是否找回，均需将增值单状态更新为【已出库】,NULL,CO
607233,VASC000000304680,OW01V1602,入库其他服务需求,1,20251205,【入库】新单上架到预报单，无需更换包裹条码,仓库操作步骤：,,
607368,VASC000000304692,OSF6V1752,找回無主貨物（6個自然日內）- 倉庫創建無RMA退貨單,1,NULL,NULL,步骤1：按照客户提供的快递单号或POD尝试找回无主货 步骤2： ① 若货物找回，请仓库创建无RMA退货单并上架，同时反馈退货订单号，随后将增值单状态更新为【完成】 ② 若货物未找回，请将增值单状态更新为【完成】 注意：无论货物是否找回，均需将增值单状态更新为【已出库】,NULL,CO
607299,VASC000000304695,OW01V1602,入库其他服务需求,1,202507151726,【入库】入库少单品/少包裹视频调查,背景：WI49327410 出现批量破损，麻烦提供监控证明是货物到仓就已经破损；,,
607290,VASC000000304701,OW01V1602,入库其他服务需求,1,2026042101,【入库】100%A+/A包裹包裹条码批量异常（需客户处理）,【背景】VASC000000303033异常包裹直接上架，[海运整柜100%A+/A包裹]，不支持异常[B01E1615_包裹条码批量异常（需客户处理），B0102E21_包裹条码异常(需客户处理)]标准增值。,,
607302,VASC000000304707,OW01V1602,入库其他服务需求,1,2026042101,【入库】100%A+/A包裹包裹条码批量异常（需客户处理）,【背景】VASC000000303033异常包裹直接上架，[海运整柜100%A+/A包裹]，不支持异常[B01E1615_包裹条码批量异常（需客户处理），B0102E21_包裹条码异常(需客户处理)]标准增值。,,
607389,VASC000000304737,OSF8V1601,出库其他服务需求,1,NULL,NULL,,NULL,CD
607407,VASC000000304740,OSF8V1601,出库其他服务需求,1,20250407013,【出库】指定位置贴商品/包裹标签/快递面单,操作步骤：,,
607419,VASC000000304749,OSF8V1755,出库内外箱补贴商品标签,1,NULL,NULL,EAN场景步骤1：拆开商品外箱 步骤2：核对外箱及彩盒上的条码 步骤3：若条码不一致，则需要用客户上传的标签文件覆盖EAN条码 步骤4：外箱和彩盒上不能出现除正确EAN条码以外的其他条码，若有其他条码请用白标覆盖  步骤5：完成后输入增值单品数量 透明计划场景步骤1：拆开商品外箱 步骤2：补贴商品透明计划标签 步骤3：商品封箱 步骤4：外箱上补贴对应的透明计划标签 内外箱透明计划标签需一致  步骤5：完成后输入增值单品数量,NULL,CO
607425,VASC000000304752,OSF8V1755,出库内外箱补贴商品标签,1,NULL,NULL,EAN场景步骤1：拆开商品外箱 步骤2：核对外箱及彩盒上的条码 步骤3：若条码不一致，则需要用客户上传的标签文件覆盖EAN条码 步骤4：外箱和彩盒上不能出现除正确EAN条码以外的其他条码，若有其他条码请用白标覆盖  步骤5：完成后输入增值单品数量 透明计划场景步骤1：拆开商品外箱 步骤2：补贴商品透明计划标签 步骤3：商品封箱 步骤4：外箱上补贴对应的透明计划标签 内外箱透明计划标签需一致  步骤5：完成后输入增值单品数量,NULL,CO
607431,VASC000000304755,OSF8V1755,出库内外箱补贴商品标签,1,NULL,NULL,EAN场景步骤1：拆开商品外箱 步骤2：核对外箱及彩盒上的条码 步骤3：若条码不一致，则需要用客户上传的标签文件覆盖EAN条码 步骤4：外箱和彩盒上不能出现除正确EAN条码以外的其他条码，若有其他条码请用白标覆盖  步骤5：完成后输入增值单品数量 透明计划场景步骤1：拆开商品外箱 步骤2：补贴商品透明计划标签 步骤3：商品封箱 步骤4：外箱上补贴对应的透明计划标签 内外箱透明计划标签需一致  步骤5：完成后输入增值单品数量,NULL,CO
607455,VASC000000304758,OSF8V1755,出库内外箱补贴商品标签,1,NULL,NULL,EAN场景步骤1：拆开商品外箱 步骤2：核对外箱及彩盒上的条码 步骤3：若条码不一致，则需要用客户上传的标签文件覆盖EAN条码 步骤4：外箱和彩盒上不能出现除正确EAN条码以外的其他条码，若有其他条码请用白标覆盖  步骤5：完成后输入增值单品数量 透明计划场景步骤1：拆开商品外箱 步骤2：补贴商品透明计划标签 步骤3：商品封箱 步骤4：外箱上补贴对应的透明计划标签 内外箱透明计划标签需一致  步骤5：完成后输入增值单品数量,NULL,CO
607464,VASC000000304761,OSF8V1755,出库内外箱补贴商品标签,1,NULL,NULL,EAN场景步骤1：拆开商品外箱 步骤2：核对外箱及彩盒上的条码 步骤3：若条码不一致，则需要用客户上传的标签文件覆盖EAN条码 步骤4：外箱和彩盒上不能出现除正确EAN条码以外的其他条码，若有其他条码请用白标覆盖  步骤5：完成后输入增值单品数量 透明计划场景步骤1：拆开商品外箱 步骤2：补贴商品透明计划标签 步骤3：商品封箱 步骤4：外箱上补贴对应的透明计划标签 内外箱透明计划标签需一致  步骤5：完成后输入增值单品数量,NULL,CO
607479,VASC000000304767,OSF8V1755,出库内外箱补贴商品标签,1,NULL,NULL,EAN场景步骤1：拆开商品外箱 步骤2：核对外箱及彩盒上的条码 步骤3：若条码不一致，则需要用客户上传的标签文件覆盖EAN条码 步骤4：外箱和彩盒上不能出现除正确EAN条码以外的其他条码，若有其他条码请用白标覆盖  步骤5：完成后输入增值单品数量 透明计划场景步骤1：拆开商品外箱 步骤2：补贴商品透明计划标签 步骤3：商品封箱 步骤4：外箱上补贴对应的透明计划标签 内外箱透明计划标签需一致  步骤5：完成后输入增值单品数量,NULL,CO
608841,VASC000000305367,OW01V1602,入库其他服务需求,1,20250407075,【入库】指定包裹拍照,仓库操作步骤：,,
608742,VASC000000305379,OSF6V1603,库内其他服务需求,1,20250407035,【库内】拍摄照片/视频,【背景】Temu 品牌打分评级需要。,,
608751,VASC000000305385,OSF6V1752,无主货找回（6个自然日内）-仓库创建无RMA退货单,1,NULL,NULL,步骤1：按照客户提供的快递单号或者POD尝试找回无主货 步骤2： ①若货物找回，请仓库创建无RMA退货单上架并反馈退货订单号，然后【完成】增值单 ②若货物未找回，请【完成】增值单  注意：此增值无论商品是否找回，请将增值单更新为【已出库】,NULL,CO
608760,VASC000000305403,OSF8V1601,出库其他服务需求,1,NULL,NULL,,NULL,CD
608784,VASC000000305418,OSF8V1601,出库其他服务需求,1,20260128001,【出库】补贴包裹/托盘标签,操作步骤：,,
609105,VASC000000305430,OW01V1602,入库其他服务需求,1,202507021814,【入库】上架前拦截,背景：贴箱标的时候把012-Basketball-Return-1和012-Basketball-Return-2贴反了，需要拦截以上包裹，上架前进行原单更换条码上架。预计到仓时间6.29-7.12。,,
608826,VASC000000305433,OW01V1602,入库其他服务需求,1,20250522001,【入库】指定商品拍照暂存,仓库操作步骤：,,
608886,VASC000000305439,OSF6V1603,库内其他服务需求,1,NULL,NULL,,NULL,CD
608979,VASC000000305448,OSF8V1620,Winit线下尾程服务,1,NULL,NULL,"""1、仓库/尾程SD报价；",,
608910,VASC000000305451,OSF8V1620,Winit线下尾程服务,1,202512301,【尾程】winit线下尾程询价,"""1、仓库/尾程SD报价；",,
608916,VASC000000305454,OSF8V1749,审核出库单,1,NULL,NULL,仅万邑通内部发起,NULL,CO
609039,VASC000000305487,OSF8V1620,Winit线下尾程服务,1,202512301,【尾程】winit线下尾程询价,"""1、仓库/尾程SD报价；",,
609114,VASC000000305493,OSF8V1755,出库内外箱补贴商品标签,1,NULL,NULL,EAN场景步骤1：拆开商品外箱 步骤2：核对外箱及彩盒上的条码 步骤3：若条码不一致，则需要用客户上传的标签文件覆盖EAN条码 步骤4：外箱和彩盒上不能出现除正确EAN条码以外的其他条码，若有其他条码请用白标覆盖  步骤5：完成后输入增值单品数量 透明计划场景步骤1：拆开商品外箱 步骤2：补贴商品透明计划标签 步骤3：商品封箱 步骤4：外箱上补贴对应的透明计划标签 内外箱透明计划标签需一致  步骤5：完成后输入增值单品数量,NULL,CO
611478,VASC000000305508,OSF6V1603,库内其他服务需求,1,20250407043,【库内】商品外观辨识+贴标上架,【背景】拆包检查商品，剔除故障品。,,
609186,VASC000000305517,OSF8V1601,出库其他服务需求,1,NULL,NULL,,NULL,CD
609219,VASC000000305526,OSF8V1716,Anker加急出库,1,NULL,NULL,仓库根据订单情况判断能否在【指定出库日期】之前完成增值，若无法操作加急，请“异常终止”增值订单，若可以操作，请填写加急实际操作工时并“完成”增值 注意（非常重要！！！）： 1. 加急增值完成标准： *标准出库：加急订单出库日期应早于应出库日期，若不符合此条件，请“异常终止”增值订单 *自提出库：加急订单暂存日期应早于应暂存日期，若不符合此条件，请“异常终止”增值订单 2. 仓库实际操作工时，请提前记录并如实填写，最终会根据此工时收取客户费用 3. 需要在出库前完成此增值，否则增值将会被自动“异常终止”,NULL,CO
609225,VASC000000305529,OSF8V1716,Anker加急出库,1,NULL,NULL,仓库根据订单情况判断能否在【指定出库日期】之前完成增值，若无法操作加急，请“异常终止”增值订单，若可以操作，请填写加急实际操作工时并“完成”增值 注意（非常重要！！！）： 1. 加急增值完成标准： *标准出库：加急订单出库日期应早于应出库日期，若不符合此条件，请“异常终止”增值订单 *自提出库：加急订单暂存日期应早于应暂存日期，若不符合此条件，请“异常终止”增值订单 2. 仓库实际操作工时，请提前记录并如实填写，最终会根据此工时收取客户费用 3. 需要在出库前完成此增值，否则增值将会被自动“异常终止”,NULL,CO
609459,VASC000000305550,OW01V1602,入库其他服务需求,1,NULL,NULL,,NULL,CD
609279,VASC000000305556,OW01V1602,入库其他服务需求,1,20250522001,【入库】指定商品拍照暂存,仓库操作步骤：,,
609261,VASC000000305562,OSF8V1755,出库内外箱补贴商品标签,1,NULL,NULL,EAN场景步骤1：拆开商品外箱 步骤2：核对外箱及彩盒上的条码 步骤3：若条码不一致，则需要用客户上传的标签文件覆盖EAN条码 步骤4：外箱和彩盒上不能出现除正确EAN条码以外的其他条码，若有其他条码请用白标覆盖  步骤5：完成后输入增值单品数量 透明计划场景步骤1：拆开商品外箱 步骤2：补贴商品透明计划标签 步骤3：商品封箱 步骤4：外箱上补贴对应的透明计划标签 内外箱透明计划标签需一致  步骤5：完成后输入增值单品数量,NULL,CO
609273,VASC000000305565,OSF8V1716,Anker加急出库,1,NULL,NULL,仓库根据订单情况判断能否在【指定出库日期】之前完成增值，若无法操作加急，请“异常终止”增值订单，若可以操作，请填写加急实际操作工时并“完成”增值 注意（非常重要！！！）： 1. 加急增值完成标准： *标准出库：加急订单出库日期应早于应出库日期，若不符合此条件，请“异常终止”增值订单 *自提出库：加急订单暂存日期应早于应暂存日期，若不符合此条件，请“异常终止”增值订单 2. 仓库实际操作工时，请提前记录并如实填写，最终会根据此工时收取客户费用 3. 需要在出库前完成此增值，否则增值将会被自动“异常终止”,NULL,CO
609342,VASC000000305607,OSF8V1601,出库其他服务需求,1,NULL,NULL,,NULL,CD
609426,VASC000000305616,OSF6V1603,库内其他服务需求,1,NULL,NULL,,NULL,CD
609594,VASC000000305619,OSF8V1601,出库其他服务需求,1,20250407013,【出库】指定位置贴商品/包裹标签/快递面单,操作步骤：,,
609450,VASC000000305634,OW01V1602,入库其他服务需求,1,20250522001,【入库】指定商品拍照暂存,仓库操作步骤：,,
609477,VASC000000305649,OSF8V1755,出库内外箱补贴商品标签,1,NULL,NULL,EAN场景步骤1：拆开商品外箱 步骤2：核对外箱及彩盒上的条码 步骤3：若条码不一致，则需要用客户上传的标签文件覆盖EAN条码 步骤4：外箱和彩盒上不能出现除正确EAN条码以外的其他条码，若有其他条码请用白标覆盖  步骤5：完成后输入增值单品数量 透明计划场景步骤1：拆开商品外箱 步骤2：补贴商品透明计划标签 步骤3：商品封箱 步骤4：外箱上补贴对应的透明计划标签 内外箱透明计划标签需一致  步骤5：完成后输入增值单品数量,NULL,CO
609480,VASC000000305655,OSF8V1657,代理清关,1,【Outbound】Customs clearance agent,【出库】代理清关,打印附件的清关文件，交付尾程供应商，完成出库,NULL,CO
609495,VASC000000305658,OSF8V1657,代理清关,1,【Outbound】Customs clearance agent,【出库】代理清关,打印附件的清关文件，交付尾程供应商，完成出库,NULL,CO
609513,VASC000000305661,OSF8V1657,代理清关,1,【Outbound】Customs clearance agent,【出库】代理清关,打印附件的清关文件，交付尾程供应商，完成出库,NULL,CO
609516,VASC000000305664,OSF8V1657,代理清关,1,【Outbound】Customs clearance agent,【出库】代理清关,打印附件的清关文件，交付尾程供应商，完成出库,NULL,CO
609522,VASC000000305670,OSF8V1657,代理清关,1,【Outbound】Customs clearance agent,【出库】代理清关,打印附件的清关文件，交付尾程供应商，完成出库,NULL,CO
609525,VASC000000305673,OSF8V1657,代理清关,1,【Outbound】Customs clearance agent,【出库】代理清关,打印附件的清关文件，交付尾程供应商，完成出库,NULL,CO
609528,VASC000000305676,OSF8V1657,代理清关,1,【Outbound】Customs clearance agent,【出库】代理清关,打印附件的清关文件，交付尾程供应商，完成出库,NULL,CO
609531,VASC000000305679,OSF8V1657,代理清关,1,【Outbound】Customs clearance agent,【出库】代理清关,打印附件的清关文件，交付尾程供应商，完成出库,NULL,CO
609534,VASC000000305682,OSF8V1657,代理清关,1,【Outbound】Customs clearance agent,【出库】代理清关,打印附件的清关文件，交付尾程供应商，完成出库,NULL,CO
609537,VASC000000305688,OSF8V1657,代理清关,1,【Outbound】Customs clearance agent,【出库】代理清关,打印附件的清关文件，交付尾程供应商，完成出库,NULL,CO
609540,VASC000000305691,OSF8V1657,代理清关,1,【Outbound】Customs clearance agent,【出库】代理清关,打印附件的清关文件，交付尾程供应商，完成出库,NULL,CO
609543,VASC000000305694,OSF8V1657,代理清关,1,【Outbound】Customs clearance agent,【出库】代理清关,打印附件的清关文件，交付尾程供应商，完成出库,NULL,CO
609546,VASC000000305697,OSF8V1657,代理清关,1,【Outbound】Customs clearance agent,【出库】代理清关,打印附件的清关文件，交付尾程供应商，完成出库,NULL,CO
609549,VASC000000305700,OSF8V1657,代理清关,1,【Outbound】Customs clearance agent,【出库】代理清关,打印附件的清关文件，交付尾程供应商，完成出库,NULL,CO
609555,VASC000000305703,OSF6V1603,库内其他服务需求,1,NULL,NULL,,NULL,CD
611154,VASC000000305706,OW01V1602,入库其他服务需求,1,20250407025,【入库】异常商品/包裹数量与实际不符，按照实际贴标上架,背景：EB0126061730486102   登记的异常是：包裹条码异常(需客户处理) 实际是有2个不同的产品，客户下了2个新单，标准无法一起操作，需要非标处理。,,
609567,VASC000000305715,OSF8V1755,出库内外箱补贴商品标签,1,NULL,NULL,EAN场景步骤1：拆开商品外箱 步骤2：核对外箱及彩盒上的条码 步骤3：若条码不一致，则需要用客户上传的标签文件覆盖EAN条码 步骤4：外箱和彩盒上不能出现除正确EAN条码以外的其他条码，若有其他条码请用白标覆盖  步骤5：完成后输入增值单品数量 透明计划场景步骤1：拆开商品外箱 步骤2：补贴商品透明计划标签 步骤3：商品封箱 步骤4：外箱上补贴对应的透明计划标签 内外箱透明计划标签需一致  步骤5：完成后输入增值单品数量,NULL,CO
609741,VASC000000305763,OW01V1602,入库其他服务需求,1,202506170001,【入库】加固包装（含透明胶带封口、木箱加固等）,背景：SKU:ZHPTAC-CH-004；胶带太少，容易开。预计到仓时间是25号.,,
609771,VASC000000305775,OSF6V1660,審計盤點,1,20250407039,【库内】审计盘点,盘点范围：AU Warehouse在库所有库存（包括不良品数据）,,
609717,VASC000000305778,OSF6V1660,審計盤點,1,20250407039,【库内】审计盘点,盘点范围：DE Warehouse 在库全盘（包括不良品数据）；,,
609807,VASC000000305781,OW01V1602,入库其他服务需求,1,20250407003,【入库】上架前拆包装,【背景】因异常单对应A+包裹底部只有1个地A脚，无法平稳直立易歪斜，仓库反馈无法做存储；,,
609753,VASC000000305787,OW01V1602,入库其他服务需求,1,20250522001,【入库】指定商品拍照暂存,仓库操作步骤：,,
609786,VASC000000305796,OSF6V1603,库内其他服务需求,1,20250407043,【库内】商品外观辨识+贴标上架,【背景】WI49418977的 3301030068和 3301010608 各上架了36个单品，部分货物互相贴反了标签，商品化管理的，需要仓库辨识然后贴正确的商品条码。,,
609795,VASC000000305802,OSF8V1755,出库内外箱补贴商品标签,1,NULL,NULL,EAN场景步骤1：拆开商品外箱 步骤2：核对外箱及彩盒上的条码 步骤3：若条码不一致，则需要用客户上传的标签文件覆盖EAN条码 步骤4：外箱和彩盒上不能出现除正确EAN条码以外的其他条码，若有其他条码请用白标覆盖  步骤5：完成后输入增值单品数量 透明计划场景步骤1：拆开商品外箱 步骤2：补贴商品透明计划标签 步骤3：商品封箱 步骤4：外箱上补贴对应的透明计划标签 内外箱透明计划标签需一致  步骤5：完成后输入增值单品数量,NULL,CO
609798,VASC000000305805,OW01V1602,入库其他服务需求,1,202506120001,【入库】关联第三方商品条码上架,背景：EB0126060830209943因外箱无箱唛被登记了无主货异常，但是实物有贴单品码，仓库无法扫描识别到，请帮忙补贴包裹上架到WI49632155。,,
611559,VASC000000305829,OW01V1594,上架前自提（无需WINIT打托）,1,NULL,NULL,1、补贴快递面单,,
609933,VASC000000305832,OW01V1602,入库其他服务需求,1,NULL,NULL,,NULL,CD
609825,VASC000000305862,OSF6V1603,库内其他服务需求,1,NULL,NULL,,NULL,CD
609858,VASC000000305874,OSF8V1620,Winit线下尾程服务,1,202512301,【尾程】winit线下尾程询价,"""1、仓库/尾程SD报价；",,
609870,VASC000000305886,OW01V1602,入库其他服务需求,1,20250401002,【库内】关联第三方条码上架,背景：EB0126060830209943因外箱无箱唛被登记了无主货异常，但是实物有贴单品码，仓库无法扫描识别到，请帮忙补贴包裹上架到WI49632155。,,
609897,VASC000000305889,OW01V1602,入库其他服务需求,1,202506120001,【入库】关联第三方商品条码上架,背景：以上异常单，因客户到仓前未有关联第三方编码，被登记了：商品有条码但无法扫描 的异常，目前客户已关联了第三方编码，可直接原单扫描上架即可，但因为登记的第三方编码跟系统关联的不一致，无法提交标准增值处理，请关闭增值后扫描做上架到原单。,,
609915,VASC000000305892,OW01V1602,入库其他服务需求,1,202506120001,【入库】关联第三方商品条码上架,背景：以上异常单，因客户到仓前未有关联第三方编码，被登记了：商品有条码但无法扫描 的异常，目前客户已关联了第三方编码，可直接原单扫描上架即可，但因为登记的第三方编码跟系统关联的不一致，无法提交标准增值处理，请关闭增值后扫描做上架到原单。,,
609951,VASC000000305916,OW01V1602,入库其他服务需求,1,NULL,NULL,,NULL,CD
610062,VASC000000306000,OSF6V1603,库内其他服务需求,1,20250407071,【库内】商品组合,【背景】组合产品国内仓只发了一部分GD52004106W01，后续补发剩余的部分HW32723001-1W01过去，现需要海外仓重新组装后换标上架。,,
610050,VASC000000306003,OW01V1622,入库-提供无箱单预报单上架,1,NULL,NULL,"""场景1：新入库单是无箱单，通过包裹推荐>商品预分拣上架",,
610053,VASC000000306012,OSF6V1603,库内其他服务需求,1,202512150002,【库内】异常商品转不良品上架,仓库操作流程：,,
610068,VASC000000306015,OSF8V1620,Winit线下尾程服务,1,NULL,NULL,"""1、仓库/尾程SD报价；",,
610143,VASC000000306018,OSF6V1603,库内其他服务需求,1,20250512001,【库内】商品更换包装（WINIT标准包材）,【背景】原包裹尺寸超限，宽度超出45cm，无法通过现有渠道出库。申请更换包装。,,
610113,VASC000000306024,OSF8V1755,出库内外箱补贴商品标签,1,NULL,NULL,EAN场景步骤1：拆开商品外箱 步骤2：核对外箱及彩盒上的条码 步骤3：若条码不一致，则需要用客户上传的标签文件覆盖EAN条码 步骤4：外箱和彩盒上不能出现除正确EAN条码以外的其他条码，若有其他条码请用白标覆盖  步骤5：完成后输入增值单品数量 透明计划场景步骤1：拆开商品外箱 步骤2：补贴商品透明计划标签 步骤3：商品封箱 步骤4：外箱上补贴对应的透明计划标签 内外箱透明计划标签需一致  步骤5：完成后输入增值单品数量,NULL,CO
610158,VASC000000306033,OSF8V1755,出库内外箱补贴商品标签,1,NULL,NULL,EAN场景步骤1：拆开商品外箱 步骤2：核对外箱及彩盒上的条码 步骤3：若条码不一致，则需要用客户上传的标签文件覆盖EAN条码 步骤4：外箱和彩盒上不能出现除正确EAN条码以外的其他条码，若有其他条码请用白标覆盖  步骤5：完成后输入增值单品数量 透明计划场景步骤1：拆开商品外箱 步骤2：补贴商品透明计划标签 步骤3：商品封箱 步骤4：外箱上补贴对应的透明计划标签 内外箱透明计划标签需一致  步骤5：完成后输入增值单品数量,NULL,CO
611355,VASC000000306039,OW01V1602,入库其他服务需求,1,NULL,NULL,,NULL,CD
610266,VASC000000306099,OSF6V1603,库内其他服务需求,1,INSTOCK_SELF_PICK_ORDER_CANCEL_OUTBOUND,【库内】订单作废后重新上架,【背景】因出库暂存后货物已经直接上架对应异常单没法再次处理，不产生费用，本增值单仅为关闭异常单，不产生费用。,,
610317,VASC000000306102,OSF8V1601,出库其他服务需求,1,NULL,NULL,,NULL,CD
610365,VASC000000306111,OSF8V1601,出库其他服务需求,1,20250407013,【出库】指定位置贴商品/包裹标签/快递面单,操作步骤：,,
610395,VASC000000306126,OW01V1600,提供海外仓监控视频-少单品调查,1,NULL,NULL,根据到仓订单具体情况提供对应视频：,,
610482,VASC000000306180,OSF8V1755,出库内外箱补贴商品标签,1,NULL,NULL,EAN场景步骤1：拆开商品外箱 步骤2：核对外箱及彩盒上的条码 步骤3：若条码不一致，则需要用客户上传的标签文件覆盖EAN条码 步骤4：外箱和彩盒上不能出现除正确EAN条码以外的其他条码，若有其他条码请用白标覆盖  步骤5：完成后输入增值单品数量 透明计划场景步骤1：拆开商品外箱 步骤2：补贴商品透明计划标签 步骤3：商品封箱 步骤4：外箱上补贴对应的透明计划标签 内外箱透明计划标签需一致  步骤5：完成后输入增值单品数量,NULL,CO
610506,VASC000000306189,OSF8V1620,Winit线下尾程服务,1,NULL,NULL,"""1、仓库/尾程SD报价；",,
610566,VASC000000306243,OSF6V1626,指定商品盘点,1,NULL,NULL,1、将在库商品按SKU进行清点数量,,
610587,VASC000000306255,OSF6V1626,指定商品盘点,1,NULL,NULL,1、将在库商品按SKU进行清点数量,,
610593,VASC000000306258,OSF6V1626,指定商品盘点,1,NULL,NULL,1、将在库商品按SKU进行清点数量,,
610599,VASC000000306264,OSF6V1626,指定商品盘点,1,NULL,NULL,1、将在库商品按SKU进行清点数量,,
610605,VASC000000306267,OSF6V1626,指定商品盘点,1,NULL,NULL,1、将在库商品按SKU进行清点数量,,
610971,VASC000000306303,OSF6V1627,单品辨识（不开箱）,1,NULL,NULL,根据客户提供的辨识方法，在不拆单品外包装的情况下，仓库辨识单品数量/标签内容（含第三方商品标签）等差异并反馈,NULL,CO
610761,VASC000000306318,OSF8V1620,Winit线下尾程服务,1,202512301,【尾程】winit线下尾程询价,"""1、仓库/尾程SD报价；",,
610851,VASC000000306324,OW01V1602,入库其他服务需求,1,2026041701,【入库】补贴透明计划标签,背景：WI49943197- 商品：M010000000010712079- ACE-X3Lite-US-FBM  入库100件，要做上架前拦截下来，补贴透明标签后再进行上架，附件是PDF文件，货物在6.26送到仓库来，麻烦关注。,,
610794,VASC000000306330,OSF8V1601,出库其他服务需求,1,NULL,NULL,,NULL,CD
610782,VASC000000306333,OW01V1602,入库其他服务需求,1,20260302,【入库】覆盖/清除标签,【背景】入库单：WI50646394  包裹：126箱  A+包裹包装，外箱贴有电池标签申请移除,,
610800,VASC000000306336,OSF6V1603,库内其他服务需求,1,20250407035,【库内】拍摄照片/视频,【背景】Temu 品牌打分评级需要。,,
610821,VASC000000306339,OSF8V1620,Winit线下尾程服务,1,202512301,【尾程】winit线下尾程询价,"""1、仓库/尾程SD报价；",,
610881,VASC000000306363,OW01V1602,入库其他服务需求,1,NULL,NULL,,NULL,CD
610911,VASC000000306384,OW01V1602,入库其他服务需求,1,20250522001,【入库】指定商品拍照暂存,背景：客户怀疑贴错标，需要针对异常单做拍照核实。,,
611142,VASC000000306420,OSF6V1603,库内其他服务需求,1,20250407043,【库内】商品外观辨识+贴标上架,【背景】AUZZ-WD-L-S （M010000000008991399）库内库存39件，需要进行辨识彩卡，彩卡如附件示例图，辨识无需拍照。增值完成需反馈辨识结果和数量。,,
611016,VASC000000306432,OSF8V1657,代理清关,1,【Outbound】Customs clearance agent,【出库】代理清关,打印附件的清关文件，交付尾程供应商，完成出库,NULL,CO
611022,VASC000000306438,OSF8V1657,代理清关,1,【Outbound】Customs clearance agent,【出库】代理清关,打印附件的清关文件，交付尾程供应商，完成出库,NULL,CO
611034,VASC000000306444,OSF8V1755,出库内外箱补贴商品标签,1,NULL,NULL,EAN场景步骤1：拆开商品外箱 步骤2：核对外箱及彩盒上的条码 步骤3：若条码不一致，则需要用客户上传的标签文件覆盖EAN条码 步骤4：外箱和彩盒上不能出现除正确EAN条码以外的其他条码，若有其他条码请用白标覆盖  步骤5：完成后输入增值单品数量 透明计划场景步骤1：拆开商品外箱 步骤2：补贴商品透明计划标签 步骤3：商品封箱 步骤4：外箱上补贴对应的透明计划标签 内外箱透明计划标签需一致  步骤5：完成后输入增值单品数量,NULL,CO
611040,VASC000000306447,OSF8V1755,出库内外箱补贴商品标签,1,NULL,NULL,EAN场景步骤1：拆开商品外箱 步骤2：核对外箱及彩盒上的条码 步骤3：若条码不一致，则需要用客户上传的标签文件覆盖EAN条码 步骤4：外箱和彩盒上不能出现除正确EAN条码以外的其他条码，若有其他条码请用白标覆盖  步骤5：完成后输入增值单品数量 透明计划场景步骤1：拆开商品外箱 步骤2：补贴商品透明计划标签 步骤3：商品封箱 步骤4：外箱上补贴对应的透明计划标签 内外箱透明计划标签需一致  步骤5：完成后输入增值单品数量,NULL,CO
611046,VASC000000306453,OSF8V1755,出库内外箱补贴商品标签,1,NULL,NULL,EAN场景步骤1：拆开商品外箱 步骤2：核对外箱及彩盒上的条码 步骤3：若条码不一致，则需要用客户上传的标签文件覆盖EAN条码 步骤4：外箱和彩盒上不能出现除正确EAN条码以外的其他条码，若有其他条码请用白标覆盖  步骤5：完成后输入增值单品数量 透明计划场景步骤1：拆开商品外箱 步骤2：补贴商品透明计划标签 步骤3：商品封箱 步骤4：外箱上补贴对应的透明计划标签 内外箱透明计划标签需一致  步骤5：完成后输入增值单品数量,NULL,CO
611070,VASC000000306456,OSF8V1755,出库内外箱补贴商品标签,1,NULL,NULL,EAN场景步骤1：拆开商品外箱 步骤2：核对外箱及彩盒上的条码 步骤3：若条码不一致，则需要用客户上传的标签文件覆盖EAN条码 步骤4：外箱和彩盒上不能出现除正确EAN条码以外的其他条码，若有其他条码请用白标覆盖  步骤5：完成后输入增值单品数量 透明计划场景步骤1：拆开商品外箱 步骤2：补贴商品透明计划标签 步骤3：商品封箱 步骤4：外箱上补贴对应的透明计划标签 内外箱透明计划标签需一致  步骤5：完成后输入增值单品数量,NULL,CO
611076,VASC000000306459,OSF8V1755,出库内外箱补贴商品标签,1,NULL,NULL,EAN场景步骤1：拆开商品外箱 步骤2：核对外箱及彩盒上的条码 步骤3：若条码不一致，则需要用客户上传的标签文件覆盖EAN条码 步骤4：外箱和彩盒上不能出现除正确EAN条码以外的其他条码，若有其他条码请用白标覆盖  步骤5：完成后输入增值单品数量 透明计划场景步骤1：拆开商品外箱 步骤2：补贴商品透明计划标签 步骤3：商品封箱 步骤4：外箱上补贴对应的透明计划标签 内外箱透明计划标签需一致  步骤5：完成后输入增值单品数量,NULL,CO
611178,VASC000000306480,OSF6V1647,货权转移（改数模式）,1,20250620001,【库内】IT改数收费,此类增值仅用于收费，IT系统改数，无需仓库实物流操作。仓库将增值单状态更新为“仓库已处理”。,NULL,CD
611175,VASC000000306492,OSF6V1647,货权转移（改数模式）,1,20250620001,【库内】IT改数收费,此类增值仅用于收费，IT系统改数，无需仓库实物流操作。仓库将增值单状态更新为“仓库已处理”,NULL,CO
611166,VASC000000306498,OSF8V1755,出库内外箱补贴商品标签,1,NULL,NULL,EAN场景步骤1：拆开商品外箱 步骤2：核对外箱及彩盒上的条码 步骤3：若条码不一致，则需要用客户上传的标签文件覆盖EAN条码 步骤4：外箱和彩盒上不能出现除正确EAN条码以外的其他条码，若有其他条码请用白标覆盖  步骤5：完成后输入增值单品数量 透明计划场景步骤1：拆开商品外箱 步骤2：补贴商品透明计划标签 步骤3：商品封箱 步骤4：外箱上补贴对应的透明计划标签 内外箱透明计划标签需一致  步骤5：完成后输入增值单品数量,NULL,CD
611508,VASC000000306513,OW01V1674,入库-异常包裹开箱拍照,1,NULL,NULL,1、根据增值单需求信息找货 2、根据客户示例图片拍照、且需要拍外箱箱唛图、SKU条码图，开箱拍产品实物图以及产品实物标签图 3、按照SKU/包裹整理拍照文件并上传,NULL,CD
611217,VASC000000306525,OSF8V1755,出库内外箱补贴商品标签,1,NULL,NULL,EAN场景步骤1：拆开商品外箱 步骤2：核对外箱及彩盒上的条码 步骤3：若条码不一致，则需要用客户上传的标签文件覆盖EAN条码 步骤4：外箱和彩盒上不能出现除正确EAN条码以外的其他条码，若有其他条码请用白标覆盖  步骤5：完成后输入增值单品数量 透明计划场景步骤1：拆开商品外箱 步骤2：补贴商品透明计划标签 步骤3：商品封箱 步骤4：外箱上补贴对应的透明计划标签 内外箱透明计划标签需一致  步骤5：完成后输入增值单品数量,NULL,CO
611277,VASC000000306555,OSF8V1620,Winit线下尾程服务,1,202512301,【尾程】winit线下尾程询价,"""1、仓库/尾程SD报价；",,
611421,VASC000000306585,OW01V1600,提供海外倉監控影片-少單品調查,1,NULL,NULL,根据到仓订单具体情况提供对应视频：,,
611457,VASC000000306612,OW01V1594,上架前自提（无需WINIT打托）,1,NULL,NULL,1、补贴快递面单,,
611631,VASC000000306633,OSF6V1627,单品辨识（不开箱）,1,NULL,NULL,根据客户提供的辨识方法，在不拆单品外包装的情况下，仓库辨识单品数量/标签内容（含第三方商品标签）等差异并反馈,NULL,CO
611550,VASC000000306639,OW01V1602,入库其他服务需求,1,NULL,NULL,,NULL,CD
611706,VASC000000306696,OW01V1602,入库其他服务需求,1,20250522001,【入库】指定商品拍照暂存,背景：因外箱受潮破损，需要确认包裹里面每条耳机的状态是否可售，不可售的耳机需按照不良品上架。,,
611796,VASC000000306708,OSF8V1601,出库其他服务需求,1,20250516,【出库】补贴/更换商品标签,操作步骤：,,
611790,VASC000000306714,OSF6V1603,库内其他服务需求,1,【Library】Abnormal re-photographing,【库内】异常重新拍照,【背景】EB0526062530720477 仓库盘点后发现库内错装异常，客户需要仓库开箱拍照，提供实物图片。,,
611802,VASC000000306717,OSF8V1755,出库内外箱补贴商品标签,1,NULL,NULL,EAN场景步骤1：拆开商品外箱 步骤2：核对外箱及彩盒上的条码 步骤3：若条码不一致，则需要用客户上传的标签文件覆盖EAN条码 步骤4：外箱和彩盒上不能出现除正确EAN条码以外的其他条码，若有其他条码请用白标覆盖  步骤5：完成后输入增值单品数量 透明计划场景步骤1：拆开商品外箱 步骤2：补贴商品透明计划标签 步骤3：商品封箱 步骤4：外箱上补贴对应的透明计划标签 内外箱透明计划标签需一致  步骤5：完成后输入增值单品数量,NULL,CO
611814,VASC000000306729,OSF8V1755,出库内外箱补贴商品标签,1,NULL,NULL,EAN场景步骤1：拆开商品外箱 步骤2：核对外箱及彩盒上的条码 步骤3：若条码不一致，则需要用客户上传的标签文件覆盖EAN条码 步骤4：外箱和彩盒上不能出现除正确EAN条码以外的其他条码，若有其他条码请用白标覆盖  步骤5：完成后输入增值单品数量 透明计划场景步骤1：拆开商品外箱 步骤2：补贴商品透明计划标签 步骤3：商品封箱 步骤4：外箱上补贴对应的透明计划标签 内外箱透明计划标签需一致  步骤5：完成后输入增值单品数量,NULL,CO
611853,VASC000000306747,OSF8V1755,出库内外箱补贴商品标签,1,NULL,NULL,EAN场景步骤1：拆开商品外箱 步骤2：核对外箱及彩盒上的条码 步骤3：若条码不一致，则需要用客户上传的标签文件覆盖EAN条码 步骤4：外箱和彩盒上不能出现除正确EAN条码以外的其他条码，若有其他条码请用白标覆盖  步骤5：完成后输入增值单品数量 透明计划场景步骤1：拆开商品外箱 步骤2：补贴商品透明计划标签 步骤3：商品封箱 步骤4：外箱上补贴对应的透明计划标签 内外箱透明计划标签需一致  步骤5：完成后输入增值单品数量,NULL,CO
611859,VASC000000306750,OSF8V1620,Winit线下尾程服务,1,202512301,【尾程】winit线下尾程询价,"""1、仓库/尾程SD报价；",,
611877,VASC000000306759,OSF8V1755,出库内外箱补贴商品标签,1,NULL,NULL,EAN场景步骤1：拆开商品外箱 步骤2：核对外箱及彩盒上的条码 步骤3：若条码不一致，则需要用客户上传的标签文件覆盖EAN条码 步骤4：外箱和彩盒上不能出现除正确EAN条码以外的其他条码，若有其他条码请用白标覆盖  步骤5：完成后输入增值单品数量 透明计划场景步骤1：拆开商品外箱 步骤2：补贴商品透明计划标签 步骤3：商品封箱 步骤4：外箱上补贴对应的透明计划标签 内外箱透明计划标签需一致  步骤5：完成后输入增值单品数量,NULL,CO
611886,VASC000000306765,OSF8V1620,Winit线下尾程服务,1,202512301,【尾程】winit线下尾程询价,"""1、仓库/尾程SD报价；",,
611901,VASC000000306774,OSF8V1755,出库内外箱补贴商品标签,1,NULL,NULL,EAN场景步骤1：拆开商品外箱 步骤2：核对外箱及彩盒上的条码 步骤3：若条码不一致，则需要用客户上传的标签文件覆盖EAN条码 步骤4：外箱和彩盒上不能出现除正确EAN条码以外的其他条码，若有其他条码请用白标覆盖  步骤5：完成后输入增值单品数量 透明计划场景步骤1：拆开商品外箱 步骤2：补贴商品透明计划标签 步骤3：商品封箱 步骤4：外箱上补贴对应的透明计划标签 内外箱透明计划标签需一致  步骤5：完成后输入增值单品数量,NULL,CO
611961,VASC000000306780,OSF8V1620,Winit线下尾程服务,1,202512301,【尾程】winit线下尾程询价,"""1、仓库/尾程SD报价；",,
612009,VASC000000306825,OSF8V1755,出库内外箱补贴商品标签,1,NULL,NULL,EAN场景步骤1：拆开商品外箱 步骤2：核对外箱及彩盒上的条码 步骤3：若条码不一致，则需要用客户上传的标签文件覆盖EAN条码 步骤4：外箱和彩盒上不能出现除正确EAN条码以外的其他条码，若有其他条码请用白标覆盖  步骤5：完成后输入增值单品数量 透明计划场景步骤1：拆开商品外箱 步骤2：补贴商品透明计划标签 步骤3：商品封箱 步骤4：外箱上补贴对应的透明计划标签 内外箱透明计划标签需一致  步骤5：完成后输入增值单品数量,NULL,CO
612024,VASC000000306831,OSF8V1620,Winit线下尾程服务,1,202512301,【尾程】winit线下尾程询价,"""1、仓库/尾程SD报价；",,
612030,VASC000000306837,OSF8V1755,出库内外箱补贴商品标签,1,NULL,NULL,EAN场景步骤1：拆开商品外箱 步骤2：核对外箱及彩盒上的条码 步骤3：若条码不一致，则需要用客户上传的标签文件覆盖EAN条码 步骤4：外箱和彩盒上不能出现除正确EAN条码以外的其他条码，若有其他条码请用白标覆盖  步骤5：完成后输入增值单品数量 透明计划场景步骤1：拆开商品外箱 步骤2：补贴商品透明计划标签 步骤3：商品封箱 步骤4：外箱上补贴对应的透明计划标签 内外箱透明计划标签需一致  步骤5：完成后输入增值单品数量,NULL,CO
612033,VASC000000306840,OSF6V1603,库内其他服务需求,1,20250407039,【库内】审计盘点,背景：对应这个审计盘点增值：VASC000000265716 是仓库加班处理，一共耗费58个加班工时；,,
612036,VASC000000306843,OSF6V1603,库内其他服务需求,1,20250407043,【库内】商品外观辨识+贴标上架,【背景】拆包检查商品，剔除故障品。,,
612063,VASC000000306849,OSF8V1620,Winit线下尾程服务,1,202512301,【尾程】winit线下尾程询价,"""1、仓库/尾程SD报价；",,
612075,VASC000000306852,OSF8V1620,Winit线下尾程服务,1,202512301,【尾程】winit线下尾程询价,"""1、仓库/尾程SD报价；",,
612153,VASC000000306897,OW01V1602,入库其他服务需求,1,20250407020,【入库】组合后上架,仓库操作流程：,,
612165,VASC000000306900,OW01V1602,入库其他服务需求,1,20250407035,【库内】拍摄照片/视频,背景：两个异常单到仓破损了，需要测试是否正常，提供视频；,,
612228,VASC000000306939,OSF6V1596,单品拆分后上架（拆分为一个SKU）,1,NULL,NULL,1.拆分单品，拆分为同1个SKU,,
612267,VASC000000306975,OW01V1602,入库其他服务需求,1,NULL,NULL,,NULL,CD
612303,VASC000000306987,OW01V1602,入库其他服务需求,1,NULL,NULL,,NULL,CD
612339,VASC000000306996,OSF8V1620,Winit线下尾程服务,1,202512301,【尾程】winit线下尾程询价,"""1、仓库/尾程SD报价；",,
612345,VASC000000306999,OW01V1652,入库-清除商品标签,1,NULL,NULL,按照客户提供的示例图，清除标签,NULL,CO
612441,VASC000000307002,OSF6V1603,库内其他服务需求,1,20250407045,【库内】辨识后贴标上架+销毁,【背景】为排查库存产品霉变问题，避免不良品流出，现安排仓库人员抽检 10 个太阳镜产品，检查外包装硬盒与内部软包有无发霉，统计发霉数量。,,
612351,VASC000000307008,OW01V1652,入库-清除商品标签,1,NULL,NULL,按照客户提供的示例图，清除标签,NULL,CO
612360,VASC000000307017,OW01V1602,入库其他服务需求,1,20260302,【入库】覆盖/清除标签,仓库操作步骤：,,
612429,VASC000000307038,OSF6V1603,库内其他服务需求,1,20250407045,【库内】辨识后贴标上架+销毁,【背景】拆包检查商品，剔除故障品。,,
612447,VASC000000307053,OSF8V1620,Winit线下尾程服务,1,202512301,【尾程】winit线下尾程询价,"""1、仓库/尾程SD报价；",,
612591,VASC000000307077,OSF6V1603,库内其他服务需求,1,NULL,NULL,1,NULL,CD
612555,VASC000000307101,OSF8V1601,出库其他服务需求,1,20250407013,【出库】指定位置贴商品/包裹标签/快递面单,操作步骤：,,
612783,VASC000000307116,OW01V1674,入库-异常包裹开箱拍照,1,NULL,NULL,1、根据增值单需求信息找货 2、根据客户示例图片拍照、且需要拍外箱箱唛图、SKU条码图，开箱拍产品实物图以及产品实物标签图 3、按照SKU/包裹整理拍照文件并上传,NULL,CO
612651,VASC000000307152,OSF8V1620,Winit线下尾程服务,1,202512301,【尾程】winit线下尾程询价,"""1、仓库/尾程SD报价；",,
612792,VASC000000307155,OSF6V1603,库内其他服务需求,1,20250421001,【库内】商品拆箱加/减配件,仓库操作步骤：,,
612696,VASC000000307176,OSF8V1657,代理清关,1,【Outbound】Customs clearance agent,【出库】代理清关,打印附件的清关文件，交付尾程供应商，完成出库,NULL,CO
612699,VASC000000307179,OSF8V1657,代理清关,1,【Outbound】Customs clearance agent,【出库】代理清关,打印附件的清关文件，交付尾程供应商，完成出库,NULL,CO
612702,VASC000000307182,OSF8V1657,代理清关,1,【Outbound】Customs clearance agent,【出库】代理清关,打印附件的清关文件，交付尾程供应商，完成出库,NULL,CO
612726,VASC000000307185,OSF8V1620,Winit线下尾程服务,1,202512301,【尾程】winit线下尾程询价,"""1、仓库/尾程SD报价；",,
612705,VASC000000307188,OSF8V1657,代理清关,1,【Outbound】Customs clearance agent,【出库】代理清关,打印附件的清关文件，交付尾程供应商，完成出库,NULL,CO
612744,VASC000000307191,OSF8V1620,Winit线下尾程服务,1,NULL,NULL,"""1、仓库/尾程SD报价；",,
612810,VASC000000307209,OSF8V1620,Winit线下尾程服务,1,202512301,【尾程】winit线下尾程询价,"""1、仓库/尾程SD报价；",,
612894,VASC000000307218,OSF8V1601,出库其他服务需求,1,NULL,NULL,,NULL,CD
612918,VASC000000307224,OSF8V1620,Winit线下尾程服务,1,202512301,【尾程】winit线下尾程询价,"""1、仓库/尾程SD报价；",,
612987,VASC000000307227,OSF8V1601,出库其他服务需求,1,20250407013,【出库】指定位置贴商品/包裹标签/快递面单,操作步骤：,,
613005,VASC000000307230,OSF8V1620,Winit线下尾程服务,1,202512301,【尾程】winit线下尾程询价,"""1、仓库/尾程SD报价；",,
613401,VASC000000307317,OSF6V1752,无主货找回（6个自然日内）-仓库创建无RMA退货单,1,NULL,NULL,步骤1：按照客户提供的快递单号或者POD尝试找回无主货 步骤2： ①若货物找回，请仓库创建无RMA退货单上架并反馈退货订单号，然后【完成】增值单 ②若货物未找回，请【完成】增值单  注意：此增值无论商品是否找回，请将增值单更新为【已出库】,NULL,CO
613161,VASC000000307347,OSF8V1657,代理清关,1,【Outbound】Customs clearance agent,【出库】代理清关,打印附件的清关文件，交付尾程供应商，完成出库,NULL,CO
613389,VASC000000307377,OW01V1602,入库其他服务需求,1,20250407025,【入库】异常商品/包裹数量与实际不符，按照实际贴标上架,仓库操作步骤：,,
613239,VASC000000307383,OW01V1602,入库其他服务需求,1,20260320,【入库】	商品异常更换包裹标签商品标签新单上架,仓库操作步骤:,,
613233,VASC000000307389,OSF8V1620,Winit线下尾程服务,1,202512301,【尾程】winit线下尾程询价,"""1、仓库/尾程SD报价；",,
613245,VASC000000307392,OSF8V1620,Winit线下尾程服务,1,202512301,【尾程】winit线下尾程询价,"""1、仓库/尾程SD报价；",,
613341,VASC000000307404,OSF6V1649,辨识单品配件后销毁,1,NULL,NULL,将辨识出来的配件销毁,NULL,CD
613314,VASC000000307407,OSF6V1752,无主货找回（6个自然日内）-仓库创建无RMA退货单,1,NULL,NULL,步骤1：按照客户提供的快递单号或者POD尝试找回无主货 步骤2： ①若货物找回，请仓库创建无RMA退货单上架并反馈退货订单号，然后【完成】增值单 ②若货物未找回，请【完成】增值单  注意：此增值无论商品是否找回，请将增值单更新为【已出库】,NULL,CO
613335,VASC000000307419,OSF8V1755,出库内外箱补贴商品标签,1,NULL,NULL,EAN场景步骤1：拆开商品外箱 步骤2：核对外箱及彩盒上的条码 步骤3：若条码不一致，则需要用客户上传的标签文件覆盖EAN条码 步骤4：外箱和彩盒上不能出现除正确EAN条码以外的其他条码，若有其他条码请用白标覆盖  步骤5：完成后输入增值单品数量 透明计划场景步骤1：拆开商品外箱 步骤2：补贴商品透明计划标签 步骤3：商品封箱 步骤4：外箱上补贴对应的透明计划标签 内外箱透明计划标签需一致  步骤5：完成后输入增值单品数量,NULL,CO
613359,VASC000000307425,OSF8V1620,Winit线下尾程服务,1,202512301,【尾程】winit线下尾程询价,"""1、仓库/尾程SD报价；",,
613377,VASC000000307437,OW01V1674,入库-异常包裹开箱拍照,1,NULL,NULL,1、根据增值单需求信息找货 2、根据客户示例图片拍照、且需要拍外箱箱唛图、SKU条码图，开箱拍产品实物图以及产品实物标签图 3、按照SKU/包裹整理拍照文件并上传,NULL,CO
613395,VASC000000307440,OSF6V1626,指定商品盘点,1,NULL,NULL,1、将在库商品按SKU进行清点数量,,
613380,VASC000000307452,OSF6V1603,库内其他服务需求,1,20260127001,【库内】商品指定位置贴标,【背景】EB0526062530740871、EB0526062530740874，仓库反馈这两个异常实际是：单品外包装没有封装，因没有合适的类型，登记成“条码无法扫描”，经跟雪姐确认，库内还有anker返工留下的贴纸，请看下如图示例位置，在两边补贴贴纸封好。,,
613419,VASC000000307461,OSF8V1755,出库内外箱补贴商品标签,1,NULL,NULL,EAN场景步骤1：拆开商品外箱 步骤2：核对外箱及彩盒上的条码 步骤3：若条码不一致，则需要用客户上传的标签文件覆盖EAN条码 步骤4：外箱和彩盒上不能出现除正确EAN条码以外的其他条码，若有其他条码请用白标覆盖  步骤5：完成后输入增值单品数量 透明计划场景步骤1：拆开商品外箱 步骤2：补贴商品透明计划标签 步骤3：商品封箱 步骤4：外箱上补贴对应的透明计划标签 内外箱透明计划标签需一致  步骤5：完成后输入增值单品数量,NULL,CO
613488,VASC000000307473,OSF6V1673,无主货找回-6个自然日内,1,NULL,NULL,根据客户提供的单据信息找货，若超过1h未找回，则反馈无法找回,NULL,CO
613485,VASC000000307491,OSF6V1752,无主货找回（6个自然日内）-仓库创建无RMA退货单,1,NULL,NULL,步骤1：按照客户提供的快递单号或者POD尝试找回无主货 步骤2： ①若货物找回，请仓库创建无RMA退货单上架并反馈退货订单号，然后【完成】增值单 ②若货物未找回，请【完成】增值单  注意：此增值无论商品是否找回，请将增值单更新为【已出库】,NULL,CO
613515,VASC000000307506,OW01V1602,入库其他服务需求,1,[Warehouse]AbnormalTransferOfParcelsFromMultipleWarehouses,【入库】包裹串仓异常调拨,背景：EB0126062430696495 实物是原出库单：WO11537395743派送失败退回的，原出库单是：DE Warehouse，请帮忙把异常转回	DE Warehouse，并按照按照失败做上架；,,
613572,VASC000000307530,OW01V1602,入库其他服务需求,1,NULL,NULL,,NULL,CD
613620,VASC000000307542,OSF6V1603,库内其他服务需求,1,20251218001,【库内】退货商品拍照辨识,【背景】退货商品内容重新拍照。,,
613623,VASC000000307545,OW01V1602,入库其他服务需求,1,20250407075,【入库】指定包裹拍照,仓库操作步骤：,,
613638,VASC000000307554,OSF6V1603,库内其他服务需求,1,20250407065,【库内】指定单品销毁,【背景】库内原因造成破损需要销毁，需要仓库回传销毁照片用于确认实际有没有销毁。,,
613674,VASC000000307560,OSF8V1620,Winit线下尾程服务,1,202512301,【尾程】winit线下尾程询价,"""1、仓库/尾程SD报价；",,
613686,VASC000000307566,OSF8V1755,出库内外箱补贴商品标签,1,NULL,NULL,EAN场景步骤1：拆开商品外箱 步骤2：核对外箱及彩盒上的条码 步骤3：若条码不一致，则需要用客户上传的标签文件覆盖EAN条码 步骤4：外箱和彩盒上不能出现除正确EAN条码以外的其他条码，若有其他条码请用白标覆盖  步骤5：完成后输入增值单品数量 透明计划场景步骤1：拆开商品外箱 步骤2：补贴商品透明计划标签 步骤3：商品封箱 步骤4：外箱上补贴对应的透明计划标签 内外箱透明计划标签需一致  步骤5：完成后输入增值单品数量,NULL,CO
613698,VASC000000307572,OSF8V1755,出库内外箱补贴商品标签,1,NULL,NULL,EAN场景步骤1：拆开商品外箱 步骤2：核对外箱及彩盒上的条码 步骤3：若条码不一致，则需要用客户上传的标签文件覆盖EAN条码 步骤4：外箱和彩盒上不能出现除正确EAN条码以外的其他条码，若有其他条码请用白标覆盖  步骤5：完成后输入增值单品数量 透明计划场景步骤1：拆开商品外箱 步骤2：补贴商品透明计划标签 步骤3：商品封箱 步骤4：外箱上补贴对应的透明计划标签 内外箱透明计划标签需一致  步骤5：完成后输入增值单品数量,NULL,CO
613716,VASC000000307587,OSF8V1620,Winit线下尾程服务,1,202512301,【尾程】winit线下尾程询价,"""1、仓库/尾程SD报价；",,
613728,VASC000000307590,OSF8V1620,Winit线下尾程服务,1,202512301,【尾程】winit线下尾程询价,"""1、仓库/尾程SD报价；",,
613764,VASC000000307599,OSF8V1620,Winit线下尾程服务,1,202512301,【尾程】winit线下尾程询价,"""1、仓库/尾程SD报价；",,
613827,VASC000000307635,OSF8V1620,Winit线下尾程服务,1,202512301,【尾程】winit线下尾程询价,"""1、仓库/尾程SD报价；",,
613842,VASC000000307647,OSF8V1620,Winit线下尾程服务,1,202512301,【尾程】winit线下尾程询价,"""1、仓库/尾程SD报价；",,
614040,VASC000000307722,OSF8V1601,出库其他服务需求,1,20250407013,【出库】指定位置贴商品/包裹标签/快递面单,操作步骤：,,
614058,VASC000000307746,OSF8V1620,Winit线下尾程服务,1,202512301,【尾程】winit线下尾程询价,"""1、仓库/尾程SD报价；",,
614628,VASC000000307998,OSF6V1660,审计盘点,1,20250407039,【库内】审计盘点,盘点范围：USWC Warehouse库内全部sku；,,
614814,VASC000000308097,OW01V1602,入库其他服务需求,1,20250407025,【入库】异常商品/包裹数量与实际不符，按照实际贴标上架,背景：异常单：EB0126062330634944   登记的异常是：包裹条码异常(需客户处理) 拍的产品sku：2044525687347213，和仓库核实实际此异常是有3个不同的sku，客户下了3个新入库单做上架；,,
617409,VASC000000308103,OW01V1602,入库其他服务需求,1,20250407025,【入库】异常商品/包裹数量与实际不符，按照实际贴标上架,仓库操作步骤：,,
614985,VASC000000308142,OSF8V1620,Winit线下尾程服务,1,202512301,【尾程】winit线下尾程询价,"""1、仓库/尾程SD报价；",,
615015,VASC000000308154,OSF6V1603,库内其他服务需求,1,20250407043,【库内】商品外观辨识+贴标上架,【背景】实际货物是A包 所以需要补贴包裹标签上架到WI50703210。,,
615042,VASC000000308160,OSF8V1620,Winit线下尾程服务,1,202512301,【尾程】winit线下尾程询价,"""1、仓库/尾程SD报价；",,
616371,VASC000000308163,OW01V1602,入库其他服务需求,1,NULL,NULL,背景：客户原入库单入库的商品包裹码有重复粘贴的情况，导致仓库无法上架，现在需要根据包裹码上的SKU编码辨识，重新补贴新的标签做新单上架。,,
615051,VASC000000308169,OSF6V1603,库内其他服务需求,1,20251020001,【库内】清除商品属性标签+更换包装,【背景】需要将商品编码为sew162ld01的衣服套装剪掉五十件套装的水洗唛。,,
615225,VASC000000308187,OW01V1602,入库其他服务需求,1,NULL,NULL,,NULL,CD
615291,VASC000000308229,OSF6V1603,库内其他服务需求,1,NULL,NULL,,NULL,CD
615300,VASC000000308238,OSF8V1755,出库内外箱补贴商品标签,1,NULL,NULL,EAN场景步骤1：拆开商品外箱 步骤2：核对外箱及彩盒上的条码 步骤3：若条码不一致，则需要用客户上传的标签文件覆盖EAN条码 步骤4：外箱和彩盒上不能出现除正确EAN条码以外的其他条码，若有其他条码请用白标覆盖  步骤5：完成后输入增值单品数量 透明计划场景步骤1：拆开商品外箱 步骤2：补贴商品透明计划标签 步骤3：商品封箱 步骤4：外箱上补贴对应的透明计划标签 内外箱透明计划标签需一致  步骤5：完成后输入增值单品数量,NULL,CO
615297,VASC000000308241,OSF8V1749,审核出库单,1,NULL,NULL,仅万邑通内部发起,NULL,CO
615372,VASC000000308268,OSF8V1601,出库其他服务需求,1,20250512001,【库内】商品更换包装（WINIT标准包材）,操作步骤：,,
615417,VASC000000308274,OSF6V1603,库内其他服务需求,1,20250407043,【库内】商品外观辨识+贴标上架,【背景】自验订单: WI50511903 == 对应包裹B0400000001421803138 这个包裹下单的sku 是：7168 6+128 =M010000000008955352；,,
616527,VASC000000308295,OW01V1602,入库其他服务需求,1,20250407025,【入库】异常商品/包裹数量与实际不符，按照实际贴标上架,背景：因该A+包裹部分产品受损，无法正常售卖，需根据指定的SN上架到不良品或者良品，均按照单一产品上架，无需重新按照箱产品上架。,,
615480,VASC000000308313,OW01V1602,入库其他服务需求,1,2026042101,【入库】100%A+/A包裹包裹条码批量异常（需客户处理）,【背景】VASC000000308298异常包裹直接上架，[海运整柜100%A+/A包裹]，不支持异常[B01E1615_包裹条码批量异常（需客户处理），B0102E21_包裹条码异常(需客户处理)]标准增值。,,
615483,VASC000000308316,OW01V1602,入库其他服务需求,1,2026042101,【入库】100%A+/A包裹包裹条码批量异常（需客户处理）,【背景】VASC000000308304异常包裹直接上架，[海运整柜100%A+/A包裹]，不支持异常[B01E1615_包裹条码批量异常（需客户处理），B0102E21_包裹条码异常(需客户处理)]标准增值。,,
615654,VASC000000308373,OSF6V1603,库内其他服务需求,1,20250407062,【库内】指定单品/库位商品更换标签上架,【背景】内箱产品都有独立的包装，以及都有贴好产品条码，下单时包裹类型下错，导致A+入库，需要更换外箱条码按A包裹入库。,,
615744,VASC000000308391,OSF6V1603,库内其他服务需求,1,20250401002,【库内】关联第三方条码上架,仓库操作步骤：,,
620214,VASC000000308403,OSF6V1646,货权转移（换标模式）,1,【In-warehouse】Transfer of ownership of goods,【库内】货权转移,仓库操作步骤：,,
615762,VASC000000308412,OSF6V1603,库内其他服务需求,1,202512150002,【库内】异常商品转不良品上架,【背景】EB0426062630773595、EB0426062630771822，请上架到不良品。,,
615765,VASC000000308415,OSF8V1657,代理清关,1,【Outbound】Customs clearance agent,【出库】代理清关,打印附件的清关文件，交付尾程供应商，完成出库,NULL,CO
615768,VASC000000308418,OSF8V1657,代理清关,1,【Outbound】Customs clearance agent,【出库】代理清关,打印附件的清关文件，交付尾程供应商，完成出库,NULL,CO
615777,VASC000000308424,OSF6V1671,逆向取货,1,20250723,【尾程】Anker Crowfoots出库,仅收费，无需仓库操作,NULL,CO
615780,VASC000000308427,OSF8V1657,代理清关,1,【Outbound】Customs clearance agent,【出库】代理清关,打印附件的清关文件，交付尾程供应商，完成出库,NULL,CO
615786,VASC000000308430,OSF8V1657,代理清关,1,【Outbound】Customs clearance agent,【出库】代理清关,打印附件的清关文件，交付尾程供应商，完成出库,NULL,CO
615978,VASC000000308457,OSF8V1620,Winit线下尾程服务,1,202512301,【尾程】winit线下尾程询价,"""1、仓库/尾程SD报价；",,
615852,VASC000000308469,OSF8V1620,Winit线下尾程服务,1,202512301,【尾程】winit线下尾程询价,"""1、仓库/尾程SD报价；",,
615843,VASC000000308472,OSF8V1657,代理清关,1,【Outbound】Customs clearance agent,【出库】代理清关,打印附件的清关文件，交付尾程供应商，完成出库,NULL,CO
615849,VASC000000308475,OSF8V1657,代理清关,1,【Outbound】Customs clearance agent,【出库】代理清关,打印附件的清关文件，交付尾程供应商，完成出库,NULL,CO
615855,VASC000000308478,OSF8V1657,代理清关,1,【Outbound】Customs clearance agent,【出库】代理清关,打印附件的清关文件，交付尾程供应商，完成出库,NULL,CO
615858,VASC000000308481,OSF8V1657,代理清关,1,【Outbound】Customs clearance agent,【出库】代理清关,打印附件的清关文件，交付尾程供应商，完成出库,NULL,CO
615891,VASC000000308490,OSF8V1755,出库内外箱补贴商品标签,1,NULL,NULL,EAN场景步骤1：拆开商品外箱 步骤2：核对外箱及彩盒上的条码 步骤3：若条码不一致，则需要用客户上传的标签文件覆盖EAN条码 步骤4：外箱和彩盒上不能出现除正确EAN条码以外的其他条码，若有其他条码请用白标覆盖  步骤5：完成后输入增值单品数量 透明计划场景步骤1：拆开商品外箱 步骤2：补贴商品透明计划标签 步骤3：商品封箱 步骤4：外箱上补贴对应的透明计划标签 内外箱透明计划标签需一致  步骤5：完成后输入增值单品数量,NULL,CO
615894,VASC000000308493,OSF6V1671,逆向取货,1,20250723,【尾程】Anker Crowfoots出库,仅收费，无需仓库操作,NULL,CO
615906,VASC000000308496,OSF8V1620,Winit线下尾程服务,1,202512301,【尾程】winit线下尾程询价,"""1、仓库/尾程SD报价；",,
616152,VASC000000308532,OW01V1602,入庫其他服務需求,1,202506120001,【入库】关联第三方商品条码上架,【背景】无主货异常单号，货物上面是补贴的第三方的外箱标跟第三方的产品条码，对应我的入库单，已经维护好第三方外箱标，跟维护好第三方商品条码了。需要将无主货的异常单货物，关联到这个入库单（WI49807142）去上架。,,
616020,VASC000000308556,OSF8V1620,Winit线下尾程服务,1,NULL,NULL,"""1、仓库/尾程SD报价；",,
616077,VASC000000308577,OSF8V1801,彩盒外箱出库加贴UPC标签,1,NULL,NULL,①按照附件贴标示意图的位置更换标签 ②开箱在彩盒顶部贴彩盒 UPC 标签（X3_彩盒中性标签_UPC），重新封箱 ③在外箱贴外箱 UPC 标签（X3_外盒中性标签_UPC）,NULL,RT
616116,VASC000000308589,OSF6V1603,库内其他服务需求,1,20250407071,【库内】商品组合,【背景】元鼎这两个新增的山姆订单整托的组装安排，因为打托所需要的卡板套要6/30号才能到仓，需要麻烦仓库先进行组装产品，等卡板套到仓之后再打托上架，6/30号卡板套上架之后元鼎会创建商品下架单同步给仓库打托，这批货要周五之前备好，请仓库先安排操作。,,
616200,VASC000000308613,OSF6V1603,库内其他服务需求,1,20250407071,【库内】商品组合,【背景】元鼎这两个新增的山姆订单整托的组装安排，因为打托所需要的卡板套要6/30号才能到仓，需要麻烦仓库先进行组装产品，等卡板套到仓之后再打托上架，6/30号卡板套上架之后元鼎会创建商品下架单同步给仓库打托，这批货要周五之前备好，请仓库先安排操作。,,
616284,VASC000000308625,OSF8V1755,出库内外箱补贴商品标签,1,NULL,NULL,EAN场景步骤1：拆开商品外箱 步骤2：核对外箱及彩盒上的条码 步骤3：若条码不一致，则需要用客户上传的标签文件覆盖EAN条码 步骤4：外箱和彩盒上不能出现除正确EAN条码以外的其他条码，若有其他条码请用白标覆盖  步骤5：完成后输入增值单品数量 透明计划场景步骤1：拆开商品外箱 步骤2：补贴商品透明计划标签 步骤3：商品封箱 步骤4：外箱上补贴对应的透明计划标签 内外箱透明计划标签需一致  步骤5：完成后输入增值单品数量,NULL,CO
616323,VASC000000308628,OW01V1602,入庫其他服務需求,1,202506120001,【入库】关联第三方商品条码上架,【背景】无主货异常单号，货物上面是补贴的第三方的外箱标跟第三方的产品条码，对应我的入库单，已经维护好第三方外箱标，跟维护好第三方商品条码了。需要将无主货的异常单货物，关联到这个入库单（WI49809038）去上架。,,
616338,VASC000000308631,OSF8V1620,Winit线下尾程服务,1,202512301,【尾程】winit线下尾程询价,"""1、仓库/尾程SD报价；",,
616314,VASC000000308634,OSF8V1601,出库其他服务需求,1,NULL,NULL,,NULL,CD
616377,VASC000000308655,OSF8V1755,出库内外箱补贴商品标签,1,NULL,NULL,EAN场景步骤1：拆开商品外箱 步骤2：核对外箱及彩盒上的条码 步骤3：若条码不一致，则需要用客户上传的标签文件覆盖EAN条码 步骤4：外箱和彩盒上不能出现除正确EAN条码以外的其他条码，若有其他条码请用白标覆盖  步骤5：完成后输入增值单品数量 透明计划场景步骤1：拆开商品外箱 步骤2：补贴商品透明计划标签 步骤3：商品封箱 步骤4：外箱上补贴对应的透明计划标签 内外箱透明计划标签需一致  步骤5：完成后输入增值单品数量,NULL,CO
616398,VASC000000308661,OSF6V1603,库内其他服务需求,1,20260127001,【库内】商品指定位置贴标,【背景】EB0526062530740871、EB0526062530740874，仓库反馈这两个异常实际是：单品外包装没有封装，因没有合适的类型，登记成“条码无法扫描”，经跟雪姐确认，库内还有anker返工留下的贴纸，请看下如图示例位置，在两边补贴贴纸封好。,,
616407,VASC000000308664,OSF8V1749,审核出库单,1,NULL,NULL,仅万邑通内部发起,NULL,CO
616437,VASC000000308694,OSF8V1755,出库内外箱补贴商品标签,1,NULL,NULL,EAN场景步骤1：拆开商品外箱 步骤2：核对外箱及彩盒上的条码 步骤3：若条码不一致，则需要用客户上传的标签文件覆盖EAN条码 步骤4：外箱和彩盒上不能出现除正确EAN条码以外的其他条码，若有其他条码请用白标覆盖  步骤5：完成后输入增值单品数量 透明计划场景步骤1：拆开商品外箱 步骤2：补贴商品透明计划标签 步骤3：商品封箱 步骤4：外箱上补贴对应的透明计划标签 内外箱透明计划标签需一致  步骤5：完成后输入增值单品数量,NULL,CO
616461,VASC000000308697,OW01V1602,入庫其他服務需求,1,202506120001,【入库】关联第三方商品条码上架,【背景】无主货异常单号，货物上面是补贴的第三方的外箱标跟第三方的产品条码，对应我的入库单，已经维护好第三方外箱标，跟维护好第三方商品条码了。需要将无主货的异常单货物，关联到这个入库单（WI49813682）去上架。,,
616470,VASC000000308709,OSF6V1603,库内其他服务需求,1,20251020001,【库内】清除商品属性标签+更换包装,【背景】16个异常单，都是A+包裹，入库是编织袋，需要仓库去除编织袋，再对应原包裹标签的M码标签贴上新的A+包裹标签。,,
616512,VASC000000308724,OSF8V1755,出库内外箱补贴商品标签,1,NULL,NULL,EAN场景步骤1：拆开商品外箱 步骤2：核对外箱及彩盒上的条码 步骤3：若条码不一致，则需要用客户上传的标签文件覆盖EAN条码 步骤4：外箱和彩盒上不能出现除正确EAN条码以外的其他条码，若有其他条码请用白标覆盖  步骤5：完成后输入增值单品数量 透明计划场景步骤1：拆开商品外箱 步骤2：补贴商品透明计划标签 步骤3：商品封箱 步骤4：外箱上补贴对应的透明计划标签 内外箱透明计划标签需一致  步骤5：完成后输入增值单品数量,NULL,CO
616515,VASC000000308724,OSF8V1716,Anker加急出库,1,NULL,NULL,仓库根据订单情况判断能否在【指定出库日期】之前完成增值，若无法操作加急，请“异常终止”增值订单，若可以操作，请填写加急实际操作工时并“完成”增值 注意（非常重要！！！）： 1. 加急增值完成标准： *标准出库：加急订单出库日期应早于应出库日期，若不符合此条件，请“异常终止”增值订单 *自提出库：加急订单暂存日期应早于应暂存日期，若不符合此条件，请“异常终止”增值订单 2. 仓库实际操作工时，请提前记录并如实填写，最终会根据此工时收取客户费用 3. 需要在出库前完成此增值，否则增值将会被自动“异常终止”,NULL,CO
616671,VASC000000308754,OSF6V1672,无主货找回-超6个自然日,1,NULL,NULL,根据客户提供的单据信息找货，若超过1h未找回，则反馈无法找回,NULL,CD
616674,VASC000000308754,OSF6V1752,无主货找回（6个自然日内）-仓库创建无RMA退货单,1,NULL,NULL,步骤1：按照客户提供的快递单号或者POD尝试找回无主货 步骤2： ①若货物找回，请仓库创建无RMA退货单上架并反馈退货订单号，然后【完成】增值单 ②若货物未找回，请【完成】增值单  注意：此增值无论商品是否找回，请将增值单更新为【已出库】,NULL,CD
616683,VASC000000308757,OSF6V1752,无主货找回（6个自然日内）-仓库创建无RMA退货单,1,NULL,NULL,步骤1：按照客户提供的快递单号或者POD尝试找回无主货 步骤2： ①若货物找回，请仓库创建无RMA退货单上架并反馈退货订单号，然后【完成】增值单 ②若货物未找回，请【完成】增值单  注意：此增值无论商品是否找回，请将增值单更新为【已出库】,NULL,CO
616686,VASC000000308757,OSF6V1672,无主货找回-超6个自然日,1,NULL,NULL,根据客户提供的单据信息找货，若超过1h未找回，则反馈无法找回,NULL,CO
616713,VASC000000308781,OW01V1602,入库其他服务需求,1,20250407020,【入库】组合后上架,仓库操作流程：,,
617124,VASC000000308955,OW01V1599,提供海外倉監控影片-少包裹調查,1,NULL,NULL,根据到仓订单具体情况提供对应视频：,,
617217,VASC000000308964,OW01V1602,入库其他服务需求,1,NULL,NULL,,NULL,CD
617163,VASC000000308991,OW01V1602,入库其他服务需求,1,20260302,【入库】覆盖/清除标签,背景：入库单已更新到仓，需要覆盖电池标签；,,
617181,VASC000000308997,OW01V1602,入库其他服务需求,1,20260302,【入库】覆盖/清除标签,背景：入库单已更新到仓，需要覆盖电池标签；,,
617286,VASC000000309030,OSF6V1752,无主货找回（6个自然日内）-仓库创建无RMA退货单,1,NULL,NULL,步骤1：按照客户提供的快递单号或者POD尝试找回无主货 步骤2： ①若货物找回，请仓库创建无RMA退货单上架并反馈退货订单号，然后【完成】增值单 ②若货物未找回，请【完成】增值单  注意：此增值无论商品是否找回，请将增值单更新为【已出库】,NULL,CO
617280,VASC000000309039,OSF6V1603,库内其他服务需求,1,20250407074,【库内】库间调拨,仓库操作流程：,,
617307,VASC000000309042,OSF6V1603,库内其他服务需求,1,20250407071,【库内】商品组合,【背景】元鼎这两个新增的山姆订单整托的组装安排，因为打托所需要的卡板套要6/30号才能到仓，需要麻烦仓库先进行组装产品，等卡板套到仓之后再打托上架，6/30号卡板套上架之后元鼎会创建商品下架单同步给仓库打托，这批货要周五之前备好，请仓库先安排操作。,,
617337,VASC000000309048,OSF6V1603,库内其他服务需求,1,20250407071,【库内】商品组合,【背景】元鼎这两个新增的山姆订单整托的组装安排，因为打托所需要的卡板套要6/30号才能到仓，需要麻烦仓库先进行组装产品，等卡板套到仓之后再打托上架，6/30号卡板套上架之后元鼎会创建商品下架单同步给仓库打托，这批货要周五之前备好，请仓库先安排操作。,,
617346,VASC000000309057,OW01V1594,上架前自提（无需WINIT打托）,1,NULL,NULL,1、补贴快递面单,,
617364,VASC000000309078,OSF8V1749,审核出库单,1,NULL,NULL,仅万邑通内部发起,NULL,CO
617436,VASC000000309081,OW01V1602,入库其他服务需求,1,202507021814,【入库】上架前拦截,背景：WI49942656- 商品：M010000000010712079 - ACE-X3Lite-US-FBM 入库360件，要做上架前拦截下来，补贴透明标签后再进行上架，附件是PDF；注意：货物在6.30送到仓库来，麻烦关注。,,
617367,VASC000000309084,OSF8V1749,审核出库单,1,NULL,NULL,仅万邑通内部发起,NULL,CO
617451,VASC000000309117,OSF8V1620,Winit线下尾程服务,1,202512301,【尾程】winit线下尾程询价,"""1、仓库/尾程SD报价；",,
617493,VASC000000309132,OW01V1602,入库其他服务需求,1,20250929,【入库】海运整柜100%A+无包裹条码异常，新单无箱单或100%A+包直接上架,背景：该异常单都是A+包裹，对应sku是M010000000010527886，仓库反馈共有1200个包裹，扫描包裹条码有异常，但是扫描商品条码是可以识别的，经沟通，这批货物可按100%A+/A包裹（无包裹条码）方式，直接扫描商品条码上架到新单WI50742001。,,
617514,VASC000000309138,OSF8V1601,出库其他服务需求,1,20260630001,【出库】更换出库包材（winit标准包材）,操作步骤：,,
617571,VASC000000309168,OW01V1602,入库其他服务需求,1,20250407044,仓库已完成 需补收费用,"背景：由于客户缺货着急催上架,仓库没有按照原本的流程一箱一箱扫描登记异常：包裹条码未贴最小面。",,
617805,VASC000000309171,OW01V1602,入库其他服务需求,1,20250430,【入库】“包裹条码批量异常（需客户处理）”辨识后补贴包裹标签上架,背景：EB0126063030830214        包裹条码批量异常（需客户处理）；A+包裹条码损坏需根据外包装勾选标记对应补贴A+包裹标签。,,
617703,VASC000000309174,OSF6V1597,单品拆分后上架（拆分为多个SKU）,1,20250407071,【库内】商品组合,【背景】此增值对应之前客户做了库内辨识VASC000000306303确认里面的配件数量后做了的拆分，辨识发现里面有8根右，4根左。,,
617682,VASC000000309228,OW01V1599,提供海外仓监控视频-少包裹调查,1,NULL,NULL,根据到仓订单具体情况提供对应视频：,,
617718,VASC000000309246,OW01V1602,入库其他服务需求,1,20250407003,【入库】上架前拆包装,背景：该入库单彩盒上有缠膜，标签无法扫描，且标签贴膜上后续尾程运输易脱落；,,
617799,VASC000000309252,OSF6V1603,库内其他服务需求,1,NULL,NULL,,NULL,CD
617829,VASC000000309255,OSF6V1752,无主货找回（6个自然日内）-仓库创建无RMA退货单,1,NULL,NULL,步骤1：按照客户提供的快递单号或者POD尝试找回无主货 步骤2： ①若货物找回，请仓库创建无RMA退货单上架并反馈退货订单号，然后【完成】增值单 ②若货物未找回，请【完成】增值单  注意：此增值无论商品是否找回，请将增值单更新为【已出库】,NULL,CO
617796,VASC000000309261,OW01V1602,入库其他服务需求,1,202506120003,【入库】批量辨识商品后补贴商品条码及包裹条码上架,背景：历史增值单： VASC000000304053 做了辨识，现在需要换标；,,
617856,VASC000000309267,OSF6V1603,库内其他服务需求,1,20250407043,【库内】商品外观辨识+贴标上架,【背景】自验订单: WI50511903 == 对应包裹B0400000001421803138 这个包裹下单的sku 是：7168 6+128 =M010000000008955352；,,
617835,VASC000000309276,OSF8V1620,Winit线下尾程服务,1,202512301,【尾程】winit线下尾程询价,"""1、仓库/尾程SD报价；",,
617838,VASC000000309288,OSF6V1603,库内其他服务需求,1,20250407043,【库内】商品外观辨识+贴标上架,【背景】对应这几个异常单：EB0526062530738732、EB0526062530738723、EB0526062530738675错装商品按实际SKU重新上架。,,
617892,VASC000000309300,OW01V1602,入库其他服务需求,1,NULL,NULL,,NULL,CD
618015,VASC000000309306,OSF6V1648,代采购包材物料,1,NULL,NULL,,NULL,CD
617967,VASC000000309315,OSF6V1672,无主货找回-超6个自然日,1,NULL,NULL,根据客户提供的单据信息找货，若超过1h未找回，则反馈无法找回,NULL,CO
617943,VASC000000309321,OSF8V1601,出库其他服务需求,1,20260408,【出库】特殊打托需求,操作步骤：,,
617952,VASC000000309324,OSF8V1755,出库内外箱补贴商品标签,1,NULL,NULL,EAN场景步骤1：拆开商品外箱 步骤2：核对外箱及彩盒上的条码 步骤3：若条码不一致，则需要用客户上传的标签文件覆盖EAN条码 步骤4：外箱和彩盒上不能出现除正确EAN条码以外的其他条码，若有其他条码请用白标覆盖  步骤5：完成后输入增值单品数量 透明计划场景步骤1：拆开商品外箱 步骤2：补贴商品透明计划标签 步骤3：商品封箱 步骤4：外箱上补贴对应的透明计划标签 内外箱透明计划标签需一致  步骤5：完成后输入增值单品数量,NULL,CO
617973,VASC000000309330,OSF8V1601,出库其他服务需求,1,20260408,【出库】特殊打托需求,操作步骤：,,
617979,VASC000000309336,OSF8V1716,Anker加急出库,1,NULL,NULL,仓库根据订单情况判断能否在【指定出库日期】之前完成增值，若无法操作加急，请“异常终止”增值订单，若可以操作，请填写加急实际操作工时并“完成”增值 注意（非常重要！！！）： 1. 加急增值完成标准： *标准出库：加急订单出库日期应早于应出库日期，若不符合此条件，请“异常终止”增值订单 *自提出库：加急订单暂存日期应早于应暂存日期，若不符合此条件，请“异常终止”增值订单 2. 仓库实际操作工时，请提前记录并如实填写，最终会根据此工时收取客户费用 3. 需要在出库前完成此增值，否则增值将会被自动“异常终止”,NULL,CO
618093,VASC000000309342,OSF8V1601,出库其他服务需求,1,NULL,NULL,,NULL,CD
618033,VASC000000309351,OSF8V1601,出库其他服务需求,1,[Delivery] Expedited delivery,【出库】加急出库,操作步骤：,,
618108,VASC000000309372,OSF6V1648,代采购包材物料,1,20250619001,【库内】代采购包材物料,我司特此委托万邑通代为采购以下商品，并清晰知晓并同意以下条款：,,
618129,VASC000000309381,OSF8V1601,出库其他服务需求,1,20260408,【出库】特殊打托需求,操作步骤：,,
618150,VASC000000309384,OW01V1599,提供海外仓监控视频-少包裹调查,1,NULL,NULL,根据到仓订单具体情况提供对应视频：,,
618135,VASC000000309387,OSF8V1601,出库其他服务需求,1,20260408,【出库】特殊打托需求,操作步骤：,,
618144,VASC000000309390,OSF6V1647,货权转移（改数模式）,1,【In-warehouse】Transfer of ownership of goods,【库内】货权转移,背景：该客户有两个账号,,
618219,VASC000000309402,OSF6V1603,库内其他服务需求,1,20250407043,【库内】商品外观辨识+贴标上架,【背景】异常单号EB0126063030856782 ，Winit订单号WI50277665 ，异常里是两个商品  需要仓库分别 加 快递袋上架 。,,
618198,VASC000000309408,OW01V1599,提供海外仓监控视频-少包裹调查,1,NULL,NULL,根据到仓订单具体情况提供对应视频：,,
618291,VASC000000309426,OW01V1602,入库其他服务需求,1,202506120001,【入库】关联第三方商品条码上架,背景：异常单的单品为第三方单品条码入库，箱内的单品条码此前因错误绑定到了M010000000009092753这个sku，导致仓库扫描识别为计划外商品 实际sku应该为M010000000009241851，和下单sku一致，目前SN已解绑且按正确的sku重新关联。,,
618273,VASC000000309429,OW01V1599,提供海外仓监控视频-少包裹调查,1,NULL,NULL,根据到仓订单具体情况提供对应视频：,,
618267,VASC000000309435,OW01V1602,入库其他服务需求,1,20250530001,【入库】无主货找回暂存,总15个包裹，15个异常单，后续客户要做无主-自提出库，其中一个包裹仓库登记为EB0126062730797577“无主异常”由于库内没有库存，无法单独提交增值，与这14件包裹一起按照无主-自提出库。,,
618288,VASC000000309438,OSF8V1755,出库内外箱补贴商品标签,1,NULL,NULL,EAN场景步骤1：拆开商品外箱 步骤2：核对外箱及彩盒上的条码 步骤3：若条码不一致，则需要用客户上传的标签文件覆盖EAN条码 步骤4：外箱和彩盒上不能出现除正确EAN条码以外的其他条码，若有其他条码请用白标覆盖  步骤5：完成后输入增值单品数量 透明计划场景步骤1：拆开商品外箱 步骤2：补贴商品透明计划标签 步骤3：商品封箱 步骤4：外箱上补贴对应的透明计划标签 内外箱透明计划标签需一致  步骤5：完成后输入增值单品数量,NULL,CO
618300,VASC000000309444,OW01V1599,提供海外倉監控影片-少包裹調查,1,NULL,NULL,根据到仓订单具体情况提供对应视频：,,
618306,VASC000000309447,OSF8V1620,Winit线下尾程服务,1,202512301,【尾程】winit线下尾程询价,"""1、仓库/尾程SD报价；",,
618312,VASC000000309450,OW01V1599,提供海外倉監控影片-少包裹調查,1,NULL,NULL,根据到仓订单具体情况提供对应视频：,,
618318,VASC000000309453,OW01V1599,提供海外倉監控影片-少包裹調查,1,NULL,NULL,根据到仓订单具体情况提供对应视频：,,
618324,VASC000000309456,OSF8V1755,出库内外箱补贴商品标签,1,NULL,NULL,EAN场景步骤1：拆开商品外箱 步骤2：核对外箱及彩盒上的条码 步骤3：若条码不一致，则需要用客户上传的标签文件覆盖EAN条码 步骤4：外箱和彩盒上不能出现除正确EAN条码以外的其他条码，若有其他条码请用白标覆盖  步骤5：完成后输入增值单品数量 透明计划场景步骤1：拆开商品外箱 步骤2：补贴商品透明计划标签 步骤3：商品封箱 步骤4：外箱上补贴对应的透明计划标签 内外箱透明计划标签需一致  步骤5：完成后输入增值单品数量,NULL,CD
618336,VASC000000309459,OSF8V1755,出库内外箱补贴商品标签,1,NULL,NULL,EAN场景步骤1：拆开商品外箱 步骤2：核对外箱及彩盒上的条码 步骤3：若条码不一致，则需要用客户上传的标签文件覆盖EAN条码 步骤4：外箱和彩盒上不能出现除正确EAN条码以外的其他条码，若有其他条码请用白标覆盖  步骤5：完成后输入增值单品数量 透明计划场景步骤1：拆开商品外箱 步骤2：补贴商品透明计划标签 步骤3：商品封箱 步骤4：外箱上补贴对应的透明计划标签 内外箱透明计划标签需一致  步骤5：完成后输入增值单品数量,NULL,CO
618387,VASC000000309474,OSF6V1603,库内其他服务需求,1,20250407043,【库内】商品外观辨识+贴标上架,【背景】客户入库单中的包裹条码工厂在出货的时候全部都贴错了 到仓抽验的包裹均登记了包裹错装异常 客户也都全部处理完成 后续仓库还提交过库内商品错装的异常 客户也处理完成 但是客户现在发现实际上架商品数量还是同下单差距过大，需要仓库根据入库批次和包裹码找到实物的，找包裹并拆包辨识，辨识到错装的仓库就登记错装异常，客户根据异常单处理。,,
618360,VASC000000309480,OSF8V1620,Winit线下尾程服务,1,202512301,【尾程】winit线下尾程询价,"""1、仓库/尾程SD报价；",,
618366,VASC000000309483,OSF8V1801,彩盒外箱出库加贴UPC标签,1,NULL,NULL,①按照附件贴标示意图的位置更换标签 ②开箱在彩盒顶部贴彩盒 UPC 标签（X3_彩盒中性标签_UPC），重新封箱 ③在外箱贴外箱 UPC 标签（X3_外盒中性标签_UPC）,NULL,CO
618456,VASC000000309489,OSF8V1601,出库其他服务需求,1,NULL,NULL,,NULL,CD
618438,VASC000000309492,OSF6V1648,代采购包材物料,1,20250619001,【库内】代采购包材物料,型号：Artificial grass Spring Olive Roll-bar Item #5690989,,
618441,VASC000000309495,OSF6V1603,库内其他服务需求,1,20250407043,【库内】商品外观辨识+贴标上架,【背景】客户入库单中的包裹条码工厂在出货的时候全部都贴错了 到仓抽验的包裹均登记了包裹错装异常 客户也都全部处理完成 后续仓库还提交过库内商品错装的异常 客户也处理完成 但是客户现在发现实际上架商品数量还是同下单差距过大，需要仓库根据入库批次和包裹码找到实物的，找包裹并拆包辨识，辨识到错装的仓库就登记错装异常，客户根据异常单处理。,,
618462,VASC000000309504,OSF6V1648,代采购包材物料,1,20250619001,【库内】代采购包材物料,型号：Item #5364495 Artificial grass Hybrid Turf Patch,,
618453,VASC000000309507,OSF8V1755,出库内外箱补贴商品标签,1,NULL,NULL,EAN场景步骤1：拆开商品外箱 步骤2：核对外箱及彩盒上的条码 步骤3：若条码不一致，则需要用客户上传的标签文件覆盖EAN条码 步骤4：外箱和彩盒上不能出现除正确EAN条码以外的其他条码，若有其他条码请用白标覆盖  步骤5：完成后输入增值单品数量 透明计划场景步骤1：拆开商品外箱 步骤2：补贴商品透明计划标签 步骤3：商品封箱 步骤4：外箱上补贴对应的透明计划标签 内外箱透明计划标签需一致  步骤5：完成后输入增值单品数量,NULL,CO
618468,VASC000000309510,OSF6V1648,代采购包材物料,1,20250619001,【库内】代采购包材物料,型号：Artificial grass  Artificial Grass Item #6015764,,
618474,VASC000000309513,OSF6V1648,代采购包材物料,1,20250619001,【库内】代采购包材物料,型号：nautilus cc plus,,
618480,VASC000000309516,OSF6V1648,代采购包材物料,1,20250619001,【库内】代采购包材物料,型号：Diver A10,,
618486,VASC000000309519,OSF6V1648,代采购包材物料,1,20250619001,【库内】代采购包材物料,型号：链接只有一个型号，按链接购买即可,,
618885,VASC000000309711,OW01V1602,入库其他服务需求,1,NULL,NULL,,NULL,CD
618939,VASC000000309732,OW01V1594,上架前自提（无需WINIT打托）,1,NULL,NULL,1、补贴快递面单,,
618972,VASC000000309747,OSF6V1626,指定商品盘点,1,NULL,NULL,1、将在库商品按SKU进行清点数量,,
619020,VASC000000309771,OW01V1602,入库其他服务需求,1,NULL,NULL,,NULL,CD
619062,VASC000000309774,OSF6V1603,库内其他服务需求,1,NULL,NULL,,NULL,CD
619041,VASC000000309810,OW01V1602,入库其他服务需求,1,20250407044,仓库已完成 需补收费用,"背景：由于客户缺货着急催上架,仓库没有按照原本的流程一箱一箱扫描登记异常：包裹条码未贴最小面。",,
619098,VASC000000309822,OSF6V1673,无主货找回-6个自然日内,1,NULL,NULL,根据客户提供的单据信息找货，若超过1h未找回，则反馈无法找回,NULL,CO
619176,VASC000000309864,OSF6V1603,库内其他服务需求,1,20250407066,【库内】覆盖A包包裹外箱上的商品标签,【背景】WI49326966==150pcs；WI49327292==600pcs；WI49488874==1276pcs历史标准增值服务未上线，所以仓库帮忙先操作覆盖9类标签，后续补收费用。,,
619221,VASC000000309870,OW01V1600,提供海外仓监控视频-少单品调查,1,NULL,NULL,根据到仓订单具体情况提供对应视频：,,
619197,VASC000000309873,OSF8V1620,Winit线下尾程服务,1,202512301,【尾程】winit线下尾程询价,"""1、仓库/尾程SD报价；",,
619281,VASC000000309900,OSF6V1603,库内其他服务需求,1,20250407052,【库内】包裹错装换标上架,【背景】sku：M010000000010196197 入库异常时换标有误，导致库存有不同产品，之前辨识增值VASC000000309462，选择了到上架，没有选暂存，因此换标提交了非标增值。,,
619278,VASC000000309912,OSF8V1779,交接 Master BOL,1,NULL,NULL,步骤1：确认客户关联的出库单据信息 步骤2：打印2份客户上传的 Master BOL文件 步骤3：2份都交给司机签字（每页均需要签字），签字后 ①其中1份文件拍照回传，并仓库存档2周及以上 ②其中1份+Packinglist+PO BOL(若有) 一起装入信封并在信封上写Load Destination code ：#### 交给司机,NULL,CO
619335,VASC000000309939,OSF8V1755,出库内外箱补贴商品标签,1,NULL,NULL,EAN场景步骤1：拆开商品外箱 步骤2：核对外箱及彩盒上的条码 步骤3：若条码不一致，则需要用客户上传的标签文件覆盖EAN条码 步骤4：外箱和彩盒上不能出现除正确EAN条码以外的其他条码，若有其他条码请用白标覆盖  步骤5：完成后输入增值单品数量 透明计划场景步骤1：拆开商品外箱 步骤2：补贴商品透明计划标签 步骤3：商品封箱 步骤4：外箱上补贴对应的透明计划标签 内外箱透明计划标签需一致  步骤5：完成后输入增值单品数量,NULL,CO
619437,VASC000000309966,OW01V1602,入库其他服务需求,1,20250407003,【入库】上架前拆包装,背景：该入库单彩盒上有缠膜，标签无法扫描，且标签贴膜上后续尾程运输易脱落；,,
619527,VASC000000309978,OSF6V1603,库内其他服务需求,1,NULL,NULL,,NULL,CD
619473,VASC000000309993,OSF8V1657,代理清关,1,【Outbound】Customs clearance agent,【出库】代理清关,打印附件的清关文件，交付尾程供应商，完成出库,NULL,CO
619476,VASC000000309996,OSF8V1657,代理清关,1,【Outbound】Customs clearance agent,【出库】代理清关,打印附件的清关文件，交付尾程供应商，完成出库,NULL,CO
619479,VASC000000309999,OSF8V1657,代理清关,1,【Outbound】Customs clearance agent,【出库】代理清关,打印附件的清关文件，交付尾程供应商，完成出库,NULL,CO
619662,VASC000000310035,OSF6V1603,库内其他服务需求,1,20250407045,【库内】辨识后贴标上架+销毁,【背景】AUZZ-WD-L-S （M010000000008991399）库内库存39件，需要进行辨识彩卡，彩卡如附件示例图，辨识无需拍照。增值完成需反馈辨识结果和数量。,,
619716,VASC000000310038,OW01V1602,入库其他服务需求,1,202506120001,【入库】关联第三方商品条码上架,背景：原单WI49973282 ，5件货物，领星推单的，没有推成功100%A+包裹产品，导致原单无法使用。货物到仓报异常，外箱只贴了sn码，现在要新单上，换winit包裹标签。,,
619686,VASC000000310044,OSF6V1647,货权转移（改数模式）,1,NULL,NULL,,NULL,CD
619764,VASC000000310080,OSF6V1603,库内其他服务需求,1,NULL,NULL,,NULL,CD
619875,VASC000000310137,OW01V1602,入库其他服务需求,1,NULL,NULL,,NULL,CD
619890,VASC000000310140,OSF6V1603,库内其他服务需求,1,20250407062,【库内】指定单品/库位商品更换标签上架,【背景】客户在UKGF这个仓库一共有31款SKU共计185pcs，商品管理方式有单品化和商品化，明细在附件内。客户需要更改这31款SKU的商品编码为对应的69码， 管理方式不变的情况下操作修改商品编码，通过上下架+改数+补贴包裹条码标签的方式进行操作，标准流程不支持，需提非标特批增值操作。,,
619905,VASC000000310146,OSF8V1755,出库内外箱补贴商品标签,1,NULL,NULL,EAN场景步骤1：拆开商品外箱 步骤2：核对外箱及彩盒上的条码 步骤3：若条码不一致，则需要用客户上传的标签文件覆盖EAN条码 步骤4：外箱和彩盒上不能出现除正确EAN条码以外的其他条码，若有其他条码请用白标覆盖  步骤5：完成后输入增值单品数量 透明计划场景步骤1：拆开商品外箱 步骤2：补贴商品透明计划标签 步骤3：商品封箱 步骤4：外箱上补贴对应的透明计划标签 内外箱透明计划标签需一致  步骤5：完成后输入增值单品数量,NULL,CO
619941,VASC000000310152,OSF8V1620,Winit线下尾程服务,1,NULL,NULL,"""1、仓库/尾程SD报价；",,
619950,VASC000000310155,OSF8V1755,出库内外箱补贴商品标签,1,NULL,NULL,EAN场景步骤1：拆开商品外箱 步骤2：核对外箱及彩盒上的条码 步骤3：若条码不一致，则需要用客户上传的标签文件覆盖EAN条码 步骤4：外箱和彩盒上不能出现除正确EAN条码以外的其他条码，若有其他条码请用白标覆盖  步骤5：完成后输入增值单品数量 透明计划场景步骤1：拆开商品外箱 步骤2：补贴商品透明计划标签 步骤3：商品封箱 步骤4：外箱上补贴对应的透明计划标签 内外箱透明计划标签需一致  步骤5：完成后输入增值单品数量,NULL,CO
619956,VASC000000310161,OSF8V1716,Anker加急出库,1,NULL,NULL,仓库根据订单情况判断能否在【指定出库日期】之前完成增值，若无法操作加急，请“异常终止”增值订单，若可以操作，请填写加急实际操作工时并“完成”增值 注意（非常重要！！！）： 1. 加急增值完成标准： *标准出库：加急订单出库日期应早于应出库日期，若不符合此条件，请“异常终止”增值订单 *自提出库：加急订单暂存日期应早于应暂存日期，若不符合此条件，请“异常终止”增值订单 2. 仓库实际操作工时，请提前记录并如实填写，最终会根据此工时收取客户费用 3. 需要在出库前完成此增值，否则增值将会被自动“异常终止”,NULL,CO
619992,VASC000000310173,OSF8V1755,出库内外箱补贴商品标签,1,NULL,NULL,EAN场景步骤1：拆开商品外箱 步骤2：核对外箱及彩盒上的条码 步骤3：若条码不一致，则需要用客户上传的标签文件覆盖EAN条码 步骤4：外箱和彩盒上不能出现除正确EAN条码以外的其他条码，若有其他条码请用白标覆盖  步骤5：完成后输入增值单品数量 透明计划场景步骤1：拆开商品外箱 步骤2：补贴商品透明计划标签 步骤3：商品封箱 步骤4：外箱上补贴对应的透明计划标签 内外箱透明计划标签需一致  步骤5：完成后输入增值单品数量,NULL,CO
620007,VASC000000310185,OSF8V1755,出库内外箱补贴商品标签,1,NULL,NULL,EAN场景步骤1：拆开商品外箱 步骤2：核对外箱及彩盒上的条码 步骤3：若条码不一致，则需要用客户上传的标签文件覆盖EAN条码 步骤4：外箱和彩盒上不能出现除正确EAN条码以外的其他条码，若有其他条码请用白标覆盖  步骤5：完成后输入增值单品数量 透明计划场景步骤1：拆开商品外箱 步骤2：补贴商品透明计划标签 步骤3：商品封箱 步骤4：外箱上补贴对应的透明计划标签 内外箱透明计划标签需一致  步骤5：完成后输入增值单品数量,NULL,CO
620013,VASC000000310188,OSF6V1648,代采购包材物料,1,20250619001,【库内】代采购包材物料,代采购包材信息：,,
620025,VASC000000310194,OSF8V1755,出库内外箱补贴商品标签,1,NULL,NULL,EAN场景步骤1：拆开商品外箱 步骤2：核对外箱及彩盒上的条码 步骤3：若条码不一致，则需要用客户上传的标签文件覆盖EAN条码 步骤4：外箱和彩盒上不能出现除正确EAN条码以外的其他条码，若有其他条码请用白标覆盖  步骤5：完成后输入增值单品数量 透明计划场景步骤1：拆开商品外箱 步骤2：补贴商品透明计划标签 步骤3：商品封箱 步骤4：外箱上补贴对应的透明计划标签 内外箱透明计划标签需一致  步骤5：完成后输入增值单品数量,NULL,CO
620040,VASC000000310203,OSF6V1603,库内其他服务需求,1,202512150002,【库内】异常商品转不良品上架,【背景】EB0126062530700266、EB0526061930572241、EB0526061930571092 需要上架不良品，入库单号WI50790061。,,
620073,VASC000000310212,OW01V1594,上架前自提（无需WINIT打托）,1,NULL,NULL,1、补贴快递面单,,
620184,VASC000000310245,OW01V1602,入库其他服务需求,1,20250430,【入库】“包裹条码批量异常（需客户处理）”辨识后补贴包裹标签上架,实物已在增值单：VASC000000307377 中完成，本次增值只为了关闭异常单：EB0326062530732441。将增值单更新为已完成，且关闭异常单即可。,NULL,CO
621048,VASC000000310248,OSF8V1620,Winit线下尾程服务,1,202512301,【尾程】winit线下尾程询价,"""1、仓库/尾程SD报价；",,
620268,VASC000000310263,OW01V1602,入库其他服务需求,1,20250407075,【入库】指定包裹拍照,背景：错装异常，需要单品开箱拍照实物，异常里面无法沟通到拍照增值，因此提交非标增值,,
620271,VASC000000310275,OW01V1602,入库其他服务需求,1,20251027,【入库】包裹类异常关联第三方包裹条码直接上架,背景：以上异常都是因为到仓后才推单，目前客户已推单并关联了第三方箱唛。可以直接扫描上架到WI50786160；,,
620331,VASC000000310320,OSF8V1601,出库其他服务需求,1,NULL,NULL,,NULL,CD
620340,VASC000000310323,OSF8V1601,出库其他服务需求,1,NULL,NULL,,NULL,CD
623466,VASC000000310335,OW01V1600,提供海外仓监控视频-少单品调查,1,NULL,NULL,根据到仓订单具体情况提供对应视频：,,
620382,VASC000000310365,OSF8V1620,Winit线下尾程服务,1,202512301,【尾程】winit线下尾程询价,"""1、仓库/尾程SD报价；",,
620391,VASC000000310374,OSF8V1749,审核出库单,1,NULL,NULL,仅万邑通内部发起,NULL,CO
620415,VASC000000310383,OW01V1602,入库其他服务需求,1,202506120001,【入库】关联第三方商品条码上架,背景：VASC000000310257异常包裹直接上架，[海运整柜100%A+/A包裹]，不支持异常[B01E1615_包裹条码批量异常（需客户处理），B0102E21_包裹条码异常(需客户处理)];整单退回,,
620406,VASC000000310386,OW01V1602,入库其他服务需求,1,202506120001,【入库】关联第三方商品条码上架,背景：VASC000000310260异常包裹直接上架，[海运整柜100%A+/A包裹]，不支持异常[B01E1615_包裹条码批量异常（需客户处理），B0102E21_包裹条码异常(需客户处理)];整单退回,,
620421,VASC000000310392,OSF8V1620,Winit线下尾程服务,1,202512301,【尾程】winit线下尾程询价,"""1、仓库/尾程SD报价；",,
622212,VASC000000310395,OW01V1602,入庫其他服務需求,1,NULL,NULL,,NULL,CD
620433,VASC000000310398,OSF8V1655,补贴UN标签（仅自提出库）,1,NULL,NULL,1.按照客户提供的示例标签，使用仓库标签补贴；,,
620727,VASC000000310452,OSF6V1643,库内-清除商品标签,1,NULL,NULL,根据客户提供实例图片，清除指定标签,NULL,CD
620691,VASC000000310524,OSF8V1620,Winit线下尾程服务,1,202512301,【尾程】winit线下尾程询价,"""1、仓库/尾程SD报价；",,
620697,VASC000000310530,OSF8V1755,出库内外箱补贴商品标签,1,NULL,NULL,EAN场景步骤1：拆开商品外箱 步骤2：核对外箱及彩盒上的条码 步骤3：若条码不一致，则需要用客户上传的标签文件覆盖EAN条码 步骤4：外箱和彩盒上不能出现除正确EAN条码以外的其他条码，若有其他条码请用白标覆盖  步骤5：完成后输入增值单品数量 透明计划场景步骤1：拆开商品外箱 步骤2：补贴商品透明计划标签 步骤3：商品封箱 步骤4：外箱上补贴对应的透明计划标签 内外箱透明计划标签需一致  步骤5：完成后输入增值单品数量,NULL,CO
620751,VASC000000310542,OSF8V1620,Winit线下尾程服务,1,202512301,【尾程】winit线下尾程询价,"""1、仓库/尾程SD报价；",,
620784,VASC000000310545,OW01V1602,入库其他服务需求,1,NULL,NULL,,NULL,CD
620769,VASC000000310554,OSF8V1620,Winit线下尾程服务,1,202512301,【尾程】winit线下尾程询价,"""1、仓库/尾程SD报价；",,
620955,VASC000000310557,OW01V1602,入库其他服务需求,1,2026041701,【入库】补贴透明计划标签,背景：WI49943041 - 商品：M010000000010712079 - ACE-X3Lite-US-FBM 入库100件，发货时没贴透明标签，需要上架前拦截贴好标签后再进行上架，注意：货物在7.2送到仓库来，麻烦关注。,,
620778,VASC000000310560,OSF6V1647,货权转移（改数模式）,1,20250620001,【库内】IT改数收费,此类增值仅用于收费，IT系统改数，无需仓库实物流操作。仓库将增值单状态更新为“仓库已处理”。,NULL,CO
620808,VASC000000310575,OSF8V1620,Winit线下尾程服务,1,202512301,【尾程】winit线下尾程询价,"""1、仓库/尾程SD报价；",,
621300,VASC000000310587,OSF6V1597,单品拆分后上架（拆分为多个SKU）,1,NULL,NULL,1、拆分单品，拆分为多个SKU,,
620853,VASC000000310593,OW01V1602,入库其他服务需求,1,20250430,【入库】“包裹条码批量异常（需客户处理）”辨识后补贴包裹标签上架,背景：EB0126063030830214        包裹条码批量异常（需客户处理）；A+包裹条码损坏需根据外包装勾选标记对应补贴A+包裹标签。,,
620850,VASC000000310605,OSF8V1620,Winit线下尾程服务,1,202512301,【尾程】winit线下尾程询价,"""1、仓库/尾程SD报价；",,
620865,VASC000000310608,OSF8V1755,出库内外箱补贴商品标签,1,NULL,NULL,EAN场景步骤1：拆开商品外箱 步骤2：核对外箱及彩盒上的条码 步骤3：若条码不一致，则需要用客户上传的标签文件覆盖EAN条码 步骤4：外箱和彩盒上不能出现除正确EAN条码以外的其他条码，若有其他条码请用白标覆盖  步骤5：完成后输入增值单品数量 透明计划场景步骤1：拆开商品外箱 步骤2：补贴商品透明计划标签 步骤3：商品封箱 步骤4：外箱上补贴对应的透明计划标签 内外箱透明计划标签需一致  步骤5：完成后输入增值单品数量,NULL,CO
620901,VASC000000310617,OW01V1602,入库其他服务需求,1,20250530001,【入库】无主货找回暂存,总15个包裹，15个异常单，后续客户要做无主-自提出库，其中一个包裹仓库登记为EB0126062730797577“无主异常”由于库内没有库存，无法单独提交增值，与这14件包裹一起按照无主-自提出库。,,
621021,VASC000000310656,OW01V1599,提供海外仓监控视频-少包裹调查,1,NULL,NULL,根据到仓订单具体情况提供对应视频：,,
621075,VASC000000310671,OSF8V1620,Winit线下尾程服务,1,202512301,【尾程】winit线下尾程询价,"""1、仓库/尾程SD报价；",,
621150,VASC000000310710,OSF6V1603,库内其他服务需求,1,20250407010,【库内】指定库位开箱拍照,【背景】异常单号：EB0526062430698910、EB0526070130930372 错装的异常货物无法确定标签是否一致，需要开箱拍照异常单的货物，各打开一箱拍照，内盒标签+物品拍，麻烦多拍几张，拍清晰点。,,
621249,VASC000000310770,OW01V1602,入库其他服务需求,1,NULL,NULL,,NULL,CD
621234,VASC000000310773,OSF8V1657,代理清关,1,【Outbound】Customs clearance agent,【出库】代理清关,打印附件的清关文件，交付尾程供应商，完成出库,NULL,CO
621243,VASC000000310776,OSF8V1657,代理清关,1,【Outbound】Customs clearance agent,【出库】代理清关,打印附件的清关文件，交付尾程供应商，完成出库,NULL,CO
621252,VASC000000310779,OSF8V1657,代理清关,1,【Outbound】Customs clearance agent,【出库】代理清关,打印附件的清关文件，交付尾程供应商，完成出库,NULL,CO
621255,VASC000000310782,OSF8V1657,代理清关,1,【Outbound】Customs clearance agent,【出库】代理清关,打印附件的清关文件，交付尾程供应商，完成出库,NULL,CO
621258,VASC000000310788,OSF8V1657,代理清关,1,【Outbound】Customs clearance agent,【出库】代理清关,打印附件的清关文件，交付尾程供应商，完成出库,NULL,CO
621267,VASC000000310791,OSF8V1657,代理清关,1,【Outbound】Customs clearance agent,【出库】代理清关,打印附件的清关文件，交付尾程供应商，完成出库,NULL,CO
621384,VASC000000310803,OW01V1602,入库其他服务需求,1,NULL,NULL,,NULL,CD
621429,VASC000000310821,OSF6V1597,单品拆分后上架（拆分为多个SKU）,1,INSTOCK_SPLIT_SKU,【库内】拆分SKU,【背景】：库内拆分成不同SKU，拍照反馈拆出物料的图片，需要复核数量是否正确，故非标申请。,,
621369,VASC000000310824,OSF8V1620,Winit线下尾程服务,1,202512301,【尾程】winit线下尾程询价,"""1、仓库/尾程SD报价；",,
621396,VASC000000310827,OSF8V1620,Winit线下尾程服务,1,NULL,NULL,"""1、仓库/尾程SD报价；",,
621405,VASC000000310833,OSF6V1603,库内其他服务需求,1,20260302,【入库】覆盖/清除标签,入库单：WI50319990，sku：M010000000006403661，一共23箱，A+包裹贴有电池标签，申请覆盖，已覆盖完成上架，补收费用。,,
621411,VASC000000310836,OSF8V1755,出库内外箱补贴商品标签,1,NULL,NULL,EAN场景步骤1：拆开商品外箱 步骤2：核对外箱及彩盒上的条码 步骤3：若条码不一致，则需要用客户上传的标签文件覆盖EAN条码 步骤4：外箱和彩盒上不能出现除正确EAN条码以外的其他条码，若有其他条码请用白标覆盖  步骤5：完成后输入增值单品数量 透明计划场景步骤1：拆开商品外箱 步骤2：补贴商品透明计划标签 步骤3：商品封箱 步骤4：外箱上补贴对应的透明计划标签 内外箱透明计划标签需一致  步骤5：完成后输入增值单品数量,NULL,CO
621453,VASC000000310854,OSF6V1603,库内其他服务需求,1,20250407035,【库内】拍摄照片/视频,【背景】用于客户 TikTok UK 店铺申诉需要。需要拍的sku明细如下：,,
621699,VASC000000310863,OSF6V1595,单品指定位置开箱拍照,1,NULL,NULL,根据客户指定位置辨识拍照并反馈结果,NULL,CO
621483,VASC000000310866,OSF6V1596,单品拆分后上架（拆分为一个SKU）,1,NULL,NULL,1.拆分单品，拆分为同1个SKU,,
621471,VASC000000310872,OSF8V1620,Winit线下尾程服务,1,NULL,NULL,"""1、仓库/尾程SD报价；",,
621486,VASC000000310881,OW01V1602,入库其他服务需求,1,20251027,【入库】包裹类异常关联第三方包裹条码直接上架,背景：这三单入库单晚下单导致到仓产生异常，重新扫描箱码上架即可，第三方箱唛已关联。,,
621552,VASC000000310911,OSF8V1620,Winit线下尾程服务,1,202512301,【尾程】winit线下尾程询价,"""1、仓库/尾程SD报价；",,
621573,VASC000000310920,OSF8V1620,Winit线下尾程服务,1,202512301,【尾程】winit线下尾程询价,"""1、仓库/尾程SD报价；",,
621789,VASC000000310923,OW01V1602,入库其他服务需求,1,NULL,NULL,,NULL,CD
621636,VASC000000310935,OSF8V1620,Winit线下尾程服务,1,202512301,【尾程】winit线下尾程询价,"""1、仓库/尾程SD报价；",,
621642,VASC000000310938,OSF8V1755,出库内外箱补贴商品标签,1,NULL,NULL,EAN场景步骤1：拆开商品外箱 步骤2：核对外箱及彩盒上的条码 步骤3：若条码不一致，则需要用客户上传的标签文件覆盖EAN条码 步骤4：外箱和彩盒上不能出现除正确EAN条码以外的其他条码，若有其他条码请用白标覆盖  步骤5：完成后输入增值单品数量 透明计划场景步骤1：拆开商品外箱 步骤2：补贴商品透明计划标签 步骤3：商品封箱 步骤4：外箱上补贴对应的透明计划标签 内外箱透明计划标签需一致  步骤5：完成后输入增值单品数量,NULL,CO
621663,VASC000000310944,OSF6V1603,库内其他服务需求,1,20250407043,【库内】商品外观辨识+贴标上架,【背景】Anker合箱的问题，下单6pcs，但是anker线下工厂实际打包了20pcs发货了。客户是按照合箱后的装箱明细推单的，这单客户没有重新推单，还是用的系统推的这个单，所以仓库上架是没有发现异常没有登记的。,,
621723,VASC000000310956,OSF8V1620,Winit线下尾程服务,1,202512301,【尾程】winit线下尾程询价,"""1、仓库/尾程SD报价；",,
627771,VASC000000310968,OW01V1594,上架前自提（无需WINIT打托）,1,NULL,NULL,1、补贴快递面单,,
621762,VASC000000310977,OSF8V1620,Winit线下尾程服务,1,202512301,【尾程】winit线下尾程询价,"""1、仓库/尾程SD报价；",,
621816,VASC000000311001,OW01V1602,入库其他服务需求,1,NULL,NULL,,NULL,CD
621861,VASC000000311031,OW01V1602,入库其他服务需求,1,20250619,【入库】	ABC类/子包裹内商品错装暂存（需客户处理），云仓不支持原单补贴包裹条码上架,背景：EB0126070230949152、EB0126070230948585 两个异常单都是同一个入库单的，异常为：ABC类包裹/子包裹内商品错装暂存（需客户处理），这2个A包的箱唛贴反了，原入库单的箱唛B0400000001419877110和B0400000001419877101要互换，按原S码上架到原单；,,
622071,VASC000000311076,OSF8V1620,Winit线下尾程服务,1,202512301,【尾程】winit线下尾程询价,"""1、仓库/尾程SD报价；",,
622095,VASC000000311088,OSF8V1620,Winit线下尾程服务,1,202512301,【尾程】winit线下尾程询价,"""1、仓库/尾程SD报价；",,
622134,VASC000000311118,OW01V1594,上架前自提（无需WINIT打托）,1,NULL,NULL,1、补贴快递面单,,
622137,VASC000000311121,OW01V1602,入库其他服务需求,1,20251027,【入库】包裹类异常关联第三方包裹条码直接上架,背景：VASC000000310518异常包裹直接上架，[海运整柜100%A+/A包裹]，不支持异常[B01E1615_包裹条码批量异常（需客户处理），B0102E21_包裹条码异常(需客户处理)];整单退回,,
622152,VASC000000311127,OW01V1602,入庫其他服務需求,1,NULL,NULL,,NULL,CD
622164,VASC000000311130,OSF6V1603,库内其他服务需求,1,20250421001,【库内】商品拆箱加/减配件,仓库操作步骤：,,
622170,VASC000000311133,OSF8V1755,出库内外箱补贴商品标签,1,NULL,NULL,EAN场景步骤1：拆开商品外箱 步骤2：核对外箱及彩盒上的条码 步骤3：若条码不一致，则需要用客户上传的标签文件覆盖EAN条码 步骤4：外箱和彩盒上不能出现除正确EAN条码以外的其他条码，若有其他条码请用白标覆盖  步骤5：完成后输入增值单品数量 透明计划场景步骤1：拆开商品外箱 步骤2：补贴商品透明计划标签 步骤3：商品封箱 步骤4：外箱上补贴对应的透明计划标签 内外箱透明计划标签需一致  步骤5：完成后输入增值单品数量,NULL,CO
622173,VASC000000311136,OW01V1602,入库其他服务需求,1,20251027,【入库】包裹类异常关联第三方包裹条码直接上架,背景：异常单号：EB0126062630785256；api推单没有将外箱的第三方箱号正确回传到入库单内绑定作为第三方箱唛号，仓库收到WI50657074无法处理上架，包裹条码无法识别，无法回退入库单绑定第三方箱唛号原因是入库单已经产生异常单了，需要辨识外箱上的第三方箱唛号补贴对应的winit包裹条码标签；,,
622221,VASC000000311148,OW01V1602,入庫其他服務需求,1,20251103,【入库】补贴包裹标签上架到原入库单“已终止的”包裹中,背景：异常单：EB0126062930821103 存在两个问题：1.SN码未关联，2、包裹码贴重复，现sn已关联，需要换包裹标签上架；,,
622449,VASC000000311229,OSF8V1620,Winit线下尾程服务,1,202512301,【尾程】winit线下尾程询价,"""1、仓库/尾程SD报价；",,
622413,VASC000000311244,OSF6V1595,单品指定位置开箱拍照,1,NULL,NULL,根据客户指定位置辨识拍照并反馈结果,NULL,CO
622425,VASC000000311247,OW01V1602,入库其他服务需求,1,20250407004,【入库】尺重/标签辨识后换标上架,仓库操作步骤：,,
622464,VASC000000311265,OSF8V1620,Winit线下尾程服务,1,202512301,【尾程】winit线下尾程询价,"""1、仓库/尾程SD报价；",,
622476,VASC000000311268,OSF6V1603,库内其他服务需求,1,20250421001,【库内】商品拆箱加/减配件,仓库操作步骤：,,
622533,VASC000000311271,OSF6V1603,库内其他服务需求,1,INSTOCK_INVENTORY_FREEZE_UNFREEZE,【库内】库存冻结/解冻,WO11171625271 出库单补贴商品标签增值已关联到三方条码，需要解冻库存后正常上架,NULL,CO
622494,VASC000000311286,OSF6V1671,逆向取货,1,20250723,【尾程】Anker Crowfoots出库,仅收费，无需仓库操作,NULL,CO
622509,VASC000000311298,OSF8V1749,审核出库单,1,NULL,NULL,仅万邑通内部发起,NULL,CO
622584,VASC000000311304,OW01V1602,入库其他服务需求,1,NULL,NULL,,NULL,CD
622557,VASC000000311325,OSF8V1755,出库内外箱补贴商品标签,1,NULL,NULL,EAN场景步骤1：拆开商品外箱 步骤2：核对外箱及彩盒上的条码 步骤3：若条码不一致，则需要用客户上传的标签文件覆盖EAN条码 步骤4：外箱和彩盒上不能出现除正确EAN条码以外的其他条码，若有其他条码请用白标覆盖  步骤5：完成后输入增值单品数量 透明计划场景步骤1：拆开商品外箱 步骤2：补贴商品透明计划标签 步骤3：商品封箱 步骤4：外箱上补贴对应的透明计划标签 内外箱透明计划标签需一致  步骤5：完成后输入增值单品数量,NULL,CO
622566,VASC000000311328,OSF8V1601,出库其他服务需求,1,NULL,NULL,,NULL,CD
622587,VASC000000311337,OW01V1602,入库其他服务需求,1,20251027,【入库】包裹类异常关联第三方包裹条码直接上架,背景：原入库单WI50618318没有绑定第三方包裹条码也没贴winit包裹标签，导致无法扫描上架；,,
622671,VASC000000311352,OW01V1602,入库其他服务需求,1,2026041701,【入库】补贴透明计划标签,背景：WI49948415 - 商品：M010000000010712079 - ACE-X3Lite-US-FBM 入库120件，发货时没贴透明标签，需要上架前拦截贴好标签后再进行上架，注意：货物预计在7.9送到仓库来，麻烦关注。,,
622731,VASC000000311376,OW01V1602,入库其他服务需求,1,2026041701,【入库】补贴透明计划标签,背景：WI49948537 - 商品：M010000000010712079 - ACE-X3Lite-US-FBM 入库330件，发货时没贴透明标签，需要上架前拦截贴好标签后再进行上架，注意：货物在7.3送到仓库来，麻烦关注。,,
622782,VASC000000311394,OW01V1602,入库其他服务需求,1,2026041701,【入库】补贴透明计划标签,背景：WI49948806 - 商品：M010000000010712079 - ACE-X3Lite-US-FBM 入库100件，发货时没贴透明标签，需要上架前拦截贴好标签后再进行上架，注意：货物在7.3送到仓库来，麻烦关注。,,
622752,VASC000000311403,OSF8V1657,代理清关,1,【Outbound】Customs clearance agent,【出库】代理清关,打印附件的清关文件，交付尾程供应商，完成出库,NULL,CO
622755,VASC000000311406,OSF8V1657,代理清关,1,【Outbound】Customs clearance agent,【出库】代理清关,打印附件的清关文件，交付尾程供应商，完成出库,NULL,CO
622761,VASC000000311409,OSF8V1657,代理清关,1,【Outbound】Customs clearance agent,【出库】代理清关,打印附件的清关文件，交付尾程供应商，完成出库,NULL,CO
622764,VASC000000311412,OSF8V1657,代理清关,1,【Outbound】Customs clearance agent,【出库】代理清关,打印附件的清关文件，交付尾程供应商，完成出库,NULL,CO
622770,VASC000000311415,OSF8V1657,代理清关,1,【Outbound】Customs clearance agent,【出库】代理清关,打印附件的清关文件，交付尾程供应商，完成出库,NULL,CO
622773,VASC000000311418,OSF8V1657,代理清关,1,【Outbound】Customs clearance agent,【出库】代理清关,打印附件的清关文件，交付尾程供应商，完成出库,NULL,CO
622833,VASC000000311427,OSF6V1603,库内其他服务需求,1,20250407060,【库内】A+包裹更换标签上架,【背景】（RT16000300942691CN/RT16000297360605CN/RT16000288765605CN/RT16000272098536CN） 退货单商品因为设置了A+包裹且需要采集包裹码，无法直接选择更新上架（自动创建无箱单预报单失败）处理方式，经与PD共识，采用非标增值上架。,,
622860,VASC000000311445,OSF8V1620,Winit线下尾程服务,1,202512301,【尾程】winit线下尾程询价,"""1、仓库/尾程SD报价；",,
622890,VASC000000311448,OSF6V1673,无主货找回-6个自然日内,1,NULL,NULL,根据客户提供的单据信息找货，若超过1h未找回，则反馈无法找回,NULL,CD
622932,VASC000000311469,OSF6V1752,无主货找回（6个自然日内）-仓库创建无RMA退货单,1,NULL,NULL,步骤1：按照客户提供的快递单号或者POD尝试找回无主货 步骤2： ①若货物找回，请仓库创建无RMA退货单上架并反馈退货订单号，然后【完成】增值单 ②若货物未找回，请【完成】增值单  注意：此增值无论商品是否找回，请将增值单更新为【已出库】,NULL,CO
622953,VASC000000311478,OW01V1602,入库其他服务需求,1,NULL,NULL,,NULL,CD
622947,VASC000000311481,OSF8V1620,Winit线下尾程服务,1,202512301,【尾程】winit线下尾程询价,"""1、仓库/尾程SD报价；",,
622980,VASC000000311493,OSF8V1620,Winit线下尾程服务,1,202512301,【尾程】winit线下尾程询价,"""1、仓库/尾程SD报价；",,
623022,VASC000000311505,OW01V1602,入库其他服务需求,1,20250430,【入库】“包裹条码批量异常（需客户处理）”辨识后补贴包裹标签上架,背景：客户原入库单入库的商品包裹码有重复粘贴的情况，导致仓库无法上架，现在需要根据包裹码上的SKU编码辨识，重新补贴新的标签做新单上架。,,
623046,VASC000000311517,OSF6V1643,库内-清除商品标签,1,NULL,NULL,根据客户提供实例图片，清除指定标签,NULL,CO
623109,VASC000000311520,OW01V1602,入库其他服务需求,1,20250407008,【入库】包裹类异常换商品标签上架,背景：入库单：WI50823998  有3个SKU漏贴标，需要仓库整单拦截，补贴商品条码后扫描上架；,,
623133,VASC000000311535,OW01V1654,包裹串仓异常调拨,1,NULL,NULL,将客户指定异常调拨到目的仓库,NULL,CD
623121,VASC000000311592,OSF8V1620,Winit线下尾程服务,1,NULL,NULL,"""1、仓库/尾程SD报价；",,
623154,VASC000000311604,OSF8V1620,Winit线下尾程服务,1,202512301,【尾程】winit线下尾程询价,"""1、仓库/尾程SD报价；",,
623178,VASC000000311607,OSF8V1620,Winit线下尾程服务,1,202512301,【尾程】winit线下尾程询价,"""1、仓库/尾程SD报价；",,
623199,VASC000000311610,OSF8V1755,出库内外箱补贴商品标签,1,NULL,NULL,EAN场景步骤1：拆开商品外箱 步骤2：核对外箱及彩盒上的条码 步骤3：若条码不一致，则需要用客户上传的标签文件覆盖EAN条码 步骤4：外箱和彩盒上不能出现除正确EAN条码以外的其他条码，若有其他条码请用白标覆盖  步骤5：完成后输入增值单品数量 透明计划场景步骤1：拆开商品外箱 步骤2：补贴商品透明计划标签 步骤3：商品封箱 步骤4：外箱上补贴对应的透明计划标签 内外箱透明计划标签需一致  步骤5：完成后输入增值单品数量,NULL,CO
623226,VASC000000311613,OSF8V1620,Winit线下尾程服务,1,202512301,【尾程】winit线下尾程询价,"""1、仓库/尾程SD报价；",,
623214,VASC000000311619,OSF8V1755,出库内外箱补贴商品标签,1,NULL,NULL,EAN场景步骤1：拆开商品外箱 步骤2：核对外箱及彩盒上的条码 步骤3：若条码不一致，则需要用客户上传的标签文件覆盖EAN条码 步骤4：外箱和彩盒上不能出现除正确EAN条码以外的其他条码，若有其他条码请用白标覆盖  步骤5：完成后输入增值单品数量 透明计划场景步骤1：拆开商品外箱 步骤2：补贴商品透明计划标签 步骤3：商品封箱 步骤4：外箱上补贴对应的透明计划标签 内外箱透明计划标签需一致  步骤5：完成后输入增值单品数量,NULL,CO
623319,VASC000000311625,OW01V1622,入库-提供无箱单预报单上架,1,NULL,NULL,"""场景1：新入库单是无箱单，通过包裹推荐>商品预分拣上架",,
623238,VASC000000311628,OSF8V1620,Winit线下尾程服务,1,202512301,【尾程】winit线下尾程询价,"""1、仓库/尾程SD报价；",,
623244,VASC000000311631,OSF8V1755,出库内外箱补贴商品标签,1,NULL,NULL,EAN场景步骤1：拆开商品外箱 步骤2：核对外箱及彩盒上的条码 步骤3：若条码不一致，则需要用客户上传的标签文件覆盖EAN条码 步骤4：外箱和彩盒上不能出现除正确EAN条码以外的其他条码，若有其他条码请用白标覆盖  步骤5：完成后输入增值单品数量 透明计划场景步骤1：拆开商品外箱 步骤2：补贴商品透明计划标签 步骤3：商品封箱 步骤4：外箱上补贴对应的透明计划标签 内外箱透明计划标签需一致  步骤5：完成后输入增值单品数量,NULL,CD
623280,VASC000000311634,OW01V1674,入库-异常包裹开箱拍照,1,NULL,NULL,1、根据增值单需求信息找货 2、根据客户示例图片拍照、且需要拍外箱箱唛图、SKU条码图，开箱拍产品实物图以及产品实物标签图 3、按照SKU/包裹整理拍照文件并上传,NULL,CO
623256,VASC000000311649,OSF6V1603,库内其他服务需求,1,202512150002,【库内】异常商品转不良品上架,【背景】EB0526070230987255，库内破损，需要按照不良品上架。,,
623265,VASC000000311652,OW01V1602,入库其他服务需求,1,20250430,【入库】“包裹条码批量异常（需客户处理）”辨识后补贴包裹标签上架,背景：S码重复，已修改sku为商品化管理，客户要求不换商品标签，只换箱唛上架到新单WI50811725,,
623289,VASC000000311664,OSF8V1716,Anker加急出库,1,NULL,NULL,仓库根据订单情况判断能否在【指定出库日期】之前完成增值，若无法操作加急，请“异常终止”增值订单，若可以操作，请填写加急实际操作工时并“完成”增值 注意（非常重要！！！）： 1. 加急增值完成标准： *标准出库：加急订单出库日期应早于应出库日期，若不符合此条件，请“异常终止”增值订单 *自提出库：加急订单暂存日期应早于应暂存日期，若不符合此条件，请“异常终止”增值订单 2. 仓库实际操作工时，请提前记录并如实填写，最终会根据此工时收取客户费用 3. 需要在出库前完成此增值，否则增值将会被自动“异常终止”,NULL,CO
623301,VASC000000311682,OSF6V1671,逆向取货,1,[Delivery] Expedited delivery,【出库】加急出库,仅收费，无需仓库操作,NULL,CO
623313,VASC000000311694,OSF8V1601,出库其他服务需求,1,20250421002,【出库】仓库自主交货,操作步骤：,,
623304,VASC000000311697,OSF6V1603,库内其他服务需求,1,20250530001,【入库】无主货找回暂存,"VASC000000310617 应收600usd，账户余额不足，先收取586USD,欠费14USD,现在需要补收。本增值单仓库状态更新为已完成。",NULL,CO
623349,VASC000000311709,OSF8V1620,Winit线下尾程服务,1,202512301,【尾程】winit线下尾程询价,"""1、仓库/尾程SD报价；",,
623361,VASC000000311718,OSF8V1755,出库内外箱补贴商品标签,1,NULL,NULL,EAN场景步骤1：拆开商品外箱 步骤2：核对外箱及彩盒上的条码 步骤3：若条码不一致，则需要用客户上传的标签文件覆盖EAN条码 步骤4：外箱和彩盒上不能出现除正确EAN条码以外的其他条码，若有其他条码请用白标覆盖  步骤5：完成后输入增值单品数量 透明计划场景步骤1：拆开商品外箱 步骤2：补贴商品透明计划标签 步骤3：商品封箱 步骤4：外箱上补贴对应的透明计划标签 内外箱透明计划标签需一致  步骤5：完成后输入增值单品数量,NULL,CO
623409,VASC000000311730,OSF6V1603,库内其他服务需求,1,NULL,NULL,,NULL,CD
623400,VASC000000311733,OSF6V1603,库内其他服务需求,1,20250407052,【库内】包裹错装换标上架,【背景】EB0526062330652584  实际是错装  需要按照实际正确的SKU 上架。,,
623424,VASC000000311748,OSF8V1620,Winit线下尾程服务,1,202512301,【尾程】winit线下尾程询价,"""1、仓库/尾程SD报价；",,
623448,VASC000000311763,OSF8V1755,出库内外箱补贴商品标签,1,NULL,NULL,EAN场景步骤1：拆开商品外箱 步骤2：核对外箱及彩盒上的条码 步骤3：若条码不一致，则需要用客户上传的标签文件覆盖EAN条码 步骤4：外箱和彩盒上不能出现除正确EAN条码以外的其他条码，若有其他条码请用白标覆盖  步骤5：完成后输入增值单品数量 透明计划场景步骤1：拆开商品外箱 步骤2：补贴商品透明计划标签 步骤3：商品封箱 步骤4：外箱上补贴对应的透明计划标签 内外箱透明计划标签需一致  步骤5：完成后输入增值单品数量,NULL,CD
623472,VASC000000311778,OSF8V1755,出库内外箱补贴商品标签,1,NULL,NULL,EAN场景步骤1：拆开商品外箱 步骤2：核对外箱及彩盒上的条码 步骤3：若条码不一致，则需要用客户上传的标签文件覆盖EAN条码 步骤4：外箱和彩盒上不能出现除正确EAN条码以外的其他条码，若有其他条码请用白标覆盖  步骤5：完成后输入增值单品数量 透明计划场景步骤1：拆开商品外箱 步骤2：补贴商品透明计划标签 步骤3：商品封箱 步骤4：外箱上补贴对应的透明计划标签 内外箱透明计划标签需一致  步骤5：完成后输入增值单品数量,NULL,CO
623517,VASC000000311787,OSF8V1620,Winit线下尾程服务,1,202512301,【尾程】winit线下尾程询价,"""1、仓库/尾程SD报价；",,
623595,VASC000000311808,OSF8V1755,出库内外箱补贴商品标签,1,NULL,NULL,EAN场景步骤1：拆开商品外箱 步骤2：核对外箱及彩盒上的条码 步骤3：若条码不一致，则需要用客户上传的标签文件覆盖EAN条码 步骤4：外箱和彩盒上不能出现除正确EAN条码以外的其他条码，若有其他条码请用白标覆盖  步骤5：完成后输入增值单品数量 透明计划场景步骤1：拆开商品外箱 步骤2：补贴商品透明计划标签 步骤3：商品封箱 步骤4：外箱上补贴对应的透明计划标签 内外箱透明计划标签需一致  步骤5：完成后输入增值单品数量,NULL,CO
623601,VASC000000311814,OSF8V1755,出库内外箱补贴商品标签,1,NULL,NULL,EAN场景步骤1：拆开商品外箱 步骤2：核对外箱及彩盒上的条码 步骤3：若条码不一致，则需要用客户上传的标签文件覆盖EAN条码 步骤4：外箱和彩盒上不能出现除正确EAN条码以外的其他条码，若有其他条码请用白标覆盖  步骤5：完成后输入增值单品数量 透明计划场景步骤1：拆开商品外箱 步骤2：补贴商品透明计划标签 步骤3：商品封箱 步骤4：外箱上补贴对应的透明计划标签 内外箱透明计划标签需一致  步骤5：完成后输入增值单品数量,NULL,CO
623616,VASC000000311820,OSF8V1620,Winit线下尾程服务,1,202512301,【尾程】winit线下尾程询价,"""1、仓库/尾程SD报价；",,
623622,VASC000000311826,OSF8V1755,出库内外箱补贴商品标签,1,NULL,NULL,EAN场景步骤1：拆开商品外箱 步骤2：核对外箱及彩盒上的条码 步骤3：若条码不一致，则需要用客户上传的标签文件覆盖EAN条码 步骤4：外箱和彩盒上不能出现除正确EAN条码以外的其他条码，若有其他条码请用白标覆盖  步骤5：完成后输入增值单品数量 透明计划场景步骤1：拆开商品外箱 步骤2：补贴商品透明计划标签 步骤3：商品封箱 步骤4：外箱上补贴对应的透明计划标签 内外箱透明计划标签需一致  步骤5：完成后输入增值单品数量,NULL,CO
623673,VASC000000311850,OSF8V1620,Winit线下尾程服务,1,202512301,【尾程】winit线下尾程询价,"""1、仓库/尾程SD报价；",,
624066,VASC000000312108,OSF8V1620,Winit线下尾程服务,1,202512301,【尾程】winit线下尾程询价,"""1、仓库/尾程SD报价；",,
625254,VASC000000312144,OW01V1602,入库其他服务需求,1,20250929,【入库】海运整柜100%A+无包裹条码异常，新单无箱单或100%A+包直接上架,背景：原入库单WI50518658客户下单漏勾选100A+无包裹条码，导致货物到仓后报无包裹条码的异常；,,
624180,VASC000000312162,OSF8V1620,Winit线下尾程服务,1,202512301,【尾程】winit线下尾程询价,"""1、仓库/尾程SD报价；",,
624189,VASC000000312165,OSF8V1755,出库内外箱补贴商品标签,1,NULL,NULL,EAN场景步骤1：拆开商品外箱 步骤2：核对外箱及彩盒上的条码 步骤3：若条码不一致，则需要用客户上传的标签文件覆盖EAN条码 步骤4：外箱和彩盒上不能出现除正确EAN条码以外的其他条码，若有其他条码请用白标覆盖  步骤5：完成后输入增值单品数量 透明计划场景步骤1：拆开商品外箱 步骤2：补贴商品透明计划标签 步骤3：商品封箱 步骤4：外箱上补贴对应的透明计划标签 内外箱透明计划标签需一致  步骤5：完成后输入增值单品数量,NULL,CO
624579,VASC000000312357,OSF8V1755,出库内外箱补贴商品标签,1,NULL,NULL,EAN场景步骤1：拆开商品外箱 步骤2：核对外箱及彩盒上的条码 步骤3：若条码不一致，则需要用客户上传的标签文件覆盖EAN条码 步骤4：外箱和彩盒上不能出现除正确EAN条码以外的其他条码，若有其他条码请用白标覆盖  步骤5：完成后输入增值单品数量 透明计划场景步骤1：拆开商品外箱 步骤2：补贴商品透明计划标签 步骤3：商品封箱 步骤4：外箱上补贴对应的透明计划标签 内外箱透明计划标签需一致  步骤5：完成后输入增值单品数量,NULL,CO
624642,VASC000000312378,OW01V1599,提供海外仓监控视频-少包裹调查,1,NULL,NULL,根据到仓订单具体情况提供对应视频：,,
625200,VASC000000312402,OW01V1602,入库其他服务需求,1,20250430,【入库】“包裹条码批量异常（需客户处理）”辨识后补贴包裹标签上架,仓库操作步骤：,,
624837,VASC000000312441,OSF6V1673,无主货找回-6个自然日内,1,NULL,NULL,根据客户提供的单据信息找货，若超过1h未找回，则反馈无法找回,NULL,CO
624918,VASC000000312498,OSF8V1755,出库内外箱补贴商品标签,1,NULL,NULL,EAN场景步骤1：拆开商品外箱 步骤2：核对外箱及彩盒上的条码 步骤3：若条码不一致，则需要用客户上传的标签文件覆盖EAN条码 步骤4：外箱和彩盒上不能出现除正确EAN条码以外的其他条码，若有其他条码请用白标覆盖  步骤5：完成后输入增值单品数量 透明计划场景步骤1：拆开商品外箱 步骤2：补贴商品透明计划标签 步骤3：商品封箱 步骤4：外箱上补贴对应的透明计划标签 内外箱透明计划标签需一致  步骤5：完成后输入增值单品数量,NULL,CO
625290,VASC000000312504,OW01V1602,入库其他服务需求,1,202507151726,【入库】入库少单品/少包裹视频调查,背景：因这个订单包裹破损较严重，需要提供签收时或者卸货时的视频，证明外箱是运输途中破损的,,
625035,VASC000000312543,OSF8V1620,Winit线下尾程服务,1,202512301,【尾程】winit线下尾程询价,"""1、仓库/尾程SD报价；",,
625203,VASC000000312546,OSF6V1595,单品指定位置开箱拍照,1,NULL,NULL,根据客户指定位置辨识拍照并反馈结果,NULL,RT
625107,VASC000000312579,OSF6V1603,库内其他服务需求,1,20250407056,【库内】商品包装加固,【背景】经核实，该异常为仓库原因导致。故本次增值仅进行实物操作。,,
625140,VASC000000312600,OSF8V1601,出庫其他服務需求,1,NULL,NULL,,NULL,CD
625122,VASC000000312603,OSF6V1603,库内其他服务需求,1,20250407051,【库内】良品/不良品检测,WO11644923698、WO11644923393、WO11644923544；,,
625134,VASC000000312615,OSF6V1603,库内其他服务需求,1,20250407010,【库内】指定库位开箱拍照,【背景】异常单号：EB0526062430698910、EB0526070130930372 错装的异常货物无法确定标签是否一致，需要开箱拍照异常单的货物，各打开一箱拍照，内盒标签+物品拍，麻烦多拍几张，拍清晰点。,,
625143,VASC000000312618,OSF6V1603,库内其他服务需求,1,20250407043,【库内】商品外观辨识+贴标上架,【背景】出库单：WO11645184667中该sku：M010000000006219152实物是易碎品，需开箱检查实物是否有破损，检查流程如下：,,
625167,VASC000000312624,OSF8V1755,出库内外箱补贴商品标签,1,NULL,NULL,EAN场景步骤1：拆开商品外箱 步骤2：核对外箱及彩盒上的条码 步骤3：若条码不一致，则需要用客户上传的标签文件覆盖EAN条码 步骤4：外箱和彩盒上不能出现除正确EAN条码以外的其他条码，若有其他条码请用白标覆盖  步骤5：完成后输入增值单品数量 透明计划场景步骤1：拆开商品外箱 步骤2：补贴商品透明计划标签 步骤3：商品封箱 步骤4：外箱上补贴对应的透明计划标签 内外箱透明计划标签需一致  步骤5：完成后输入增值单品数量,NULL,CD
625188,VASC000000312630,OSF8V1620,Winit线下尾程服务,1,202512301,【尾程】winit线下尾程询价,"""1、仓库/尾程SD报价；",,
625197,VASC000000312636,OSF6V1671,逆向取货,1,20250723,【尾程】Anker Crowfoots出库,仅收费，无需仓库操作,NULL,CO
625212,VASC000000312645,OSF8V1755,出库内外箱补贴商品标签,1,NULL,NULL,EAN场景步骤1：拆开商品外箱 步骤2：核对外箱及彩盒上的条码 步骤3：若条码不一致，则需要用客户上传的标签文件覆盖EAN条码 步骤4：外箱和彩盒上不能出现除正确EAN条码以外的其他条码，若有其他条码请用白标覆盖  步骤5：完成后输入增值单品数量 透明计划场景步骤1：拆开商品外箱 步骤2：补贴商品透明计划标签 步骤3：商品封箱 步骤4：外箱上补贴对应的透明计划标签 内外箱透明计划标签需一致  步骤5：完成后输入增值单品数量,NULL,CO
625251,VASC000000312663,OSF6V1603,库内其他服务需求,1,20250407071,【库内】商品组合,【背景】库内组装山姆产品360pcs，需要把下架单：WO11646879815里的产品按照附件操作说明进行组装，组装后按照前面沟通的12pcs/托打托上架到新SKU:AI00474361001箱产品上架，入库单号为：WI50878863，入库上架不需要覆盖任何外箱原有标签，箱产品标签贴到打托好的膜外。,,
625269,VASC000000312678,OSF6V1603,库内其他服务需求,1,20250407051,【库内】良品/不良品检测,WO11644923698、WO11644923393、WO11644923544；,,
625272,VASC000000312681,OSF8V1749,审核出库单,1,NULL,NULL,仅万邑通内部发起,NULL,CO
625275,VASC000000312684,OSF8V1749,审核出库单,1,NULL,NULL,仅万邑通内部发起,NULL,CO
625278,VASC000000312687,OSF8V1749,审核出库单,1,NULL,NULL,仅万邑通内部发起,NULL,CO
625287,VASC000000312690,OSF8V1749,审核出库单,1,NULL,NULL,仅万邑通内部发起,NULL,CO
625296,VASC000000312693,OSF8V1695,小刀拆封取延保卡,1,NULL,NULL,1.观看客户提供的操作SOP视频,,
625329,VASC000000312699,OSF8V1620,Winit线下尾程服务,1,202512301,【尾程】winit线下尾程询价,"""1、仓库/尾程SD报价；",,
625338,VASC000000312708,OSF8V1749,审核出库单,1,NULL,NULL,仅万邑通内部发起,NULL,CO
625401,VASC000000312735,OSF8V1620,Winit线下尾程服务,1,202512301,【尾程】winit线下尾程询价,"""1、仓库/尾程SD报价；",,
625407,VASC000000312738,OSF8V1620,Winit线下尾程服务,1,202512301,【尾程】winit线下尾程询价,"""1、仓库/尾程SD报价；",,
625464,VASC000000312741,OW01V1602,入库其他服务需求,1,20260115,【入库】上架到不良品,背景：商品因设置了A+包裹且需要采集包裹码，无法直接选择更新上架（自动创建无箱单预报单失败）处理方式，因此走非标增值做不良品上架；,,
625437,VASC000000312744,OW01V1602,入库其他服务需求,1,20250619,【入库】	ABC类/子包裹内商品错装暂存（需客户处理），云仓不支持原单补贴包裹条码上架,背景：该异常单实际为错装异常，因为把SN验到别的包裹里，导致仓库无法扫描上架，因仓库登记的是商品条码异常(需客户处理)，系统配置只能仅支持更换新商品条码上架，但这个货物实物有SN码，无需补贴标签，目前已提交OA解绑SN，因此需要仓库补贴包裹条码重新扫描SN到新单WI50873643包裹条码B0400000001429015404上架。,,
625443,VASC000000312747,OSF8V1755,出库内外箱补贴商品标签,1,NULL,NULL,EAN场景步骤1：拆开商品外箱 步骤2：核对外箱及彩盒上的条码 步骤3：若条码不一致，则需要用客户上传的标签文件覆盖EAN条码 步骤4：外箱和彩盒上不能出现除正确EAN条码以外的其他条码，若有其他条码请用白标覆盖  步骤5：完成后输入增值单品数量 透明计划场景步骤1：拆开商品外箱 步骤2：补贴商品透明计划标签 步骤3：商品封箱 步骤4：外箱上补贴对应的透明计划标签 内外箱透明计划标签需一致  步骤5：完成后输入增值单品数量,NULL,CO
625449,VASC000000312750,OSF8V1716,Anker加急出库,1,NULL,NULL,仓库根据订单情况判断能否在【指定出库日期】之前完成增值，若无法操作加急，请“异常终止”增值订单，若可以操作，请填写加急实际操作工时并“完成”增值 注意（非常重要！！！）： 1. 加急增值完成标准： *标准出库：加急订单出库日期应早于应出库日期，若不符合此条件，请“异常终止”增值订单 *自提出库：加急订单暂存日期应早于应暂存日期，若不符合此条件，请“异常终止”增值订单 2. 仓库实际操作工时，请提前记录并如实填写，最终会根据此工时收取客户费用 3. 需要在出库前完成此增值，否则增值将会被自动“异常终止”,NULL,CO
625455,VASC000000312753,OSF8V1620,Winit线下尾程服务,1,202512301,【尾程】winit线下尾程询价,"""1、仓库/尾程SD报价；",,
625473,VASC000000312759,OW01V1602,入库其他服务需求,1,20260115,【入库】上架到不良品,背景：商品因设置了A+包裹且需要采集包裹码，无法直接选择更新上架（自动创建无箱单预报单失败）处理方式，因此走非标增值做不良品上架；,,
625500,VASC000000312774,OSF8V1749,审核出库单,1,NULL,NULL,仅万邑通内部发起,NULL,CO
631203,VASC000000312810,OW01V1594,上架前自提（無需WINIT打託）,1,NULL,NULL,1、补贴快递面单,,
625947,VASC000000312993,OSF8V1601,出库其他服务需求,1,NULL,NULL,,NULL,CD
626586,VASC000000313041,OSF6V1603,库内其他服务需求,1,20250407035,【库内】拍摄照片/视频,【背景】客户打包算法模拟可以打包装下，但是winit算法模拟装不下导致客户无法提交增值。现需要按照客户指定的客制包材进行打包测试，录视频。,,
626109,VASC000000313050,OSF6V1603,库内其他服务需求,1,NULL,NULL,,NULL,CD
626181,VASC000000313104,OW01V1602,入库其他服务需求,1,20260302,【入库】覆盖/清除标签,仓库操作步骤：,,
626199,VASC000000313119,OW01V1599,提供海外仓监控视频-少包裹调查,1,NULL,NULL,根据到仓订单具体情况提供对应视频：,,
626208,VASC000000313131,OSF8V1755,出库内外箱补贴商品标签,1,NULL,NULL,EAN场景步骤1：拆开商品外箱 步骤2：核对外箱及彩盒上的条码 步骤3：若条码不一致，则需要用客户上传的标签文件覆盖EAN条码 步骤4：外箱和彩盒上不能出现除正确EAN条码以外的其他条码，若有其他条码请用白标覆盖  步骤5：完成后输入增值单品数量 透明计划场景步骤1：拆开商品外箱 步骤2：补贴商品透明计划标签 步骤3：商品封箱 步骤4：外箱上补贴对应的透明计划标签 内外箱透明计划标签需一致  步骤5：完成后输入增值单品数量,NULL,CO
626274,VASC000000313170,OSF8V1755,出库内外箱补贴商品标签,1,NULL,NULL,EAN场景步骤1：拆开商品外箱 步骤2：核对外箱及彩盒上的条码 步骤3：若条码不一致，则需要用客户上传的标签文件覆盖EAN条码 步骤4：外箱和彩盒上不能出现除正确EAN条码以外的其他条码，若有其他条码请用白标覆盖  步骤5：完成后输入增值单品数量 透明计划场景步骤1：拆开商品外箱 步骤2：补贴商品透明计划标签 步骤3：商品封箱 步骤4：外箱上补贴对应的透明计划标签 内外箱透明计划标签需一致  步骤5：完成后输入增值单品数量,NULL,CO
626286,VASC000000313179,OSF8V1620,Winit线下尾程服务,1,202512301,【尾程】winit线下尾程询价,"""1、仓库/尾程SD报价；",,
626349,VASC000000313182,OW01V1602,入库其他服务需求,1,202506120001,【入库】关联第三方商品条码上架,背景：该异常单为错装异常，因为把SN验到别的包裹里，导致仓库无法扫描上架，因系统校验单品化管理sku换到新单必须要补贴单品标签提交线上增值被退回因此需要提交非标增值处理，这些异常的货物都已提OA解绑SN码，无需补贴标签，因此需要仓库补贴包裹条码重新扫描SN到新单上架即可，对应关系请查看附件;,,
626307,VASC000000313200,OW01V1602,入库其他服务需求,1,20250407044,仓库已完成 需补收费用,背景：VASC000000309810  已完成，漏关闭异常，二次补增值关闭，免增值费！,,
626373,VASC000000313224,OW01V1602,入库其他服务需求,1,[Warehouse]AbnormalTransferOfParcelsFromMultipleWarehouses,【入库】包裹串仓异常调拨,背景：EB0126070230983595 货物实际是DG品，需要转回DG仓上架，请帮忙把货物转到DG仓，上架到WI50892274，补贴winit包裹标签；,,
626481,VASC000000313236,OSF8V1601,出库其他服务需求,1,NULL,NULL,,NULL,CD
626466,VASC000000313260,OSF8V1657,代理清关,1,【Outbound】Customs clearance agent,【出库】代理清关,打印附件的清关文件，交付尾程供应商，完成出库,NULL,CO
626709,VASC000000313293,OW01V1602,入库其他服务需求,1,20250407075,【入库】指定包裹拍照,仓库操作步骤：,,
626784,VASC000000313296,OW01V1602,入库其他服务需求,1,NULL,NULL,,NULL,CD
626712,VASC000000313320,OSF6V1603,库内其他服务需求,1,20250407044,仓库已完成 需补收费用,【背景】WT010013950637调整单箱转单一产品因箱内产品没有贴SKU标签，WT010013950637==单品数量：100。这个是补贴了100个商品条码仓库已经补了SKU标签上架，需补增值收费。,,
626820,VASC000000313377,OW01V1602,入库其他服务需求,1,20250430,【入库】“包裹条码批量异常（需客户处理）”辨识后补贴包裹标签上架,仓库操作步骤：,,
626910,VASC000000313380,OW01V1602,入库其他服务需求,1,20250522001,【入库】指定商品拍照暂存,仓库操作步骤;,,
626922,VASC000000313383,OSF8V1601,出库其他服务需求,1,NULL,NULL,,NULL,CD
626940,VASC000000313416,OW01V1602,入库其他服务需求,1,20250522001,【入库】指定商品拍照暂存,背景：B0400000001408151443--M010000000008442556 可能贴错标签，需要找到这个商品拍摄实物辨识；,,
626964,VASC000000313431,OSF6V1603,库内其他服务需求,1,NULL,NULL,,NULL,CD
626967,VASC000000313446,OSF6V1671,逆向取货,1,202512301,【尾程】winit线下尾程询价,仅收费，无需仓库操作,NULL,CO
626973,VASC000000313455,OW01V1602,入库其他服务需求,1,20250407004,【入库】尺重/标签辨识后换标上架,仓库操作步骤：,,
627057,VASC000000313464,OW01V1602,入库其他服务需求,1,NULL,NULL,,NULL,CD
627027,VASC000000313476,OSF6V1644,DG商品销毁,1,202601160001,【库内】特殊商品销毁（DG、带电、药物）,【背景】M010000000006838560为DG纯电池货物，客户无法联系服务商到仓自提货物，需要仓库帮忙安排销毁。,,
627069,VASC000000313491,OSF8V1620,Winit线下尾程服务,1,202512301,【尾程】winit线下尾程询价,"""1、仓库/尾程SD报价；",,
627072,VASC000000313497,OSF6V1603,库内其他服务需求,1,20250808003,【库内】良品转不良品上架,【背景】1、原单WI50048193以下10个箱码当时要求上架到WI50480131，不良品（当时下了增值单：VASC000000298929 ），但仓库直接良品上架到原单了（未按照增值单要求执行，但是增值单还点完成了），现在需要把这些良品库存转不良品。2、原单WI50160095，以下箱码要求从良品转为不良品。,,
627078,VASC000000313506,OSF6V1603,库内其他服务需求,1,20250808003,【库内】良品转不良品上架,【】,,
627138,VASC000000313524,OSF8V1601,出库其他服务需求,1,NULL,NULL,,NULL,CD
627147,VASC000000313542,OW01V1602,入库其他服务需求,1,20251027,【入库】包裹类异常关联第三方包裹条码直接上架,背景：由于货物到仓后anker才推单成功导致产生异常，目前第三方箱唛已关联，可以重新扫描上架到WI50883668，谢谢,,
627150,VASC000000313551,OSF6V1603,库内其他服务需求,1,20250407066,【库内】覆盖A包包裹外箱上的商品标签,【背景】库内异常单品条码无法扫描：EB0526070731087833、EB0526070731087833、EB0526070731087527，原因是外箱贴了商品条码，要清除外箱的商品条码后重新按原来的A包，各自上架回原SKU。,,
627174,VASC000000313572,OSF8V1620,Winit线下尾程服务,1,202512301,【尾程】winit线下尾程询价,"""1、仓库/尾程SD报价；",,
627489,VASC000000313629,OSF8V1601,出库其他服务需求,1,NULL,NULL,,NULL,CD
627351,VASC000000313632,OSF8V1620,Winit线下尾程服务,1,202512301,【尾程】winit线下尾程询价,"""1、仓库/尾程SD报价；",,
627495,VASC000000313704,OSF8V1620,Winit线下尾程服务,1,202512301,【尾程】winit线下尾程询价,"""1、仓库/尾程SD报价；",,
627507,VASC000000313716,OSF8V1755,出库内外箱补贴商品标签,1,NULL,NULL,EAN场景步骤1：拆开商品外箱 步骤2：核对外箱及彩盒上的条码 步骤3：若条码不一致，则需要用客户上传的标签文件覆盖EAN条码 步骤4：外箱和彩盒上不能出现除正确EAN条码以外的其他条码，若有其他条码请用白标覆盖  步骤5：完成后输入增值单品数量 透明计划场景步骤1：拆开商品外箱 步骤2：补贴商品透明计划标签 步骤3：商品封箱 步骤4：外箱上补贴对应的透明计划标签 内外箱透明计划标签需一致  步骤5：完成后输入增值单品数量,NULL,CO
627531,VASC000000313725,OSF8V1601,出库其他服务需求,1,NULL,NULL,,NULL,CD
627591,VASC000000313734,OSF8V1601,出库其他服务需求,1,20250408001,【出库】重新打托（塑料托盘）,操作步骤：,,
627627,VASC000000313740,OSF6V1649,辨识单品配件后销毁,1,NULL,NULL,将辨识出来的配件销毁,NULL,CO
627663,VASC000000313746,OW01V1594,上架前自提（无需WINIT打托）,1,NULL,NULL,1、补贴快递面单,,
627633,VASC000000313752,OSF8V1755,出库内外箱补贴商品标签,1,NULL,NULL,EAN场景步骤1：拆开商品外箱 步骤2：核对外箱及彩盒上的条码 步骤3：若条码不一致，则需要用客户上传的标签文件覆盖EAN条码 步骤4：外箱和彩盒上不能出现除正确EAN条码以外的其他条码，若有其他条码请用白标覆盖  步骤5：完成后输入增值单品数量 透明计划场景步骤1：拆开商品外箱 步骤2：补贴商品透明计划标签 步骤3：商品封箱 步骤4：外箱上补贴对应的透明计划标签 内外箱透明计划标签需一致  步骤5：完成后输入增值单品数量,NULL,CO
627648,VASC000000313758,OW01V1602,入库其他服务需求,1,20250407044,仓库已完成 需补收费用,VASC000000310617 原增值单已处理完毕，异常单未关闭，此增值单用于关闭异常单；,,
627678,VASC000000313770,OSF8V1755,出库内外箱补贴商品标签,1,NULL,NULL,EAN场景步骤1：拆开商品外箱 步骤2：核对外箱及彩盒上的条码 步骤3：若条码不一致，则需要用客户上传的标签文件覆盖EAN条码 步骤4：外箱和彩盒上不能出现除正确EAN条码以外的其他条码，若有其他条码请用白标覆盖  步骤5：完成后输入增值单品数量 透明计划场景步骤1：拆开商品外箱 步骤2：补贴商品透明计划标签 步骤3：商品封箱 步骤4：外箱上补贴对应的透明计划标签 内外箱透明计划标签需一致  步骤5：完成后输入增值单品数量,NULL,CD
627681,VASC000000313770,OSF8V1716,Anker加急出库,1,NULL,NULL,仓库根据订单情况判断能否在【指定出库日期】之前完成增值，若无法操作加急，请“异常终止”增值订单，若可以操作，请填写加急实际操作工时并“完成”增值 注意（非常重要！！！）： 1. 加急增值完成标准： *标准出库：加急订单出库日期应早于应出库日期，若不符合此条件，请“异常终止”增值订单 *自提出库：加急订单暂存日期应早于应暂存日期，若不符合此条件，请“异常终止”增值订单 2. 仓库实际操作工时，请提前记录并如实填写，最终会根据此工时收取客户费用 3. 需要在出库前完成此增值，否则增值将会被自动“异常终止”,NULL,CD
627687,VASC000000313773,OW01V1594,上架前自提（无需WINIT打托）,1,NULL,NULL,1、补贴快递面单,,
627693,VASC000000313776,OSF8V1755,出库内外箱补贴商品标签,1,NULL,NULL,EAN场景步骤1：拆开商品外箱 步骤2：核对外箱及彩盒上的条码 步骤3：若条码不一致，则需要用客户上传的标签文件覆盖EAN条码 步骤4：外箱和彩盒上不能出现除正确EAN条码以外的其他条码，若有其他条码请用白标覆盖  步骤5：完成后输入增值单品数量 透明计划场景步骤1：拆开商品外箱 步骤2：补贴商品透明计划标签 步骤3：商品封箱 步骤4：外箱上补贴对应的透明计划标签 内外箱透明计划标签需一致  步骤5：完成后输入增值单品数量,NULL,CO
627699,VASC000000313779,OSF8V1755,出库内外箱补贴商品标签,1,NULL,NULL,EAN场景步骤1：拆开商品外箱 步骤2：核对外箱及彩盒上的条码 步骤3：若条码不一致，则需要用客户上传的标签文件覆盖EAN条码 步骤4：外箱和彩盒上不能出现除正确EAN条码以外的其他条码，若有其他条码请用白标覆盖  步骤5：完成后输入增值单品数量 透明计划场景步骤1：拆开商品外箱 步骤2：补贴商品透明计划标签 步骤3：商品封箱 步骤4：外箱上补贴对应的透明计划标签 内外箱透明计划标签需一致  步骤5：完成后输入增值单品数量,NULL,CO
627702,VASC000000313791,OSF6V1603,库内其他服务需求,1,INSTOCK_SPLIT_SKU,【库内】拆分SKU,【背景】：库内拆分成不同SKU，拍照反馈拆出物料的图片，需要复核数量是否正确，故非标申请。,,
627723,VASC000000313803,OSF8V1601,出库其他服务需求,1,20250408001,【出库】重新打托（塑料托盘）,操作步骤：,,
627924,VASC000000313899,OW01V1602,入库其他服务需求,1,202506120003,【入库】批量辨识商品后补贴商品条码及包裹条码上架,仓库操作步骤：,,
627933,VASC000000313908,OSF8V1620,Winit线下尾程服务,1,202512301,【尾程】winit线下尾程询价,"""1、仓库/尾程SD报价；",,
627939,VASC000000313911,OSF8V1620,Winit线下尾程服务,1,NULL,NULL,"""1、仓库/尾程SD报价；",,
627963,VASC000000313932,OW01V1594,上架前自提（无需WINIT打托）,1,NULL,NULL,1、补贴快递面单,,
628014,VASC000000313947,OSF8V1755,出库内外箱补贴商品标签,1,NULL,NULL,EAN场景步骤1：拆开商品外箱 步骤2：核对外箱及彩盒上的条码 步骤3：若条码不一致，则需要用客户上传的标签文件覆盖EAN条码 步骤4：外箱和彩盒上不能出现除正确EAN条码以外的其他条码，若有其他条码请用白标覆盖  步骤5：完成后输入增值单品数量 透明计划场景步骤1：拆开商品外箱 步骤2：补贴商品透明计划标签 步骤3：商品封箱 步骤4：外箱上补贴对应的透明计划标签 内外箱透明计划标签需一致  步骤5：完成后输入增值单品数量,NULL,CO
628101,VASC000000313956,OSF6V1596,单品拆分后上架（拆分为一个SKU）,1,NULL,NULL,1.拆分单品，拆分为同1个SKU,,
628020,VASC000000313959,OSF6V1603,库内其他服务需求,1,20251230001,【库内】补贴第三方商品条码上架,【背景】背景：异常EB0525103023735733，anker处理异常增值单：VASC000000190545。 仓库反馈8件做完库内增值系统没有自动盘亏。T2210V11-F（M010000000007322656）补贴后应该要重新上架但是没有自动上架，导致目前货物M010000000007322656还在库，需要重新上架WI50911201。,,
628026,VASC000000313962,OSF8V1755,出库内外箱补贴商品标签,1,NULL,NULL,EAN场景步骤1：拆开商品外箱 步骤2：核对外箱及彩盒上的条码 步骤3：若条码不一致，则需要用客户上传的标签文件覆盖EAN条码 步骤4：外箱和彩盒上不能出现除正确EAN条码以外的其他条码，若有其他条码请用白标覆盖  步骤5：完成后输入增值单品数量 透明计划场景步骤1：拆开商品外箱 步骤2：补贴商品透明计划标签 步骤3：商品封箱 步骤4：外箱上补贴对应的透明计划标签 内外箱透明计划标签需一致  步骤5：完成后输入增值单品数量,NULL,CO
628032,VASC000000313965,OSF8V1755,出库内外箱补贴商品标签,1,NULL,NULL,EAN场景步骤1：拆开商品外箱 步骤2：核对外箱及彩盒上的条码 步骤3：若条码不一致，则需要用客户上传的标签文件覆盖EAN条码 步骤4：外箱和彩盒上不能出现除正确EAN条码以外的其他条码，若有其他条码请用白标覆盖  步骤5：完成后输入增值单品数量 透明计划场景步骤1：拆开商品外箱 步骤2：补贴商品透明计划标签 步骤3：商品封箱 步骤4：外箱上补贴对应的透明计划标签 内外箱透明计划标签需一致  步骤5：完成后输入增值单品数量,NULL,CO
629991,VASC000000313974,OW01V1602,入库其他服务需求,1,20250522001,【入库】指定商品拍照暂存,背景：WI50300196入库单查验无塑封膜，需开盒查验货物是否无缺失。,,
628050,VASC000000313977,OW01V1652,入库-清除商品标签,1,NULL,NULL,按照客户提供的示例图，清除标签,NULL,CO
628071,VASC000000313986,OW01V1602,入库其他服务需求,1,20260302,【入库】覆盖/清除标签,仓库操作步骤：,,
628080,VASC000000314001,OSF6V1603,库内其他服务需求,1,20250407044,仓库已完成 需补收费用,【背景】WT010013950637调整单箱转单一产品因箱内产品没有贴SKU标签，WT010013950637==单品数量：100。这个是补贴了100个商品条码仓库已经补了SKU标签上架，需补增值收费。,,
628104,VASC000000314004,OSF8V1749,审核出库单,1,NULL,NULL,仅万邑通内部发起,NULL,CO
628110,VASC000000314022,OSF6V1603,库内其他服务需求,1,20250408004,【库内】单一产品开箱补贴商品标签,【背景】库存调整单：WT010013961556，下单400pcs/箱，申请转成单一产品，但是仓库开箱发现实物只有33pcs，且实物没有贴商品标签，申请补贴商品标签转出单一产品后，再盘亏多余的库存，标签见附件。,,
628206,VASC000000314043,OW01V1602,入库其他服务需求,1,NULL,NULL,,NULL,CD
628233,VASC000000314055,OW01V1602,入库其他服务需求,1,20250407044,仓库已完成 需补收费用,背景：客户无主货自提，历史增值已完成，EB0326062530732441第三次提交非标增值 这次麻烦一定关闭异常状态 谢谢；VASC000000310245  已完成；VASC000000307377  已完成。,,
628257,VASC000000314058,OSF6V1603,库内其他服务需求,1,20250407043,【库内】商品外观辨识+贴标上架,【背景】客户入库单中的包裹条码工厂在出货的时候全部都贴错了 到仓抽验的包裹均登记了包裹错装异常 客户也都全部处理完成 后续仓库还提交过库内商品错装的异常 客户也处理完成 但是客户现在发现实际上架商品数量还是同下单差距过大，需要仓库根据入库批次和包裹码找到实物的，找包裹并拆包辨识，辨识到错装的仓库就登记错装异常，客户根据异常单处理。,,
628239,VASC000000314061,OSF6V1603,库内其他服务需求,1,20250714003,【库内】单品条码状态异常换新入库单上架,【背景】由于仓库原因导致箱产品货物破损，目前需要将箱产品作为一个新SKU 上架区分开。,,
628251,VASC000000314064,OSF8V1620,Winit线下尾程服务,1,202512301,【尾程】winit线下尾程询价,"""1、仓库/尾程SD报价；",,
628278,VASC000000314079,OSF8V1620,Winit线下尾程服务,1,202512301,【尾程】winit线下尾程询价,"""1、仓库/尾程SD报价；",,
628323,VASC000000314094,OW01V1652,入库-清除商品标签,1,NULL,NULL,按照客户提供的示例图，清除标签,NULL,CO
628887,VASC000000314100,OW01V1602,入库其他服务需求,1,20250407004,【入库】尺重/标签辨识后换标上架,背景：原单：WI50092861    指定里面20件M010000000010411825，做上架前拦截，拦截下来以后，新单WI50924885，更换包裹标签以及商品标签在上架。,,
628365,VASC000000314115,OSF8V1755,出库内外箱补贴商品标签,1,NULL,NULL,EAN场景步骤1：拆开商品外箱 步骤2：核对外箱及彩盒上的条码 步骤3：若条码不一致，则需要用客户上传的标签文件覆盖EAN条码 步骤4：外箱和彩盒上不能出现除正确EAN条码以外的其他条码，若有其他条码请用白标覆盖  步骤5：完成后输入增值单品数量 透明计划场景步骤1：拆开商品外箱 步骤2：补贴商品透明计划标签 步骤3：商品封箱 步骤4：外箱上补贴对应的透明计划标签 内外箱透明计划标签需一致  步骤5：完成后输入增值单品数量,NULL,CO
628413,VASC000000314139,OSF6V1603,库内其他服务需求,1,NULL,NULL,,NULL,CD
628410,VASC000000314145,OSF8V1755,出库内外箱补贴商品标签,1,NULL,NULL,EAN场景步骤1：拆开商品外箱 步骤2：核对外箱及彩盒上的条码 步骤3：若条码不一致，则需要用客户上传的标签文件覆盖EAN条码 步骤4：外箱和彩盒上不能出现除正确EAN条码以外的其他条码，若有其他条码请用白标覆盖  步骤5：完成后输入增值单品数量 透明计划场景步骤1：拆开商品外箱 步骤2：补贴商品透明计划标签 步骤3：商品封箱 步骤4：外箱上补贴对应的透明计划标签 内外箱透明计划标签需一致  步骤5：完成后输入增值单品数量,NULL,CO
628632,VASC000000314154,OSF6V1603,库内其他服务需求,1,NULL,NULL,,NULL,CD
628470,VASC000000314169,OSF8V1755,出库内外箱补贴商品标签,1,NULL,NULL,EAN场景步骤1：拆开商品外箱 步骤2：核对外箱及彩盒上的条码 步骤3：若条码不一致，则需要用客户上传的标签文件覆盖EAN条码 步骤4：外箱和彩盒上不能出现除正确EAN条码以外的其他条码，若有其他条码请用白标覆盖  步骤5：完成后输入增值单品数量 透明计划场景步骤1：拆开商品外箱 步骤2：补贴商品透明计划标签 步骤3：商品封箱 步骤4：外箱上补贴对应的透明计划标签 内外箱透明计划标签需一致  步骤5：完成后输入增值单品数量,NULL,CO
628518,VASC000000314187,OSF8V1755,出库内外箱补贴商品标签,1,NULL,NULL,EAN场景步骤1：拆开商品外箱 步骤2：核对外箱及彩盒上的条码 步骤3：若条码不一致，则需要用客户上传的标签文件覆盖EAN条码 步骤4：外箱和彩盒上不能出现除正确EAN条码以外的其他条码，若有其他条码请用白标覆盖  步骤5：完成后输入增值单品数量 透明计划场景步骤1：拆开商品外箱 步骤2：补贴商品透明计划标签 步骤3：商品封箱 步骤4：外箱上补贴对应的透明计划标签 内外箱透明计划标签需一致  步骤5：完成后输入增值单品数量,NULL,CO
628521,VASC000000314190,OSF8V1657,代理清关,1,【Outbound】Customs clearance agent,【出库】代理清关,打印附件的清关文件，交付尾程供应商，完成出库,NULL,CO
628524,VASC000000314193,OSF8V1657,代理清关,1,【Outbound】Customs clearance agent,【出库】代理清关,打印附件的清关文件，交付尾程供应商，完成出库,NULL,CO
628527,VASC000000314196,OSF8V1657,代理清关,1,【Outbound】Customs clearance agent,【出库】代理清关,打印附件的清关文件，交付尾程供应商，完成出库,NULL,CO
628530,VASC000000314199,OSF8V1657,代理清关,1,【Outbound】Customs clearance agent,【出库】代理清关,打印附件的清关文件，交付尾程供应商，完成出库,NULL,CO
628533,VASC000000314202,OSF8V1657,代理清关,1,【Outbound】Customs clearance agent,【出库】代理清关,打印附件的清关文件，交付尾程供应商，完成出库,NULL,CO
628536,VASC000000314205,OSF8V1657,代理清关,1,【Outbound】Customs clearance agent,【出库】代理清关,打印附件的清关文件，交付尾程供应商，完成出库,NULL,CO
628539,VASC000000314208,OSF8V1657,代理清关,1,【Outbound】Customs clearance agent,【出库】代理清关,打印附件的清关文件，交付尾程供应商，完成出库,NULL,CO
628587,VASC000000314223,OSF8V1755,出库内外箱补贴商品标签,1,NULL,NULL,EAN场景步骤1：拆开商品外箱 步骤2：核对外箱及彩盒上的条码 步骤3：若条码不一致，则需要用客户上传的标签文件覆盖EAN条码 步骤4：外箱和彩盒上不能出现除正确EAN条码以外的其他条码，若有其他条码请用白标覆盖  步骤5：完成后输入增值单品数量 透明计划场景步骤1：拆开商品外箱 步骤2：补贴商品透明计划标签 步骤3：商品封箱 步骤4：外箱上补贴对应的透明计划标签 内外箱透明计划标签需一致  步骤5：完成后输入增值单品数量,NULL,CO
628650,VASC000000314238,OSF6V1603,库内其他服务需求,1,20250401002,【库内】关联第三方条码上架,【背景】33件彩卡为single 350g（看附件的彩卡）的产品 上架到WI50919841，sku为：AU-FBM-WD-L-S。,,
628707,VASC000000314274,OSF8V1749,审核出库单,1,NULL,NULL,仅万邑通内部发起,NULL,CO
628710,VASC000000314277,OSF6V1671,逆向取货,1,20250723,【尾程】Anker Crowfoots出库,仅收费，无需仓库操作,NULL,CO
628752,VASC000000314280,OW01V1600,提供海外仓监控视频-少单品调查,1,NULL,NULL,根据到仓订单具体情况提供对应视频：,,
628728,VASC000000314289,OSF8V1749,审核出库单,1,NULL,NULL,仅万邑通内部发起,NULL,CO
629070,VASC000000314343,OSF6V1603,库内其他服务需求,1,20250407043,【库内】商品外观辨识+贴标上架,【背景】：M010000000010461098，M010000000010461100，这两个sku有部分库存混一起了，现需要仓库把库内库存辨识后做换标上架。,,
629124,VASC000000314355,OSF8V1620,Winit线下尾程服务,1,202512301,【尾程】winit线下尾程询价,"""1、仓库/尾程SD报价；",,
628953,VASC000000314373,OSF6V1603,库内其他服务需求,1,20250407042,【出库】暂存完成订单补拍包裹内商品标签照片,【背景】RT16000307439408CN，商品：RM5200000001941339，需要将图片中 排气管能复原 就是缩回到正常状态。标签那里上传的图片为正常状态。,,
628986,VASC000000314388,OSF8V1620,Winit线下尾程服务,1,202512301,【尾程】winit线下尾程询价,"""1、仓库/尾程SD报价；",,
630492,VASC000000314394,OSF8V1620,Winit线下尾程服务,1,202512301,【尾程】winit线下尾程询价,"""1、仓库/尾程SD报价；",,
629100,VASC000000314427,OW01V1602,入库其他服务需求,1,202506120001,【入库】关联第三方商品条码上架,背景：VASC000000313341异常包裹直接上架，[海运整柜100%A+/A包裹]，不支持异常[B01E1615_包裹条码批量异常（需客户处理），B0102E21_包裹条码异常(需客户处理)];整单退回,,
629172,VASC000000314445,OSF6V1752,无主货找回（6个自然日内）-仓库创建无RMA退货单,1,NULL,NULL,步骤1：按照客户提供的快递单号或者POD尝试找回无主货 步骤2： ①若货物找回，请仓库创建无RMA退货单上架并反馈退货订单号，然后【完成】增值单 ②若货物未找回，请【完成】增值单  注意：此增值无论商品是否找回，请将增值单更新为【已出库】,NULL,CO
629196,VASC000000314457,OW01V1602,入库其他服务需求,1,20250619,【入库】	ABC类/子包裹内商品错装暂存（需客户处理），云仓不支持原单补贴包裹条码上架,背景：该WI50287326入库单有批量异常，异常单为错装异常，因为把SN验到别的包裹里，导致仓库无法扫描上架，因系统校验单品化管理sku换到新单必须要补贴单品标签提交线上增值被退回因此需要提交非标增值处理，这些异常的货物都已提OA解绑SN码，无需补贴标签，因此需要仓库补贴包裹条码重新扫描SN到新单上架即可，对应关系请查看附件;,,
629211,VASC000000314460,OW01V1602,入庫其他服務需求,1,20251103,【入库】补贴包裹标签上架到原入库单“已终止的”包裹中,背景：EB0126062730788604 箱唛重复粘贴，工厂端应该粘贴GLSH10A261300013-1的第三方包裹条码标签，但未正确粘贴，包裹里的SN条码都导入正确，不需要更换SN条条码，只需要补贴第三方包裹条码标签仓库直接扫描后返架即可,,
629226,VASC000000314469,OSF8V1620,Winit线下尾程服务,1,202512301,【尾程】winit线下尾程询价,"""1、仓库/尾程SD报价；",,
629358,VASC000000314499,OW01V1602,入庫其他服務需求,1,20251103,【入库】补贴包裹标签上架到原入库单“已终止的”包裹中,背景：箱唛重复粘贴，工厂端应该粘贴GLSH10A261300008-1/GLSH10A261300011-1,,
629301,VASC000000314505,OSF8V1620,Winit线下尾程服务,1,202512301,【尾程】winit线下尾程询价,"""1、仓库/尾程SD报价；",,
629310,VASC000000314508,OSF8V1755,出库内外箱补贴商品标签,1,NULL,NULL,EAN场景步骤1：拆开商品外箱 步骤2：核对外箱及彩盒上的条码 步骤3：若条码不一致，则需要用客户上传的标签文件覆盖EAN条码 步骤4：外箱和彩盒上不能出现除正确EAN条码以外的其他条码，若有其他条码请用白标覆盖  步骤5：完成后输入增值单品数量 透明计划场景步骤1：拆开商品外箱 步骤2：补贴商品透明计划标签 步骤3：商品封箱 步骤4：外箱上补贴对应的透明计划标签 内外箱透明计划标签需一致  步骤5：完成后输入增值单品数量,NULL,CO
630162,VASC000000314517,OW01V1602,入库其他服务需求,1,NULL,NULL,,NULL,CD
630147,VASC000000314520,OW01V1602,入库其他服务需求,1,NULL,NULL,,NULL,CD
630144,VASC000000314523,OW01V1602,入库其他服务需求,1,NULL,NULL,,NULL,CD
629352,VASC000000314538,OSF8V1620,Winit线下尾程服务,1,202512301,【尾程】winit线下尾程询价,"""1、仓库/尾程SD报价；",,
629370,VASC000000314544,OSF8V1755,出库内外箱补贴商品标签,1,NULL,NULL,EAN场景步骤1：拆开商品外箱 步骤2：核对外箱及彩盒上的条码 步骤3：若条码不一致，则需要用客户上传的标签文件覆盖EAN条码 步骤4：外箱和彩盒上不能出现除正确EAN条码以外的其他条码，若有其他条码请用白标覆盖  步骤5：完成后输入增值单品数量 透明计划场景步骤1：拆开商品外箱 步骤2：补贴商品透明计划标签 步骤3：商品封箱 步骤4：外箱上补贴对应的透明计划标签 内外箱透明计划标签需一致  步骤5：完成后输入增值单品数量,NULL,CO
629382,VASC000000314550,OSF8V1755,出库内外箱补贴商品标签,1,NULL,NULL,EAN场景步骤1：拆开商品外箱 步骤2：核对外箱及彩盒上的条码 步骤3：若条码不一致，则需要用客户上传的标签文件覆盖EAN条码 步骤4：外箱和彩盒上不能出现除正确EAN条码以外的其他条码，若有其他条码请用白标覆盖  步骤5：完成后输入增值单品数量 透明计划场景步骤1：拆开商品外箱 步骤2：补贴商品透明计划标签 步骤3：商品封箱 步骤4：外箱上补贴对应的透明计划标签 内外箱透明计划标签需一致  步骤5：完成后输入增值单品数量,NULL,CO
629385,VASC000000314553,OW01V1602,入库其他服务需求,1,202506120001,【入库】关联第三方商品条码上架,仓库操作步骤：,,
629391,VASC000000314556,OSF8V1716,Anker加急出库,1,NULL,NULL,仓库根据订单情况判断能否在【指定出库日期】之前完成增值，若无法操作加急，请“异常终止”增值订单，若可以操作，请填写加急实际操作工时并“完成”增值 注意（非常重要！！！）： 1. 加急增值完成标准： *标准出库：加急订单出库日期应早于应出库日期，若不符合此条件，请“异常终止”增值订单 *自提出库：加急订单暂存日期应早于应暂存日期，若不符合此条件，请“异常终止”增值订单 2. 仓库实际操作工时，请提前记录并如实填写，最终会根据此工时收取客户费用 3. 需要在出库前完成此增值，否则增值将会被自动“异常终止”,NULL,CD
629400,VASC000000314559,OSF8V1620,Winit线下尾程服务,1,NULL,NULL,"""1、仓库/尾程SD报价；",,
629406,VASC000000314562,OSF8V1755,出库内外箱补贴商品标签,1,NULL,NULL,EAN场景步骤1：拆开商品外箱 步骤2：核对外箱及彩盒上的条码 步骤3：若条码不一致，则需要用客户上传的标签文件覆盖EAN条码 步骤4：外箱和彩盒上不能出现除正确EAN条码以外的其他条码，若有其他条码请用白标覆盖  步骤5：完成后输入增值单品数量 透明计划场景步骤1：拆开商品外箱 步骤2：补贴商品透明计划标签 步骤3：商品封箱 步骤4：外箱上补贴对应的透明计划标签 内外箱透明计划标签需一致  步骤5：完成后输入增值单品数量,NULL,CO
629412,VASC000000314565,OSF8V1755,出库内外箱补贴商品标签,1,NULL,NULL,EAN场景步骤1：拆开商品外箱 步骤2：核对外箱及彩盒上的条码 步骤3：若条码不一致，则需要用客户上传的标签文件覆盖EAN条码 步骤4：外箱和彩盒上不能出现除正确EAN条码以外的其他条码，若有其他条码请用白标覆盖  步骤5：完成后输入增值单品数量 透明计划场景步骤1：拆开商品外箱 步骤2：补贴商品透明计划标签 步骤3：商品封箱 步骤4：外箱上补贴对应的透明计划标签 内外箱透明计划标签需一致  步骤5：完成后输入增值单品数量,NULL,CO
629457,VASC000000314571,OSF6V1627,单品辨识（不开箱）,1,NULL,NULL,根据客户提供的辨识方法，在不拆单品外包装的情况下，仓库辨识单品数量/标签内容（含第三方商品标签）等差异并反馈,NULL,RT
629562,VASC000000314628,OW01V1622,入库-提供无箱单预报单上架,1,NULL,NULL,"""场景1：新入库单是无箱单，通过包裹推荐>商品预分拣上架",,
629556,VASC000000314631,OSF6V1603,库内其他服务需求,1,20250401002,【库内】关联第三方条码上架,【背景】33件彩卡为single 350g（看附件的彩卡）的产品 上架到WI50919841，sku为：AU-FBM-WD-L-S。,,
629586,VASC000000314643,OW01V1602,入库其他服务需求,1,20250407044,仓库已完成 需补收费用,仓库完成该增值即可，方便补收费用。,,
629631,VASC000000314688,OW01V1600,提供海外仓监控视频-少单品调查,1,NULL,NULL,根据到仓订单具体情况提供对应视频：,,
629637,VASC000000314691,OSF8V1620,Winit线下尾程服务,1,202512301,【尾程】winit线下尾程询价,"""1、仓库/尾程SD报价；",,
629715,VASC000000314745,OSF8V1749,审核出库单,1,NULL,NULL,仅万邑通内部发起,NULL,CO
629730,VASC000000314760,OSF6V1603,库内其他服务需求,1,20250401002,【库内】关联第三方条码上架,【背景】WO11611773811 出库自提暂存订单作废，产生异常EB0626070130936087。已经关联好第三方条码以及第三方包裹条码需上架。,,
629823,VASC000000314790,OSF8V1620,Winit线下尾程服务,1,NULL,NULL,"""1、仓库/尾程SD报价；",,
629841,VASC000000314811,OSF6V1648,代采购包材物料,1,NULL,NULL,,NULL,CD
629859,VASC000000314832,OSF6V1603,库内其他服务需求,1,202512150002,【库内】异常商品转不良品上架,【背景】EB0526062630764109、EB0526062730798780单品质量异常，需要按照不良品上架。,,
629889,VASC000000314862,OW01V1602,入库其他服务需求,1,NULL,NULL,,NULL,CD
629925,VASC000000314886,OW01V1602,入库其他服务需求,1,202506120001,【入库】关联第三方商品条码上架,【背景】客户发货仓出库无法提供完整的SN码表，需要仓库采集入库单中无法识别的SN码，共计257件，采集后导入系统绑定后重新上架。,,
629955,VASC000000314898,OSF8V1620,Winit线下尾程服务,1,202512301,【尾程】winit线下尾程询价,"""1、仓库/尾程SD报价；",,
630102,VASC000000314949,OW01V1602,入库其他服务需求,1,NULL,NULL,,NULL,CD
630078,VASC000000314955,OW01V1602,入库其他服务需求,1,NULL,NULL,,NULL,NULL
630153,VASC000000314976,OW01V1602,入库其他服务需求,1,20250430,【入库】“包裹条码批量异常（需客户处理）”辨识后补贴包裹标签上架,背景：这些异常货物都是第三方单品条码入库的，因系统未及时上传单品码绑定信息，导致仓库扫描上架触发异常；客户下单海外验，还需要重新贴包裹标上架；,,
630189,VASC000000314979,OW01V1602,入库其他服务需求,1,202506120003,【入库】批量辨识商品后补贴商品条码及包裹条码上架,背景：这些异常货物都是第三方单品条码入库的，因系统未及时上传单品码绑定信息，导致仓库扫描上架触发异常；客户下单海外验，还需要重新贴包裹标上架；,,
630177,VASC000000314988,OSF8V1755,出库内外箱补贴商品标签,1,NULL,NULL,EAN场景步骤1：拆开商品外箱 步骤2：核对外箱及彩盒上的条码 步骤3：若条码不一致，则需要用客户上传的标签文件覆盖EAN条码 步骤4：外箱和彩盒上不能出现除正确EAN条码以外的其他条码，若有其他条码请用白标覆盖  步骤5：完成后输入增值单品数量 透明计划场景步骤1：拆开商品外箱 步骤2：补贴商品透明计划标签 步骤3：商品封箱 步骤4：外箱上补贴对应的透明计划标签 内外箱透明计划标签需一致  步骤5：完成后输入增值单品数量,NULL,CO
630207,VASC000000315000,OW01V1602,入库其他服务需求,1,202506120001,【入库】关联第三方商品条码上架,背景：VASC000000314727异常包裹直接上架，[海运整柜100%A+/A包裹]，不支持异常[B01E1615_包裹条码批量异常（需客户处理），B0102E21_包裹条码异常(需客户处理)];整单退回,,
630273,VASC000000315042,OW01V1602,入库其他服务需求,1,20250407044,仓库已完成 需补收费用,背景：WI50287326的异常问题，此前沟通异常单作废，通过VASC000000314457补收异常费用，因这三个异常IT无法作废，因此需要提交增值关闭；,,
630372,VASC000000315048,OSF8V1620,Winit线下尾程服务,1,202512301,【尾程】winit线下尾程询价,"""1、仓库/尾程SD报价；",,
630417,VASC000000315054,OW01V1602,入库其他服务需求,1,202506120003,【入库】批量辨识商品后补贴商品条码及包裹条码上架,仓库操作步骤：,,
630348,VASC000000315057,OW01V1602,入库其他服务需求,1,NULL,NULL,,NULL,CD
630351,VASC000000315075,OSF8V1657,代理清关,1,【Outbound】Customs clearance agent,【出库】代理清关,打印附件的清关文件，交付尾程供应商，完成出库,NULL,CO
630354,VASC000000315078,OSF8V1657,代理清关,1,【Outbound】Customs clearance agent,【出库】代理清关,打印附件的清关文件，交付尾程供应商，完成出库,NULL,CO
633099,VASC000000315081,OW01V1594,上架前自提（无需WINIT打托）,1,NULL,NULL,1、补贴快递面单,,
630357,VASC000000315084,OSF8V1657,代理清关,1,【Outbound】Customs clearance agent,【出库】代理清关,打印附件的清关文件，交付尾程供应商，完成出库,NULL,CO
630360,VASC000000315087,OSF8V1657,代理清关,1,【Outbound】Customs clearance agent,【出库】代理清关,打印附件的清关文件，交付尾程供应商，完成出库,NULL,CO
630366,VASC000000315093,OSF8V1755,出库内外箱补贴商品标签,1,NULL,NULL,EAN场景步骤1：拆开商品外箱 步骤2：核对外箱及彩盒上的条码 步骤3：若条码不一致，则需要用客户上传的标签文件覆盖EAN条码 步骤4：外箱和彩盒上不能出现除正确EAN条码以外的其他条码，若有其他条码请用白标覆盖  步骤5：完成后输入增值单品数量 透明计划场景步骤1：拆开商品外箱 步骤2：补贴商品透明计划标签 步骤3：商品封箱 步骤4：外箱上补贴对应的透明计划标签 内外箱透明计划标签需一致  步骤5：完成后输入增值单品数量,NULL,CO
630408,VASC000000315096,OSF8V1601,出库其他服务需求,1,NULL,NULL,,NULL,CD
630429,VASC000000315117,OSF6V1596,单品拆分后上架（拆分为一个SKU）,1,NULL,NULL,1.拆分单品，拆分为同1个SKU,,
630423,VASC000000315123,OSF8V1716,Anker加急出库,1,NULL,NULL,仓库根据订单情况判断能否在【指定出库日期】之前完成增值，若无法操作加急，请“异常终止”增值订单，若可以操作，请填写加急实际操作工时并“完成”增值 注意（非常重要！！！）： 1. 加急增值完成标准： *标准出库：加急订单出库日期应早于应出库日期，若不符合此条件，请“异常终止”增值订单 *自提出库：加急订单暂存日期应早于应暂存日期，若不符合此条件，请“异常终止”增值订单 2. 仓库实际操作工时，请提前记录并如实填写，最终会根据此工时收取客户费用 3. 需要在出库前完成此增值，否则增值将会被自动“异常终止”,NULL,CO
630537,VASC000000315135,OW01V1602,入库其他服务需求,1,20250522001,【入库】指定商品拍照暂存,背景：目前提供的照片只有外包装的照片，不清楚里面的产品是否破损；,,
630480,VASC000000315153,OW01V1604,上架前自提（需WINIT打托）,1,NULL,NULL,"""1、打托",,
630462,VASC000000315156,OSF6V1603,库内其他服务需求,1,20250407044,仓库已完成 需补收费用,背景：8020500108---M010000000012686604-100T,,
631089,VASC000000315159,OW01V1602,入库其他服务需求,1,20250522001,【入库】指定商品拍照暂存,背景：EB0126070130909693、EB0126070130909660这两个异常单号的产品需要开箱拍照辨识；,,
630498,VASC000000315168,OW01V1594,上架前自提（无需WINIT打托）,1,NULL,NULL,1、补贴快递面单,,
630654,VASC000000315177,OW01V1599,提供海外仓监控视频-少包裹调查,1,NULL,NULL,根据到仓订单具体情况提供对应视频：,,
630507,VASC000000315183,OW01V1594,上架前自提（无需WINIT打托）,1,NULL,NULL,1、补贴快递面单,,
630567,VASC000000315204,OSF8V1601,出库其他服务需求,1,NULL,NULL,,NULL,CD
630813,VASC000000315240,OW01V1622,入库-提供无箱单预报单上架,1,NULL,NULL,"""场景1：新入库单是无箱单，通过包裹推荐>商品预分拣上架",,
630651,VASC000000315243,OW01V1602,入库其他服务需求,1,NULL,NULL,,NULL,CD
630714,VASC000000315261,OW01V1602,入库其他服务需求,1,20250430,【入库】“包裹条码批量异常（需客户处理）”辨识后补贴包裹标签上架,仓库操作步骤：,,
630735,VASC000000315264,OW01V1602,入库其他服务需求,1,20250430,【入库】“包裹条码批量异常（需客户处理）”辨识后补贴包裹标签上架,仓库操作步骤：,,
630765,VASC000000315270,OSF8V1620,Winit线下尾程服务,1,NULL,NULL,"""1、仓库/尾程SD报价；",,
631146,VASC000000315309,OSF6V1603,库内其他服务需求,1,NULL,NULL,,NULL,CD
630846,VASC000000315321,OW01V1599,提供海外仓监控视频-少包裹调查,1,NULL,NULL,根据到仓订单具体情况提供对应视频：,,
630867,VASC000000315327,OSF8V1755,出库内外箱补贴商品标签,1,NULL,NULL,EAN场景步骤1：拆开商品外箱 步骤2：核对外箱及彩盒上的条码 步骤3：若条码不一致，则需要用客户上传的标签文件覆盖EAN条码 步骤4：外箱和彩盒上不能出现除正确EAN条码以外的其他条码，若有其他条码请用白标覆盖  步骤5：完成后输入增值单品数量 透明计划场景步骤1：拆开商品外箱 步骤2：补贴商品透明计划标签 步骤3：商品封箱 步骤4：外箱上补贴对应的透明计划标签 内外箱透明计划标签需一致  步骤5：完成后输入增值单品数量,NULL,CO
630912,VASC000000315357,OW01V1602,入库其他服务需求,1,NULL,NULL,,NULL,CD
630936,VASC000000315363,OSF6V1603,库内其他服务需求,1,NULL,NULL,,NULL,CD
630942,VASC000000315369,OSF6V1626,指定商品盘点,1,NULL,NULL,1、将在库商品按SKU进行清点数量,,
630954,VASC000000315372,OSF6V1603,库内其他服务需求,1,INSTOCK_SPLIT_SKU,【库内】拆分SKU,【背景】线上订单库存不足，需要仓库把商品下架单中的山姆整托产品下架，然后拆托后每箱覆盖原有商品标签，以新的SKU:40001005.0102上架到入库单：WI50960492；后续用于发山姆线上DSV订单。,,
631032,VASC000000315381,OSF6V1603,库内其他服务需求,1,20250407065,【库内】指定单品销毁,"【背景】EB0126062430664491,EB0126062430664470需要销毁。",,
631101,VASC000000315393,OSF8V1601,出库其他服务需求,1,20260127,【出库】覆盖指定包裹标签,操作步骤：,,
631050,VASC000000315396,OW01V1602,入庫其他服務需求,1,20260320,【入库】	商品异常更换包裹标签商品标签新单上架,背景：箱唛重复粘贴，工厂端应该粘贴GLSH10A261300008-1/GLSH10A261300011-1,,
631164,VASC000000315432,OSF6V1603,库内其他服务需求,1,NULL,NULL,,NULL,CD
631179,VASC000000315435,OSF6V1603,库内其他服务需求,1,20250616001,【库内】清除包装绑带,仓库操作流程：,,
631227,VASC000000315450,OSF8V1755,出库内外箱补贴商品标签,1,NULL,NULL,EAN场景步骤1：拆开商品外箱 步骤2：核对外箱及彩盒上的条码 步骤3：若条码不一致，则需要用客户上传的标签文件覆盖EAN条码 步骤4：外箱和彩盒上不能出现除正确EAN条码以外的其他条码，若有其他条码请用白标覆盖  步骤5：完成后输入增值单品数量 透明计划场景步骤1：拆开商品外箱 步骤2：补贴商品透明计划标签 步骤3：商品封箱 步骤4：外箱上补贴对应的透明计划标签 内外箱透明计划标签需一致  步骤5：完成后输入增值单品数量,NULL,CO
631293,VASC000000315468,OSF6V1603,库内其他服务需求,1,NULL,NULL,,NULL,CD
631308,VASC000000315477,OSF6V1603,库内其他服务需求,1,NULL,NULL,,NULL,CD
631302,VASC000000315483,OW01V1602,入库其他服务需求,1,20250529001,【入库】上架前采集条码（含SN码、A+包第三方包裹码等）,背景：EB0126070931145721这个异常单一共46箱货物存在包裹条码异常；需仓库每箱打开，核实下箱内的sku反馈，才能识别对应的包裹条码处理上架。,,
631386,VASC000000315504,OSF8V1749,审核出库单,1,NULL,NULL,仅万邑通内部发起,NULL,CO
631809,VASC000000315510,OW01V1602,入库其他服务需求,1,20250522001,【入库】指定商品拍照暂存,仓库操作步骤：,,
631638,VASC000000315537,OW01V1602,入库其他服务需求,1,NULL,NULL,,NULL,CD
631578,VASC000000315591,OSF6V1647,货权转移（改数模式）,1,NULL,NULL,,NULL,CD
631710,VASC000000315621,OW01V1602,入库其他服务需求,1,20250430,【入库】“包裹条码批量异常（需客户处理）”辨识后补贴包裹标签上架,仓库操作步骤：,,
631722,VASC000000315630,OSF8V1620,Winit线下尾程服务,1,202512301,【尾程】winit线下尾程询价,"""1、仓库/尾程SD报价；",,
631662,VASC000000315633,OSF8V1620,Winit线下尾程服务,1,202512301,【尾程】winit线下尾程询价,"""1、仓库/尾程SD报价；",,
631713,VASC000000315657,OW01V1602,入库其他服务需求,1,20251027,【入库】包裹类异常关联第三方包裹条码直接上架,背景：EB0326070731107186，第三方编码之前是绑定到MB+T29D3111的SKU里面的，现在MB+T29D3111已经不用取消关联了，客户重新绑定到T29D3111里面了，仓库重新扫描后上架到原单即可，无需换标签，上完后请关闭异常；,,
631746,VASC000000315669,OSF6V1603,库内其他服务需求,1,INBOUND_PICKUP_BF_SHELVE,【入库】上架前自提,【背景】该客户的货代送错了货物，被仓库登记了无主货EB0126070931169382，申请自提走，附件为提货BOL。,,
631782,VASC000000315687,OSF6V1671,逆向取货,1,20250723,【尾程】Anker Crowfoots出库,仅收费，无需仓库操作,NULL,CO
631884,VASC000000315726,OW01V1602,入库其他服务需求,1,202507021814,【入库】上架前拦截,背景：WI50588160 贴错外箱条码，上架前拦截包裹，更换外箱条码，按新单上架WI50949487；,,
631887,VASC000000315744,OSF6V1603,库内其他服务需求,1,202506120001,【入库】关联第三方商品条码上架,【背景】客户已关联第三方编码，需要上架并关闭异常单。,,
631953,VASC000000315750,OSF6V1603,库内其他服务需求,1,NULL,NULL,,NULL,CD
631956,VASC000000315753,OSF6V1603,库内其他服务需求,1,NULL,NULL,,NULL,CD
634440,VASC000000315774,OW01V1602,入库其他服务需求,1,20250430,【入库】“包裹条码批量异常（需客户处理）”辨识后补贴包裹标签上架,背景：客户原入库单入库的商品包裹码有重复粘贴的情况，导致仓库无法上架，现在需要根据包裹码上的SKU编码辨识，重新补贴新的标签做新单上架。,,
632094,VASC000000315777,OSF6V1752,无主货找回（6个自然日内）-仓库创建无RMA退货单,1,NULL,NULL,步骤1：按照客户提供的快递单号或者POD尝试找回无主货 步骤2： ①若货物找回，请仓库创建无RMA退货单上架并反馈退货订单号，然后【完成】增值单 ②若货物未找回，请【完成】增值单  注意：此增值无论商品是否找回，请将增值单更新为【已出库】,NULL,CO
632088,VASC000000315792,OSF8V1755,出库内外箱补贴商品标签,1,NULL,NULL,EAN场景步骤1：拆开商品外箱 步骤2：核对外箱及彩盒上的条码 步骤3：若条码不一致，则需要用客户上传的标签文件覆盖EAN条码 步骤4：外箱和彩盒上不能出现除正确EAN条码以外的其他条码，若有其他条码请用白标覆盖  步骤5：完成后输入增值单品数量 透明计划场景步骤1：拆开商品外箱 步骤2：补贴商品透明计划标签 步骤3：商品封箱 步骤4：外箱上补贴对应的透明计划标签 内外箱透明计划标签需一致  步骤5：完成后输入增值单品数量,NULL,CO
632100,VASC000000315798,OSF8V1755,出库内外箱补贴商品标签,1,NULL,NULL,EAN场景步骤1：拆开商品外箱 步骤2：核对外箱及彩盒上的条码 步骤3：若条码不一致，则需要用客户上传的标签文件覆盖EAN条码 步骤4：外箱和彩盒上不能出现除正确EAN条码以外的其他条码，若有其他条码请用白标覆盖  步骤5：完成后输入增值单品数量 透明计划场景步骤1：拆开商品外箱 步骤2：补贴商品透明计划标签 步骤3：商品封箱 步骤4：外箱上补贴对应的透明计划标签 内外箱透明计划标签需一致  步骤5：完成后输入增值单品数量,NULL,CO
632106,VASC000000315801,OSF8V1755,出库内外箱补贴商品标签,1,NULL,NULL,EAN场景步骤1：拆开商品外箱 步骤2：核对外箱及彩盒上的条码 步骤3：若条码不一致，则需要用客户上传的标签文件覆盖EAN条码 步骤4：外箱和彩盒上不能出现除正确EAN条码以外的其他条码，若有其他条码请用白标覆盖  步骤5：完成后输入增值单品数量 透明计划场景步骤1：拆开商品外箱 步骤2：补贴商品透明计划标签 步骤3：商品封箱 步骤4：外箱上补贴对应的透明计划标签 内外箱透明计划标签需一致  步骤5：完成后输入增值单品数量,NULL,CO
632124,VASC000000315807,OSF8V1755,出库内外箱补贴商品标签,1,NULL,NULL,EAN场景步骤1：拆开商品外箱 步骤2：核对外箱及彩盒上的条码 步骤3：若条码不一致，则需要用客户上传的标签文件覆盖EAN条码 步骤4：外箱和彩盒上不能出现除正确EAN条码以外的其他条码，若有其他条码请用白标覆盖  步骤5：完成后输入增值单品数量 透明计划场景步骤1：拆开商品外箱 步骤2：补贴商品透明计划标签 步骤3：商品封箱 步骤4：外箱上补贴对应的透明计划标签 内外箱透明计划标签需一致  步骤5：完成后输入增值单品数量,NULL,CO
632160,VASC000000315810,OSF6V1677,退货商品补拍细节照,1,NULL,NULL,针对退货入库商品，按照客户示例图要求开箱补拍商品细节照片（含外箱标签照、内部商品细节图、内部商品标签照等）,NULL,CO
632142,VASC000000315813,OSF8V1755,出库内外箱补贴商品标签,1,NULL,NULL,EAN场景步骤1：拆开商品外箱 步骤2：核对外箱及彩盒上的条码 步骤3：若条码不一致，则需要用客户上传的标签文件覆盖EAN条码 步骤4：外箱和彩盒上不能出现除正确EAN条码以外的其他条码，若有其他条码请用白标覆盖  步骤5：完成后输入增值单品数量 透明计划场景步骤1：拆开商品外箱 步骤2：补贴商品透明计划标签 步骤3：商品封箱 步骤4：外箱上补贴对应的透明计划标签 内外箱透明计划标签需一致  步骤5：完成后输入增值单品数量,NULL,CO
632133,VASC000000315816,OSF8V1749,审核出库单,1,NULL,NULL,仅万邑通内部发起,NULL,CO
632253,VASC000000315858,OSF6V1596,单品拆分后上架（拆分为一个SKU）,1,NULL,NULL,1.拆分单品，拆分为同1个SKU,,
632235,VASC000000315888,OSF6V1603,库内其他服务需求,1,20250407043,【库内】商品外观辨识+贴标上架,【背景】sku：M010000000004303638，需库内辨识第三方编码是否有误，条码值为X002V35P0P的是错误的货物，辨识完成请直接换正确的标签重新上架，（标签见附件）。,,
632265,VASC000000315894,OW01V1599,提供海外仓监控视频-少包裹调查,1,NULL,NULL,根据到仓订单具体情况提供对应视频：,,
632283,VASC000000315897,OW01V1602,入库其他服务需求,1,20260302,【入库】覆盖/清除标签,背景：送仓时间2026-07-13 08:30-14:00英国当地时间；因每个包裹外箱都多贴了一个箱唛，上架前拦截，移除多余的箱唛后再处理上架；,,
632289,VASC000000315906,OW01V1602,入库其他服务需求,1,20260302,【入库】覆盖/清除标签,背景：送仓时间2026-07-13 08:30-14:00英国当地时间；因每个包裹外箱都多贴了一个箱唛，上架前拦截，移除多余的箱唛后再处理上架；,,
632760,VASC000000315909,OSF6V1646,货权转移（换标模式）,1,20250407062,【库内】指定单品/库位商品更换标签上架,1、按照WO11664097146、WO11664093094、WO11664070561下架原sku：M010000000007267177、M010000000007303239；,,
632310,VASC000000315915,OW01V1602,入库其他服务需求,1,20260302,【入库】覆盖/清除标签,背景：送仓时间2026-07-1308:30-14:00英国当地时间；因每个包裹外箱都多贴了一个箱唛，上架前拦截，移除多余的箱唛后再处理上架；,,
632343,VASC000000315927,OSF8V1620,Winit线下尾程服务,1,NULL,NULL,"""1、仓库/尾程SD报价；",,
632379,VASC000000315933,OSF8V1601,出库其他服务需求,1,20250516,【出库】补贴/更换商品标签,操作步骤：,,
632553,VASC000000315993,OSF6V1626,指定商品盘点,1,NULL,NULL,1、将在库商品按SKU进行清点数量,,
632541,VASC000000316017,OSF6V1671,逆向取货,1,20250723,【尾程】Anker Crowfoots出库,仅收费，无需仓库操作,NULL,CO
632595,VASC000000316026,OW01V1602,入库其他服务需求,1,NULL,NULL,,NULL,CD
632568,VASC000000316029,OW01V1622,入库-提供无箱单预报单上架,1,NULL,NULL,"""场景1：新入库单是无箱单，通过包裹推荐>商品预分拣上架",,
635793,VASC000000316035,OW01V1602,入库其他服务需求,1,20250529001,【入库】上架前采集条码（含SN码、A+包第三方包裹码等）,背景：这些异常货物为外包装破损，需采购客制包材过来更换上架，现需要仓库记录箱内SN返还给我司，才能根据sn去采购对应的纸箱；,,
632607,VASC000000316047,OSF8V1620,Winit线下尾程服务,1,NULL,NULL,"""1、仓库/尾程SD报价；",,
632661,VASC000000316050,OSF8V1601,出库其他服务需求,1,20250516,【出库】补贴/更换商品标签,操作步骤：,,
632616,VASC000000316053,OSF8V1755,出库内外箱补贴商品标签,1,NULL,NULL,EAN场景步骤1：拆开商品外箱 步骤2：核对外箱及彩盒上的条码 步骤3：若条码不一致，则需要用客户上传的标签文件覆盖EAN条码 步骤4：外箱和彩盒上不能出现除正确EAN条码以外的其他条码，若有其他条码请用白标覆盖  步骤5：完成后输入增值单品数量 透明计划场景步骤1：拆开商品外箱 步骤2：补贴商品透明计划标签 步骤3：商品封箱 步骤4：外箱上补贴对应的透明计划标签 内外箱透明计划标签需一致  步骤5：完成后输入增值单品数量,NULL,CO
632622,VASC000000316062,OSF8V1755,出库内外箱补贴商品标签,1,NULL,NULL,EAN场景步骤1：拆开商品外箱 步骤2：核对外箱及彩盒上的条码 步骤3：若条码不一致，则需要用客户上传的标签文件覆盖EAN条码 步骤4：外箱和彩盒上不能出现除正确EAN条码以外的其他条码，若有其他条码请用白标覆盖  步骤5：完成后输入增值单品数量 透明计划场景步骤1：拆开商品外箱 步骤2：补贴商品透明计划标签 步骤3：商品封箱 步骤4：外箱上补贴对应的透明计划标签 内外箱透明计划标签需一致  步骤5：完成后输入增值单品数量,NULL,CO
632658,VASC000000316068,OSF8V1755,出库内外箱补贴商品标签,1,NULL,NULL,EAN场景步骤1：拆开商品外箱 步骤2：核对外箱及彩盒上的条码 步骤3：若条码不一致，则需要用客户上传的标签文件覆盖EAN条码 步骤4：外箱和彩盒上不能出现除正确EAN条码以外的其他条码，若有其他条码请用白标覆盖  步骤5：完成后输入增值单品数量 透明计划场景步骤1：拆开商品外箱 步骤2：补贴商品透明计划标签 步骤3：商品封箱 步骤4：外箱上补贴对应的透明计划标签 内外箱透明计划标签需一致  步骤5：完成后输入增值单品数量,NULL,CO
632757,VASC000000316101,OW01V1602,入库其他服务需求,1,NULL,NULL,,NULL,CD
632718,VASC000000316107,OW01V1602,入库其他服务需求,1,202510102,【入库】商品条码异常仓库登记信息不符，客户已更新关联，需直接上架,仓库操作步骤：,,
632796,VASC000000316131,OSF6V1651,库内商品拍摄视频,1,NULL,NULL,,NULL,CO
632871,VASC000000316143,OSF6V1603,库内其他服务需求,1,NULL,NULL,,NULL,CD
632790,VASC000000316146,OSF8V1620,Winit线下尾程服务,1,202512301,【尾程】winit线下尾程询价,"""1、仓库/尾程SD报价；",,
632811,VASC000000316149,OSF8V1620,Winit线下尾程服务,1,202512301,【尾程】winit线下尾程询价,"""1、仓库/尾程SD报价；",,
632838,VASC000000316152,OSF8V1620,Winit线下尾程服务,1,NULL,NULL,"""1、仓库/尾程SD报价；",,
632889,VASC000000316170,OSF8V1755,出库内外箱补贴商品标签,1,NULL,NULL,EAN场景步骤1：拆开商品外箱 步骤2：核对外箱及彩盒上的条码 步骤3：若条码不一致，则需要用客户上传的标签文件覆盖EAN条码 步骤4：外箱和彩盒上不能出现除正确EAN条码以外的其他条码，若有其他条码请用白标覆盖  步骤5：完成后输入增值单品数量 透明计划场景步骤1：拆开商品外箱 步骤2：补贴商品透明计划标签 步骤3：商品封箱 步骤4：外箱上补贴对应的透明计划标签 内外箱透明计划标签需一致  步骤5：完成后输入增值单品数量,NULL,CO
632967,VASC000000316188,OW01V1602,入库其他服务需求,1,20250430,【入库】“包裹条码批量异常（需客户处理）”辨识后补贴包裹标签上架,仓库操作步骤：,,
633015,VASC000000316215,OSF8V1620,Winit线下尾程服务,1,202512301,【尾程】winit线下尾程询价,"""1、仓库/尾程SD报价；",,
633072,VASC000000316218,OSF6V1603,库内其他服务需求,1,NULL,NULL,,NULL,CD
633036,VASC000000316224,OSF8V1620,Winit线下尾程服务,1,202512301,【尾程】winit线下尾程询价,"""1、仓库/尾程SD报价；",,
633093,VASC000000316239,OSF8V1620,Winit线下尾程服务,1,202512301,【尾程】winit线下尾程询价,"""1、仓库/尾程SD报价；",,
633105,VASC000000316242,OW01V1594,上架前自提（无需WINIT打托）,1,NULL,NULL,1、补贴快递面单,,
633120,VASC000000316245,OSF8V1620,Winit线下尾程服务,1,202512301,【尾程】winit线下尾程询价,"""1、仓库/尾程SD报价；",,
633138,VASC000000316257,OW01V1594,上架前自提（无需WINIT打托）,1,NULL,NULL,1、补贴快递面单,,
633165,VASC000000316272,OSF8V1620,Winit线下尾程服务,1,202512301,【尾程】winit线下尾程询价,"""1、仓库/尾程SD报价；",,
633174,VASC000000316275,OSF8V1755,出库内外箱补贴商品标签,1,NULL,NULL,EAN场景步骤1：拆开商品外箱 步骤2：核对外箱及彩盒上的条码 步骤3：若条码不一致，则需要用客户上传的标签文件覆盖EAN条码 步骤4：外箱和彩盒上不能出现除正确EAN条码以外的其他条码，若有其他条码请用白标覆盖  步骤5：完成后输入增值单品数量 透明计划场景步骤1：拆开商品外箱 步骤2：补贴商品透明计划标签 步骤3：商品封箱 步骤4：外箱上补贴对应的透明计划标签 内外箱透明计划标签需一致  步骤5：完成后输入增值单品数量,NULL,CO
633198,VASC000000316281,OSF6V1660,审计盘点,1,NULL,NULL,,NULL,CD
633186,VASC000000316284,OSF8V1620,Winit线下尾程服务,1,202512301,【尾程】winit线下尾程询价,"""1、仓库/尾程SD报价；",,
633192,VASC000000316290,OSF8V1755,出库内外箱补贴商品标签,1,NULL,NULL,EAN场景步骤1：拆开商品外箱 步骤2：核对外箱及彩盒上的条码 步骤3：若条码不一致，则需要用客户上传的标签文件覆盖EAN条码 步骤4：外箱和彩盒上不能出现除正确EAN条码以外的其他条码，若有其他条码请用白标覆盖  步骤5：完成后输入增值单品数量 透明计划场景步骤1：拆开商品外箱 步骤2：补贴商品透明计划标签 步骤3：商品封箱 步骤4：外箱上补贴对应的透明计划标签 内外箱透明计划标签需一致  步骤5：完成后输入增值单品数量,NULL,CO
633210,VASC000000316299,OSF8V1620,Winit线下尾程服务,1,202512301,【尾程】winit线下尾程询价,"""1、仓库/尾程SD报价；",,
633246,VASC000000316311,OSF8V1620,Winit线下尾程服务,1,202512301,【尾程】winit线下尾程询价,"""1、仓库/尾程SD报价；",,
633255,VASC000000316314,OSF8V1620,Winit线下尾程服务,1,202512301,【尾程】winit线下尾程询价,"""1、仓库/尾程SD报价；",,
633264,VASC000000316317,OSF8V1620,Winit线下尾程服务,1,202512301,【尾程】winit线下尾程询价,"""1、仓库/尾程SD报价；",,
633276,VASC000000316320,OSF8V1620,Winit线下尾程服务,1,202512301,【尾程】winit线下尾程询价,"""1、仓库/尾程SD报价；",,
633288,VASC000000316323,OSF8V1620,Winit线下尾程服务,1,202512301,【尾程】winit线下尾程询价,"""1、仓库/尾程SD报价；",,
633297,VASC000000316326,OSF8V1620,Winit线下尾程服务,1,202512301,【尾程】winit线下尾程询价,"""1、仓库/尾程SD报价；",,
633372,VASC000000316362,OSF6V1647,货权转移（改数模式）,1,NULL,NULL,,NULL,CD
633450,VASC000000316383,OSF6V1603,库内其他服务需求,1,NULL,NULL,·,NULL,CD
633414,VASC000000316386,OW01V1602,入库其他服务需求,1,【Library】Abnormal re-photographing,【库内】异常重新拍照,仓库操作步骤：,,
633456,VASC000000316395,OW01V1602,入库其他服务需求,1,20250407044,仓库已完成 需补收费用,异常已完成上架，需要关闭异常单；,,
633471,VASC000000316398,OSF6V1627,单品辨识（不开箱）,1,NULL,NULL,根据客户提供的辨识方法，在不拆单品外包装的情况下，仓库辨识单品数量/标签内容（含第三方商品标签）等差异并反馈,NULL,CO
633516,VASC000000316434,OSF8V1601,出库其他服务需求,1,NULL,NULL,,NULL,CD
633540,VASC000000316440,OSF8V1601,出库其他服务需求,1,NULL,NULL,,NULL,CD
633570,VASC000000316452,OSF8V1601,出库其他服务需求,1,NULL,NULL,,NULL,CD
633603,VASC000000316467,OW01V1602,入库其他服务需求,1,202507021814,【入库】上架前拦截,背景：原增值VASC000000315726终止，原因是仓库无法扫描识别包裹的商品条码，无法判断该如何贴包裹标签；现在需要重新补贴包裹标签以及商品标签；,,
633642,VASC000000316473,OW01V1602,入库其他服务需求,1,NULL,NULL,,NULL,CD
633669,VASC000000316524,OSF8V1601,出库其他服务需求,1,NULL,NULL,,NULL,CD
633678,VASC000000316545,OSF8V1620,Winit线下尾程服务,1,202512301,【尾程】winit线下尾程询价,"""1、仓库/尾程SD报价；",,
633726,VASC000000316575,OSF8V1620,Winit线下尾程服务,1,202512301,【尾程】winit线下尾程询价,"""1、仓库/尾程SD报价；",,
633744,VASC000000316584,OSF8V1620,Winit线下尾程服务,1,202512301,【尾程】winit线下尾程询价,"""1、仓库/尾程SD报价；",,
633804,VASC000000316635,OSF8V1620,Winit线下尾程服务,1,NULL,NULL,"""1、仓库/尾程SD报价；",,
633810,VASC000000316641,OSF8V1601,出库其他服务需求,1,NULL,NULL,,NULL,CD
633816,VASC000000316644,OSF8V1601,出库其他服务需求,1,NULL,NULL,,NULL,CD
633831,VASC000000316650,OSF6V1647,货权转移（改数模式）,1,20250620001,【库内】IT改数收费,此类增值仅用于收费，IT系统改数，无需仓库实物流操作。仓库将增值单状态更新为“仓库已处理”。,NULL,CO
634014,VASC000000316656,OSF6V1751,无主货找回（6个自然日内）-客户提供新单上架,1,NULL,NULL,步骤1：按照客户提供的快递单号或者POD尝试找回无主货 步骤2： ①若货物找回，请按照客户提供的新入库单补贴商品标签和包裹标签上架，并【完成】增值订单 ②若货物未找回，请【完成】增值单，且增值贴标数量反馈为“0”  注意：此增值无论商品是否找回，请将增值单更新为【已出库】,NULL,CO
633846,VASC000000316665,OW01V1602,入库其他服务需求,1,20251027,【入库】包裹类异常关联第三方包裹条码直接上架,仓库操作步骤：,,
633915,VASC000000316677,OSF6V1603,库内其他服务需求,1,NULL,NULL,,NULL,CD
633924,VASC000000316695,OSF8V1749,审核出库单,1,NULL,NULL,仅万邑通内部发起,NULL,CO
633939,VASC000000316707,OSF8V1620,Winit线下尾程服务,1,202512301,【尾程】winit线下尾程询价,"""1、仓库/尾程SD报价；",,
652986,VASC000000316719,OW01V1602,入库其他服务需求,1,202506120003,【入库】批量辨识商品后补贴商品条码及包裹条码上架,仓库操作步骤：,,
633972,VASC000000316731,OW01V1602,入库其他服务需求,1,20250529001,【入库】上架前采集条码（含SN码、A+包第三方包裹码等）,背景：EB0126070931145721这个异常单一共46箱货物存在包裹条码异常；需仓库每箱打开，核实下箱内的sku反馈，才能识别对应的包裹条码处理上架。,,
633984,VASC000000316740,OSF6V1603,库内其他服务需求,1,NULL,NULL,,NULL,CD
634188,VASC000000316749,OSF6V1603,库内其他服务需求,1,20250407071,【库内】商品组合,【背景】客户没有客制包材无法走出库组套的标准增值，故提库内非标特批。,,
634068,VASC000000316752,OW01V1674,入库-异常包裹开箱拍照,1,NULL,NULL,1、根据增值单需求信息找货 2、根据客户示例图片拍照、且需要拍外箱箱唛图、SKU条码图，开箱拍产品实物图以及产品实物标签图 3、按照SKU/包裹整理拍照文件并上传,NULL,CO
634029,VASC000000316761,OW01V1602,入库其他服务需求,1,202506120001,【入库】关联第三方商品条码上架,背景：货物实际是有条码无法识别，目前已经重新关联，麻烦让仓库重新操作在新单WI51017377上架；,,
634113,VASC000000316791,OW01V1674,入库-异常包裹开箱拍照,1,NULL,NULL,1、根据增值单需求信息找货 2、根据客户示例图片拍照、且需要拍外箱箱唛图、SKU条码图，开箱拍产品实物图以及产品实物标签图 3、按照SKU/包裹整理拍照文件并上传,NULL,CD
634164,VASC000000316797,OSF8V1620,Winit线下尾程服务,1,202512301,【尾程】winit线下尾程询价,"""1、仓库/尾程SD报价；",,
634158,VASC000000316806,OW01V1674,入库-异常包裹开箱拍照,1,NULL,NULL,1、根据增值单需求信息找货 2、根据客户示例图片拍照、且需要拍外箱箱唛图、SKU条码图，开箱拍产品实物图以及产品实物标签图 3、按照SKU/包裹整理拍照文件并上传,NULL,CD
634176,VASC000000316809,OW01V1674,入库-异常包裹开箱拍照,1,NULL,NULL,1、根据增值单需求信息找货 2、根据客户示例图片拍照、且需要拍外箱箱唛图、SKU条码图，开箱拍产品实物图以及产品实物标签图 3、按照SKU/包裹整理拍照文件并上传,NULL,CO
645270,VASC000000316827,OW01V1604,上架前自提（需WINIT打托）,1,NULL,NULL,"""1、打托",,
634212,VASC000000316836,OW01V1594,上架前自提（无需WINIT打托）,1,NULL,NULL,1、补贴快递面单,,
634266,VASC000000316887,OSF8V1749,审核出库单,1,NULL,NULL,仅万邑通内部发起,NULL,CO
634269,VASC000000316890,OSF8V1749,审核出库单,1,NULL,NULL,仅万邑通内部发起,NULL,CO
634272,VASC000000316893,OSF8V1749,审核出库单,1,NULL,NULL,仅万邑通内部发起,NULL,CO
634386,VASC000000316902,OW01V1602,入库其他服务需求,1,20250430,【入库】“包裹条码批量异常（需客户处理）”辨识后补贴包裹标签上架,背景：原入库单下单两个包裹，4件商品，但实际装成一箱，异常送仓；,,
634425,VASC000000316923,OSF6V1627,单品辨识（不开箱）,1,NULL,NULL,根据客户提供的辨识方法，在不拆单品外包装的情况下，仓库辨识单品数量/标签内容（含第三方商品标签）等差异并反馈,NULL,CO
634413,VASC000000316938,OSF6V1671,逆向取货,1,20250723,【尾程】Anker Crowfoots出库,仅收费，无需仓库操作,NULL,CO
634443,VASC000000316950,OSF6V1603,库内其他服务需求,1,INSTOCK_SPLIT_SKU,【库内】拆分SKU,【背景】原增值VASC000000310821因仓库无法解冻盘亏需客户补充下架单被退回，故非标申请。,,
635364,VASC000000316953,OW01V1602,入库其他服务需求,1,NULL,NULL,,NULL,CD
634461,VASC000000316962,OSF6V1649,辨识单品配件后销毁,1,NULL,NULL,将辨识出来的配件销毁,NULL,CD
634500,VASC000000316974,OW01V1602,入库其他服务需求,1,202507151726,【入库】入库少单品/少包裹视频调查,背景：WI49328254 到仓少了5pcs，需要核实到仓数量；,,
634524,VASC000000316992,OW01V1602,入库其他服务需求,1,NULL,NULL,八月初到账,NULL,CD
634608,VASC000000317001,OSF8V1601,出库其他服务需求,1,20250516,【出库】补贴/更换商品标签,操作步骤：,,
634542,VASC000000317007,OSF8V1620,Winit线下尾程服务,1,202512301,【尾程】winit线下尾程询价,"""1、仓库/尾程SD报价；",,
634617,VASC000000317040,OSF6V1647,货权转移（改数模式）,1,20250620001,【库内】IT改数收费,此类增值仅用于收费，IT系统改数，无需仓库实物流操作。仓库将增值单状态更新为“仓库已处理”。,NULL,CD
634626,VASC000000317049,OSF6V1647,货权转移（改数模式）,1,20250620001,【库内】IT改数收费,此类增值仅用于收费，IT系统改数，无需仓库实物流操作。仓库将增值单状态更新为“仓库已处理”,NULL,CD
634665,VASC000000317079,OSF8V1716,Anker加急出库,1,NULL,NULL,仓库根据订单情况判断能否在【指定出库日期】之前完成增值，若无法操作加急，请“异常终止”增值订单，若可以操作，请填写加急实际操作工时并“完成”增值 注意（非常重要！！！）： 1. 加急增值完成标准： *标准出库：加急订单出库日期应早于应出库日期，若不符合此条件，请“异常终止”增值订单 *自提出库：加急订单暂存日期应早于应暂存日期，若不符合此条件，请“异常终止”增值订单 2. 仓库实际操作工时，请提前记录并如实填写，最终会根据此工时收取客户费用 3. 需要在出库前完成此增值，否则增值将会被自动“异常终止”,NULL,CO
634671,VASC000000317082,OSF8V1601,出库其他服务需求,1,NULL,NULL,,NULL,CD
634677,VASC000000317085,OSF6V1660,审计盘点（非标）,1,NULL,NULL,,NULL,CD
634683,VASC000000317088,OSF8V1755,出库内外箱补贴商品标签,1,NULL,NULL,EAN场景步骤1：拆开商品外箱 步骤2：核对外箱及彩盒上的条码 步骤3：若条码不一致，则需要用客户上传的标签文件覆盖EAN条码 步骤4：外箱和彩盒上不能出现除正确EAN条码以外的其他条码，若有其他条码请用白标覆盖  步骤5：完成后输入增值单品数量 透明计划场景步骤1：拆开商品外箱 步骤2：补贴商品透明计划标签 步骤3：商品封箱 步骤4：外箱上补贴对应的透明计划标签 内外箱透明计划标签需一致  步骤5：完成后输入增值单品数量,NULL,CO
634692,VASC000000317091,OSF8V1716,Anker加急出库,1,NULL,NULL,仓库根据订单情况判断能否在【指定出库日期】之前完成增值，若无法操作加急，请“异常终止”增值订单，若可以操作，请填写加急实际操作工时并“完成”增值 注意（非常重要！！！）： 1. 加急增值完成标准： *标准出库：加急订单出库日期应早于应出库日期，若不符合此条件，请“异常终止”增值订单 *自提出库：加急订单暂存日期应早于应暂存日期，若不符合此条件，请“异常终止”增值订单 2. 仓库实际操作工时，请提前记录并如实填写，最终会根据此工时收取客户费用 3. 需要在出库前完成此增值，否则增值将会被自动“异常终止”,NULL,CO
634698,VASC000000317103,OW01V1594,上架前自提（无需WINIT打托）,1,NULL,NULL,1、补贴快递面单,,
634896,VASC000000317148,OSF8V1601,出库其他服务需求,1,NULL,NULL,,NULL,CD
634926,VASC000000317151,OSF8V1601,出库其他服务需求,1,NULL,NULL,,NULL,CD
635094,VASC000000317181,OSF6V1751,无主货找回（6个自然日内）-客户提供新单上架,1,NULL,NULL,步骤1：按照客户提供的快递单号或者POD尝试找回无主货 步骤2： ①若货物找回，请按照客户提供的新入库单补贴商品标签和包裹标签上架，并【完成】增值订单 ②若货物未找回，请【完成】增值单，且增值贴标数量反馈为“0”  注意：此增值无论商品是否找回，请将增值单更新为【已出库】,NULL,CO
635112,VASC000000317238,OW01V1602,入库其他服务需求,1,20250522001,【入库】指定商品拍照暂存,仓库操作步骤：,,
635121,VASC000000317244,OSF6V1603,库内其他服务需求,1,【Warehouse】Measurement and identification of commodity weight,【库内】商品尺重测量辨识,【背景】异常单号：EB0426070731102299，麻烦称下商品的重量，客户需要通过重量看对应是哪个SKU。,,
635196,VASC000000317295,OW01V1674,入库-异常包裹开箱拍照,1,NULL,NULL,1、根据增值单需求信息找货 2、根据客户示例图片拍照、且需要拍外箱箱唛图、SKU条码图，开箱拍产品实物图以及产品实物标签图 3、按照SKU/包裹整理拍照文件并上传,NULL,CD
635211,VASC000000317307,OW01V1602,入库其他服务需求,1,NULL,NULL,,NULL,CD
635304,VASC000000317322,OSF6V1603,库内其他服务需求,1,20250616001,【库内】清除包装绑带,仓库操作流程：,,
635310,VASC000000317334,OSF8V1620,Winit线下尾程服务,1,202512301,【尾程】winit线下尾程询价,"""1、仓库/尾程SD报价；",,
635388,VASC000000317355,OSF6V1603,库内其他服务需求,1,NULL,NULL,,NULL,CD
635373,VASC000000317364,OSF8V1620,Winit线下尾程服务,1,NULL,NULL,"""1、仓库/尾程SD报价；",,
635481,VASC000000317382,OSF8V1601,出库其他服务需求,1,20250516,【出库】补贴/更换商品标签,操作步骤：,,
635457,VASC000000317394,OSF8V1601,出库其他服务需求,1,NULL,NULL,,NULL,CD
635463,VASC000000317397,OSF8V1601,出库其他服务需求,1,NULL,NULL,,NULL,CD
635493,VASC000000317415,OSF8V1657,代理清关,1,【Outbound】Customs clearance agent,【出库】代理清关,打印附件的清关文件，交付尾程供应商，完成出库,NULL,CO
635496,VASC000000317418,OSF8V1657,代理清关,1,【Outbound】Customs clearance agent,【出库】代理清关,打印附件的清关文件，交付尾程供应商，完成出库,NULL,CO
635499,VASC000000317421,OSF8V1657,代理清关,1,【Outbound】Customs clearance agent,【出库】代理清关,打印附件的清关文件，交付尾程供应商，完成出库,NULL,CO
635502,VASC000000317424,OSF8V1657,代理清关,1,【Outbound】Customs clearance agent,【出库】代理清关,打印附件的清关文件，交付尾程供应商，完成出库,NULL,CO
635505,VASC000000317430,OSF8V1657,代理清关,1,【Outbound】Customs clearance agent,【出库】代理清关,打印附件的清关文件，交付尾程供应商，完成出库,NULL,CO
635544,VASC000000317451,OSF6V1603,库内其他服务需求,1,20250616001,【库内】清除包装绑带,仓库操作步骤：,,
635586,VASC000000317466,OSF8V1655,补贴UN标签（仅自提出库）,1,NULL,NULL,1.按照客户提供的示例标签，使用仓库标签补贴；,,
635565,VASC000000317469,OSF8V1620,Winit线下尾程服务,1,202512301,【尾程】winit线下尾程询价,"""1、仓库/尾程SD报价；",,
635559,VASC000000317472,OSF8V1755,出库内外箱补贴商品标签,1,NULL,NULL,EAN场景步骤1：拆开商品外箱 步骤2：核对外箱及彩盒上的条码 步骤3：若条码不一致，则需要用客户上传的标签文件覆盖EAN条码 步骤4：外箱和彩盒上不能出现除正确EAN条码以外的其他条码，若有其他条码请用白标覆盖  步骤5：完成后输入增值单品数量 透明计划场景步骤1：拆开商品外箱 步骤2：补贴商品透明计划标签 步骤3：商品封箱 步骤4：外箱上补贴对应的透明计划标签 内外箱透明计划标签需一致  步骤5：完成后输入增值单品数量,NULL,CO
635577,VASC000000317484,OW01V1602,入库其他服务需求,1,202507021814,【入库】上架前拦截,背景：产品外壳进行更换，无法进行区分，需要新建条码进行区分一下；,,
635571,VASC000000317490,OSF8V1755,出库内外箱补贴商品标签,1,NULL,NULL,EAN场景步骤1：拆开商品外箱 步骤2：核对外箱及彩盒上的条码 步骤3：若条码不一致，则需要用客户上传的标签文件覆盖EAN条码 步骤4：外箱和彩盒上不能出现除正确EAN条码以外的其他条码，若有其他条码请用白标覆盖  步骤5：完成后输入增值单品数量 透明计划场景步骤1：拆开商品外箱 步骤2：补贴商品透明计划标签 步骤3：商品封箱 步骤4：外箱上补贴对应的透明计划标签 内外箱透明计划标签需一致  步骤5：完成后输入增值单品数量,NULL,CO
635601,VASC000000317499,OSF8V1655,补贴UN标签（仅自提出库）,1,NULL,NULL,1.按照客户提供的示例标签，使用仓库标签补贴；,,
635625,VASC000000317502,OSF8V1755,出库内外箱补贴商品标签,1,NULL,NULL,EAN场景步骤1：拆开商品外箱 步骤2：核对外箱及彩盒上的条码 步骤3：若条码不一致，则需要用客户上传的标签文件覆盖EAN条码 步骤4：外箱和彩盒上不能出现除正确EAN条码以外的其他条码，若有其他条码请用白标覆盖  步骤5：完成后输入增值单品数量 透明计划场景步骤1：拆开商品外箱 步骤2：补贴商品透明计划标签 步骤3：商品封箱 步骤4：外箱上补贴对应的透明计划标签 内外箱透明计划标签需一致  步骤5：完成后输入增值单品数量,NULL,CO
635613,VASC000000317505,OSF6V1671,逆向取货,1,20250723,【尾程】Anker Crowfoots出库,仅收费，无需仓库操作,NULL,CO
635637,VASC000000317514,OSF8V1755,出库内外箱补贴商品标签,1,NULL,NULL,EAN场景步骤1：拆开商品外箱 步骤2：核对外箱及彩盒上的条码 步骤3：若条码不一致，则需要用客户上传的标签文件覆盖EAN条码 步骤4：外箱和彩盒上不能出现除正确EAN条码以外的其他条码，若有其他条码请用白标覆盖  步骤5：完成后输入增值单品数量 透明计划场景步骤1：拆开商品外箱 步骤2：补贴商品透明计划标签 步骤3：商品封箱 步骤4：外箱上补贴对应的透明计划标签 内外箱透明计划标签需一致  步骤5：完成后输入增值单品数量,NULL,RT
635664,VASC000000317529,OW01V1602,入库其他服务需求,1,NULL,NULL,,NULL,CD
635736,VASC000000317556,OSF6V1603,库内其他服务需求,1,20250407043,【库内】商品外观辨识+贴标上架,"【背景】需求背景历史增值VASC000000316398辨识后已经重新上架了，其中外箱SKU:Y0188，GW:4.35kg , 10个需要换新标签上架。",,
635775,VASC000000317604,OSF8V1620,Winit线下尾程服务,1,NULL,NULL,"""1、仓库/尾程SD报价；",,
635778,VASC000000317616,OW01V1602,入库其他服务需求,1,20250430,【入库】“包裹条码批量异常（需客户处理）”辨识后补贴包裹标签上架,仓库操作步骤：,,
635814,VASC000000317631,OSF8V1620,Winit线下尾程服务,1,202512301,【尾程】winit线下尾程询价,"""1、仓库/尾程SD报价；",,
635823,VASC000000317634,OW01V1602,入库其他服务需求,1,20250430,【入库】“包裹条码批量异常（需客户处理）”辨识后补贴包裹标签上架,仓库操作步骤：,,
635865,VASC000000317640,OSF8V1601,出库其他服务需求,1,NULL,NULL,,NULL,CD
635844,VASC000000317649,OSF8V1620,Winit线下尾程服务,1,NULL,NULL,"""1、仓库/尾程SD报价；",,
635883,VASC000000317652,OSF8V1620,Winit线下尾程服务,1,202512301,【尾程】winit线下尾程询价,"""1、仓库/尾程SD报价；",,
635916,VASC000000317673,OSF8V1620,Winit线下尾程服务,1,202512301,【尾程】winit线下尾程询价,"""1、仓库/尾程SD报价；",,
635925,VASC000000317676,OSF8V1620,Winit线下尾程服务,1,NULL,NULL,"""1、仓库/尾程SD报价；",,
635961,VASC000000317712,OW01V1602,入库其他服务需求,1,20250407004,【入库】尺重/标签辨识后换标上架,背景：目前未上架的包裹共计89箱，都是A+包，外箱包裹条码标签都被货代覆盖了导致仓库无法辨识扫描处理上架；,,
636018,VASC000000317724,OSF8V1601,出库其他服务需求,1,20250516,【出库】补贴/更换商品标签,操作步骤：,,
635982,VASC000000317727,OSF8V1620,Winit线下尾程服务,1,NULL,NULL,"""1、仓库/尾程SD报价；",,
636060,VASC000000317730,OSF8V1601,出庫其他服務需求,1,NULL,NULL,,NULL,CD
636237,VASC000000317748,OSF8V1620,Winit线下尾程服务,1,NULL,NULL,"""1、仓库/尾程SD报价；",,
636150,VASC000000317754,OSF6V1603,库内其他服务需求,1,202512150002,【库内】异常商品转不良品上架,"【背景】EB0526070831136658 EB0526061930572241 EB0526061930571092条码缺失/破 损,补贴原商品条码并上架不良品WI51016620。",,
636135,VASC000000317763,OSF8V1620,Winit线下尾程服务,1,NULL,NULL,"""1、仓库/尾程SD报价；",,
636246,VASC000000317766,OSF8V1620,Winit线下尾程服务,1,NULL,NULL,"""1、仓库/尾程SD报价；",,
636171,VASC000000317769,OSF8V1601,出库其他服务需求,1,20250407039,【库内】审计盘点,操作步骤：,,
636297,VASC000000317781,OSF8V1620,Winit线下尾程服务,1,202512301,【尾程】winit线下尾程询价,"""1、仓库/尾程SD报价；",,
636348,VASC000000317790,OSF8V1620,Winit线下尾程服务,1,202512301,【尾程】winit线下尾程询价,"""1、仓库/尾程SD报价；",,
636387,VASC000000317799,OSF8V1601,出庫其他服務需求,1,NULL,NULL,,NULL,CD
636396,VASC000000317805,OSF6V1603,库内其他服务需求,1,20250407074,【库内】库间调拨,【背景】M010000000010479650和M010000000010462653两件货物需要调拨到de仓上架，因为客户需要在DE仓跟其他货物一起自提。,,
636441,VASC000000317823,OSF8V1601,出庫其他服務需求,1,NULL,NULL,,NULL,CD
636435,VASC000000317826,OSF8V1655,补贴UN标签（仅自提出库）,1,NULL,NULL,1.按照客户提供的示例标签，使用仓库标签补贴；,,
636516,VASC000000317829,OW01V1602,入庫其他服務需求,1,202507151726,【入库】入库少单品/少包裹视频调查,仓库操作步骤：,,
636456,VASC000000317841,OSF8V1755,出库内外箱补贴商品标签,1,NULL,NULL,EAN场景步骤1：拆开商品外箱 步骤2：核对外箱及彩盒上的条码 步骤3：若条码不一致，则需要用客户上传的标签文件覆盖EAN条码 步骤4：外箱和彩盒上不能出现除正确EAN条码以外的其他条码，若有其他条码请用白标覆盖  步骤5：完成后输入增值单品数量 透明计划场景步骤1：拆开商品外箱 步骤2：补贴商品透明计划标签 步骤3：商品封箱 步骤4：外箱上补贴对应的透明计划标签 内外箱透明计划标签需一致  步骤5：完成后输入增值单品数量,NULL,CO
636495,VASC000000317856,OSF8V1716,Anker加急出库,1,NULL,NULL,仓库根据订单情况判断能否在【指定出库日期】之前完成增值，若无法操作加急，请“异常终止”增值订单，若可以操作，请填写加急实际操作工时并“完成”增值 注意（非常重要！！！）： 1. 加急增值完成标准： *标准出库：加急订单出库日期应早于应出库日期，若不符合此条件，请“异常终止”增值订单 *自提出库：加急订单暂存日期应早于应暂存日期，若不符合此条件，请“异常终止”增值订单 2. 仓库实际操作工时，请提前记录并如实填写，最终会根据此工时收取客户费用 3. 需要在出库前完成此增值，否则增值将会被自动“异常终止”,NULL,CO
636549,VASC000000317859,OSF6V1603,库内其他服务需求,1,20250407010,【库内】指定库位开箱拍照,【背景】新平台入驻需要审核仓库资质。,,
636531,VASC000000317868,OSF8V1755,出库内外箱补贴商品标签,1,NULL,NULL,EAN场景步骤1：拆开商品外箱 步骤2：核对外箱及彩盒上的条码 步骤3：若条码不一致，则需要用客户上传的标签文件覆盖EAN条码 步骤4：外箱和彩盒上不能出现除正确EAN条码以外的其他条码，若有其他条码请用白标覆盖  步骤5：完成后输入增值单品数量 透明计划场景步骤1：拆开商品外箱 步骤2：补贴商品透明计划标签 步骤3：商品封箱 步骤4：外箱上补贴对应的透明计划标签 内外箱透明计划标签需一致  步骤5：完成后输入增值单品数量,NULL,CO
636534,VASC000000317868,OSF8V1716,Anker加急出库,1,NULL,NULL,仓库根据订单情况判断能否在【指定出库日期】之前完成增值，若无法操作加急，请“异常终止”增值订单，若可以操作，请填写加急实际操作工时并“完成”增值 注意（非常重要！！！）： 1. 加急增值完成标准： *标准出库：加急订单出库日期应早于应出库日期，若不符合此条件，请“异常终止”增值订单 *自提出库：加急订单暂存日期应早于应暂存日期，若不符合此条件，请“异常终止”增值订单 2. 仓库实际操作工时，请提前记录并如实填写，最终会根据此工时收取客户费用 3. 需要在出库前完成此增值，否则增值将会被自动“异常终止”,NULL,CO
636609,VASC000000317901,OSF8V1601,出庫其他服務需求,1,NULL,NULL,,NULL,CD
636642,VASC000000317916,OSF8V1755,出库内外箱补贴商品标签,1,NULL,NULL,EAN场景步骤1：拆开商品外箱 步骤2：核对外箱及彩盒上的条码 步骤3：若条码不一致，则需要用客户上传的标签文件覆盖EAN条码 步骤4：外箱和彩盒上不能出现除正确EAN条码以外的其他条码，若有其他条码请用白标覆盖  步骤5：完成后输入增值单品数量 透明计划场景步骤1：拆开商品外箱 步骤2：补贴商品透明计划标签 步骤3：商品封箱 步骤4：外箱上补贴对应的透明计划标签 内外箱透明计划标签需一致  步骤5：完成后输入增值单品数量,NULL,CO
636732,VASC000000317949,OSF8V1755,出库内外箱补贴商品标签,1,NULL,NULL,EAN场景步骤1：拆开商品外箱 步骤2：核对外箱及彩盒上的条码 步骤3：若条码不一致，则需要用客户上传的标签文件覆盖EAN条码 步骤4：外箱和彩盒上不能出现除正确EAN条码以外的其他条码，若有其他条码请用白标覆盖  步骤5：完成后输入增值单品数量 透明计划场景步骤1：拆开商品外箱 步骤2：补贴商品透明计划标签 步骤3：商品封箱 步骤4：外箱上补贴对应的透明计划标签 内外箱透明计划标签需一致  步骤5：完成后输入增值单品数量,NULL,CO
636738,VASC000000317952,OSF8V1755,出库内外箱补贴商品标签,1,NULL,NULL,EAN场景步骤1：拆开商品外箱 步骤2：核对外箱及彩盒上的条码 步骤3：若条码不一致，则需要用客户上传的标签文件覆盖EAN条码 步骤4：外箱和彩盒上不能出现除正确EAN条码以外的其他条码，若有其他条码请用白标覆盖  步骤5：完成后输入增值单品数量 透明计划场景步骤1：拆开商品外箱 步骤2：补贴商品透明计划标签 步骤3：商品封箱 步骤4：外箱上补贴对应的透明计划标签 内外箱透明计划标签需一致  步骤5：完成后输入增值单品数量,NULL,CO
636744,VASC000000317955,OSF8V1755,出库内外箱补贴商品标签,1,NULL,NULL,EAN场景步骤1：拆开商品外箱 步骤2：核对外箱及彩盒上的条码 步骤3：若条码不一致，则需要用客户上传的标签文件覆盖EAN条码 步骤4：外箱和彩盒上不能出现除正确EAN条码以外的其他条码，若有其他条码请用白标覆盖  步骤5：完成后输入增值单品数量 透明计划场景步骤1：拆开商品外箱 步骤2：补贴商品透明计划标签 步骤3：商品封箱 步骤4：外箱上补贴对应的透明计划标签 内外箱透明计划标签需一致  步骤5：完成后输入增值单品数量,NULL,CO
636861,VASC000000318009,OW01V1602,入库其他服务需求,1,20250430,【入库】“包裹条码批量异常（需客户处理）”辨识后补贴包裹标签上架,仓库操作步骤：,,
636834,VASC000000318012,OW01V1602,入库其他服务需求,1,202506120003,【入库】批量辨识商品后补贴商品条码及包裹条码上架,背景：这些异常货物都是第三方单品条码入库的，因系统未及时上传单品码绑定信息，导致仓库扫描上架触发异常；客户下单海外验，还需要重新贴包裹标上架；,,
636867,VASC000000318018,OSF8V1620,Winit线下尾程服务,1,202512301,【尾程】winit线下尾程询价,"""1、仓库/尾程SD报价；",,
636939,VASC000000318048,OSF8V1620,Winit线下尾程服务,1,202512301,【尾程】winit线下尾程询价,"""1、仓库/尾程SD报价；",,
636963,VASC000000318057,OSF8V1620,Winit线下尾程服务,1,202512301,【尾程】winit线下尾程询价,"""1、仓库/尾程SD报价；",,
646023,VASC000000318096,OW01V1602,入库其他服务需求,1,NULL,NULL,,NULL,CD
637131,VASC000000318135,OSF8V1620,Winit线下尾程服务,1,202512301,【尾程】winit线下尾程询价,"""1、仓库/尾程SD报价；",,
637191,VASC000000318171,OSF8V1620,Winit线下尾程服务,1,NULL,NULL,"""1、仓库/尾程SD报价；",,
637230,VASC000000318189,OSF8V1601,出庫其他服務需求,1,NULL,NULL,,NULL,CD
637284,VASC000000318204,OSF8V1601,出庫其他服務需求,1,NULL,NULL,,NULL,CD
637290,VASC000000318213,OSF8V1620,Winit线下尾程服务,1,202512301,【尾程】winit线下尾程询价,"""1、仓库/尾程SD报价；",,
637488,VASC000000318222,OSF6V1603,库内其他服务需求,1,NULL,NULL,·,NULL,CD
637503,VASC000000318294,OSF6V1603,库内其他服务需求,1,20250407051,【库内】良品/不良品检测,WO11644923698、WO11644923393、WO11644923544；,,
637551,VASC000000318324,OSF8V1620,Winit线下尾程服务,1,202512301,【尾程】winit线下尾程询价,"""1、仓库/尾程SD报价；",,
637557,VASC000000318330,OSF8V1620,Winit线下尾程服务,1,202512301,【尾程】winit线下尾程询价,"""1、仓库/尾程SD报价；",,
637593,VASC000000318357,OSF8V1755,出库内外箱补贴商品标签,1,NULL,NULL,EAN场景步骤1：拆开商品外箱 步骤2：核对外箱及彩盒上的条码 步骤3：若条码不一致，则需要用客户上传的标签文件覆盖EAN条码 步骤4：外箱和彩盒上不能出现除正确EAN条码以外的其他条码，若有其他条码请用白标覆盖  步骤5：完成后输入增值单品数量 透明计划场景步骤1：拆开商品外箱 步骤2：补贴商品透明计划标签 步骤3：商品封箱 步骤4：外箱上补贴对应的透明计划标签 内外箱透明计划标签需一致  步骤5：完成后输入增值单品数量,NULL,CO
637662,VASC000000318393,OSF8V1601,出库其他服务需求,1,20250516,【出库】补贴/更换商品标签,操作步骤：,,
637884,VASC000000318399,OSF8V1620,Winit线下尾程服务,1,202512301,【尾程】winit线下尾程询价,"""1、仓库/尾程SD报价；",,
637686,VASC000000318402,OSF8V1601,出库其他服务需求,1,20250516,【出库】补贴/更换商品标签,操作步骤：,,
637695,VASC000000318411,OSF8V1657,代理清关,1,【Outbound】Customs clearance agent,【出库】代理清关,打印附件的清关文件，交付尾程供应商，完成出库,NULL,CO
637698,VASC000000318414,OSF8V1657,代理清关,1,【Outbound】Customs clearance agent,【出库】代理清关,打印附件的清关文件，交付尾程供应商，完成出库,NULL,CO
637710,VASC000000318417,OSF8V1657,代理清关,1,【Outbound】Customs clearance agent,【出库】代理清关,打印附件的清关文件，交付尾程供应商，完成出库,NULL,CO
637713,VASC000000318420,OSF8V1657,代理清关,1,NULL,NULL,打印附件的清关文件，交付尾程供应商，完成出库,NULL,CD
637716,VASC000000318426,OSF8V1657,代理清关,1,【Outbound】Customs clearance agent,【出库】代理清关,打印附件的清关文件，交付尾程供应商，完成出库,NULL,CO
637719,VASC000000318429,OSF8V1657,代理清关,1,【Outbound】Customs clearance agent,【出库】代理清关,打印附件的清关文件，交付尾程供应商，完成出库,NULL,CO
637722,VASC000000318432,OSF8V1657,代理清关,1,【Outbound】Customs clearance agent,【出库】代理清关,打印附件的清关文件，交付尾程供应商，完成出库,NULL,CO
637725,VASC000000318438,OSF8V1657,代理清关,1,【Outbound】Customs clearance agent,【出库】代理清关,打印附件的清关文件，交付尾程供应商，完成出库,NULL,CO
637728,VASC000000318444,OSF8V1657,代理清关,1,【Outbound】Customs clearance agent,【出库】代理清关,打印附件的清关文件，交付尾程供应商，完成出库,NULL,CO
637743,VASC000000318447,OSF8V1601,出库其他服务需求,1,20250516,【出库】补贴/更换商品标签,操作步骤：,,
637800,VASC000000318450,OSF8V1601,出庫其他服務需求,1,20250516,【出库】补贴/更换商品标签,操作步骤：,,
637803,VASC000000318474,OSF8V1620,Winit线下尾程服务,1,202512301,【尾程】winit线下尾程询价,"""1、仓库/尾程SD报价；",,
637815,VASC000000318477,OSF8V1601,出庫其他服務需求,1,20250516,【出库】补贴/更换商品标签,操作步骤：,,
637839,VASC000000318489,OSF6V1603,库内其他服务需求,1,NULL,NULL,,NULL,CD
637863,VASC000000318492,OSF8V1601,出庫其他服務需求,1,NULL,NULL,,NULL,CD
637878,VASC000000318498,OSF8V1601,出庫其他服務需求,1,20250516,【出库】补贴/更换商品标签,操作步骤：,,
637905,VASC000000318501,OSF8V1601,出庫其他服務需求,1,20250516,【出库】补贴/更换商品标签,操作步骤：,,
637911,VASC000000318504,OSF8V1620,Winit线下尾程服务,1,202512301,【尾程】winit线下尾程询价,"""1、仓库/尾程SD报价；",,
637932,VASC000000318513,OSF8V1620,Winit线下尾程服务,1,202512301,【尾程】winit线下尾程询价,"""1、仓库/尾程SD报价；",,
637974,VASC000000318516,OSF6V1627,单品辨识（不开箱）,1,NULL,NULL,根据客户提供的辨识方法，在不拆单品外包装的情况下，仓库辨识单品数量/标签内容（含第三方商品标签）等差异并反馈,NULL,RT
637935,VASC000000318519,OSF6V1671,逆向取货,1,20250723,【尾程】Anker Crowfoots出库,仅收费，无需仓库操作,NULL,CO
638112,VASC000000318522,OW01V1602,入库其他服务需求,1,NULL,NULL,1,NULL,CD
637956,VASC000000318525,OSF8V1620,Winit线下尾程服务,1,202512301,【尾程】winit线下尾程询价,"""1、仓库/尾程SD报价；",,
637980,VASC000000318531,OW01V1599,提供海外仓监控视频-少包裹调查,1,NULL,NULL,根据到仓订单具体情况提供对应视频：,,
637986,VASC000000318543,OSF6V1603,库内其他服务需求,1,INSTOCK_SPLIT_SKU,【库内】拆分SKU,【背景】EB0526062730797031异常单核实是由于仓库原因导致破损，目前需要将货物分开上架。,,
638082,VASC000000318561,OSF6V1660,审计盘点（非标）,1,20250407039,【库内】审计盘点,盘点范围：[DEBR2指定SKU],,
638361,VASC000000318582,OSF6V1841,库内其他服务需求（库内异常处理）,1,20250407051,【库内】良品/不良品检测,【背景】,,
638064,VASC000000318585,OSF6V1752,无主货找回（6个自然日内）-仓库创建无RMA退货单,1,NULL,NULL,步骤1：按照客户提供的快递单号或者POD尝试找回无主货 步骤2： ①若货物找回，请仓库创建无RMA退货单上架并反馈退货订单号，然后【完成】增值单 ②若货物未找回，请【完成】增值单  注意：此增值无论商品是否找回，请将增值单更新为【已出库】,NULL,RT
638028,VASC000000318591,OSF8V1749,审核出库单,1,NULL,NULL,仅万邑通内部发起,NULL,CO
638076,VASC000000318606,OSF8V1620,Winit线下尾程服务,1,202512301,【尾程】winit线下尾程询价,"""1、仓库/尾程SD报价；",,
638106,VASC000000318609,OSF8V1601,出库其他服务需求,1,NULL,NULL,,NULL,CD
638166,VASC000000318612,OW01V1602,入库其他服务需求,1,NULL,NULL,,NULL,CD
638172,VASC000000318615,OW01V1602,入库其他服务需求,1,NULL,NULL,,NULL,CD
638139,VASC000000318621,OSF8V1601,出库其他服务需求,1,NULL,NULL,,NULL,CD
638148,VASC000000318624,OSF8V1620,Winit线下尾程服务,1,202512301,【尾程】winit线下尾程询价,"""1、仓库/尾程SD报价；",,
638124,VASC000000318627,OSF8V1749,审核出库单,1,NULL,NULL,仅万邑通内部发起,NULL,CO
638253,VASC000000318633,OW01V1602,入库其他服务需求,1,NULL,NULL,,NULL,CD
638187,VASC000000318636,OW01V1602,入库其他服务需求,1,NULL,NULL,,NULL,CD
638331,VASC000000318639,OSF6V1647,货权转移（改数模式）,1,NULL,NULL,,NULL,CD
638196,VASC000000318642,OW01V1602,入库其他服务需求,1,NULL,NULL,,NULL,CD
638790,VASC000000318648,OW01V1602,入库其他服务需求,1,NULL,NULL,,NULL,CD
638217,VASC000000318654,OSF6V1660,审计盘点（非标）,1,NULL,NULL,,NULL,CD
638229,VASC000000318666,OW01V1602,入库其他服务需求,1,NULL,NULL,,NULL,CD
638223,VASC000000318672,OSF6V1660,审计盘点（非标）,1,20250407039,【库内】审计盘点,盘点范围：UKTW指定sku盘点,,
638298,VASC000000318681,OSF6V1603,库内其他服务需求,1,20250407044,仓库已完成 需补收费用,背景：原增值：VASC000000317103 是上架前自提，现自提时要求仓库打托，仓库已打了3托，补收打托的费用。,,
638322,VASC000000318684,OW01V1602,入库其他服务需求,1,NULL,NULL,,NULL,CD
638346,VASC000000318699,OW01V1602,入库其他服务需求,1,NULL,NULL,,NULL,CD
638313,VASC000000318702,OSF6V1673,无主货找回-6个自然日内,1,NULL,NULL,根据客户提供的单据信息找货，若超过1h未找回，则反馈无法找回,NULL,CO
638355,VASC000000318723,OSF6V1660,审计盘点（非标）,1,20250407039,【库内】审计盘点,【背景】anker清货盘点,,
638379,VASC000000318741,OSF6V1647,货权转移（改数模式）,1,20250620001,【库内】IT改数收费,此类增值仅用于收费，IT系统改数，无需仓库实物流操作。仓库将增值单状态更新为“仓库已处理”。,NULL,CO
638523,VASC000000318747,OW01V1602,入库其他服务需求,1,20250529001,【入库】上架前采集条码（含SN码、A+包第三方包裹码等）,【背景】EB0126070831116696这些异常货物为外包装破损，需加winit包材上架，现需要仓库扫描SN给客户。,,
638415,VASC000000318753,OSF6V1603,库内其他服务需求,1,NULL,NULL,,NULL,CD
638397,VASC000000318756,OSF6V1841,库内其他服务需求（库内异常处理）,1,20250407043,【库内】商品外观辨识+贴标上架,【背景】VASC000000316923 根据这个增值单的辨识结果，有2个单品是错误的，需要更换新标签：4004200026上架到入库单：WI51077134。,,
638424,VASC000000318768,OSF6V1603,库内其他服务需求,1,20250407065,【库内】指定单品销毁,【背景】异常原因：退货单状态已完成，库存23年8月开始截止现在一直显示在禁售，退货单操作位置也没有待处理，客户无法进行处理。排查原因是说 RT单关闭被仓库盘盈回来了导致。,,
638457,VASC000000318792,OSF6V1649,辨识单品配件后销毁,1,NULL,NULL,将辨识出来的配件销毁,NULL,CO
638514,VASC000000318804,OSF8V1755,出库内外箱补贴商品标签,1,NULL,NULL,EAN场景步骤1：拆开商品外箱 步骤2：核对外箱及彩盒上的条码 步骤3：若条码不一致，则需要用客户上传的标签文件覆盖EAN条码 步骤4：外箱和彩盒上不能出现除正确EAN条码以外的其他条码，若有其他条码请用白标覆盖  步骤5：完成后输入增值单品数量 透明计划场景步骤1：拆开商品外箱 步骤2：补贴商品透明计划标签 步骤3：商品封箱 步骤4：外箱上补贴对应的透明计划标签 内外箱透明计划标签需一致  步骤5：完成后输入增值单品数量,NULL,CO
638640,VASC000000318813,OW01V1602,入库其他服务需求,1,NULL,NULL,,NULL,CD
638541,VASC000000318816,OSF8V1755,出库内外箱补贴商品标签,1,NULL,NULL,EAN场景步骤1：拆开商品外箱 步骤2：核对外箱及彩盒上的条码 步骤3：若条码不一致，则需要用客户上传的标签文件覆盖EAN条码 步骤4：外箱和彩盒上不能出现除正确EAN条码以外的其他条码，若有其他条码请用白标覆盖  步骤5：完成后输入增值单品数量 透明计划场景步骤1：拆开商品外箱 步骤2：补贴商品透明计划标签 步骤3：商品封箱 步骤4：外箱上补贴对应的透明计划标签 内外箱透明计划标签需一致  步骤5：完成后输入增值单品数量,NULL,CO
638568,VASC000000318831,OSF8V1755,出库内外箱补贴商品标签,1,NULL,NULL,EAN场景步骤1：拆开商品外箱 步骤2：核对外箱及彩盒上的条码 步骤3：若条码不一致，则需要用客户上传的标签文件覆盖EAN条码 步骤4：外箱和彩盒上不能出现除正确EAN条码以外的其他条码，若有其他条码请用白标覆盖  步骤5：完成后输入增值单品数量 透明计划场景步骤1：拆开商品外箱 步骤2：补贴商品透明计划标签 步骤3：商品封箱 步骤4：外箱上补贴对应的透明计划标签 内外箱透明计划标签需一致  步骤5：完成后输入增值单品数量,NULL,CO
638661,VASC000000318870,OSF8V1620,Winit线下尾程服务,1,202512301,【尾程】winit线下尾程询价,"""1、仓库/尾程SD报价；",,
638673,VASC000000318888,OW01V1602,入库其他服务需求,1,202507021814,【入库】上架前拦截,【背景】原单WI50094008，里面：M010000000010411825 -MT-3C293061-3W（共计17箱/34件）贴错标签，需要做上架前拦截，新单入库。,,
638682,VASC000000318894,OSF6V1603,库内其他服务需求,1,20250808001,【库内】退货商品更换退货单重新上架,【背景】此部分RM码为18/19年的退货数据，万邑联界面显示禁售状态，现客户需要接触禁售做出库处理，因数据归档历史数据已无法处理，采用增值盘亏重新退货的方式做处理；,,
638703,VASC000000318903,OW01V1602,入库其他服务需求,1,NULL,NULL,,NULL,CD
638709,VASC000000318906,OSF8V1755,出库内外箱补贴商品标签,1,NULL,NULL,EAN场景步骤1：拆开商品外箱 步骤2：核对外箱及彩盒上的条码 步骤3：若条码不一致，则需要用客户上传的标签文件覆盖EAN条码 步骤4：外箱和彩盒上不能出现除正确EAN条码以外的其他条码，若有其他条码请用白标覆盖  步骤5：完成后输入增值单品数量 透明计划场景步骤1：拆开商品外箱 步骤2：补贴商品透明计划标签 步骤3：商品封箱 步骤4：外箱上补贴对应的透明计划标签 内外箱透明计划标签需一致  步骤5：完成后输入增值单品数量,NULL,CO
638718,VASC000000318909,OSF8V1755,出库内外箱补贴商品标签,1,NULL,NULL,EAN场景步骤1：拆开商品外箱 步骤2：核对外箱及彩盒上的条码 步骤3：若条码不一致，则需要用客户上传的标签文件覆盖EAN条码 步骤4：外箱和彩盒上不能出现除正确EAN条码以外的其他条码，若有其他条码请用白标覆盖  步骤5：完成后输入增值单品数量 透明计划场景步骤1：拆开商品外箱 步骤2：补贴商品透明计划标签 步骤3：商品封箱 步骤4：外箱上补贴对应的透明计划标签 内外箱透明计划标签需一致  步骤5：完成后输入增值单品数量,NULL,CO
638766,VASC000000318930,OW01V1602,入庫其他服務需求,1,20250430,【入库】“包裹条码批量异常（需客户处理）”辨识后补贴包裹标签上架,【背景】客户的第三方包裹条码标签未正确粘贴，包裹里的SN条码都导入正确，不需要更换SN条条码，只需要补贴第三方包裹条码标签仓库直接扫描后返架即可。,,
638814,VASC000000318939,OSF8V1620,Winit线下尾程服务,1,202512301,【尾程】winit线下尾程询价,"""1、仓库/尾程SD报价；",,
638823,VASC000000318942,OSF8V1620,Winit线下尾程服务,1,202512301,【尾程】winit线下尾程询价,"""1、仓库/尾程SD报价；",,
638829,VASC000000318945,OSF8V1755,出库内外箱补贴商品标签,1,NULL,NULL,EAN场景步骤1：拆开商品外箱 步骤2：核对外箱及彩盒上的条码 步骤3：若条码不一致，则需要用客户上传的标签文件覆盖EAN条码 步骤4：外箱和彩盒上不能出现除正确EAN条码以外的其他条码，若有其他条码请用白标覆盖  步骤5：完成后输入增值单品数量 透明计划场景步骤1：拆开商品外箱 步骤2：补贴商品透明计划标签 步骤3：商品封箱 步骤4：外箱上补贴对应的透明计划标签 内外箱透明计划标签需一致  步骤5：完成后输入增值单品数量,NULL,CO
638844,VASC000000318951,OSF8V1620,Winit线下尾程服务,1,202512301,【尾程】winit线下尾程询价,"""1、仓库/尾程SD报价；",,
638859,VASC000000318954,OSF8V1620,Winit线下尾程服务,1,202512301,【尾程】winit线下尾程询价,"""1、仓库/尾程SD报价；",,
638865,VASC000000318957,OSF8V1755,出库内外箱补贴商品标签,1,NULL,NULL,EAN场景步骤1：拆开商品外箱 步骤2：核对外箱及彩盒上的条码 步骤3：若条码不一致，则需要用客户上传的标签文件覆盖EAN条码 步骤4：外箱和彩盒上不能出现除正确EAN条码以外的其他条码，若有其他条码请用白标覆盖  步骤5：完成后输入增值单品数量 透明计划场景步骤1：拆开商品外箱 步骤2：补贴商品透明计划标签 步骤3：商品封箱 步骤4：外箱上补贴对应的透明计划标签 内外箱透明计划标签需一致  步骤5：完成后输入增值单品数量,NULL,CO
638910,VASC000000318969,OSF6V1603,库内其他服务需求,1,20250620001,【库内】IT改数收费,1、此类增值仅用于收费，IT系统改数，无需仓库实物流操作。仓库将增值单状态更新为“仓库已处理”。,,
638916,VASC000000318972,OW01V1602,入库其他服务需求,1,INBOUND_PICKUP_BF_SHELVE,【入库】上架前自提,叠得爹,NULL,CD
639084,VASC000000319035,OSF8V1755,出库内外箱补贴商品标签,1,NULL,NULL,EAN场景步骤1：拆开商品外箱 步骤2：核对外箱及彩盒上的条码 步骤3：若条码不一致，则需要用客户上传的标签文件覆盖EAN条码 步骤4：外箱和彩盒上不能出现除正确EAN条码以外的其他条码，若有其他条码请用白标覆盖  步骤5：完成后输入增值单品数量 透明计划场景步骤1：拆开商品外箱 步骤2：补贴商品透明计划标签 步骤3：商品封箱 步骤4：外箱上补贴对应的透明计划标签 内外箱透明计划标签需一致  步骤5：完成后输入增值单品数量,NULL,CO
639138,VASC000000319050,OSF6V1673,无主货找回-6个自然日内,1,NULL,NULL,根据客户提供的单据信息找货，若超过1h未找回，则反馈无法找回,NULL,CO
639351,VASC000000319101,OW01V1674,入库-异常包裹开箱拍照,1,NULL,NULL,1、根据增值单需求信息找货 2、根据客户示例图片拍照、且需要拍外箱箱唛图、SKU条码图，开箱拍产品实物图以及产品实物标签图 3、按照SKU/包裹整理拍照文件并上传,NULL,CO
639579,VASC000000319107,OW01V1602,入库其他服务需求,1,20250407004,【入库】尺重/标签辨识后换标上架,仓库操作步骤：,,
639279,VASC000000319116,OW01V1602,入库其他服务需求,1,20260302,【入库】覆盖/清除标签,仓库操作步骤：,,
639324,VASC000000319128,OW01V1602,入库其他服务需求,1,NULL,NULL,,NULL,CD
639495,VASC000000319161,OW01V1594,上架前自提（无需WINIT打托）,1,NULL,NULL,1、补贴快递面单,,
639522,VASC000000319170,OW01V1602,入库其他服务需求,1,NULL,NULL,,NULL,CD
639531,VASC000000319173,OSF8V1620,Winit线下尾程服务,1,202512301,【尾程】winit线下尾程询价,"""1、仓库/尾程SD报价；",,
639600,VASC000000319188,OW01V1600,提供海外倉監控影片-少單品調查,1,NULL,NULL,根据到仓订单具体情况提供对应视频：,,
639636,VASC000000319209,OSF8V1620,Winit线下尾程服务,1,202512301,【尾程】winit线下尾程询价,"""1、仓库/尾程SD报价；",,
639678,VASC000000319236,OW01V1622,入库-提供无箱单预报单上架,1,NULL,NULL,"""场景1：新入库单是无箱单，通过包裹推荐>商品预分拣上架",,
639732,VASC000000319254,OSF8V1620,Winit线下尾程服务,1,202512301,【尾程】winit线下尾程询价,"""1、仓库/尾程SD报价；",,
639792,VASC000000319287,OSF8V1657,代理清关,1,【Outbound】Customs clearance agent,【出库】代理清关,打印附件的清关文件，交付尾程供应商，完成出库,NULL,CO
639795,VASC000000319290,OSF8V1657,代理清关,1,【Outbound】Customs clearance agent,【出库】代理清关,打印附件的清关文件，交付尾程供应商，完成出库,NULL,CO
639798,VASC000000319293,OSF8V1657,代理清关,1,【Outbound】Customs clearance agent,【出库】代理清关,打印附件的清关文件，交付尾程供应商，完成出库,NULL,CO
639801,VASC000000319296,OSF8V1657,代理清关,1,【Outbound】Customs clearance agent,【出库】代理清关,打印附件的清关文件，交付尾程供应商，完成出库,NULL,CO
639804,VASC000000319299,OSF8V1657,代理清关,1,【Outbound】Customs clearance agent,【出库】代理清关,打印附件的清关文件，交付尾程供应商，完成出库,NULL,CO
639822,VASC000000319302,OSF8V1620,Winit线下尾程服务,1,202512301,【尾程】winit线下尾程询价,"""1、仓库/尾程SD报价；",,
639996,VASC000000319344,OW01V1602,入库其他服务需求,1,20250407004,【入库】尺重/标签辨识后换标上架,仓库操作步骤：,,
640020,VASC000000319362,OSF8V1620,Winit线下尾程服务,1,202512301,【尾程】winit线下尾程询价,"""1、仓库/尾程SD报价；",,
644451,VASC000000319377,OW01V1602,入库其他服务需求,1,20250407004,【入库】尺重/标签辨识后换标上架,仓库操作步骤：,,
640041,VASC000000319383,OW01V1602,入库其他服务需求,1,202506120001,【入库】关联第三方商品条码上架,背景：EB0326070731107186，第三方编码之前是绑定到MB+T29D3111的SKU里面的，现在MB+T29D3111已经不用取消关联了，客户重新绑定到T29D3111里面了，仓库重新扫描后上架到原单即可，无需换标签，上完后请关闭异常。,,
640266,VASC000000319407,OW01V1594,上架前自提（无需WINIT打托）,1,NULL,NULL,1、补贴快递面单,,
640218,VASC000000319410,OW01V1602,入库其他服务需求,1,20250430,【入库】“包裹条码批量异常（需客户处理）”辨识后补贴包裹标签上架,背景：这些异常货物都是第三方单品条码入库的，因系统未及时上传单品码绑定信息，导致仓库扫描上架触发异常；客户下单海外验，还需要重新贴包裹标上架；,,
640116,VASC000000319416,OW01V1602,入库其他服务需求,1,NULL,NULL,,NULL,CD
640176,VASC000000319452,OSF8V1755,出库内外箱补贴商品标签,1,NULL,NULL,EAN场景步骤1：拆开商品外箱 步骤2：核对外箱及彩盒上的条码 步骤3：若条码不一致，则需要用客户上传的标签文件覆盖EAN条码 步骤4：外箱和彩盒上不能出现除正确EAN条码以外的其他条码，若有其他条码请用白标覆盖  步骤5：完成后输入增值单品数量 透明计划场景步骤1：拆开商品外箱 步骤2：补贴商品透明计划标签 步骤3：商品封箱 步骤4：外箱上补贴对应的透明计划标签 内外箱透明计划标签需一致  步骤5：完成后输入增值单品数量,NULL,CO
640209,VASC000000319458,OSF8V1755,出库内外箱补贴商品标签,1,NULL,NULL,EAN场景步骤1：拆开商品外箱 步骤2：核对外箱及彩盒上的条码 步骤3：若条码不一致，则需要用客户上传的标签文件覆盖EAN条码 步骤4：外箱和彩盒上不能出现除正确EAN条码以外的其他条码，若有其他条码请用白标覆盖  步骤5：完成后输入增值单品数量 透明计划场景步骤1：拆开商品外箱 步骤2：补贴商品透明计划标签 步骤3：商品封箱 步骤4：外箱上补贴对应的透明计划标签 内外箱透明计划标签需一致  步骤5：完成后输入增值单品数量,NULL,CO
640251,VASC000000319467,OSF8V1620,Winit线下尾程服务,1,NULL,NULL,"""1、仓库/尾程SD报价；",,
642864,VASC000000319470,OW01V1599,提供海外仓监控视频-少包裹调查,1,NULL,NULL,根据到仓订单具体情况提供对应视频：,,
640263,VASC000000319476,OSF8V1749,审核出库单,1,NULL,NULL,仅万邑通内部发起,NULL,CO
640293,VASC000000319491,OSF8V1755,出库内外箱补贴商品标签,1,NULL,NULL,EAN场景步骤1：拆开商品外箱 步骤2：核对外箱及彩盒上的条码 步骤3：若条码不一致，则需要用客户上传的标签文件覆盖EAN条码 步骤4：外箱和彩盒上不能出现除正确EAN条码以外的其他条码，若有其他条码请用白标覆盖  步骤5：完成后输入增值单品数量 透明计划场景步骤1：拆开商品外箱 步骤2：补贴商品透明计划标签 步骤3：商品封箱 步骤4：外箱上补贴对应的透明计划标签 内外箱透明计划标签需一致  步骤5：完成后输入增值单品数量,NULL,CO
640296,VASC000000319491,OSF8V1716,Anker加急出库,1,NULL,NULL,仓库根据订单情况判断能否在【指定出库日期】之前完成增值，若无法操作加急，请“异常终止”增值订单，若可以操作，请填写加急实际操作工时并“完成”增值 注意（非常重要！！！）： 1. 加急增值完成标准： *标准出库：加急订单出库日期应早于应出库日期，若不符合此条件，请“异常终止”增值订单 *自提出库：加急订单暂存日期应早于应暂存日期，若不符合此条件，请“异常终止”增值订单 2. 仓库实际操作工时，请提前记录并如实填写，最终会根据此工时收取客户费用 3. 需要在出库前完成此增值，否则增值将会被自动“异常终止”,NULL,CO
640488,VASC000000319509,OSF6V1603,库内其他服务需求,1,NULL,NULL,,NULL,CD
640374,VASC000000319515,OSF6V1603,库内其他服务需求,1,20250407043,【库内】商品外观辨识+贴标上架,【背景】相关产品多收到客户关于屏幕破损和脱落之类的反馈，为了减少争议以及完善客户购物体验特此提交相关增值服务。,,
640452,VASC000000319527,OSF6V1603,库内其他服务需求,1,20250529001,【入库】上架前采集条码（含SN码、A+包第三方包裹码等）,【背景】RT16000308668980CN退货大批量商品异常，对异常单EB0126070331023315，这个箱子里的衣服需要采集SN码反馈给客户。,,
640554,VASC000000319557,OSF8V1620,Winit线下尾程服务,1,202512301,【尾程】winit线下尾程询价,"""1、仓库/尾程SD报价；",,
640518,VASC000000319560,OSF8V1620,Winit线下尾程服务,1,NULL,NULL,"""1、仓库/尾程SD报价；",,
640572,VASC000000319569,OSF6V1671,逆向取货,1,20250723,【尾程】Anker Crowfoots出库,仅收费，无需仓库操作,NULL,CO
642342,VASC000000319575,OW01V1602,入库其他服务需求,1,NULL,NULL,,NULL,CD
640599,VASC000000319578,OSF8V1620,Winit线下尾程服务,1,202512301,【尾程】winit线下尾程询价,"""1、仓库/尾程SD报价；",,
640611,VASC000000319587,OSF8V1755,出库内外箱补贴商品标签,1,NULL,NULL,EAN场景步骤1：拆开商品外箱 步骤2：核对外箱及彩盒上的条码 步骤3：若条码不一致，则需要用客户上传的标签文件覆盖EAN条码 步骤4：外箱和彩盒上不能出现除正确EAN条码以外的其他条码，若有其他条码请用白标覆盖  步骤5：完成后输入增值单品数量 透明计划场景步骤1：拆开商品外箱 步骤2：补贴商品透明计划标签 步骤3：商品封箱 步骤4：外箱上补贴对应的透明计划标签 内外箱透明计划标签需一致  步骤5：完成后输入增值单品数量,NULL,CO
640623,VASC000000319590,OSF6V1752,无主货找回（6个自然日内）-仓库创建无RMA退货单,1,NULL,NULL,步骤1：按照客户提供的快递单号或者POD尝试找回无主货 步骤2： ①若货物找回，请仓库创建无RMA退货单上架并反馈退货订单号，然后【完成】增值单 ②若货物未找回，请【完成】增值单  注意：此增值无论商品是否找回，请将增值单更新为【已出库】,NULL,CO
640626,VASC000000319593,OW01V1622,入库-提供无箱单预报单上架,1,NULL,NULL,"""场景1：新入库单是无箱单，通过包裹推荐>商品预分拣上架",,
640656,VASC000000319608,OW01V1654,包裹串仓异常调拨,1,[Warehouse]AbnormalTransferOfParcelsFromMultipleWarehouses,【入库】包裹串仓异常调拨,仓库操作步骤：,,
640659,VASC000000319617,OW01V1602,入库其他服务需求,1,20250407008,【入库】包裹类异常换商品标签上架,仓库操作步骤：,,
640689,VASC000000319620,OSF8V1601,出库其他服务需求,1,20260408,【出库】特殊打托需求,操作步骤：,,
640728,VASC000000319647,OW01V1602,入库其他服务需求,1,20250929,【入库】海运整柜100%A+无包裹条码异常，新单无箱单或100%A+包直接上架,背景：VASC000000319572异常包裹直接上架，[海运整柜100%A+/A包裹]，不支持异常[B01E1615_包裹条码批量异常（需客户处理），B0102E21_包裹条码异常(需客户处理)];整单退回,,
640794,VASC000000319650,OSF6V1626,指定商品盘点,1,NULL,NULL,1、将在库商品按SKU进行清点数量,,
640755,VASC000000319656,OSF8V1620,Winit线下尾程服务,1,202512301,【尾程】winit线下尾程询价,"""1、仓库/尾程SD报价；",,
640842,VASC000000319704,OW01V1602,入库其他服务需求,1,NULL,NULL,,NULL,CD
641193,VASC000000319863,OSF8V1755,出库内外箱补贴商品标签,1,NULL,NULL,EAN场景步骤1：拆开商品外箱 步骤2：核对外箱及彩盒上的条码 步骤3：若条码不一致，则需要用客户上传的标签文件覆盖EAN条码 步骤4：外箱和彩盒上不能出现除正确EAN条码以外的其他条码，若有其他条码请用白标覆盖  步骤5：完成后输入增值单品数量 透明计划场景步骤1：拆开商品外箱 步骤2：补贴商品透明计划标签 步骤3：商品封箱 步骤4：外箱上补贴对应的透明计划标签 内外箱透明计划标签需一致  步骤5：完成后输入增值单品数量,NULL,CO
641454,VASC000000319965,OW01V1602,入库其他服务需求,1,20250407020,【入库】组合后上架,仓库操作流程：,,
641460,VASC000000319968,OW01V1602,入库其他服务需求,1,20250407020,【入库】组合后上架,仓库操作流程：,,
641562,VASC000000320013,OW01V1602,入库其他服务需求,1,20250407044,仓库已完成 需补收费用,背景:异常单EB0126070831136532 异常类型登记错误，实际异常类型：包裹条码未贴最小面，需免增值费用关闭异常。,,
641637,VASC000000320028,OW01V1602,入库其他服务需求,1,20260302,【入库】覆盖/清除标签,仓库操作步骤：,,
641676,VASC000000320055,OW01V1602,入库其他服务需求,1,20251027,【入库】包裹类异常关联第三方包裹条码直接上架,背景：原单WI50592540下错了入库类型，导致无法直接扫描上架。,,
641697,VASC000000320073,OSF8V1755,出库内外箱补贴商品标签,1,NULL,NULL,EAN场景步骤1：拆开商品外箱 步骤2：核对外箱及彩盒上的条码 步骤3：若条码不一致，则需要用客户上传的标签文件覆盖EAN条码 步骤4：外箱和彩盒上不能出现除正确EAN条码以外的其他条码，若有其他条码请用白标覆盖  步骤5：完成后输入增值单品数量 透明计划场景步骤1：拆开商品外箱 步骤2：补贴商品透明计划标签 步骤3：商品封箱 步骤4：外箱上补贴对应的透明计划标签 内外箱透明计划标签需一致  步骤5：完成后输入增值单品数量,NULL,CO
641703,VASC000000320088,OSF6V1603,库内其他服务需求,1,20250407071,【库内】商品组合,【背景】客户没有客制包材无法走出库组套的标准增值，故提库内非标特批。,,
641820,VASC000000320109,OSF6V1647,货权转移（改数模式）,1,20250620001,【库内】IT改数收费,此类增值仅用于收费，IT系统改数，无需仓库实物流操作。仓库将增值单状态更新为“仓库已处理”,NULL,CO
641811,VASC000000320124,OSF8V1601,出库其他服务需求,1,NULL,NULL,,NULL,CD
641841,VASC000000320142,OSF8V1620,Winit线下尾程服务,1,202512301,【尾程】winit线下尾程询价,"""1、仓库/尾程SD报价；",,
641847,VASC000000320145,OSF8V1755,出库内外箱补贴商品标签,1,NULL,NULL,EAN场景步骤1：拆开商品外箱 步骤2：核对外箱及彩盒上的条码 步骤3：若条码不一致，则需要用客户上传的标签文件覆盖EAN条码 步骤4：外箱和彩盒上不能出现除正确EAN条码以外的其他条码，若有其他条码请用白标覆盖  步骤5：完成后输入增值单品数量 透明计划场景步骤1：拆开商品外箱 步骤2：补贴商品透明计划标签 步骤3：商品封箱 步骤4：外箱上补贴对应的透明计划标签 内外箱透明计划标签需一致  步骤5：完成后输入增值单品数量,NULL,CO
641850,VASC000000320148,OSF6V1603,库内其他服务需求,1,NULL,NULL,,NULL,CD
641859,VASC000000320160,OSF6V1603,库内其他服务需求,1,20250407062,【库内】指定单品/库位商品更换标签上架,【背景】M010000000006842287  -9件有部分贴错商品标签，需要仓库协助辨识后，更换新的sku标签，新单上架。,,
642309,VASC000000320166,OW01V1602,入庫其他服務需求,1,NULL,NULL,,NULL,CD
641877,VASC000000320169,OSF8V1620,Winit线下尾程服务,1,202512301,【尾程】winit线下尾程询价,"""1、仓库/尾程SD报价；",,
642006,VASC000000320181,OSF6V1671,逆向取货,1,20250723,【尾程】Anker Crowfoots出库,仅收费，无需仓库操作,NULL,CO
642015,VASC000000320187,OSF8V1749,审核出库单,1,NULL,NULL,仅万邑通内部发起,NULL,CO
642225,VASC000000320205,OSF8V1601,出库其他服务需求,1,20250516,【出库】补贴/更换商品标签,操作步骤：,,
642105,VASC000000320217,OSF8V1620,Winit线下尾程服务,1,202512301,【尾程】winit线下尾程询价,"""1、仓库/尾程SD报价；",,
642126,VASC000000320220,OSF6V1647,货权转移（改数模式）,1,20250620001,【库内】IT改数收费,此类增值仅用于收费，IT系统改数，无需仓库实物流操作。仓库将增值单状态更新为“仓库已处理”。,NULL,CO
642150,VASC000000320232,OW01V1599,提供海外仓监控视频-少包裹调查,1,NULL,NULL,根据到仓订单具体情况提供对应视频：,,
642117,VASC000000320235,OSF8V1657,代理清关,1,【Outbound】Customs clearance agent,【出库】代理清关,打印附件的清关文件，交付尾程供应商，完成出库,NULL,CO
642123,VASC000000320241,OSF8V1657,代理清关,1,【Outbound】Customs clearance agent,【出库】代理清关,打印附件的清关文件，交付尾程供应商，完成出库,NULL,CO
642159,VASC000000320244,OSF6V1647,货权转移（改数模式）,1,20250620001,【库内】IT改数收费,此类增值仅用于收费，IT系统改数，无需仓库实物流操作。仓库将增值单状态更新为“仓库已处理”。,NULL,CO
642177,VASC000000320256,OSF8V1749,审核出库单,1,NULL,NULL,仅万邑通内部发起,NULL,CO
642198,VASC000000320265,OW01V1599,提供海外仓监控视频-少包裹调查,1,NULL,NULL,根据到仓订单具体情况提供对应视频：,,
642255,VASC000000320289,OW01V1602,入库其他服务需求,1,20251205,【入库】新单上架到预报单，无需更换包裹条码,背景：原入库单客户下错单，现已新下100%A+包无包裹码入库的单据，需要仓库根据新单WI51122738做上架。,,
642261,VASC000000320295,OSF8V1620,Winit线下尾程服务,1,202512301,【尾程】winit线下尾程询价,"""1、仓库/尾程SD报价；",,
642288,VASC000000320304,OSF8V1620,Winit线下尾程服务,1,202512301,【尾程】winit线下尾程询价,"""1、仓库/尾程SD报价；",,
642315,VASC000000320325,OW01V1602,入库其他服务需求,1,NULL,NULL,,NULL,CD
642330,VASC000000320328,OW01V1602,入庫其他服務需求,1,NULL,NULL,,NULL,CD
642453,VASC000000320334,OSF8V1601,出库其他服务需求,1,20260128001,【出库】补贴包裹/托盘标签,操作步骤：,,
642519,VASC000000320358,OW01V1602,入库其他服务需求,1,20250522001,【入库】指定商品拍照暂存,背景：怀疑包裹串仓，需开箱拍照；,,
642510,VASC000000320373,OW01V1594,上架前自提（无需WINIT打托）,1,NULL,NULL,1、补贴快递面单,,
642657,VASC000000320376,OSF6V1841,库内其他服务需求（库内异常处理）,1,20250421001,【库内】商品拆箱加/减配件,【背景】这个异常单是国内直发的整箱类型库存，整箱库存内部商品破损所产生的异常，该整箱商品内部的产品有部分破损，部分完好，客户想将破损的产品销毁，完好的商品正常上架。,,
642534,VASC000000320388,OW01V1602,入库其他服务需求,1,20250522001,【入库】指定商品拍照暂存,背景：怀疑包裹串仓，需开箱拍照；,,
642546,VASC000000320394,OSF8V1620,Winit线下尾程服务,1,202512301,【尾程】winit线下尾程询价,"""1、仓库/尾程SD报价；",,
642567,VASC000000320403,OSF8V1620,Winit线下尾程服务,1,202512301,【尾程】winit线下尾程询价,"""1、仓库/尾程SD报价；",,
642603,VASC000000320412,OSF8V1620,Winit线下尾程服务,1,202512301,【尾程】winit线下尾程询价,"""1、仓库/尾程SD报价；",,
642792,VASC000000320421,OSF6V1651,库内商品拍摄视频,1,NULL,NULL,,NULL,CO
642624,VASC000000320427,OSF8V1620,Winit线下尾程服务,1,202512301,【尾程】winit线下尾程询价,"""1、仓库/尾程SD报价；",,
642759,VASC000000320451,OSF6V1603,库内其他服务需求,1,NULL,NULL,,NULL,CD
642789,VASC000000320454,OSF8V1620,Winit线下尾程服务,1,202512301,【尾程】winit线下尾程询价,"""1、仓库/尾程SD报价；",,
642798,VASC000000320457,OSF6V1595,单品指定位置开箱拍照,1,NULL,NULL,根据客户指定位置辨识拍照并反馈结果,NULL,CO
642837,VASC000000320463,OSF8V1620,Winit线下尾程服务,1,202512301,【尾程】winit线下尾程询价,"""1、仓库/尾程SD报价；",,
642840,VASC000000320478,OSF6V1603,库内其他服务需求,1,【Outbound】Customs clearance agent,【出库】代理清关,【背景】客户出库单WO12102337365  已经完成代理清关，VASC000000318420  但是由于出库单被作废，导致增值单取消  无法收取代理清关增值费。,,
642858,VASC000000320493,OSF6V1603,库内其他服务需求,1,20250407043,【库内】商品外观辨识+贴标上架,背景】M010000000006842287  -9件有部分贴错商品标签，需要仓库协助辨识后，更换新的sku标签，新单上架。,,
642885,VASC000000320502,OSF8V1749,审核出库单,1,NULL,NULL,仅万邑通内部发起,NULL,CO
642906,VASC000000320508,OSF8V1620,Winit线下尾程服务,1,202512301,【尾程】winit线下尾程询价,"""1、仓库/尾程SD报价；",,
642933,VASC000000320523,OSF8V1620,Winit线下尾程服务,1,202512301,【尾程】winit线下尾程询价,"""1、仓库/尾程SD报价；",,
644697,VASC000000320535,OW01V1602,入库其他服务需求,1,202507021814,【入库】上架前拦截,背景：入库单WI51143584 有6款贴错商品标签，需要做上架前拦截下来，新单上架，更换包裹标签以及商品标签。预计7.22到仓。,,
643005,VASC000000320556,OSF8V1601,出库其他服务需求,1,20250516,【出库】补贴/更换商品标签,操作步骤：,,
643074,VASC000000320565,OW01V1602,入库其他服务需求,1,20250430,【入库】“包裹条码批量异常（需客户处理）”辨识后补贴包裹标签上架,背景：这些异常货物都是第三方单品条码入库的，因系统未及时上传单品码绑定信息，导致仓库扫描上架触发异常；客户下单海外验，还需要重新贴包裹标上架；,,
643026,VASC000000320568,OSF8V1620,Winit线下尾程服务,1,NULL,NULL,"""1、仓库/尾程SD报价；",,
643038,VASC000000320574,OSF8V1620,Winit线下尾程服务,1,NULL,NULL,"""1、仓库/尾程SD报价；",,
643095,VASC000000320598,OSF8V1620,Winit线下尾程服务,1,202512301,【尾程】winit线下尾程询价,"""1、仓库/尾程SD报价；",,
643107,VASC000000320613,OSF8V1755,出库内外箱补贴商品标签,1,NULL,NULL,EAN场景步骤1：拆开商品外箱 步骤2：核对外箱及彩盒上的条码 步骤3：若条码不一致，则需要用客户上传的标签文件覆盖EAN条码 步骤4：外箱和彩盒上不能出现除正确EAN条码以外的其他条码，若有其他条码请用白标覆盖  步骤5：完成后输入增值单品数量 透明计划场景步骤1：拆开商品外箱 步骤2：补贴商品透明计划标签 步骤3：商品封箱 步骤4：外箱上补贴对应的透明计划标签 内外箱透明计划标签需一致  步骤5：完成后输入增值单品数量,NULL,CD
643116,VASC000000320616,OW01V1602,入库其他服务需求,1,20250430,【入库】“包裹条码批量异常（需客户处理）”辨识后补贴包裹标签上架,仓库操作步骤：,,
643125,VASC000000320619,OW01V1602,入库其他服务需求,1,20250430,【入库】“包裹条码批量异常（需客户处理）”辨识后补贴包裹标签上架,仓库操作步骤：,,
643131,VASC000000320622,OSF8V1755,出库内外箱补贴商品标签,1,NULL,NULL,EAN场景步骤1：拆开商品外箱 步骤2：核对外箱及彩盒上的条码 步骤3：若条码不一致，则需要用客户上传的标签文件覆盖EAN条码 步骤4：外箱和彩盒上不能出现除正确EAN条码以外的其他条码，若有其他条码请用白标覆盖  步骤5：完成后输入增值单品数量 透明计划场景步骤1：拆开商品外箱 步骤2：补贴商品透明计划标签 步骤3：商品封箱 步骤4：外箱上补贴对应的透明计划标签 内外箱透明计划标签需一致  步骤5：完成后输入增值单品数量,NULL,CO
643137,VASC000000320625,OSF8V1716,Anker加急出库,1,NULL,NULL,仓库根据订单情况判断能否在【指定出库日期】之前完成增值，若无法操作加急，请“异常终止”增值订单，若可以操作，请填写加急实际操作工时并“完成”增值 注意（非常重要！！！）： 1. 加急增值完成标准： *标准出库：加急订单出库日期应早于应出库日期，若不符合此条件，请“异常终止”增值订单 *自提出库：加急订单暂存日期应早于应暂存日期，若不符合此条件，请“异常终止”增值订单 2. 仓库实际操作工时，请提前记录并如实填写，最终会根据此工时收取客户费用 3. 需要在出库前完成此增值，否则增值将会被自动“异常终止”,NULL,CO
643200,VASC000000320643,OSF8V1620,Winit线下尾程服务,1,202512301,【尾程】winit线下尾程询价,"""1、仓库/尾程SD报价；",,
643254,VASC000000320649,OSF8V1601,出库其他服务需求,1,NULL,NULL,,NULL,CD
643440,VASC000000320742,OW01V1602,入库其他服务需求,1,20260622001,【入库】补贴包裹条码原单上架,背景：Basic-9新客户首次入仓，需要整批补贴包裹条码，无需辨识，只有2个SKU，按托送仓；,,
643575,VASC000000320757,OW01V1602,入库其他服务需求,1,20250430,【入库】“包裹条码批量异常（需客户处理）”辨识后补贴包裹标签上架,仓库操作步骤：,,
643521,VASC000000320793,OSF6V1627,单品辨识（不开箱）,1,NULL,NULL,根据客户提供的辨识方法，在不拆单品外包装的情况下，仓库辨识单品数量/标签内容（含第三方商品标签）等差异并反馈,NULL,CO
643686,VASC000000320898,OSF8V1601,出库其他服务需求,1,NULL,NULL,,NULL,CD
643713,VASC000000320901,OSF8V1601,出库其他服务需求,1,NULL,NULL,,NULL,CD
643728,VASC000000320904,OSF8V1601,出库其他服务需求,1,NULL,NULL,,NULL,CD
643863,VASC000000320994,OSF8V1620,Winit线下尾程服务,1,202512301,【尾程】winit线下尾程询价,"""1、仓库/尾程SD报价；",,
643890,VASC000000321015,OW01V1652,入库-清除商品标签,1,NULL,NULL,按照客户提供的示例图，清除标签,NULL,CO
643953,VASC000000321027,OW01V1600,提供海外仓监控视频-少单品调查,1,NULL,NULL,根据到仓订单具体情况提供对应视频：,,
645399,VASC000000321036,OW01V1594,上架前自提（无需WINIT打托）,1,NULL,NULL,1、补贴快递面单,,
644082,VASC000000321045,OW01V1602,入库其他服务需求,1,NULL,NULL,,NULL,CD
644007,VASC000000321054,OSF8V1620,Winit线下尾程服务,1,202512301,【尾程】winit线下尾程询价,"""1、仓库/尾程SD报价；",,
644052,VASC000000321060,OSF8V1620,Winit线下尾程服务,1,202512301,【尾程】winit线下尾程询价,"""1、仓库/尾程SD报价；",,
644043,VASC000000321072,OSF8V1842,补贴FNSKU（单SKU对应多个FNSKU）,1,NULL,NULL,1、根据客户提供的对应关系文件，给对应的商品进行补贴商品标签（覆盖原标签），标签使用增值附件中的标签文件。2、登记本次增值操作的增值贴标数量（SI数）及增值商品数量（SKU数）,NULL,CD
644142,VASC000000321075,OSF8V1620,Winit线下尾程服务,1,202512301,【尾程】winit线下尾程询价,"""1、仓库/尾程SD报价；",,
644211,VASC000000321099,OSF6V1752,无主货找回（6个自然日内）-仓库创建无RMA退货单,1,NULL,NULL,步骤1：按照客户提供的快递单号或者POD尝试找回无主货 步骤2： ①若货物找回，请仓库创建无RMA退货单上架并反馈退货订单号，然后【完成】增值单 ②若货物未找回，请【完成】增值单  注意：此增值无论商品是否找回，请将增值单更新为【已出库】,NULL,RT
644187,VASC000000321105,OW01V1602,入库其他服务需求,1,202507021814,【入库】上架前拦截,仓库操作步骤：,,
644130,VASC000000321108,OSF8V1601,出库其他服务需求,1,NULL,NULL,,NULL,CD
644880,VASC000000321138,OW01V1602,入库其他服务需求,1,202506170001,【入库】加固包装（含透明胶带封口、木箱加固等）,仓库操作步骤：,,
644199,VASC000000321147,OSF6V1660,审计盘点（非标）,1,20250407039,【库内】审计盘点,【背景】anker清货盘点,,
644271,VASC000000321180,OSF8V1755,出库内外箱补贴商品标签,1,NULL,NULL,EAN场景步骤1：拆开商品外箱 步骤2：核对外箱及彩盒上的条码 步骤3：若条码不一致，则需要用客户上传的标签文件覆盖EAN条码 步骤4：外箱和彩盒上不能出现除正确EAN条码以外的其他条码，若有其他条码请用白标覆盖  步骤5：完成后输入增值单品数量 透明计划场景步骤1：拆开商品外箱 步骤2：补贴商品透明计划标签 步骤3：商品封箱 步骤4：外箱上补贴对应的透明计划标签 内外箱透明计划标签需一致  步骤5：完成后输入增值单品数量,NULL,CD
644280,VASC000000321183,OSF8V1755,出库内外箱补贴商品标签,1,NULL,NULL,EAN场景步骤1：拆开商品外箱 步骤2：核对外箱及彩盒上的条码 步骤3：若条码不一致，则需要用客户上传的标签文件覆盖EAN条码 步骤4：外箱和彩盒上不能出现除正确EAN条码以外的其他条码，若有其他条码请用白标覆盖  步骤5：完成后输入增值单品数量 透明计划场景步骤1：拆开商品外箱 步骤2：补贴商品透明计划标签 步骤3：商品封箱 步骤4：外箱上补贴对应的透明计划标签 内外箱透明计划标签需一致  步骤5：完成后输入增值单品数量,NULL,CD
644289,VASC000000321186,OSF8V1755,出库内外箱补贴商品标签,1,NULL,NULL,EAN场景步骤1：拆开商品外箱 步骤2：核对外箱及彩盒上的条码 步骤3：若条码不一致，则需要用客户上传的标签文件覆盖EAN条码 步骤4：外箱和彩盒上不能出现除正确EAN条码以外的其他条码，若有其他条码请用白标覆盖  步骤5：完成后输入增值单品数量 透明计划场景步骤1：拆开商品外箱 步骤2：补贴商品透明计划标签 步骤3：商品封箱 步骤4：外箱上补贴对应的透明计划标签 内外箱透明计划标签需一致  步骤5：完成后输入增值单品数量,NULL,CD
644295,VASC000000321189,OSF8V1755,出库内外箱补贴商品标签,1,NULL,NULL,EAN场景步骤1：拆开商品外箱 步骤2：核对外箱及彩盒上的条码 步骤3：若条码不一致，则需要用客户上传的标签文件覆盖EAN条码 步骤4：外箱和彩盒上不能出现除正确EAN条码以外的其他条码，若有其他条码请用白标覆盖  步骤5：完成后输入增值单品数量 透明计划场景步骤1：拆开商品外箱 步骤2：补贴商品透明计划标签 步骤3：商品封箱 步骤4：外箱上补贴对应的透明计划标签 内外箱透明计划标签需一致  步骤5：完成后输入增值单品数量,NULL,CD
644349,VASC000000321210,OW01V1602,入库其他服务需求,1,20250407004,【入库】尺重/标签辨识后换标上架,仓库操作步骤：,,
644535,VASC000000321225,OW01V1674,入库-异常包裹开箱拍照,1,NULL,NULL,1、根据增值单需求信息找货 2、根据客户示例图片拍照、且需要拍外箱箱唛图、SKU条码图，开箱拍产品实物图以及产品实物标签图 3、按照SKU/包裹整理拍照文件并上传,NULL,CO
644397,VASC000000321231,OW01V1602,入库其他服务需求,1,20250407004,【入库】尺重/标签辨识后换标上架,仓库操作步骤：,,
644424,VASC000000321243,OW01V1602,入库其他服务需求,1,20250407004,【入库】尺重/标签辨识后换标上架,仓库操作步骤：,,
644598,VASC000000321333,OSF8V1755,出库内外箱补贴商品标签,1,NULL,NULL,EAN场景步骤1：拆开商品外箱 步骤2：核对外箱及彩盒上的条码 步骤3：若条码不一致，则需要用客户上传的标签文件覆盖EAN条码 步骤4：外箱和彩盒上不能出现除正确EAN条码以外的其他条码，若有其他条码请用白标覆盖  步骤5：完成后输入增值单品数量 透明计划场景步骤1：拆开商品外箱 步骤2：补贴商品透明计划标签 步骤3：商品封箱 步骤4：外箱上补贴对应的透明计划标签 内外箱透明计划标签需一致  步骤5：完成后输入增值单品数量,NULL,CO
644610,VASC000000321336,OSF8V1755,出库内外箱补贴商品标签,1,NULL,NULL,EAN场景步骤1：拆开商品外箱 步骤2：核对外箱及彩盒上的条码 步骤3：若条码不一致，则需要用客户上传的标签文件覆盖EAN条码 步骤4：外箱和彩盒上不能出现除正确EAN条码以外的其他条码，若有其他条码请用白标覆盖  步骤5：完成后输入增值单品数量 透明计划场景步骤1：拆开商品外箱 步骤2：补贴商品透明计划标签 步骤3：商品封箱 步骤4：外箱上补贴对应的透明计划标签 内外箱透明计划标签需一致  步骤5：完成后输入增值单品数量,NULL,CO
644622,VASC000000321342,OSF8V1755,出库内外箱补贴商品标签,1,NULL,NULL,EAN场景步骤1：拆开商品外箱 步骤2：核对外箱及彩盒上的条码 步骤3：若条码不一致，则需要用客户上传的标签文件覆盖EAN条码 步骤4：外箱和彩盒上不能出现除正确EAN条码以外的其他条码，若有其他条码请用白标覆盖  步骤5：完成后输入增值单品数量 透明计划场景步骤1：拆开商品外箱 步骤2：补贴商品透明计划标签 步骤3：商品封箱 步骤4：外箱上补贴对应的透明计划标签 内外箱透明计划标签需一致  步骤5：完成后输入增值单品数量,NULL,CO
644628,VASC000000321345,OSF8V1755,出库内外箱补贴商品标签,1,NULL,NULL,EAN场景步骤1：拆开商品外箱 步骤2：核对外箱及彩盒上的条码 步骤3：若条码不一致，则需要用客户上传的标签文件覆盖EAN条码 步骤4：外箱和彩盒上不能出现除正确EAN条码以外的其他条码，若有其他条码请用白标覆盖  步骤5：完成后输入增值单品数量 透明计划场景步骤1：拆开商品外箱 步骤2：补贴商品透明计划标签 步骤3：商品封箱 步骤4：外箱上补贴对应的透明计划标签 内外箱透明计划标签需一致  步骤5：完成后输入增值单品数量,NULL,CO
644865,VASC000000321378,OW01V1602,入库其他服务需求,1,20260320,【入库】	商品异常更换包裹标签商品标签新单上架,仓库操作步骤：,,
644892,VASC000000321390,OSF8V1620,Winit线下尾程服务,1,202512301,【尾程】winit线下尾程询价,"""1、仓库/尾程SD报价；",,
644907,VASC000000321393,OW01V1599,提供海外仓监控视频-少包裹调查,1,NULL,NULL,根据到仓订单具体情况提供对应视频：,,
644913,VASC000000321396,OW01V1602,入库其他服务需求,1,NULL,NULL,,NULL,CD
644955,VASC000000321402,OSF6V1603,库内其他服务需求,1,20250407062,【库内】指定单品/库位商品更换标签上架,【背景】47箱是A+包裹，需要仓库开箱将里面的小商品更换FNSKU条码为X001BPDKVR。不要把透明计划二维码覆盖了，换好FNSKU标签后，需要原箱装回，然后原箱更换A+包裹重新上架，请拍摄1张换标前+1张换标后的小商品照片。,,
644943,VASC000000321411,OSF8V1755,出库内外箱补贴商品标签,1,NULL,NULL,EAN场景步骤1：拆开商品外箱 步骤2：核对外箱及彩盒上的条码 步骤3：若条码不一致，则需要用客户上传的标签文件覆盖EAN条码 步骤4：外箱和彩盒上不能出现除正确EAN条码以外的其他条码，若有其他条码请用白标覆盖  步骤5：完成后输入增值单品数量 透明计划场景步骤1：拆开商品外箱 步骤2：补贴商品透明计划标签 步骤3：商品封箱 步骤4：外箱上补贴对应的透明计划标签 内外箱透明计划标签需一致  步骤5：完成后输入增值单品数量,NULL,CO
645126,VASC000000321417,OW01V1602,入库其他服务需求,1,202506170001,【入库】加固包装（含透明胶带封口、木箱加固等）,仓库操作步骤：,,
645213,VASC000000321420,OW01V1602,入库其他服务需求,1,20250430,【入库】“包裹条码批量异常（需客户处理）”辨识后补贴包裹标签上架,背景：这些异常货物都是第三方单品条码入库的，因系统未及时上传单品码绑定信息，导致仓库扫描上架触发异常；客户下单海外验，还需要重新贴包裹标上架；,,
645177,VASC000000321450,OW01V1602,入库其他服务需求,1,202507151726,【入库】入库少单品/少包裹视频调查,入库发现破损，需要提供证明发起索赔，需要提供该WI49223618 入库单最近监控角度完整卸货视频，视频可发送给客服刘燕春。,NULL,CO
645255,VASC000000321483,OW01V1602,入库其他服务需求,1,NULL,NULL,,NULL,CD
645264,VASC000000321492,OSF8V1620,Winit线下尾程服务,1,202512301,【尾程】winit线下尾程询价,"""1、仓库/尾程SD报价；",,
645633,VASC000000321498,OW01V1602,入库其他服务需求,1,INBOUND_PICKUP_BF_SHELVE,【入库】上架前自提,背景：WO11473785098 按原装箱方式全部换纸箱，贴发票面单、FEDEX面单、BV-FH0375标签和彩色电池标签。,,
645297,VASC000000321504,OSF6V1647,货权转移（改数模式）,1,NULL,NULL,,NULL,CD
645327,VASC000000321516,OW01V1602,入库其他服务需求,1,20250430,【入库】“包裹条码批量异常（需客户处理）”辨识后补贴包裹标签上架,背景：3单整单各7箱无箱唛，需补贴原包裹条码上架，整单都是同款SKU,,
645354,VASC000000321519,OW01V1622,入库-提供无箱单预报单上架,1,NULL,NULL,"""场景1：新入库单是无箱单，通过包裹推荐>商品预分拣上架",,
645315,VASC000000321522,OSF6V1647,货权转移（改数模式）,1,20250620001,【库内】IT改数收费,此类增值仅用于收费，IT系统改数，无需仓库实物流操作。仓库将增值单状态更新为“仓库已处理”.,NULL,CD
645348,VASC000000321525,OSF8V1601,出库其他服务需求,1,20250407013,【出库】指定位置贴商品/包裹标签/快递面单,操作步骤：,,
645333,VASC000000321528,OSF8V1620,Winit线下尾程服务,1,202512301,【尾程】winit线下尾程询价,"""1、仓库/尾程SD报价；",,
645519,VASC000000321534,OW01V1602,入库其他服务需求,1,NULL,NULL,,NULL,CD
645363,VASC000000321537,OSF8V1620,Winit线下尾程服务,1,202512301,【尾程】winit线下尾程询价,"""1、仓库/尾程SD报价；",,
645369,VASC000000321543,OSF8V1620,Winit线下尾程服务,1,202512301,【尾程】winit线下尾程询价,"""1、仓库/尾程SD报价；",,
645375,VASC000000321546,OSF8V1779,交接 Master BOL,1,NULL,NULL,步骤1：确认客户关联的出库单据信息 步骤2：打印2份客户上传的 Master BOL文件 步骤3：2份都交给司机签字（每页均需要签字），签字后 ①其中1份文件拍照回传，并仓库存档2周及以上 ②其中1份+Packinglist+PO BOL(若有) 一起装入信封并在信封上写Load Destination code ：#### 交给司机,NULL,CO
645387,VASC000000321552,OSF8V1601,出库其他服务需求,1,20250819,【出库】交货时拍照,操作步骤：,,
645663,VASC000000321573,OW01V1599,提供海外仓监控视频-少包裹调查,1,NULL,NULL,根据到仓订单具体情况提供对应视频：,,
645429,VASC000000321594,OW01V1602,入库其他服务需求,1,20250929,【入库】海运整柜100%A+无包裹条码异常，新单无箱单或100%A+包直接上架,"背景:VASC000000319572异常包裹直接上架,[海运整柜100%A+/A包裹],不支持异常[B01E1615包裹条码批量异常(需客户处理),B0102E21包裹条码异常(需客户处理);整单退回.",,
645444,VASC000000321606,OSF8V1620,Winit线下尾程服务,1,202512301,【尾程】winit线下尾程询价,"""1、仓库/尾程SD报价；",,
645510,VASC000000321636,OSF8V1620,Winit线下尾程服务,1,202512301,【尾程】winit线下尾程询价,"""1、仓库/尾程SD报价；",,
645531,VASC000000321642,OW01V1599,提供海外仓监控视频-少包裹调查,1,NULL,NULL,根据到仓订单具体情况提供对应视频：,,
645543,VASC000000321645,OW01V1602,入库其他服务需求,1,20250522001,【入库】指定商品拍照暂存,仓库操作步骤：,,
645561,VASC000000321648,OSF8V1755,出库内外箱补贴商品标签,1,NULL,NULL,EAN场景步骤1：拆开商品外箱 步骤2：核对外箱及彩盒上的条码 步骤3：若条码不一致，则需要用客户上传的标签文件覆盖EAN条码 步骤4：外箱和彩盒上不能出现除正确EAN条码以外的其他条码，若有其他条码请用白标覆盖  步骤5：完成后输入增值单品数量 透明计划场景步骤1：拆开商品外箱 步骤2：补贴商品透明计划标签 步骤3：商品封箱 步骤4：外箱上补贴对应的透明计划标签 内外箱透明计划标签需一致  步骤5：完成后输入增值单品数量,NULL,CO
645567,VASC000000321651,OSF8V1755,出库内外箱补贴商品标签,1,NULL,NULL,EAN场景步骤1：拆开商品外箱 步骤2：核对外箱及彩盒上的条码 步骤3：若条码不一致，则需要用客户上传的标签文件覆盖EAN条码 步骤4：外箱和彩盒上不能出现除正确EAN条码以外的其他条码，若有其他条码请用白标覆盖  步骤5：完成后输入增值单品数量 透明计划场景步骤1：拆开商品外箱 步骤2：补贴商品透明计划标签 步骤3：商品封箱 步骤4：外箱上补贴对应的透明计划标签 内外箱透明计划标签需一致  步骤5：完成后输入增值单品数量,NULL,CD
645576,VASC000000321657,OSF8V1755,出库内外箱补贴商品标签,1,NULL,NULL,EAN场景步骤1：拆开商品外箱 步骤2：核对外箱及彩盒上的条码 步骤3：若条码不一致，则需要用客户上传的标签文件覆盖EAN条码 步骤4：外箱和彩盒上不能出现除正确EAN条码以外的其他条码，若有其他条码请用白标覆盖  步骤5：完成后输入增值单品数量 透明计划场景步骤1：拆开商品外箱 步骤2：补贴商品透明计划标签 步骤3：商品封箱 步骤4：外箱上补贴对应的透明计划标签 内外箱透明计划标签需一致  步骤5：完成后输入增值单品数量,NULL,CO
645594,VASC000000321660,OSF8V1755,出库内外箱补贴商品标签,1,NULL,NULL,EAN场景步骤1：拆开商品外箱 步骤2：核对外箱及彩盒上的条码 步骤3：若条码不一致，则需要用客户上传的标签文件覆盖EAN条码 步骤4：外箱和彩盒上不能出现除正确EAN条码以外的其他条码，若有其他条码请用白标覆盖  步骤5：完成后输入增值单品数量 透明计划场景步骤1：拆开商品外箱 步骤2：补贴商品透明计划标签 步骤3：商品封箱 步骤4：外箱上补贴对应的透明计划标签 内外箱透明计划标签需一致  步骤5：完成后输入增值单品数量,NULL,CO
645684,VASC000000321666,OW01V1602,入库其他服务需求,1,20250407020,【入库】组合后上架,仓库操作流程：,,
645690,VASC000000321669,OW01V1602,入库其他服务需求,1,20250407020,【入库】组合后上架,仓库操作流程：,,
645816,VASC000000321696,OW01V1602,入库其他服务需求,1,20250407020,【入库】组合后上架,仓库操作流程：,,
645822,VASC000000321699,OW01V1602,入库其他服务需求,1,20250407020,【入库】组合后上架,仓库操作流程：,,
645870,VASC000000321726,OSF8V1620,Winit线下尾程服务,1,202512301,【尾程】winit线下尾程询价,"""1、仓库/尾程SD报价；",,
645990,VASC000000321738,OW01V1602,入库其他服务需求,1,NULL,NULL,,NULL,CD
646002,VASC000000321756,OW01V1602,入库其他服务需求,1,NULL,NULL,,NULL,CD
646044,VASC000000321759,OSF8V1620,Winit线下尾程服务,1,202512301,【尾程】winit线下尾程询价,"""1、仓库/尾程SD报价；",,
650622,VASC000000321768,OW01V1602,入库其他服务需求,1,202506170001,【入库】加固包装（含透明胶带封口、木箱加固等）,仓库操作步骤：,,
646056,VASC000000321777,OSF8V1601,出库其他服务需求,1,NULL,NULL,,NULL,CD
646098,VASC000000321792,OSF8V1601,出库其他服务需求,1,20250407013,【出库】指定位置贴商品/包裹标签/快递面单,操作步骤：,,
646116,VASC000000321795,OSF8V1601,出库其他服务需求,1,20250407013,【出库】指定位置贴商品/包裹标签/快递面单,操作步骤：,,
646146,VASC000000321813,OSF8V1749,审核出库单,1,NULL,NULL,仅万邑通内部发起,NULL,CO
646179,VASC000000321825,OW01V1594,上架前自提（无需WINIT打托）,1,NULL,NULL,1、补贴快递面单,,
646278,VASC000000321855,OSF8V1601,出库其他服务需求,1,NULL,NULL,,NULL,CD
646284,VASC000000321861,OSF8V1620,Winit线下尾程服务,1,202512301,【尾程】winit线下尾程询价,"""1、仓库/尾程SD报价；",,
646359,VASC000000321891,OSF6V1603,库内其他服务需求,1,20250407062,【库内】指定单品/库位商品更换标签上架,【背景】47箱是A+包裹，需要仓库开箱将里面的小商品更换FNSKU条码为X001BPDKVR。不要把透明计划二维码覆盖了，换好FNSKU标签后，需要原箱装回，然后原箱更换A+包裹重新上架，请拍摄1张换标前+1张换标后的小商品照片。,,
646383,VASC000000321903,OSF8V1620,Winit线下尾程服务,1,202512301,【尾程】winit线下尾程询价,"""1、仓库/尾程SD报价；",,
646425,VASC000000321930,OSF8V1620,Winit线下尾程服务,1,202512301,【尾程】winit线下尾程询价,"""1、仓库/尾程SD报价；",,
646575,VASC000000321948,OSF6V1841,库内其他服务需求（库内异常处理）,1,20250407056,【库内】商品包装加固,【背景】EB0426070931164183，这个异常单内的产品是个整箱类型的库存（SKU：SLEU-CL-D220P-118D3-1-32），需要将商品加固。,,
646704,VASC000000322008,OSF8V1601,出库其他服务需求,1,NULL,NULL,,NULL,CD
646623,VASC000000322011,OSF6V1603,库内其他服务需求,1,20250407052,【库内】包裹错装换标上架,【背景】EB0526071331236810 包裹内商品错装，此异常提交拍照辨识后VASC000000320457异常单被关闭，实际异常还未处理，已经下了新单WI51235982 需要更换外箱标上架。,,
646725,VASC000000322095,OSF6V1647,货权转移（改数模式）,1,20250620001,【库内】IT改数收费,此类增值仅用于收费，IT系统改数，无需仓库实物流操作。仓库将增值单状态更新为“仓库已处理”。,NULL,CD
648102,VASC000000322098,OW01V1602,入库其他服务需求,1,NULL,NULL,,NULL,CD
647103,VASC000000322107,OSF6V1597,单品拆分后上架（拆分为多个SKU）,1,INSTOCK_SPLIT_SKU,【库内】拆分SKU,1、将商品01-08-03-0785下架全部库存。,,
646794,VASC000000322113,OSF6V1660,审计盘点（非标）,1,20250407039,【库内】审计盘点,盘点范围：[下单环节指定SKU],,
646842,VASC000000322173,OW01V1674,入库-异常包裹开箱拍照,1,NULL,NULL,1、根据增值单需求信息找货 2、根据客户示例图片拍照、且需要拍外箱箱唛图、SKU条码图，开箱拍产品实物图以及产品实物标签图 3、按照SKU/包裹整理拍照文件并上传,NULL,CO
646857,VASC000000322179,OW01V1599,提供海外仓监控视频-少包裹调查,1,NULL,NULL,根据到仓订单具体情况提供对应视频：,,
647028,VASC000000322191,OW01V1602,入库其他服务需求,1,20250430,【入库】“包裹条码批量异常（需客户处理）”辨识后补贴包裹标签上架,背景：3个增值单每单只登记了一箱，实际对应有6个入库单各7箱，要上架到原单；,,
646902,VASC000000322206,OSF8V1620,Winit线下尾程服务,1,NULL,NULL,"""1、仓库/尾程SD报价；",,
646977,VASC000000322215,OW01V1602,入库其他服务需求,1,202506120003,【入库】批量辨识商品后补贴商品条码及包裹条码上架,背景：原单为无箱单预报单，无包裹码，且不能LPN码直接上架，需要补贴商品条码覆盖；,,
646965,VASC000000322227,OSF8V1620,Winit线下尾程服务,1,202512301,【尾程】winit线下尾程询价,"""1、仓库/尾程SD报价；",,
647040,VASC000000322266,OSF8V1620,Winit线下尾程服务,1,202512301,【尾程】winit线下尾程询价,"""1、仓库/尾程SD报价；",,
647046,VASC000000322272,OSF8V1620,Winit线下尾程服务,1,NULL,NULL,"""1、仓库/尾程SD报价；",,
647064,VASC000000322278,OSF6V1603,库内其他服务需求,1,20250407051,【库内】良品/不良品检测,【背景】因实物存在质量风险，anker需要对商品进行检测（anker安排一位专业人员到仓做检测），合格的会正常上架，不良品会上架到不良品区域，等检测结果出来再提供上架单。,,
647079,VASC000000322284,OSF6V1841,库内其他服务需求（库内异常处理）,1,20250407043,【库内】商品外观辨识+贴标上架,【背景】需要异常单商品条码缺失，需要补贴商品条码并上架到不良品。,,
647133,VASC000000322320,OSF8V1601,出库其他服务需求,1,[Outbound] Repackaging by self-pickup order,【出库】暂存单重新装箱,WO12115174372 信息流已暂存完毕，无法再指定装箱，客户实际需要将商品 加8号纸箱打包，再打成1托，客户后续自提走,NULL,RT
647175,VASC000000322353,OSF6V1603,库内其他服务需求,1,20250407043,【库内】商品外观辨识+贴标上架,【背景】WO12110548066 ，历史出库单因电话没填写，抓单失败，货物已打包更换标签完毕，导致无法入库，需要补贴商品标签。,,
647211,VASC000000322389,OSF8V1601,出库其他服务需求,1,[Outbound] Repackaging by self-pickup order,【出库】暂存单重新装箱,WO12115174372 信息流已暂存完毕，无法再指定装箱，客户实际需要将商品 加8号纸箱打包，再打成1托，客户后续自提走,NULL,CO
647217,VASC000000322392,OSF8V1601,出库其他服务需求,1,NULL,NULL,,NULL,CD
650733,VASC000000322410,OW01V1602,入库其他服务需求,1,20250430,【入库】“包裹条码批量异常（需客户处理）”辨识后补贴包裹标签上架,背景：实物产品条码正确，第三方的编码系统已经关联，客户要求使用新入库单上架，仓库帮忙按新单补贴新单的包裹标签操作上架,,
647277,VASC000000322434,OSF8V1749,审核出库单,1,NULL,NULL,仅万邑通内部发起,NULL,CO
647298,VASC000000322437,OW01V1602,入库其他服务需求,1,20250407044,仓库已完成 需补收费用,新客户首次入仓，包裹条码异常，补收10张商品条码，应收$3.5 。,NULL,CO
647304,VASC000000322440,OW01V1602,入库其他服务需求,1,20250407044,仓库已完成 需补收费用,转仓异常SKU，两个SKU分别补贴90张和34张商品条码，补收$0.35*124=$43.4,,
647319,VASC000000322443,OW01V1602,入库其他服务需求,1,20250407044,仓库已完成 需补收费用,转仓的散箱里部分商品无条码，最终补贴30张，整单补贴30张商品条码，应收30*0.35=$10.5。,,
647361,VASC000000322446,OW01V1602,入库其他服务需求,1,20250407044,仓库已完成 需补收费用,WI50966493:补6张；WI50966587：补15张，转仓单PUSINTR26000256补贴箱产品包裹条码1206张，另外加上两单快递送仓的补贴包裹条码21张，合计补收1227*0.35=$429.45,,
647382,VASC000000322449,OSF8V1601,出库其他服务需求,1,NULL,NULL,,NULL,CD
647604,VASC000000322554,OSF6V1647,货权转移（改数模式）,1,20250620001,【库内】IT改数收费,此类增值仅用于收费，IT系统改数，无需仓库实物流操作。仓库将增值单状态更新为“仓库已处理”,NULL,CO
647742,VASC000000322575,OSF8V1620,Winit线下尾程服务,1,NULL,NULL,"""1、仓库/尾程SD报价；",,
648021,VASC000000322629,OW01V1602,入库其他服务需求,1,20250430,【入库】“包裹条码批量异常（需客户处理）”辨识后补贴包裹标签上架,仓库操作步骤；,,
647991,VASC000000322680,OSF8V1620,Winit线下尾程服务,1,202512301,【尾程】winit线下尾程询价,"""1、仓库/尾程SD报价；",,
649659,VASC000000322689,OW01V1602,入库其他服务需求,1,20250407049,【出库】单品拆分补贴第三方商品标签,仓库操作步骤：,,
648012,VASC000000322692,OSF8V1620,Winit线下尾程服务,1,202512301,【尾程】winit线下尾程询价,"""1、仓库/尾程SD报价；",,
649707,VASC000000322695,OW01V1594,上架前自提（無需WINIT打託）,1,NULL,NULL,1、补贴快递面单,,
648045,VASC000000322701,OSF8V1620,Winit线下尾程服务,1,202512301,【尾程】winit线下尾程询价,"""1、仓库/尾程SD报价；",,
648051,VASC000000322707,OSF8V1755,出库内外箱补贴商品标签,1,NULL,NULL,EAN场景步骤1：拆开商品外箱 步骤2：核对外箱及彩盒上的条码 步骤3：若条码不一致，则需要用客户上传的标签文件覆盖EAN条码 步骤4：外箱和彩盒上不能出现除正确EAN条码以外的其他条码，若有其他条码请用白标覆盖  步骤5：完成后输入增值单品数量 透明计划场景步骤1：拆开商品外箱 步骤2：补贴商品透明计划标签 步骤3：商品封箱 步骤4：外箱上补贴对应的透明计划标签 内外箱透明计划标签需一致  步骤5：完成后输入增值单品数量,NULL,CO
648273,VASC000000322716,OW01V1602,入库其他服务需求,1,NULL,NULL,,NULL,CD
648069,VASC000000322719,OW01V1652,入库-清除商品标签,1,NULL,NULL,按照客户提供的示例图，清除标签,NULL,CO
648177,VASC000000322752,OW01V1602,入库其他服务需求,1,202506120003,【入库】批量辨识商品后补贴商品条码及包裹条码上架,背景：客户来货，工厂贴错商品标签，需要根据需求的辨识方式重新贴对应的商品条码，对应新入库单上架。,,
648192,VASC000000322761,OW01V1602,入库其他服务需求,1,NULL,NULL,,NULL,CD
648573,VASC000000322896,OSF6V1595,单品指定位置开箱拍照,1,NULL,NULL,根据客户指定位置辨识拍照并反馈结果,NULL,CO
650148,VASC000000322902,OSF6V1647,货权转移（改数模式）,1,NULL,NULL,,NULL,CD
648633,VASC000000322935,OSF6V1603,库内其他服务需求,1,20250421001,【库内】商品拆箱加/减配件,【背景】Anker改制。,,
648654,VASC000000322938,OSF6V1648,代采购包材物料,1,20250619001,【库内】代采购包材物料,【背景】客户DG货物出库需要仓库代采购UN箱。,,
648684,VASC000000322959,OSF6V1603,库内其他服务需求,1,20250408001,【出库】重新打托（塑料托盘）,费用补收 WO11655133536,NULL,CO
648696,VASC000000322965,OSF8V1601,出库其他服务需求,1,NULL,NULL,,NULL,CD
648960,VASC000000322995,OW01V1654,包裹串仓异常调拨,1,NULL,NULL,将客户指定异常调拨到目的仓库,NULL,CD
648747,VASC000000323001,OSF6V1603,库内其他服务需求,1,20250407045,【库内】辨识后贴标上架+销毁,【背景】原：VASC000000318582 我司上门维修后提供对应的上架单以及坏品需要销毁处理。,,
648840,VASC000000323010,OSF6V1603,库内其他服务需求,1,NULL,NULL,,NULL,CD
648828,VASC000000323067,OSF8V1601,出库其他服务需求,1,NULL,NULL,,NULL,CD
648921,VASC000000323076,OSF6V1677,退货商品补拍细节照,1,NULL,NULL,针对退货入库商品，按照客户示例图要求开箱补拍商品细节照片（含外箱标签照、内部商品细节图、内部商品标签照等）,NULL,CO
648843,VASC000000323079,OW01V1602,入库其他服务需求,1,NULL,NULL,,NULL,CD
648891,VASC000000323082,OSF6V1841,库内其他服务需求（库内异常处理）,1,NULL,NULL,,NULL,CD
648876,VASC000000323097,OSF8V1601,出库其他服务需求,1,NULL,NULL,,NULL,CD
648930,VASC000000323106,OSF6V1841,库内其他服务需求（库内异常处理）,1,NULL,NULL,,NULL,CD
648981,VASC000000323130,OSF8V1620,Winit线下尾程服务,1,202512301,【尾程】winit线下尾程询价,"""1、仓库/尾程SD报价；",,
649002,VASC000000323136,OSF8V1620,Winit线下尾程服务,1,202512301,【尾程】winit线下尾程询价,"""1、仓库/尾程SD报价；",,
649047,VASC000000323145,OSF8V1620,Winit线下尾程服务,1,202512301,【尾程】winit线下尾程询价,"""1、仓库/尾程SD报价；",,
649059,VASC000000323151,OSF8V1620,Winit线下尾程服务,1,202512301,【尾程】winit线下尾程询价,"""1、仓库/尾程SD报价；",,
649086,VASC000000323163,OSF8V1620,Winit线下尾程服务,1,202512301,【尾程】winit线下尾程询价,"""1、仓库/尾程SD报价；",,
649110,VASC000000323166,OSF8V1620,Winit线下尾程服务,1,202512301,【尾程】winit线下尾程询价,"""1、仓库/尾程SD报价；",,
649122,VASC000000323169,OW01V1602,入库其他服务需求,1,202507021814,【入库】上架前拦截,仓库操作步骤：,,
649092,VASC000000323172,OSF8V1601,出库其他服务需求,1,NULL,NULL,,NULL,CD
649128,VASC000000323175,OSF8V1601,出库其他服务需求,1,NULL,NULL,,NULL,CD
649119,VASC000000323178,OSF8V1755,出库内外箱补贴商品标签,1,NULL,NULL,EAN场景步骤1：拆开商品外箱 步骤2：核对外箱及彩盒上的条码 步骤3：若条码不一致，则需要用客户上传的标签文件覆盖EAN条码 步骤4：外箱和彩盒上不能出现除正确EAN条码以外的其他条码，若有其他条码请用白标覆盖  步骤5：完成后输入增值单品数量 透明计划场景步骤1：拆开商品外箱 步骤2：补贴商品透明计划标签 步骤3：商品封箱 步骤4：外箱上补贴对应的透明计划标签 内外箱透明计划标签需一致  步骤5：完成后输入增值单品数量,NULL,CO
649140,VASC000000323181,OSF8V1601,出库其他服务需求,1,NULL,NULL,,NULL,CD
649146,VASC000000323184,OSF8V1601,出库其他服务需求,1,NULL,NULL,,NULL,CD
649152,VASC000000323187,OSF8V1601,出库其他服务需求,1,20250516,【出库】补贴/更换商品标签,WO12116977803 实物已覆盖原winit商品条码标签，补收费用,NULL,CD
649158,VASC000000323190,OSF8V1601,出库其他服务需求,1,20250516,【出库】补贴/更换商品标签,WO12116949715 实物已覆盖原winit商品条码标签，补收费用,NULL,CD
649164,VASC000000323193,OSF8V1601,出库其他服务需求,1,NULL,NULL,,NULL,CD
649170,VASC000000323196,OSF8V1601,出库其他服务需求,1,20250516,【出库】补贴/更换商品标签,WO12116919868　实物已覆盖原winit商品条码标签，补收费用,NULL,CD
649176,VASC000000323199,OSF8V1601,出库其他服务需求,1,NULL,NULL,,NULL,CD
649182,VASC000000323202,OSF8V1601,出库其他服务需求,1,20250516,【出库】补贴/更换商品标签,WO12116878856  实物已覆盖原winit商品条码标签，补收费用,NULL,CD
649188,VASC000000323205,OSF8V1601,出库其他服务需求,1,NULL,NULL,,NULL,CD
649251,VASC000000323247,OSF8V1755,出库内外箱补贴商品标签,1,NULL,NULL,EAN场景步骤1：拆开商品外箱 步骤2：核对外箱及彩盒上的条码 步骤3：若条码不一致，则需要用客户上传的标签文件覆盖EAN条码 步骤4：外箱和彩盒上不能出现除正确EAN条码以外的其他条码，若有其他条码请用白标覆盖  步骤5：完成后输入增值单品数量 透明计划场景步骤1：拆开商品外箱 步骤2：补贴商品透明计划标签 步骤3：商品封箱 步骤4：外箱上补贴对应的透明计划标签 内外箱透明计划标签需一致  步骤5：完成后输入增值单品数量,NULL,CO
649257,VASC000000323250,OSF8V1755,出库内外箱补贴商品标签,1,NULL,NULL,EAN场景步骤1：拆开商品外箱 步骤2：核对外箱及彩盒上的条码 步骤3：若条码不一致，则需要用客户上传的标签文件覆盖EAN条码 步骤4：外箱和彩盒上不能出现除正确EAN条码以外的其他条码，若有其他条码请用白标覆盖  步骤5：完成后输入增值单品数量 透明计划场景步骤1：拆开商品外箱 步骤2：补贴商品透明计划标签 步骤3：商品封箱 步骤4：外箱上补贴对应的透明计划标签 内外箱透明计划标签需一致  步骤5：完成后输入增值单品数量,NULL,CO
649263,VASC000000323253,OSF8V1755,出库内外箱补贴商品标签,1,NULL,NULL,EAN场景步骤1：拆开商品外箱 步骤2：核对外箱及彩盒上的条码 步骤3：若条码不一致，则需要用客户上传的标签文件覆盖EAN条码 步骤4：外箱和彩盒上不能出现除正确EAN条码以外的其他条码，若有其他条码请用白标覆盖  步骤5：完成后输入增值单品数量 透明计划场景步骤1：拆开商品外箱 步骤2：补贴商品透明计划标签 步骤3：商品封箱 步骤4：外箱上补贴对应的透明计划标签 内外箱透明计划标签需一致  步骤5：完成后输入增值单品数量,NULL,CO
649269,VASC000000323256,OSF8V1755,出库内外箱补贴商品标签,1,NULL,NULL,EAN场景步骤1：拆开商品外箱 步骤2：核对外箱及彩盒上的条码 步骤3：若条码不一致，则需要用客户上传的标签文件覆盖EAN条码 步骤4：外箱和彩盒上不能出现除正确EAN条码以外的其他条码，若有其他条码请用白标覆盖  步骤5：完成后输入增值单品数量 透明计划场景步骤1：拆开商品外箱 步骤2：补贴商品透明计划标签 步骤3：商品封箱 步骤4：外箱上补贴对应的透明计划标签 内外箱透明计划标签需一致  步骤5：完成后输入增值单品数量,NULL,CO
649275,VASC000000323259,OSF8V1755,出库内外箱补贴商品标签,1,NULL,NULL,EAN场景步骤1：拆开商品外箱 步骤2：核对外箱及彩盒上的条码 步骤3：若条码不一致，则需要用客户上传的标签文件覆盖EAN条码 步骤4：外箱和彩盒上不能出现除正确EAN条码以外的其他条码，若有其他条码请用白标覆盖  步骤5：完成后输入增值单品数量 透明计划场景步骤1：拆开商品外箱 步骤2：补贴商品透明计划标签 步骤3：商品封箱 步骤4：外箱上补贴对应的透明计划标签 内外箱透明计划标签需一致  步骤5：完成后输入增值单品数量,NULL,CO
649281,VASC000000323265,OSF8V1749,审核出库单,1,NULL,NULL,仅万邑通内部发起,NULL,CO
649290,VASC000000323271,OSF8V1601,出库其他服务需求,1,NULL,NULL,,NULL,CD
649404,VASC000000323334,OSF6V1647,货权转移（改数模式）,1,20250620001,【库内】IT改数收费,此类增值仅用于收费，IT系统改数，无需仓库实物流操作。仓库将增值单状态更新为“仓库已处理”。,NULL,CD
649461,VASC000000323355,OSF8V1620,Winit线下尾程服务,1,202512301,【尾程】winit线下尾程询价,"""1、仓库/尾程SD报价；",,
649485,VASC000000323364,OW01V1602,入库其他服务需求,1,20250407004,【入库】尺重/标签辨识后换标上架,背景：此货物为其他仓库移除的，需要更换商品标签新单上架。,,
649605,VASC000000323391,OSF6V1648,代采购包材物料,1,20250619001,【库内】代采购包材物料,【背景】客户DG货物出库需要仓库代采购UN箱。,,
649512,VASC000000323394,OSF8V1749,审核出库单,1,NULL,NULL,仅万邑通内部发起,NULL,CO
649515,VASC000000323397,OSF8V1749,审核出库单,1,NULL,NULL,仅万邑通内部发起,NULL,CO
649539,VASC000000323403,OSF8V1601,出库其他服务需求,1,NULL,NULL,,NULL,CD
649548,VASC000000323430,OSF8V1755,出库内外箱补贴商品标签,1,NULL,NULL,EAN场景步骤1：拆开商品外箱 步骤2：核对外箱及彩盒上的条码 步骤3：若条码不一致，则需要用客户上传的标签文件覆盖EAN条码 步骤4：外箱和彩盒上不能出现除正确EAN条码以外的其他条码，若有其他条码请用白标覆盖  步骤5：完成后输入增值单品数量 透明计划场景步骤1：拆开商品外箱 步骤2：补贴商品透明计划标签 步骤3：商品封箱 步骤4：外箱上补贴对应的透明计划标签 内外箱透明计划标签需一致  步骤5：完成后输入增值单品数量,NULL,CO
649629,VASC000000323442,OSF8V1601,出库其他服务需求,1,NULL,NULL,,NULL,CD
649641,VASC000000323454,OW01V1652,入库-清除商品标签,1,NULL,NULL,按照客户提供的示例图，清除标签,NULL,CO
649686,VASC000000323463,OSF8V1620,Winit线下尾程服务,1,202512301,【尾程】winit线下尾程询价,"""1、仓库/尾程SD报价；",,
649791,VASC000000323472,OW01V1602,入库其他服务需求,1,NULL,NULL,,NULL,CD
650061,VASC000000323490,OW01V1594,上架前自提（无需WINIT打托）,1,NULL,NULL,1、补贴快递面单,,
649785,VASC000000323493,OSF8V1620,Winit线下尾程服务,1,202512301,【尾程】winit线下尾程询价,"""1、仓库/尾程SD报价；",,
649965,VASC000000323499,OSF6V1844,增值补收费,1,20250407044,仓库已完成 需补收费用,测试,NULL,CO
649914,VASC000000323505,OW01V1602,入库其他服务需求,1,NULL,NULL,,NULL,CD
649878,VASC000000323511,OW01V1594,上架前自提（无需WINIT打托）,1,NULL,NULL,1、补贴快递面单,,
649941,VASC000000323538,OSF8V1620,Winit线下尾程服务,1,202512301,【尾程】winit线下尾程询价,"""1、仓库/尾程SD报价；",,
649992,VASC000000323562,OSF8V1620,Winit线下尾程服务,1,202512301,【尾程】winit线下尾程询价,"""1、仓库/尾程SD报价；",,
650211,VASC000000323568,OSF6V1603,库内其他服务需求,1,NULL,NULL,,NULL,CD
650073,VASC000000323586,OSF8V1601,出库其他服务需求,1,20250407013,【出库】指定位置贴商品/包裹标签/快递面单,操作步骤：,,
650169,VASC000000323595,OW01V1602,入库其他服务需求,1,NULL,NULL,,NULL,CD
650079,VASC000000323598,OSF8V1620,Winit线下尾程服务,1,NULL,NULL,"""1、仓库/尾程SD报价；",,
650085,VASC000000323601,OSF8V1755,出库内外箱补贴商品标签,1,NULL,NULL,EAN场景步骤1：拆开商品外箱 步骤2：核对外箱及彩盒上的条码 步骤3：若条码不一致，则需要用客户上传的标签文件覆盖EAN条码 步骤4：外箱和彩盒上不能出现除正确EAN条码以外的其他条码，若有其他条码请用白标覆盖  步骤5：完成后输入增值单品数量 透明计划场景步骤1：拆开商品外箱 步骤2：补贴商品透明计划标签 步骤3：商品封箱 步骤4：外箱上补贴对应的透明计划标签 内外箱透明计划标签需一致  步骤5：完成后输入增值单品数量,NULL,CO
650217,VASC000000323625,OSF6V1647,货权转移（改数模式）,1,20250620001,【库内】IT改数收费,此类增值仅用于收费，IT系统改数，无需仓库实物流操作。仓库将增值单状态更新为“仓库已处理”,NULL,CO
650223,VASC000000323628,OSF8V1620,Winit线下尾程服务,1,202512301,【尾程】winit线下尾程询价,"""1、仓库/尾程SD报价；",,
650280,VASC000000323631,OSF8V1620,Winit线下尾程服务,1,202512301,【尾程】winit线下尾程询价,"""1、仓库/尾程SD报价；",,
650238,VASC000000323643,OSF8V1620,Winit线下尾程服务,1,202512301,【尾程】winit线下尾程询价,"""1、仓库/尾程SD报价；",,
650268,VASC000000323646,OSF6V1646,货权转移（换标模式）,1,20250407043,【库内】商品外观辨识+贴标上架,【背景】货权转移（换标模式）,,
650253,VASC000000323649,OSF6V1626,指定商品盘点,1,NULL,NULL,1、将在库商品按SKU进行清点数量,,
650313,VASC000000323652,OSF8V1620,Winit线下尾程服务,1,202512301,【尾程】winit线下尾程询价,"""1、仓库/尾程SD报价；",,
650316,VASC000000323658,OW01V1602,入库其他服务需求,1,202506120001,【入库】关联第三方商品条码上架,背景：EB0326071431273641登记的异常类型是：包裹内出现订单外商品，实际是客户自己下单前将第三方编码关联错误，目前已重新关联，可以原单上架；,,
651528,VASC000000323667,OSF6V1626,指定商品盘点,1,NULL,NULL,1、将在库商品按SKU进行清点数量,,
650700,VASC000000323682,OSF6V1603,库内其他服务需求,1,20250407055,【库内】更换客制包装,【背景】产品入库未加UN箱，无法发货，加UN箱安排发货。,,
651534,VASC000000323688,OSF6V1626,指定商品盘点,1,NULL,NULL,1、将在库商品按SKU进行清点数量,,
650391,VASC000000323694,OSF6V1603,库内其他服务需求,1,20250401002,【库内】关联第三方条码上架,【背景】以上都是单品条码无法扫描的异常，目前第三方编码已关联，需重新扫描上架。,,
650463,VASC000000323700,OSF6V1646,货权转移（换标模式）,1,NULL,NULL,,NULL,CD
650412,VASC000000323706,OSF8V1620,Winit线下尾程服务,1,202512301,【尾程】winit线下尾程询价,"""1、仓库/尾程SD报价；",,
650466,VASC000000323724,OSF6V1603,库内其他服务需求,1,20250401002,【库内】关联第三方条码上架,【背景】EB0526071631352868是单品质量异常，客户反馈实物没有问题，可以直接上架。,,
650472,VASC000000323730,OSF8V1749,审核出库单,1,NULL,NULL,仅万邑通内部发起,NULL,CO
650490,VASC000000323733,OSF6V1646,货权转移（换标模式）,1,20250407043,【库内】商品外观辨识+贴标上架,【背景】货权转移，换标模式。,,
650628,VASC000000323802,OSF8V1601,出库其他服务需求,1,NULL,NULL,,NULL,CD
650631,VASC000000323808,OW01V1602,入库其他服务需求,1,20250407004,【入库】尺重/标签辨识后换标上架,背景：该客户遇到海关抽验，外包装被拆且无包裹标签，需要重新包装并原单上架。,,
650640,VASC000000323820,OW01V1602,入库其他服务需求,1,NULL,NULL,,NULL,CD
650727,VASC000000323850,OSF6V1603,库内其他服务需求,1,20250407055,【库内】更换客制包装,【背景】产品入库未加UN箱，无法发货，加UN箱安排发货。,,
650775,VASC000000323856,OW01V1602,入库其他服务需求,1,20250430,【入库】“包裹条码批量异常（需客户处理）”辨识后补贴包裹标签上架,背景：实物产品条码正确，第三方的编码系统已经关联，客户要求使用新入库单上架，仓库帮忙按新单补贴新单的包裹标签操作上架；,,
650748,VASC000000323862,OSF8V1620,Winit线下尾程服务,1,202512301,【尾程】winit线下尾程询价,"""1、仓库/尾程SD报价；",,
650772,VASC000000323865,OSF8V1755,出库内外箱补贴商品标签,1,NULL,NULL,EAN场景步骤1：拆开商品外箱 步骤2：核对外箱及彩盒上的条码 步骤3：若条码不一致，则需要用客户上传的标签文件覆盖EAN条码 步骤4：外箱和彩盒上不能出现除正确EAN条码以外的其他条码，若有其他条码请用白标覆盖  步骤5：完成后输入增值单品数量 透明计划场景步骤1：拆开商品外箱 步骤2：补贴商品透明计划标签 步骤3：商品封箱 步骤4：外箱上补贴对应的透明计划标签 内外箱透明计划标签需一致  步骤5：完成后输入增值单品数量,NULL,CO
650796,VASC000000323880,OSF8V1749,审核出库单,1,NULL,NULL,仅万邑通内部发起,NULL,CO
650799,VASC000000323883,OSF8V1749,审核出库单,1,NULL,NULL,仅万邑通内部发起,NULL,CO
650835,VASC000000323895,OW01V1602,入库其他服务需求,1,20250407020,【入库】组合后上架,客户转仓送来了少量未组套WIP，补收组套增值60刀。,,
650850,VASC000000323898,OW01V1602,入库其他服务需求,1,20250407020,【入库】组合后上架,转仓库存中混有未组套商品，补收80刀组套增值.,,
650934,VASC000000323958,OSF6V1647,货权转移（改数模式）,1,20250620001,【库内】IT改数收费,此类增值仅用于收费，IT系统改数，无需仓库实物流操作。仓库将增值单状态更新为“仓库已处理”,NULL,CD
650976,VASC000000323970,OW01V1602,入库其他服务需求,1,20250430,【入库】“包裹条码批量异常（需客户处理）”辨识后补贴包裹标签上架,背景：该异常单内的商品实际是错装，下单包裹下的SKU与实物的SKU对应不上，实物SKU在原入库单上也有下单，但因是批次管理，仓库无法登记错装异常。,,
651105,VASC000000323979,OW01V1600,提供海外仓监控视频-少单品调查,1,NULL,NULL,根据到仓订单具体情况提供对应视频：,,
651003,VASC000000323988,OSF8V1620,Winit线下尾程服务,1,202512301,【尾程】winit线下尾程询价,"""1、仓库/尾程SD报价；",,
651126,VASC000000324006,OSF8V1620,Winit线下尾程服务,1,NULL,NULL,"""1、仓库/尾程SD报价；",,
651120,VASC000000324018,OSF6V1660,审计盘点（非标）,1,20250407039,【库内】审计盘点,盘点范围：[指定SKU],,
651129,VASC000000324027,OSF6V1648,代采购包材物料,1,20250619001,【库内】代采购包材物料,【背景】客户DG货物出库需要仓库代采购UN箱。,,
651255,VASC000000324066,OW01V1602,入库其他服务需求,1,NULL,NULL,,NULL,CD
651270,VASC000000324069,OW01V1602,入库其他服务需求,1,20250522001,【入库】指定商品拍照暂存,背景：A+包裹，里面只有一件，需要开箱后对商品拍照并测量里面的产品的尺寸重量，,,
651309,VASC000000324090,OW01V1602,入库其他服务需求,1,20251208,【入库】包裹级异常更换包装,仓库操作步骤：,,
651582,VASC000000324249,OSF8V1755,出库内外箱补贴商品标签,1,NULL,NULL,EAN场景步骤1：拆开商品外箱 步骤2：核对外箱及彩盒上的条码 步骤3：若条码不一致，则需要用客户上传的标签文件覆盖EAN条码 步骤4：外箱和彩盒上不能出现除正确EAN条码以外的其他条码，若有其他条码请用白标覆盖  步骤5：完成后输入增值单品数量 透明计划场景步骤1：拆开商品外箱 步骤2：补贴商品透明计划标签 步骤3：商品封箱 步骤4：外箱上补贴对应的透明计划标签 内外箱透明计划标签需一致  步骤5：完成后输入增值单品数量,NULL,CO
651624,VASC000000324252,OSF8V1620,Winit线下尾程服务,1,202512301,【尾程】winit线下尾程询价,"""1、仓库/尾程SD报价；",,
651675,VASC000000324258,OW01V1600,提供海外仓监控视频-少单品调查,1,NULL,NULL,根据到仓订单具体情况提供对应视频：,,
651594,VASC000000324267,OSF8V1716,Anker加急出库,1,NULL,NULL,仓库根据订单情况判断能否在【指定出库日期】之前完成增值，若无法操作加急，请“异常终止”增值订单，若可以操作，请填写加急实际操作工时并“完成”增值 注意（非常重要！！！）： 1. 加急增值完成标准： *标准出库：加急订单出库日期应早于应出库日期，若不符合此条件，请“异常终止”增值订单 *自提出库：加急订单暂存日期应早于应暂存日期，若不符合此条件，请“异常终止”增值订单 2. 仓库实际操作工时，请提前记录并如实填写，最终会根据此工时收取客户费用 3. 需要在出库前完成此增值，否则增值将会被自动“异常终止”,NULL,CO
651678,VASC000000324270,OSF6V1752,无主货找回（6个自然日内）-仓库创建无RMA退货单,1,NULL,NULL,步骤1：按照客户提供的快递单号或者POD尝试找回无主货 步骤2： ①若货物找回，请仓库创建无RMA退货单上架并反馈退货订单号，然后【完成】增值单 ②若货物未找回，请【完成】增值单  注意：此增值无论商品是否找回，请将增值单更新为【已出库】,NULL,CO
651639,VASC000000324276,OSF6V1603,库内其他服务需求,1,20250407043,【库内】商品外观辨识+贴标上架,【背景】德国仓一批共 213 件商品，因客户前期错装导致系统库存数据不准确。经盘点确认：其中 M010000000006888594 对应的 114 件库存状态准确，剩余 M010000000006888764（59 件）和 M010000000006888766（40 件）合计 99 件库存状态异常，需通过非标增值流程进行下架后重新上架，以修正系统数据，恢复库存准确性。,,
651705,VASC000000324285,OSF6V1647,货权转移（改数模式）,1,20250620001,【库内】IT改数收费,此类增值仅用于收费，IT系统改数，无需仓库实物流操作。仓库将增值单状态更新为“仓库已处理”,NULL,CO
651747,VASC000000324297,OW01V1602,入库其他服务需求,1,20250522001,【入库】指定商品拍照暂存,背景：第三方商品条码对不上，客户想要开箱拍照辨识。,,
651720,VASC000000324300,OSF8V1620,Winit线下尾程服务,1,202512301,【尾程】winit线下尾程询价,"""1、仓库/尾程SD报价；",,
651762,VASC000000324315,OSF6V1603,库内其他服务需求,1,20250407074,【库内】库间调拨,【背景】退货单：RT16000299720167CN ，此单是派送失败，发出去的是个纸箱，退回来是一个电池（DG品），无法在普仓上架，需要转到DG仓做上架。,,
651774,VASC000000324318,OSF8V1620,Winit线下尾程服务,1,202512301,【尾程】winit线下尾程询价,"""1、仓库/尾程SD报价；",,
651777,VASC000000324321,OSF8V1749,审核出库单,1,NULL,NULL,仅万邑通内部发起,NULL,CO
651795,VASC000000324330,OSF6V1603,库内其他服务需求,1,20250407013,【出库】指定位置贴商品/包裹标签/快递面单,补收标签费用,NULL,CO
651858,VASC000000324342,OW01V1602,入库其他服务需求,1,20251027,【入库】包裹类异常关联第三方包裹条码直接上架,背景：货物到仓，第三方包裹条码入库，第三方包裹条码数据关联有误多了两个字母RV。现在已修正入库单的第三方包裹条码数据。仓库可以正常扫描上架。,,
651900,VASC000000324351,OSF8V1601,出库其他服务需求,1,NULL,NULL,,NULL,CD
651915,VASC000000324363,OW01V1602,入库其他服务需求,1,20250929,【入库】海运整柜100%A+无包裹条码异常，新单无箱单或100%A+包直接上架,"背景:VASC000000324198 异常包裹直接上架,[海运整柜100%A+/A包裹],不支持异常[B01E1615包裹条码批量异常(需客户处理),B0102E21包裹条码异常(需客户处理);整单退回.",,
651924,VASC000000324369,OW01V1602,入库其他服务需求,1,20250929,【入库】海运整柜100%A+无包裹条码异常，新单无箱单或100%A+包直接上架,"背景:VASC000000324204异常包裹直接上架,[海运整柜100%A+/A包裹],不支持异常[B01E1615包裹条码批量异常(需客户处理),B0102E21包裹条码异常(需客户处理);整单退回.",,
651951,VASC000000324372,OSF8V1601,出库其他服务需求,1,20250407013,【出库】指定位置贴商品/包裹标签/快递面单,操作步骤：,,
651978,VASC000000324396,OSF8V1620,Winit线下尾程服务,1,NULL,NULL,"""1、仓库/尾程SD报价；",,
651990,VASC000000324402,OSF8V1755,出库内外箱补贴商品标签,1,NULL,NULL,EAN场景步骤1：拆开商品外箱 步骤2：核对外箱及彩盒上的条码 步骤3：若条码不一致，则需要用客户上传的标签文件覆盖EAN条码 步骤4：外箱和彩盒上不能出现除正确EAN条码以外的其他条码，若有其他条码请用白标覆盖  步骤5：完成后输入增值单品数量 透明计划场景步骤1：拆开商品外箱 步骤2：补贴商品透明计划标签 步骤3：商品封箱 步骤4：外箱上补贴对应的透明计划标签 内外箱透明计划标签需一致  步骤5：完成后输入增值单品数量,NULL,CO
652065,VASC000000324444,OSF8V1620,Winit线下尾程服务,1,202512301,【尾程】winit线下尾程询价,"""1、仓库/尾程SD报价；",,
652083,VASC000000324462,OSF8V1620,Winit线下尾程服务,1,202512301,【尾程】winit线下尾程询价,"""1、仓库/尾程SD报价；",,
652143,VASC000000324477,OSF6V1603,库内其他服务需求,1,20250808003,【库内】良品转不良品上架,【背景】为防止同款产品亚马逊移除订单入库后与原库存混放，现需将11304010760原有库存转移到不良品仓。,,
652155,VASC000000324498,OSF8V1601,出库其他服务需求,1,20260112,【出库】无法指定装箱，需用客制包材装箱,操作步骤：,,
652185,VASC000000324507,OW01V1602,入库其他服务需求,1,20251027,【入库】包裹类异常关联第三方包裹条码直接上架,背景：EB0126071131207269异常单有一箱ITYN01A262200497的箱产品直发串仓，现需要重新在收货仓库USKY3上架为箱产品。但箱内产品的sn号是使用状态，需要先进行解绑，然后新单上架。,,
652212,VASC000000324522,OSF8V1755,出库内外箱补贴商品标签,1,NULL,NULL,EAN场景步骤1：拆开商品外箱 步骤2：核对外箱及彩盒上的条码 步骤3：若条码不一致，则需要用客户上传的标签文件覆盖EAN条码 步骤4：外箱和彩盒上不能出现除正确EAN条码以外的其他条码，若有其他条码请用白标覆盖  步骤5：完成后输入增值单品数量 透明计划场景步骤1：拆开商品外箱 步骤2：补贴商品透明计划标签 步骤3：商品封箱 步骤4：外箱上补贴对应的透明计划标签 内外箱透明计划标签需一致  步骤5：完成后输入增值单品数量,NULL,CO
652215,VASC000000324540,OSF8V1601,出库其他服务需求,1,20250407013,【出库】指定位置贴商品/包裹标签/快递面单,操作步骤：,,
652230,VASC000000324546,OSF8V1620,Winit线下尾程服务,1,202512301,【尾程】winit线下尾程询价,"""1、仓库/尾程SD报价；",,
652242,VASC000000324561,OW01V1602,入库其他服务需求,1,202506120003,【入库】批量辨识商品后补贴商品条码及包裹条码上架,仓库操作步骤：,,
652257,VASC000000324567,OSF8V1620,Winit线下尾程服务,1,202512301,【尾程】winit线下尾程询价,"""1、仓库/尾程SD报价；",,
652263,VASC000000324570,OSF6V1841,库内其他服务需求（库内异常处理）,1,20250407035,【库内】拍摄照片/视频,【背景】客户想要仓库提供销毁证明，去找供应商索赔处理。,,
652284,VASC000000324585,OW01V1602,入库其他服务需求,1,20250407044,仓库已完成 需补收费用,客户实物转仓到货异常，仓库已完成补贴985张商品条码，应收$0.35*985=$344.75；,,
652293,VASC000000324588,OW01V1602,入库其他服务需求,1,20250407044,仓库已完成 需补收费用,客户首次入仓，上架前补贴包裹条码，只有一个SKU无需辨识，仓库已完成，应收$0.35*722=$252.7；,,
652515,VASC000000324630,OSF6V1596,单品拆分后上架（拆分为一个SKU）,1,NULL,NULL,1.拆分单品，拆分为同1个SKU,,
652587,VASC000000324690,OW01V1599,提供海外仓监控视频-少包裹调查,1,NULL,NULL,根据到仓订单具体情况提供对应视频：,,
652605,VASC000000324696,OW01V1599,提供海外仓监控视频-少包裹调查,1,NULL,NULL,根据到仓订单具体情况提供对应视频：,,
652674,VASC000000324732,OSF8V1601,出库其他服务需求,1,20250408001,【出库】重新打托（塑料托盘）,实际未打托，该出库单WO12122518456   需要使用塑料托盘进行打托,NULL,CO
655500,VASC000000324789,OW01V1602,入库其他服务需求,1,20250430,【入库】“包裹条码批量异常（需客户处理）”辨识后补贴包裹标签上架,【背景】EB0126070431047891   ，实物产品条码正确，第三方的编码系统已经关联，客户要求使用新入库单上架，仓库帮忙按新单补贴新单的包裹标签操作上架，帮忙更新非标报价，谢谢。,,
652836,VASC000000324828,OW01V1602,入库其他服务需求,1,20250522001,【入库】指定商品拍照暂存,仓库操作步骤：,,
652869,VASC000000324855,OSF8V1620,Winit线下尾程服务,1,202512301,【尾程】winit线下尾程询价,"""1、仓库/尾程SD报价；",,
652899,VASC000000324867,OSF8V1620,Winit线下尾程服务,1,202512301,【尾程】winit线下尾程询价,"""1、仓库/尾程SD报价；",,
653352,VASC000000324915,OSF8V1601,出库其他服务需求,1,NULL,NULL,,NULL,CD
653136,VASC000000324948,OW01V1652,入库-清除商品标签,1,NULL,NULL,按照客户提供的示例图，清除标签,NULL,CO
653148,VASC000000324951,OSF6V1596,单品拆分后上架（拆分为一个SKU）,1,NULL,NULL,1.拆分单品，拆分为同1个SKU,,
653190,VASC000000324960,OW01V1602,入库其他服务需求,1,20250407004,【入库】尺重/标签辨识后换标上架,仓库操作步骤：,,
653262,VASC000000324984,OW01V1602,入庫其他服務需求,1,202507151726,【入库】入库少单品/少包裹视频调查,背景：上架少7个商品，调查该货件丢失的7个商品。,,
653442,VASC000000325020,OSF6V1603,库内其他服务需求,1,20250421001,【库内】商品拆箱加/减配件,【背景】由于中国发往美国亚马逊FBA仓库的时候整套产品里面有2个配件没有加工好，现在需要把其中错误的2个零件替换掉。目前已经从亚马逊仓库移到USKY3仓库51套错误的产品了，先把其中的50套的产品更换配件.后续还有40套左右会到仓，到时候再安排更换配件。,,
653310,VASC000000325029,OSF6V1647,货权转移（改数模式）,1,NULL,NULL,,NULL,CD
653319,VASC000000325035,OSF6V1647,货权转移（改数模式）,1,20250620001,【库内】IT改数收费,此类增值仅用于收费，IT系统改数，无需仓库实物流操作。仓库将增值单状态更新为“仓库已处理”,NULL,CO
653337,VASC000000325041,OSF6V1647,货权转移（改数模式）,1,NULL,NULL,,NULL,CD
653376,VASC000000325050,OSF8V1601,出库其他服务需求,1,NULL,NULL,,NULL,CD
654528,VASC000000325182,OW01V1622,入库-提供无箱单预报单上架,1,NULL,NULL,"""场景1：新入库单是无箱单，通过包裹推荐>商品预分拣上架",,
653565,VASC000000325200,OSF8V1620,Winit线下尾程服务,1,202512301,【尾程】winit线下尾程询价,"""1、仓库/尾程SD报价；",,
653601,VASC000000325215,OSF8V1655,补贴UN标签（仅自提出库）,1,NULL,NULL,1.按照客户提供的示例标签，使用仓库标签补贴；,,
653613,VASC000000325218,OW01V1594,上架前自提（无需WINIT打托）,1,NULL,NULL,1、补贴快递面单,,
654114,VASC000000325224,OW01V1602,入庫其他服務需求,1,20251027,【入库】包裹类异常关联第三方包裹条码直接上架,仓库操作步骤：,,
653946,VASC000000325314,OW01V1599,提供海外仓监控视频-少包裹调查,1,NULL,NULL,根据到仓订单具体情况提供对应视频：,,
654096,VASC000000325323,OW01V1602,入库其他服务需求,1,NULL,NULL,,NULL,CD
653976,VASC000000325359,OSF8V1620,Winit线下尾程服务,1,NULL,NULL,"""1、仓库/尾程SD报价；",,
654144,VASC000000325476,OSF6V1596,单品拆分后上架（拆分为一个SKU）,1,NULL,NULL,1.拆分单品，拆分为同1个SKU,,
654180,VASC000000325518,OSF8V1620,Winit线下尾程服务,1,NULL,NULL,"""1、仓库/尾程SD报价；",,
654279,VASC000000325524,OSF8V1620,Winit线下尾程服务,1,NULL,NULL,"""1、仓库/尾程SD报价；",,
654192,VASC000000325527,OSF8V1620,Winit线下尾程服务,1,NULL,NULL,"""1、仓库/尾程SD报价；",,
654249,VASC000000325542,OSF6V1752,无主货找回（6个自然日内）-仓库创建无RMA退货单,1,NULL,NULL,步骤1：按照客户提供的快递单号或者POD尝试找回无主货 步骤2： ①若货物找回，请仓库创建无RMA退货单上架并反馈退货订单号，然后【完成】增值单 ②若货物未找回，请【完成】增值单  注意：此增值无论商品是否找回，请将增值单更新为【已出库】,NULL,CD
654285,VASC000000325554,OSF8V1755,出库内外箱补贴商品标签,1,NULL,NULL,EAN场景步骤1：拆开商品外箱 步骤2：核对外箱及彩盒上的条码 步骤3：若条码不一致，则需要用客户上传的标签文件覆盖EAN条码 步骤4：外箱和彩盒上不能出现除正确EAN条码以外的其他条码，若有其他条码请用白标覆盖  步骤5：完成后输入增值单品数量 透明计划场景步骤1：拆开商品外箱 步骤2：补贴商品透明计划标签 步骤3：商品封箱 步骤4：外箱上补贴对应的透明计划标签 内外箱透明计划标签需一致  步骤5：完成后输入增值单品数量,NULL,CO
654297,VASC000000325560,OSF8V1620,Winit线下尾程服务,1,202512301,【尾程】winit线下尾程询价,"""1、仓库/尾程SD报价；",,
654303,VASC000000325563,OSF6V1597,单品拆分后上架（拆分为多个SKU）,1,INSTOCK_SPLIT_SKU,【库内】拆分SKU,1、拆分单品4DE1517（need to split）==M010000000013215592，拆分为两个SKU：M010000000013208004和M010000000013208161。,,
654348,VASC000000325566,OSF6V1603,库内其他服务需求,1,INSTOCK_INVENTORY_FREEZE_UNFREEZE,【库内】库存冻结/解冻,M010000000004235053	==11304010760为防止新入库同款商品与老库存混用，现冻结原有库存。,NULL,CD
654588,VASC000000325785,OSF6V1646,货权转移（换标模式）,1,20250407062,【库内】指定单品/库位商品更换标签上架,仓库操作流程：,,
654648,VASC000000325806,OW01V1652,入库-清除商品标签,1,NULL,NULL,按照客户提供的示例图，清除标签,NULL,CO
654681,VASC000000325836,OSF8V1620,Winit线下尾程服务,1,202512301,【尾程】winit线下尾程询价,"""1、仓库/尾程SD报价；",,
654777,VASC000000325848,OSF6V1603,库内其他服务需求,1,NULL,NULL,,NULL,CD
654735,VASC000000325866,OSF8V1620,Winit线下尾程服务,1,202512301,【尾程】winit线下尾程询价,"""1、仓库/尾程SD报价；",,
654732,VASC000000325875,OW01V1602,入库其他服务需求,1,202506170001,【入库】加固包装（含透明胶带封口、木箱加固等）,仓库操作步骤：,,
654789,VASC000000325908,OSF8V1620,Winit线下尾程服务,1,202512301,【尾程】winit线下尾程询价,"""1、仓库/尾程SD报价；",,
655698,VASC000000325947,OW01V1602,入库其他服务需求,1,20260320,【入库】	商品异常更换包裹标签商品标签新单上架,背景：这15个A+包裹下入库单被下成了A包裹，现在需要按照A+包裹入库，需要换成A+包裹条码；,,
654921,VASC000000326010,OSF8V1755,出库内外箱补贴商品标签,1,NULL,NULL,EAN场景步骤1：拆开商品外箱 步骤2：核对外箱及彩盒上的条码 步骤3：若条码不一致，则需要用客户上传的标签文件覆盖EAN条码 步骤4：外箱和彩盒上不能出现除正确EAN条码以外的其他条码，若有其他条码请用白标覆盖  步骤5：完成后输入增值单品数量 透明计划场景步骤1：拆开商品外箱 步骤2：补贴商品透明计划标签 步骤3：商品封箱 步骤4：外箱上补贴对应的透明计划标签 内外箱透明计划标签需一致  步骤5：完成后输入增值单品数量,NULL,CO
654933,VASC000000326019,OSF8V1755,出库内外箱补贴商品标签,1,NULL,NULL,EAN场景步骤1：拆开商品外箱 步骤2：核对外箱及彩盒上的条码 步骤3：若条码不一致，则需要用客户上传的标签文件覆盖EAN条码 步骤4：外箱和彩盒上不能出现除正确EAN条码以外的其他条码，若有其他条码请用白标覆盖  步骤5：完成后输入增值单品数量 透明计划场景步骤1：拆开商品外箱 步骤2：补贴商品透明计划标签 步骤3：商品封箱 步骤4：外箱上补贴对应的透明计划标签 内外箱透明计划标签需一致  步骤5：完成后输入增值单品数量,NULL,CO
659214,VASC000000326061,OW01V1602,入库其他服务需求,1,20250407004,【入库】尺重/标签辨识后换标上架,背景：EB0326072531612017  登记的异常名称是：包裹内出现订单外商品；实际此异常是多个产品，客户下了多个入库单，标准无法一起操作，需要非标处理。,,
655107,VASC000000326082,OSF6V1752,无主货找回（6个自然日内）-仓库创建无RMA退货单,1,NULL,NULL,步骤1：按照客户提供的快递单号或者POD尝试找回无主货 步骤2： ①若货物找回，请仓库创建无RMA退货单上架并反馈退货订单号，然后【完成】增值单 ②若货物未找回，请【完成】增值单  注意：此增值无论商品是否找回，请将增值单更新为【已出库】,NULL,CO
655173,VASC000000326139,OW01V1599,提供海外仓监控视频-少包裹调查,1,NULL,NULL,根据到仓订单具体情况提供对应视频：,,
655236,VASC000000326154,OSF6V1603,库内其他服务需求,1,20250407010,【库内】指定库位开箱拍照,【背景】客户需要出库10箱原箱+1件单品库存，但要求原箱不能是B99A22A开头批次的货物，原箱外有一个BOXSN包装序列号（如附件图片），前缀有批次信息。,,
655296,VASC000000326163,OSF6V1844,增值补收费,1,20250407044,仓库已完成 需补收费用,tiktok错送仓需要winit找车拉回来，这笔费用记录我们两次补收的费用。,NULL,CO
655311,VASC000000326172,OSF8V1749,审核出库单,1,NULL,NULL,仅万邑通内部发起,NULL,CO
655416,VASC000000326247,OSF6V1603,库内其他服务需求,1,NULL,NULL,,NULL,CD
655422,VASC000000326253,OSF8V1601,出库其他服务需求,1,[Outbound] Repackaging by self-pickup order,【出库】暂存单重新装箱,操作步骤：,,
655428,VASC000000326259,OSF8V1755,出库内外箱补贴商品标签,1,NULL,NULL,EAN场景步骤1：拆开商品外箱 步骤2：核对外箱及彩盒上的条码 步骤3：若条码不一致，则需要用客户上传的标签文件覆盖EAN条码 步骤4：外箱和彩盒上不能出现除正确EAN条码以外的其他条码，若有其他条码请用白标覆盖  步骤5：完成后输入增值单品数量 透明计划场景步骤1：拆开商品外箱 步骤2：补贴商品透明计划标签 步骤3：商品封箱 步骤4：外箱上补贴对应的透明计划标签 内外箱透明计划标签需一致  步骤5：完成后输入增值单品数量,NULL,CO
657141,VASC000000326268,OSF6V1603,库内其他服务需求,1,20260115002,【库内】指定SKU个性化装箱,【背景】出库直接复合打包仓库没有合适的纸箱，有买家要买这样的套装，所以在出库之前先把货物组合包装在一起。,,
655572,VASC000000326295,OW01V1602,入库其他服务需求,1,20250430,【入库】“包裹条码批量异常（需客户处理）”辨识后补贴包裹标签上架,【背景】EB0126070431054581，实物产品条码正确，第三方的编码系统已经关联，客户要求使用新入库单上架，仓库帮忙按新单补贴新单的包裹标签操作上架，帮忙更新非标报价，谢谢。,,
655524,VASC000000326301,OSF8V1620,Winit线下尾程服务,1,202512301,【尾程】winit线下尾程询价,"""1、仓库/尾程SD报价；",,
655518,VASC000000326304,OSF8V1755,出库内外箱补贴商品标签,1,NULL,NULL,EAN场景步骤1：拆开商品外箱 步骤2：核对外箱及彩盒上的条码 步骤3：若条码不一致，则需要用客户上传的标签文件覆盖EAN条码 步骤4：外箱和彩盒上不能出现除正确EAN条码以外的其他条码，若有其他条码请用白标覆盖  步骤5：完成后输入增值单品数量 透明计划场景步骤1：拆开商品外箱 步骤2：补贴商品透明计划标签 步骤3：商品封箱 步骤4：外箱上补贴对应的透明计划标签 内外箱透明计划标签需一致  步骤5：完成后输入增值单品数量,NULL,CO
655614,VASC000000326307,OSF8V1601,出库其他服务需求,1,NULL,NULL,,NULL,CD
655686,VASC000000326349,OW01V1602,入库其他服务需求,1,20250929,【入库】海运整柜100%A+无包裹条码异常，新单无箱单或100%A+包直接上架,背景：VASC000000325965异常包裹直接上架，[海运整柜100%A+/A包裹]，不支持异常[B01E1615_包裹条码批量异常（需客户处理），B0102E21_包裹条码异常(需客户处理)];整单退回；,,
655716,VASC000000326358,OSF6V1603,库内其他服务需求,1,NULL,NULL,,NULL,CD
655749,VASC000000326367,OW01V1602,入库其他服务需求,1,20250407044,仓库已完成 需补收费用,补收142张包裹条码，应收142*$0.35=$49.7；,,
655761,VASC000000326370,OSF8V1620,Winit线下尾程服务,1,202512301,【尾程】winit线下尾程询价,"""1、仓库/尾程SD报价；",,
655887,VASC000000326394,OSF8V1601,出库其他服务需求,1,NULL,NULL,,NULL,CD
656037,VASC000000326442,OSF6V1841,库内其他服务需求（库内异常处理）,1,NULL,NULL,,NULL,CD
656106,VASC000000326475,OSF6V1841,库内其他服务需求（库内异常处理）,1,20250407056,【库内】商品包装加固,【背景】因仓库原因导致库内箱产品包装破损，产生异常EB0426072331549695，现需加固包装。,,
656265,VASC000000326514,OSF6V1841,库内其他服务需求（库内异常处理）,1,NULL,NULL,,NULL,CD
656205,VASC000000326526,OSF6V1752,无主货找回（6个自然日内）-仓库创建无RMA退货单,1,NULL,NULL,步骤1：按照客户提供的快递单号或者POD尝试找回无主货 步骤2： ①若货物找回，请仓库创建无RMA退货单上架并反馈退货订单号，然后【完成】增值单 ②若货物未找回，请【完成】增值单  注意：此增值无论商品是否找回，请将增值单更新为【已出库】,NULL,CO
656178,VASC000000326529,OW01V1602,入库其他服务需求,1,20250522001,【入库】指定商品拍照暂存,背景：A+包裹质量异常，看异常单中的图片无法辨别里面的产品是否有损坏，因此，需要开箱拍照查验里面的产品是否有损坏。,,
656262,VASC000000326538,OW01V1602,入库其他服务需求,1,20250522001,【入库】指定商品拍照暂存,背景：A+包裹质量异常，看异常单中的图片无法辨别里面的产品是否有损坏，因此，需要开箱拍照查验里面的产品是否有损坏。,,
656340,VASC000000326565,OSF8V1620,Winit线下尾程服务,1,202512301,【尾程】winit线下尾程询价,"""1、仓库/尾程SD报价；",,
656517,VASC000000326628,OSF8V1620,Winit线下尾程服务,1,202512301,【尾程】winit线下尾程询价,"""1、仓库/尾程SD报价；",,
656520,VASC000000326631,OW01V1602,入库其他服务需求,1,202506120003,【入库】批量辨识商品后补贴商品条码及包裹条码上架,仓库操作步骤：,,
656616,VASC000000326664,OSF6V1841,库内其他服务需求（库内异常处理）,1,20250407062,【库内】指定单品/库位商品更换标签上架,【背景】SKU LWA49-MZD20-25CX-30-SILVER在库31件 之前操作冻结销售库存 冻结了11件 跟仓库核实好后是单独放在一个库位的 现在需要把剩下的新入库的WI49701426入库单里的20件库存，  需要换新商品标签。,,
656604,VASC000000326667,OSF8V1755,出库内外箱补贴商品标签,1,NULL,NULL,EAN场景步骤1：拆开商品外箱 步骤2：核对外箱及彩盒上的条码 步骤3：若条码不一致，则需要用客户上传的标签文件覆盖EAN条码 步骤4：外箱和彩盒上不能出现除正确EAN条码以外的其他条码，若有其他条码请用白标覆盖  步骤5：完成后输入增值单品数量 透明计划场景步骤1：拆开商品外箱 步骤2：补贴商品透明计划标签 步骤3：商品封箱 步骤4：外箱上补贴对应的透明计划标签 内外箱透明计划标签需一致  步骤5：完成后输入增值单品数量,NULL,CO
656622,VASC000000326670,OW01V1622,入库-提供无箱单预报单上架,1,NULL,NULL,"""场景1：新入库单是无箱单，通过包裹推荐>商品预分拣上架",,
656724,VASC000000326691,OSF6V1677,退货商品补拍细节照,1,NULL,NULL,针对退货入库商品，按照客户示例图要求开箱补拍商品细节照片（含外箱标签照、内部商品细节图、内部商品标签照等）,NULL,CD
656712,VASC000000326694,OSF6V1603,库内其他服务需求,1,20250407010,【库内】指定库位开箱拍照,【背景】客户需要出库10箱原箱+1件单品库存，但要求原箱不能是B99A22A开头批次的货物，原箱外有一个BOXSN包装序列号（如附件图片），前缀有批次信息。,,
656688,VASC000000326697,OSF8V1620,Winit线下尾程服务,1,202512301,【尾程】winit线下尾程询价,"""1、仓库/尾程SD报价；",,
656736,VASC000000326721,OSF6V1677,退货商品补拍细节照,1,NULL,NULL,针对退货入库商品，按照客户示例图要求开箱补拍商品细节照片（含外箱标签照、内部商品细节图、内部商品标签照等）,NULL,CO
656817,VASC000000326733,OSF8V1601,出库其他服务需求,1,20250407013,【出库】指定位置贴商品/包裹标签/快递面单,操作步骤：,,
657090,VASC000000326742,OW01V1602,入库其他服务需求,1,NULL,NULL,,NULL,CD
656802,VASC000000326745,OW01V1602,入库其他服务需求,1,20250407003,【入库】上架前拆包装,背景：异常单：EB0126072831660743 此异常实际是2箱货物，被工厂合并打包了，因此需要仓库做拆分上架；,,
656832,VASC000000326748,OSF8V1620,Winit线下尾程服务,1,NULL,NULL,"""1、仓库/尾程SD报价；",,
656901,VASC000000326772,OSF8V1620,Winit线下尾程服务,1,202512301,【尾程】winit线下尾程询价,"""1、仓库/尾程SD报价；",,
656988,VASC000000326775,OSF6V1603,库内其他服务需求,1,20250620001,【库内】IT改数收费,11304010760为防止新入库同款商品与老库存混用，现原有库存该值进行改数，统一批次,NULL,CO
656913,VASC000000326784,OSF8V1755,出库内外箱补贴商品标签,1,NULL,NULL,EAN场景步骤1：拆开商品外箱 步骤2：核对外箱及彩盒上的条码 步骤3：若条码不一致，则需要用客户上传的标签文件覆盖EAN条码 步骤4：外箱和彩盒上不能出现除正确EAN条码以外的其他条码，若有其他条码请用白标覆盖  步骤5：完成后输入增值单品数量 透明计划场景步骤1：拆开商品外箱 步骤2：补贴商品透明计划标签 步骤3：商品封箱 步骤4：外箱上补贴对应的透明计划标签 内外箱透明计划标签需一致  步骤5：完成后输入增值单品数量,NULL,CO
657033,VASC000000326805,OSF8V1620,Winit线下尾程服务,1,202512301,【尾程】winit线下尾程询价,"""1、仓库/尾程SD报价；",,
657081,VASC000000326865,OSF8V1620,Winit线下尾程服务,1,202512301,【尾程】winit线下尾程询价,"""1、仓库/尾程SD报价；",,
657282,VASC000000326892,OSF6V1603,库内其他服务需求,1,20250620001,【库内】IT改数收费,需要修改sku编码名称，提交oa改数流程，仓库无需实物流操作，仓库将增值单状态更新为“仓库已处理”。,NULL,CO
657135,VASC000000326907,OSF6V1603,库内其他服务需求,1,20250808003,【库内】良品转不良品上架,【背景】EB0526072931700490库内破损异常，请上架到不良品,,
657225,VASC000000326928,OSF6V1603,库内其他服务需求,1,20260115002,【库内】指定SKU个性化装箱,【背景】出库直接复合打包仓库没有合适的纸箱，有买家要买这样的套装，所以在出库之前先把货物组合包装在一起。,,
657483,VASC000000326943,OW01V1599,提供海外仓监控视频-少包裹调查,1,NULL,NULL,根据到仓订单具体情况提供对应视频：,,
657462,VASC000000326982,OSF8V1601,出库其他服务需求,1,NULL,NULL,,NULL,CD
657477,VASC000000326991,OSF8V1601,出库其他服务需求,1,NULL,NULL,,NULL,CD
657501,VASC000000327000,OSF8V1601,出库其他服务需求,1,NULL,NULL,,NULL,CD
657513,VASC000000327003,OSF8V1601,出库其他服务需求,1,NULL,NULL,,NULL,CD
657522,VASC000000327006,OSF8V1755,出库内外箱补贴商品标签,1,NULL,NULL,EAN场景步骤1：拆开商品外箱 步骤2：核对外箱及彩盒上的条码 步骤3：若条码不一致，则需要用客户上传的标签文件覆盖EAN条码 步骤4：外箱和彩盒上不能出现除正确EAN条码以外的其他条码，若有其他条码请用白标覆盖  步骤5：完成后输入增值单品数量 透明计划场景步骤1：拆开商品外箱 步骤2：补贴商品透明计划标签 步骤3：商品封箱 步骤4：外箱上补贴对应的透明计划标签 内外箱透明计划标签需一致  步骤5：完成后输入增值单品数量,NULL,RT
657528,VASC000000327009,OSF8V1755,出库内外箱补贴商品标签,1,NULL,NULL,EAN场景步骤1：拆开商品外箱 步骤2：核对外箱及彩盒上的条码 步骤3：若条码不一致，则需要用客户上传的标签文件覆盖EAN条码 步骤4：外箱和彩盒上不能出现除正确EAN条码以外的其他条码，若有其他条码请用白标覆盖  步骤5：完成后输入增值单品数量 透明计划场景步骤1：拆开商品外箱 步骤2：补贴商品透明计划标签 步骤3：商品封箱 步骤4：外箱上补贴对应的透明计划标签 内外箱透明计划标签需一致  步骤5：完成后输入增值单品数量,NULL,RT
657540,VASC000000327012,OSF8V1755,出库内外箱补贴商品标签,1,NULL,NULL,EAN场景步骤1：拆开商品外箱 步骤2：核对外箱及彩盒上的条码 步骤3：若条码不一致，则需要用客户上传的标签文件覆盖EAN条码 步骤4：外箱和彩盒上不能出现除正确EAN条码以外的其他条码，若有其他条码请用白标覆盖  步骤5：完成后输入增值单品数量 透明计划场景步骤1：拆开商品外箱 步骤2：补贴商品透明计划标签 步骤3：商品封箱 步骤4：外箱上补贴对应的透明计划标签 内外箱透明计划标签需一致  步骤5：完成后输入增值单品数量,NULL,CO
657582,VASC000000327015,OSF8V1755,出库内外箱补贴商品标签,1,NULL,NULL,EAN场景步骤1：拆开商品外箱 步骤2：核对外箱及彩盒上的条码 步骤3：若条码不一致，则需要用客户上传的标签文件覆盖EAN条码 步骤4：外箱和彩盒上不能出现除正确EAN条码以外的其他条码，若有其他条码请用白标覆盖  步骤5：完成后输入增值单品数量 透明计划场景步骤1：拆开商品外箱 步骤2：补贴商品透明计划标签 步骤3：商品封箱 步骤4：外箱上补贴对应的透明计划标签 内外箱透明计划标签需一致  步骤5：完成后输入增值单品数量,NULL,CO
657585,VASC000000327021,OW01V1602,入库其他服务需求,1,20250522001,【入库】指定商品拍照暂存,背景：无法确认这款产品是否内部贴错了商品标签，所以需要抽1件进行开箱拍照。,,
657618,VASC000000327024,OSF8V1755,出库内外箱补贴商品标签,1,NULL,NULL,EAN场景步骤1：拆开商品外箱 步骤2：核对外箱及彩盒上的条码 步骤3：若条码不一致，则需要用客户上传的标签文件覆盖EAN条码 步骤4：外箱和彩盒上不能出现除正确EAN条码以外的其他条码，若有其他条码请用白标覆盖  步骤5：完成后输入增值单品数量 透明计划场景步骤1：拆开商品外箱 步骤2：补贴商品透明计划标签 步骤3：商品封箱 步骤4：外箱上补贴对应的透明计划标签 内外箱透明计划标签需一致  步骤5：完成后输入增值单品数量,NULL,CO
657624,VASC000000327027,OSF8V1755,出库内外箱补贴商品标签,1,NULL,NULL,EAN场景步骤1：拆开商品外箱 步骤2：核对外箱及彩盒上的条码 步骤3：若条码不一致，则需要用客户上传的标签文件覆盖EAN条码 步骤4：外箱和彩盒上不能出现除正确EAN条码以外的其他条码，若有其他条码请用白标覆盖  步骤5：完成后输入增值单品数量 透明计划场景步骤1：拆开商品外箱 步骤2：补贴商品透明计划标签 步骤3：商品封箱 步骤4：外箱上补贴对应的透明计划标签 内外箱透明计划标签需一致  步骤5：完成后输入增值单品数量,NULL,CO
657651,VASC000000327048,OSF8V1755,出库内外箱补贴商品标签,1,NULL,NULL,EAN场景步骤1：拆开商品外箱 步骤2：核对外箱及彩盒上的条码 步骤3：若条码不一致，则需要用客户上传的标签文件覆盖EAN条码 步骤4：外箱和彩盒上不能出现除正确EAN条码以外的其他条码，若有其他条码请用白标覆盖  步骤5：完成后输入增值单品数量 透明计划场景步骤1：拆开商品外箱 步骤2：补贴商品透明计划标签 步骤3：商品封箱 步骤4：外箱上补贴对应的透明计划标签 内外箱透明计划标签需一致  步骤5：完成后输入增值单品数量,NULL,RT
657657,VASC000000327051,OSF8V1755,出库内外箱补贴商品标签,1,NULL,NULL,EAN场景步骤1：拆开商品外箱 步骤2：核对外箱及彩盒上的条码 步骤3：若条码不一致，则需要用客户上传的标签文件覆盖EAN条码 步骤4：外箱和彩盒上不能出现除正确EAN条码以外的其他条码，若有其他条码请用白标覆盖  步骤5：完成后输入增值单品数量 透明计划场景步骤1：拆开商品外箱 步骤2：补贴商品透明计划标签 步骤3：商品封箱 步骤4：外箱上补贴对应的透明计划标签 内外箱透明计划标签需一致  步骤5：完成后输入增值单品数量,NULL,RT
657693,VASC000000327057,OSF8V1620,Winit线下尾程服务,1,202512301,【尾程】winit线下尾程询价,"""1、仓库/尾程SD报价；",,
657744,VASC000000327060,OW01V1602,入库其他服务需求,1,20250430,【入库】“包裹条码批量异常（需客户处理）”辨识后补贴包裹标签上架,背景：仓库反馈此异常是有1170pcs的A+包裹都是贴的第三方的商品条码，无包裹条码，仓库无法操作上架，标准无法处理,,
659406,VASC000000327072,OW01V1594,上架前自提（無需WINIT打託）,1,NULL,NULL,1、补贴快递面单,,
657726,VASC000000327087,OSF6V1660,审计盘点（非标）,1,20250407039,【库内】审计盘点,盘点范围：[指定SKU],,
657771,VASC000000327099,OSF6V1844,增值补收费,1,20250407044,仓库已完成 需补收费用,客户DG货物出库需要仓库代采购UN箱。增值沟通群核实，需要从原本的70pcs增加90件才能达到最低订单金额要求，要补收费用。,NULL,CO
657798,VASC000000327111,OSF6V1639,测量商品内部配件尺重,1,NULL,NULL,根据客户提供示例图，检查商品内部配件长宽高和重量，并拍照反馈,NULL,CO
657792,VASC000000327114,OSF6V1627,单品辨识（不开箱）,1,NULL,NULL,根据客户提供的辨识方法，在不拆单品外包装的情况下，仓库辨识单品数量/标签内容（含第三方商品标签）等差异并反馈,NULL,CO
657936,VASC000000327117,OSF6V1660,审计盘点（非标）,1,NULL,NULL,,NULL,CD
657888,VASC000000327126,OSF6V1603,库内其他服务需求,1,20250407010,【库内】指定库位开箱拍照,【背景】SKU：A01-K1-1.75-1000-SPLFREE ，客户需要出库10箱原箱+1件单品库存，但要求原箱不能是B99A22A开头批次的货物，原箱外有一个BOXSN包装序列号（如附件图片），前缀有批次信息。,,
657915,VASC000000327129,OSF8V1755,出库内外箱补贴商品标签,1,NULL,NULL,EAN场景步骤1：拆开商品外箱 步骤2：核对外箱及彩盒上的条码 步骤3：若条码不一致，则需要用客户上传的标签文件覆盖EAN条码 步骤4：外箱和彩盒上不能出现除正确EAN条码以外的其他条码，若有其他条码请用白标覆盖  步骤5：完成后输入增值单品数量 透明计划场景步骤1：拆开商品外箱 步骤2：补贴商品透明计划标签 步骤3：商品封箱 步骤4：外箱上补贴对应的透明计划标签 内外箱透明计划标签需一致  步骤5：完成后输入增值单品数量,NULL,CO
657921,VASC000000327135,OSF6V1752,无主货找回（6个自然日内）-仓库创建无RMA退货单,1,NULL,NULL,步骤1：按照客户提供的快递单号或者POD尝试找回无主货 步骤2： ①若货物找回，请仓库创建无RMA退货单上架并反馈退货订单号，然后【完成】增值单 ②若货物未找回，请【完成】增值单  注意：此增值无论商品是否找回，请将增值单更新为【已出库】,NULL,CO
657927,VASC000000327138,OSF6V1752,无主货找回（6个自然日内）-仓库创建无RMA退货单,1,NULL,NULL,步骤1：按照客户提供的快递单号或者POD尝试找回无主货 步骤2： ①若货物找回，请仓库创建无RMA退货单上架并反馈退货订单号，然后【完成】增值单 ②若货物未找回，请【完成】增值单  注意：此增值无论商品是否找回，请将增值单更新为【已出库】,NULL,CO
657948,VASC000000327141,OSF6V1660,审计盘点（非标）,1,NULL,NULL,,NULL,CD
657960,VASC000000327144,OSF6V1660,审计盘点（非标）,1,NULL,NULL,,NULL,CD
657975,VASC000000327147,OSF6V1660,审计盘点（非标）,1,NULL,NULL,,NULL,CD
657996,VASC000000327174,OSF8V1749,审核出库单,1,NULL,NULL,仅万邑通内部发起,NULL,CO
658089,VASC000000327189,OSF6V1626,指定商品盘点,1,NULL,NULL,1、将在库商品按SKU进行清点数量,,
658329,VASC000000327228,OSF6V1603,库内其他服务需求,1,NULL,NULL,,NULL,CD
658104,VASC000000327240,OSF8V1755,出库内外箱补贴商品标签,1,NULL,NULL,EAN场景步骤1：拆开商品外箱 步骤2：核对外箱及彩盒上的条码 步骤3：若条码不一致，则需要用客户上传的标签文件覆盖EAN条码 步骤4：外箱和彩盒上不能出现除正确EAN条码以外的其他条码，若有其他条码请用白标覆盖  步骤5：完成后输入增值单品数量 透明计划场景步骤1：拆开商品外箱 步骤2：补贴商品透明计划标签 步骤3：商品封箱 步骤4：外箱上补贴对应的透明计划标签 内外箱透明计划标签需一致  步骤5：完成后输入增值单品数量,NULL,RT
658134,VASC000000327252,OW01V1652,入库-清除商品标签,1,NULL,NULL,按照客户提供的示例图，清除标签,NULL,CO
658311,VASC000000327375,OW01V1622,入库-提供无箱单预报单上架,1,NULL,NULL,"""场景1：新入库单是无箱单，通过包裹推荐>商品预分拣上架",,
658317,VASC000000327378,OW01V1622,入库-提供无箱单预报单上架,1,NULL,NULL,"""场景1：新入库单是无箱单，通过包裹推荐>商品预分拣上架",,
658341,VASC000000327387,OW01V1602,入库其他服务需求,1,20260128002,【入库】代采购包材补贴标签上架,背景：仓库待采购的样机，需要仓库复测SKU尺寸更新以及补贴商品条码（A+包裹）上架，WI51442381,,
658683,VASC000000327426,OSF6V1603,库内其他服务需求,1,INSTOCK_SPLIT_SKU,【库内】拆分SKU,【背景】客户需要将全部出库单内商品拆分成单品上架。,,
658431,VASC000000327441,OSF6V1646,货权转移（换标模式）,1,NULL,NULL,,NULL,CD
658407,VASC000000327447,OSF8V1620,Winit线下尾程服务,1,NULL,NULL,"""1、仓库/尾程SD报价；",,
658443,VASC000000327450,OSF8V1620,Winit线下尾程服务,1,202512301,【尾程】winit线下尾程询价,"""1、仓库/尾程SD报价；",,
658416,VASC000000327456,OSF8V1620,Winit线下尾程服务,1,NULL,NULL,"""1、仓库/尾程SD报价；",,
658479,VASC000000327465,OSF8V1620,Winit线下尾程服务,1,202512301,【尾程】winit线下尾程询价,"""1、仓库/尾程SD报价；",,
658467,VASC000000327468,OSF8V1755,出库内外箱补贴商品标签,1,NULL,NULL,EAN场景步骤1：拆开商品外箱 步骤2：核对外箱及彩盒上的条码 步骤3：若条码不一致，则需要用客户上传的标签文件覆盖EAN条码 步骤4：外箱和彩盒上不能出现除正确EAN条码以外的其他条码，若有其他条码请用白标覆盖  步骤5：完成后输入增值单品数量 透明计划场景步骤1：拆开商品外箱 步骤2：补贴商品透明计划标签 步骤3：商品封箱 步骤4：外箱上补贴对应的透明计划标签 内外箱透明计划标签需一致  步骤5：完成后输入增值单品数量,NULL,CO
658485,VASC000000327471,OSF8V1620,Winit线下尾程服务,1,202512301,【尾程】winit线下尾程询价,"""1、仓库/尾程SD报价；",,
658488,VASC000000327474,OW01V1602,入库其他服务需求,1,20260128002,【入库】代采购包材补贴标签上架,背景：仓库待采购的样机，需要仓库复测SKU尺寸更新以及补贴商品条码（A+包裹）上架，WI51442381,,
658515,VASC000000327483,OW01V1602,入库其他服务需求,1,20250522001,【入库】指定商品拍照暂存,仓库操作步骤：,,
658506,VASC000000327486,OSF8V1755,出库内外箱补贴商品标签,1,NULL,NULL,EAN场景步骤1：拆开商品外箱 步骤2：核对外箱及彩盒上的条码 步骤3：若条码不一致，则需要用客户上传的标签文件覆盖EAN条码 步骤4：外箱和彩盒上不能出现除正确EAN条码以外的其他条码，若有其他条码请用白标覆盖  步骤5：完成后输入增值单品数量 透明计划场景步骤1：拆开商品外箱 步骤2：补贴商品透明计划标签 步骤3：商品封箱 步骤4：外箱上补贴对应的透明计划标签 内外箱透明计划标签需一致  步骤5：完成后输入增值单品数量,NULL,CO
658539,VASC000000327489,OW01V1602,入库其他服务需求,1,20250522001,【入库】指定商品拍照暂存,仓库操作步骤：,,
658527,VASC000000327492,OW01V1602,入库其他服务需求,1,20250929,【入库】海运整柜100%A+无包裹条码异常，新单无箱单或100%A+包直接上架,背景：VASC000000327090异常包裹直接上架，[海运整柜100%A+/A包裹]，不支持异常[B01E1615_包裹条码批量异常（需客户处理），B0102E21_包裹条码异常(需客户处理)];整单退回；,,
658560,VASC000000327510,OSF8V1620,Winit线下尾程服务,1,202512301,【尾程】winit线下尾程询价,"""1、仓库/尾程SD报价；",,
658566,VASC000000327516,OSF8V1620,Winit线下尾程服务,1,202512301,【尾程】winit线下尾程询价,"""1、仓库/尾程SD报价；",,
658617,VASC000000327534,OSF8V1601,出库其他服务需求,1,NULL,NULL,,NULL,CD
658662,VASC000000327561,OW01V1602,入库其他服务需求,1,20250522001,【入库】指定商品拍照暂存,仓库操作步骤;,,
658689,VASC000000327567,OSF8V1620,Winit线下尾程服务,1,202512301,【尾程】winit线下尾程询价,"""1、仓库/尾程SD报价；",,
658698,VASC000000327570,OSF6V1603,库内其他服务需求,1,INSTOCK_SPLIT_SKU,【库内】拆分SKU,【背景】客户需要将全部出库单内商品拆分成单品上架。,,
658740,VASC000000327573,OSF8V1601,出库其他服务需求,1,NULL,NULL,,NULL,CD
658818,VASC000000327588,OSF8V1620,Winit线下尾程服务,1,NULL,NULL,"""1、仓库/尾程SD报价；",,
659667,VASC000000327600,OSF6V1841,库内其他服务需求（库内异常处理）,1,20250512001,【库内】商品更换包装（WINIT标准包材）,【背景】EB0526072431577478，库内导致1件破损，需更换纸箱。,,
658782,VASC000000327603,OSF8V1620,Winit线下尾程服务,1,202512301,【尾程】winit线下尾程询价,"""1、仓库/尾程SD报价；",,
658911,VASC000000327618,OSF6V1627,单品辨识（不开箱）,1,NULL,NULL,根据客户提供的辨识方法，在不拆单品外包装的情况下，仓库辨识单品数量/标签内容（含第三方商品标签）等差异并反馈,NULL,CO
659505,VASC000000327621,OW01V1602,入库其他服务需求,1,202506120003,【入库】批量辨识商品后补贴商品条码及包裹条码上架,背景：原单WI50320537整单未验货，商品也没贴标签，无法扫描上架。,,
658839,VASC000000327630,OSF8V1620,Winit线下尾程服务,1,202512301,【尾程】winit线下尾程询价,"""1、仓库/尾程SD报价；",,
658926,VASC000000327672,OSF8V1755,出库内外箱补贴商品标签,1,NULL,NULL,EAN场景步骤1：拆开商品外箱 步骤2：核对外箱及彩盒上的条码 步骤3：若条码不一致，则需要用客户上传的标签文件覆盖EAN条码 步骤4：外箱和彩盒上不能出现除正确EAN条码以外的其他条码，若有其他条码请用白标覆盖  步骤5：完成后输入增值单品数量 透明计划场景步骤1：拆开商品外箱 步骤2：补贴商品透明计划标签 步骤3：商品封箱 步骤4：外箱上补贴对应的透明计划标签 内外箱透明计划标签需一致  步骤5：完成后输入增值单品数量,NULL,CO
658932,VASC000000327675,OSF8V1755,出库内外箱补贴商品标签,1,NULL,NULL,EAN场景步骤1：拆开商品外箱 步骤2：核对外箱及彩盒上的条码 步骤3：若条码不一致，则需要用客户上传的标签文件覆盖EAN条码 步骤4：外箱和彩盒上不能出现除正确EAN条码以外的其他条码，若有其他条码请用白标覆盖  步骤5：完成后输入增值单品数量 透明计划场景步骤1：拆开商品外箱 步骤2：补贴商品透明计划标签 步骤3：商品封箱 步骤4：外箱上补贴对应的透明计划标签 内外箱透明计划标签需一致  步骤5：完成后输入增值单品数量,NULL,RT
658998,VASC000000327684,OSF8V1620,Winit线下尾程服务,1,202512301,【尾程】winit线下尾程询价,"""1、仓库/尾程SD报价；",,
659013,VASC000000327696,OSF8V1755,出库内外箱补贴商品标签,1,NULL,NULL,EAN场景步骤1：拆开商品外箱 步骤2：核对外箱及彩盒上的条码 步骤3：若条码不一致，则需要用客户上传的标签文件覆盖EAN条码 步骤4：外箱和彩盒上不能出现除正确EAN条码以外的其他条码，若有其他条码请用白标覆盖  步骤5：完成后输入增值单品数量 透明计划场景步骤1：拆开商品外箱 步骤2：补贴商品透明计划标签 步骤3：商品封箱 步骤4：外箱上补贴对应的透明计划标签 内外箱透明计划标签需一致  步骤5：完成后输入增值单品数量,NULL,CO
659508,VASC000000327735,OSF6V1841,库内其他服务需求（库内异常处理）,1,20250407062,【库内】指定单品/库位商品更换标签上架,【背景】入库单WI50749777包裹B0400000001426241860，实际是A类，但是下单成A+类包裹，里面有200个商品要换标。,,
659145,VASC000000327744,OSF8V1620,Winit线下尾程服务,1,202512301,【尾程】winit线下尾程询价,"""1、仓库/尾程SD报价；",,
659421,VASC000000327759,OSF6V1841,库内其他服务需求（库内异常处理）,1,NULL,NULL,,NULL,CD
659184,VASC000000327762,OSF8V1749,审核出库单,1,NULL,NULL,仅万邑通内部发起,NULL,CO
659199,VASC000000327768,OSF8V1749,审核出库单,1,NULL,NULL,仅万邑通内部发起,NULL,CO
659412,VASC000000327774,OSF6V1603,库内其他服务需求,1,INSTOCK_SPLIT_SKU,【库内】拆分SKU,【背景】出库直接复合打包仓库没有合适的纸箱，有买家要买这样的套装，所以在出库之前先把货物组合包装在一起。,,
659226,VASC000000327777,OSF8V1620,Winit线下尾程服务,1,202512301,【尾程】winit线下尾程询价,"""1、仓库/尾程SD报价；",,
659457,VASC000000327783,OSF8V1620,Winit线下尾程服务,1,NULL,NULL,"""1、仓库/尾程SD报价；",,
659430,VASC000000327789,OSF6V1603,库内其他服务需求,1,INSTOCK_SPLIT_SKU,【库内】拆分SKU,【背景】出库直接复合打包仓库没有合适的纸箱，有买家要买这样的套装，所以在出库之前先把货物组合包装在一起。,,
659451,VASC000000327792,OSF6V1841,库内其他服务需求（库内异常处理）,1,20250407010,【库内】指定库位开箱拍照,【背景】TK平台申诉需要仓库拍照。,,
659481,VASC000000327813,OSF6V1646,货权转移（换标模式）,1,20250407062,【库内】指定单品/库位商品更换标签上架,仓库操作流程：,,
659520,VASC000000327822,OW01V1599,提供海外仓监控视频-少包裹调查,1,NULL,NULL,根据到仓订单具体情况提供对应视频：,,
659751,VASC000000327825,OW01V1594,上架前自提（无需WINIT打托）,1,NULL,NULL,1、补贴快递面单,,
659532,VASC000000327828,OSF6V1603,库内其他服务需求,1,20250407043,【库内】商品外观辨识+贴标上架,【背景】有批发给客户的货没有贴UN3481，需要寄标签补贴。,,
661038,VASC000000327834,OSF6V1647,货权转移（改数模式）,1,20250620001,【库内】IT改数收费,此类增值仅用于收费，IT系统改数，无需仓库实物流操作。仓库将增值单状态更新为“仓库已处理”。,NULL,CD
659601,VASC000000327903,OSF8V1620,Winit线下尾程服务,1,NULL,NULL,"""1、仓库/尾程SD报价；",,
659616,VASC000000327906,OSF6V1603,库内其他服务需求,1,20250407043,【库内】商品外观辨识+贴标上架,【背景】有批发给客户的货没有贴UN3481，需要寄标签补贴。,,
659631,VASC000000327909,OSF8V1620,Winit线下尾程服务,1,NULL,NULL,"""1、仓库/尾程SD报价；",,
659646,VASC000000327915,OW01V1602,入库其他服务需求,1,20250407004,【入库】尺重/标签辨识后换标上架,背景：EB0126073031771815   登记的：包裹条码异常(需客户处理)异常  异常登记数量：1pcs,,
659664,VASC000000327924,OSF8V1749,审核出库单,1,NULL,NULL,仅万邑通内部发起,NULL,CO
659715,VASC000000327963,OW01V1602,入库其他服务需求,1,20250407004,【入库】尺重/标签辨识后换标上架,背景： EB0126073131780146登记的：包裹条码异常(需客户处理)异常  异常登记数量：1pcs,,
659817,VASC000000328020,OSF6V1677,退货商品补拍细节照,1,NULL,NULL,针对退货入库商品，按照客户示例图要求开箱补拍商品细节照片（含外箱标签照、内部商品细节图、内部商品标签照等）,NULL,CD
659841,VASC000000328029,OSF6V1677,退货商品补拍细节照,1,NULL,NULL,针对退货入库商品，按照客户示例图要求开箱补拍商品细节照片（含外箱标签照、内部商品细节图、内部商品标签照等）,NULL,CO
659940,VASC000000328038,OSF6V1677,退货商品补拍细节照,1,NULL,NULL,针对退货入库商品，按照客户示例图要求开箱补拍商品细节照片（含外箱标签照、内部商品细节图、内部商品标签照等）,NULL,CO
659856,VASC000000328044,OSF8V1620,Winit线下尾程服务,1,NULL,NULL,"""1、仓库/尾程SD报价；",,
659853,VASC000000328053,OSF6V1626,指定商品盘点,1,NULL,NULL,1、将在库商品按SKU进行清点数量,,
660006,VASC000000328092,OW01V1599,提供海外仓监控视频-少包裹调查,1,NULL,NULL,根据到仓订单具体情况提供对应视频：,,
660027,VASC000000328101,OW01V1599,提供海外仓监控视频-少包裹调查,1,NULL,NULL,根据到仓订单具体情况提供对应视频：,,
660033,VASC000000328116,OW01V1599,提供海外仓监控视频-少包裹调查,1,NULL,NULL,根据到仓订单具体情况提供对应视频：,,
660048,VASC000000328122,OSF8V1755,出库内外箱补贴商品标签,1,NULL,NULL,EAN场景步骤1：拆开商品外箱 步骤2：核对外箱及彩盒上的条码 步骤3：若条码不一致，则需要用客户上传的标签文件覆盖EAN条码 步骤4：外箱和彩盒上不能出现除正确EAN条码以外的其他条码，若有其他条码请用白标覆盖  步骤5：完成后输入增值单品数量 透明计划场景步骤1：拆开商品外箱 步骤2：补贴商品透明计划标签 步骤3：商品封箱 步骤4：外箱上补贴对应的透明计划标签 内外箱透明计划标签需一致  步骤5：完成后输入增值单品数量,NULL,CO
660075,VASC000000328125,OSF8V1755,出库内外箱补贴商品标签,1,NULL,NULL,EAN场景步骤1：拆开商品外箱 步骤2：核对外箱及彩盒上的条码 步骤3：若条码不一致，则需要用客户上传的标签文件覆盖EAN条码 步骤4：外箱和彩盒上不能出现除正确EAN条码以外的其他条码，若有其他条码请用白标覆盖  步骤5：完成后输入增值单品数量 透明计划场景步骤1：拆开商品外箱 步骤2：补贴商品透明计划标签 步骤3：商品封箱 步骤4：外箱上补贴对应的透明计划标签 内外箱透明计划标签需一致  步骤5：完成后输入增值单品数量,NULL,CO
660186,VASC000000328221,OSF8V1620,Winit线下尾程服务,1,202512301,【尾程】winit线下尾程询价,"""1、仓库/尾程SD报价；",,
660213,VASC000000328230,OSF6V1647,货权转移（改数模式）,1,20250620001,【库内】IT改数收费,此类增值仅用于收费，IT系统改数，无需仓库实物流操作。仓库将增值单状态更新为“仓库已处理”。,NULL,CD
660216,VASC000000328233,OSF6V1603,库内其他服务需求,1,NULL,NULL,,NULL,CD
660378,VASC000000328281,OSF8V1601,出库其他服务需求,1,NULL,NULL,,NULL,CD
660468,VASC000000328335,OSF8V1749,审核出库单,1,NULL,NULL,仅万邑通内部发起,NULL,CO
660480,VASC000000328344,OSF8V1755,出库内外箱补贴商品标签,1,NULL,NULL,EAN场景步骤1：拆开商品外箱 步骤2：核对外箱及彩盒上的条码 步骤3：若条码不一致，则需要用客户上传的标签文件覆盖EAN条码 步骤4：外箱和彩盒上不能出现除正确EAN条码以外的其他条码，若有其他条码请用白标覆盖  步骤5：完成后输入增值单品数量 透明计划场景步骤1：拆开商品外箱 步骤2：补贴商品透明计划标签 步骤3：商品封箱 步骤4：外箱上补贴对应的透明计划标签 内外箱透明计划标签需一致  步骤5：完成后输入增值单品数量,NULL,CO
660495,VASC000000328353,OSF8V1755,出库内外箱补贴商品标签,1,NULL,NULL,EAN场景步骤1：拆开商品外箱 步骤2：核对外箱及彩盒上的条码 步骤3：若条码不一致，则需要用客户上传的标签文件覆盖EAN条码 步骤4：外箱和彩盒上不能出现除正确EAN条码以外的其他条码，若有其他条码请用白标覆盖  步骤5：完成后输入增值单品数量 透明计划场景步骤1：拆开商品外箱 步骤2：补贴商品透明计划标签 步骤3：商品封箱 步骤4：外箱上补贴对应的透明计划标签 内外箱透明计划标签需一致  步骤5：完成后输入增值单品数量,NULL,CO
660507,VASC000000328356,OSF8V1755,出库内外箱补贴商品标签,1,NULL,NULL,EAN场景步骤1：拆开商品外箱 步骤2：核对外箱及彩盒上的条码 步骤3：若条码不一致，则需要用客户上传的标签文件覆盖EAN条码 步骤4：外箱和彩盒上不能出现除正确EAN条码以外的其他条码，若有其他条码请用白标覆盖  步骤5：完成后输入增值单品数量 透明计划场景步骤1：拆开商品外箱 步骤2：补贴商品透明计划标签 步骤3：商品封箱 步骤4：外箱上补贴对应的透明计划标签 内外箱透明计划标签需一致  步骤5：完成后输入增值单品数量,NULL,CO
660519,VASC000000328365,OSF8V1755,出库内外箱补贴商品标签,1,NULL,NULL,EAN场景步骤1：拆开商品外箱 步骤2：核对外箱及彩盒上的条码 步骤3：若条码不一致，则需要用客户上传的标签文件覆盖EAN条码 步骤4：外箱和彩盒上不能出现除正确EAN条码以外的其他条码，若有其他条码请用白标覆盖  步骤5：完成后输入增值单品数量 透明计划场景步骤1：拆开商品外箱 步骤2：补贴商品透明计划标签 步骤3：商品封箱 步骤4：外箱上补贴对应的透明计划标签 内外箱透明计划标签需一致  步骤5：完成后输入增值单品数量,NULL,CO
660525,VASC000000328371,OSF8V1755,出库内外箱补贴商品标签,1,NULL,NULL,EAN场景步骤1：拆开商品外箱 步骤2：核对外箱及彩盒上的条码 步骤3：若条码不一致，则需要用客户上传的标签文件覆盖EAN条码 步骤4：外箱和彩盒上不能出现除正确EAN条码以外的其他条码，若有其他条码请用白标覆盖  步骤5：完成后输入增值单品数量 透明计划场景步骤1：拆开商品外箱 步骤2：补贴商品透明计划标签 步骤3：商品封箱 步骤4：外箱上补贴对应的透明计划标签 内外箱透明计划标签需一致  步骤5：完成后输入增值单品数量,NULL,CO
660567,VASC000000328380,OSF6V1648,代采购包材物料,1,20250619001,【库内】代采购包材物料,需要采购1卷UN3481标签，1卷500PCS。在uline买,NULL,CD
660588,VASC000000328383,OSF6V1603,库内其他服务需求,1,NULL,NULL,,NULL,CD
660561,VASC000000328386,OSF8V1749,审核出库单,1,NULL,NULL,仅万邑通内部发起,NULL,CO
660678,VASC000000328404,OSF6V1596,单品拆分后上架（拆分为一个SKU）,1,NULL,NULL,1.拆分单品，拆分为同1个SKU,,
660657,VASC000000328410,OSF8V1755,出库内外箱补贴商品标签,1,NULL,NULL,EAN场景步骤1：拆开商品外箱 步骤2：核对外箱及彩盒上的条码 步骤3：若条码不一致，则需要用客户上传的标签文件覆盖EAN条码 步骤4：外箱和彩盒上不能出现除正确EAN条码以外的其他条码，若有其他条码请用白标覆盖  步骤5：完成后输入增值单品数量 透明计划场景步骤1：拆开商品外箱 步骤2：补贴商品透明计划标签 步骤3：商品封箱 步骤4：外箱上补贴对应的透明计划标签 内外箱透明计划标签需一致  步骤5：完成后输入增值单品数量,NULL,CO
660660,VASC000000328410,OSF8V1716,Anker加急出库,1,NULL,NULL,仓库根据订单情况判断能否在【指定出库日期】之前完成增值，若无法操作加急，请“异常终止”增值订单，若可以操作，请填写加急实际操作工时并“完成”增值 注意（非常重要！！！）： 1. 加急增值完成标准： *标准出库：加急订单出库日期应早于应出库日期，若不符合此条件，请“异常终止”增值订单 *自提出库：加急订单暂存日期应早于应暂存日期，若不符合此条件，请“异常终止”增值订单 2. 仓库实际操作工时，请提前记录并如实填写，最终会根据此工时收取客户费用 3. 需要在出库前完成此增值，否则增值将会被自动“异常终止”,NULL,CO
660699,VASC000000328431,OSF6V1677,退货商品补拍细节照,1,NULL,NULL,针对退货入库商品，按照客户示例图要求开箱补拍商品细节照片（含外箱标签照、内部商品细节图、内部商品标签照等）,NULL,CO
660705,VASC000000328440,OSF6V1647,货权转移（改数模式）,1,NULL,NULL,,NULL,CD
660717,VASC000000328452,OSF8V1749,审核出库单,1,NULL,NULL,仅万邑通内部发起,NULL,CO
660774,VASC000000328473,OSF8V1620,Winit线下尾程服务,1,202512301,【尾程】winit线下尾程询价,"""1、仓库/尾程SD报价；",,
661005,VASC000000328485,OSF6V1595,单品指定位置开箱拍照,1,NULL,NULL,根据客户指定位置辨识拍照并反馈结果,NULL,CD
660864,VASC000000328509,OSF6V1673,无主货找回-6个自然日内,1,NULL,NULL,根据客户提供的单据信息找货，若超过1h未找回，则反馈无法找回,NULL,CO
660951,VASC000000328545,OSF8V1755,出库内外箱补贴商品标签,1,NULL,NULL,EAN场景步骤1：拆开商品外箱 步骤2：核对外箱及彩盒上的条码 步骤3：若条码不一致，则需要用客户上传的标签文件覆盖EAN条码 步骤4：外箱和彩盒上不能出现除正确EAN条码以外的其他条码，若有其他条码请用白标覆盖  步骤5：完成后输入增值单品数量 透明计划场景步骤1：拆开商品外箱 步骤2：补贴商品透明计划标签 步骤3：商品封箱 步骤4：外箱上补贴对应的透明计划标签 内外箱透明计划标签需一致  步骤5：完成后输入增值单品数量,NULL,CO
660984,VASC000000328569,OSF6V1844,增值补收费,1,20250407044,仓库已完成 需补收费用,拓竹保险公司0729至DEBR2仓进行核查，仓库陪同人员分别是WINIT德国仓经理和仓库安全负责人，本次拜访持续约3-4小时，还需加上前后准备工作及善后收尾工作工时，两人合计10工时.需补收工时费。,NULL,CD
661023,VASC000000328587,OSF6V1595,单品指定位置开箱拍照,1,NULL,NULL,根据客户指定位置辨识拍照并反馈结果,NULL,CD
661083,VASC000000328608,OSF6V1595,单品指定位置开箱拍照,1,NULL,NULL,根据客户指定位置辨识拍照并反馈结果,NULL,CD
661092,VASC000000328611,OSF6V1595,单品指定位置开箱拍照,1,NULL,NULL,根据客户指定位置辨识拍照并反馈结果,NULL,CO
