order_no,order_date,product_code,product_name,va_source,warehouse_code,warehouse_name,customer_code,customer_name,status,is_audit_through,actual_audit_time
VASC000000262686,2026-04-23T11:32:01Z,VASC202411192250069,库内非标增值（特批）,INHOUSE,UKTW,UKTW Warehouse,1000275,************************,PD,Y,2026-04-08T17:27:07Z
VASC000000265527,2026-04-21T20:35:29Z,VASC202412061826084,Winit 尾程询价服务,OUTBOUND,USGA,USGA Warehouse,18513540,**********************,PD,Y,2026-04-14T03:15:08Z
VASC000000266928,2026-04-22T11:26:44Z,VASC202412061826084,Winit 尾程询价服务,OUTBOUND,USKY5,USKY5 Warehouse,18550941,*********************************,PD,Y,2026-04-22T00:14:39Z
VASC000000267348,2026-04-21T20:35:07Z,VASC202412061826084,Winit 尾程询价服务,OUTBOUND,USGA,USGA Warehouse,18513540,**********************,PD,Y,2026-04-17T05:59:42Z
VASC000000267408,2026-04-21T18:20:04Z,VASC202411192250069,库内非标增值（特批）,INHOUSE,US0001,USWC Warehouse,12410003,************************************,PD,Y,2026-04-21T16:41:39Z
VASC000000267465,2026-04-24T10:24:23Z,VASC202411192250069,庫內非標增值（特批）,INHOUSE,UKGF,UKGF Warehouse,17806402,*****************************,PD,Y,2026-04-22T21:11:34Z
VASC000000267477,2026-04-24T10:23:29Z,VASC202411192250069,庫內非標增值（特批）,INHOUSE,USKY3,USKY3 Warehouse,17806402,*****************************,PD,Y,2026-04-22T21:20:08Z
VASC000000267486,2026-04-24T10:23:11Z,VASC202411192250069,庫內非標增值（特批）,INHOUSE,USWC2,USWC2 Warehouse,17806402,*****************************,PD,Y,2026-04-22T21:20:30Z
VASC000000267492,2026-04-21T19:31:32Z,VASC202411192250069,库内非标增值（特批）,INHOUSE,US0001,USWC Warehouse,18108798,*********,PD,Y,2026-04-21T10:57:19Z
VASC000000267528,2026-04-29T15:01:45Z,VASC202411192250069,库内非标增值（特批）,INHOUSE,DEBR2,DEBR2 Warehouse,16757165,****************************,PD,Y,2026-04-29T14:59:39Z
VASC000000267576,2026-04-21T09:45:41Z,VASC202411192246131,入库非标增值（特批）,INBOUND,USKY5,USKY5 Warehouse,17925982,*********************************,PD,Y,2026-04-20T21:27:54Z
VASC000000267741,2026-04-21T08:46:32Z,VASC202411192246131,入库非标增值（特批）,UNUSUAL,USKY5,USKY5 Warehouse,12662112,******************************************,PD,Y,2026-04-17T21:27:33Z
VASC000000268050,2026-04-27T10:13:38Z,VASC202411192246131,入库非标增值（特批）,UNUSUAL,CATO,CATO Warehouse,19227270,********************************,PD,Y,2026-04-24T22:52:26Z
VASC000000268200,2026-04-22T12:10:31Z,VASC202411192250069,库内非标增值（特批）,INHOUSE,DEBR2,DEBR2 Warehouse,16757165,****************************,PD,Y,2026-04-20T18:46:53Z
VASC000000268206,2026-04-27T14:59:45Z,VASC202411192250069,库内非标增值（特批）,INHOUSE,DE0001,DE Warehouse,16758605,****************************,PD,Y,2026-04-20T18:46:34Z
VASC000000268215,2026-04-27T15:29:57Z,VASC202411192250069,库内非标增值（特批）,INHOUSE,UKGF,UKGF Warehouse,16643472,**************************,PD,Y,2026-04-20T18:46:08Z
VASC000000268218,2026-04-22T16:07:18Z,VASC202411192250069,库内非标增值（特批）,INHOUSE,USKY5,USKY5 Warehouse,17688379,***********,PD,Y,2026-04-20T19:03:26Z
VASC000000268248,2026-04-21T09:17:37Z,VASC202411192253186,出库非标增值（特批）,OUTBOUND,DE0001,DE Warehouse,10004685,******************************,ES,Y,2026-04-20T22:27:51Z
VASC000000268257,2026-04-21T09:17:56Z,VASC202411192253186,出库非标增值（特批）,OUTBOUND,DE0001,DE Warehouse,10004685,******************************,ES,Y,2026-04-20T22:23:52Z
VASC000000268341,2026-04-21T11:03:46Z,VASC202411192250069,库内非标增值（特批）,INHOUSE,UKGF,UKGF Warehouse,18170180,************************,PD,Y,2026-04-20T19:24:22Z
VASC000000268386,2026-04-21T20:01:00Z,VASC202412111838036,非标收费,INHOUSE,DEBR2,DEBR2 Warehouse,16958250,*************,PD,Y,2026-04-21T20:01:00Z
VASC000000268452,2026-04-22T17:37:51Z,VASC202411192250069,库内非标增值（特批）,INHOUSE,USKY3,USKY3 Warehouse,19011452,*******************,PD,Y,2026-04-20T21:38:50Z
VASC000000268542,2026-04-21T10:38:03Z,VASC202411192250069,库内非标增值（特批）,UNUSUAL,USWC5,USWC5 Warehouse,19101421,******,PD,Y,2026-04-20T22:45:05Z
VASC000000268557,2026-04-21T23:32:43Z,VASC202412061826084,Winit 尾程询价服务,OUTBOUND,USWC5,USWC5 Warehouse,19046105,******************************,PD,Y,2026-04-21T13:08:44Z
VASC000000268647,2026-04-22T11:23:30Z,VASC202411192246131,入庫非標增值（特批）,INBOUND,USTX,USTX Warehouse,19626837,************************************,CD,Y,2026-04-20T20:26:29Z
VASC000000268686,2026-04-23T10:17:55Z,VASC202411192250069,库内非标增值（特批）,INHOUSE,US0001,USWC Warehouse,13947840,********************,PD,Y,2026-04-22T21:29:31Z
VASC000000268689,2026-04-22T15:59:51Z,VASC202412061826084,Winit 尾程询价服务,OUTBOUND,USWC2,USWC2 Warehouse,10005028,************************************************,CD,Y,2026-04-21T13:27:51Z
VASC000000268701,2026-04-22T15:58:03Z,VASC202412061826084,Winit 尾程询价服务,OUTBOUND,USKY3,USKY3 Warehouse,10005028,************************************************,CD,Y,2026-04-20T23:27:44Z
VASC000000268737,2026-04-22T18:40:03Z,VASC202411192246131,入库非标增值（特批）,UNUSUAL,UKTW,UKTW Warehouse,17534761,******************************,PD,Y,2026-04-22T17:20:47Z
VASC000000268764,2026-04-21T15:54:26Z,VASC202411192250069,库内非标增值（特批）,INHOUSE,EWD,AU Warehouse,18557590,******************************************,PD,Y,2026-04-20T23:05:16Z
VASC000000268935,2026-04-23T15:07:16Z,VASC202411192250069,库内非标增值（特批）,INHOUSE,UKGF,UKGF Warehouse,16643472,**************************,PD,Y,2026-04-22T21:36:12Z
VASC000000269028,2026-04-21T10:36:57Z,VASC202411192246131,入库非标增值（特批）,UNUSUAL,USKY5,USKY5 Warehouse,17688379,***********,PD,Y,2026-04-20T20:24:19Z
VASC000000269103,2026-04-21T14:08:29Z,VASC202412061826084,Winit 尾程询价服务,OUTBOUND,EWD,AU Warehouse,11104738,******************************,PD,Y,2026-04-21T13:34:10Z
VASC000000269139,2026-04-21T09:04:46Z,VASC202411192246131,入库非标增值（特批）,UNUSUAL,USNJ2,USNJ2 Warehouse,19104098,***************,PD,Y,2026-04-20T20:43:16Z
VASC000000269142,2026-04-21T09:04:34Z,VASC202411192246131,入库非标增值（特批）,UNUSUAL,US0001,USWC Warehouse,19104098,***************,PD,Y,2026-04-20T20:44:28Z
VASC000000269151,2026-04-21T09:04:21Z,VASC202411192246131,入库非标增值（特批）,UNUSUAL,US0001,USWC Warehouse,19104098,***************,PD,Y,2026-04-20T20:45:26Z
VASC000000269157,2026-04-21T09:04:11Z,VASC202411192246131,入库非标增值（特批）,UNUSUAL,USGA,USGA Warehouse,19104098,***************,PD,Y,2026-04-20T20:46:05Z
VASC000000269307,2026-04-21T09:12:25Z,VASC202411192250069,库内非标增值（特批）,INHOUSE,EWD,AU Warehouse,12113560,******************************,CD,Y,2026-04-21T19:11:14Z
VASC000000269325,2026-04-21T09:42:06Z,VASC202411192253186,出库非标增值（特批）,OUTBOUND,USKY3,USKY3 Warehouse,11105473,******************************************,CD,N,2026-04-21T18:23:08Z
VASC000000269337,2026-04-22T16:12:45Z,VASC202411192250069,库内非标增值（特批）,INHOUSE,USKY5,USKY5 Warehouse,19592376,******************************,PD,Y,2026-04-21T18:48:32Z
VASC000000269370,2026-04-21T17:17:54Z,VASC202411192246131,入库非标增值（特批）,INBOUND,US0001,USWC Warehouse,13947840,********************,PD,Y,2026-04-21T14:40:08Z
VASC000000269400,2026-04-24T18:48:16Z,VASC202412111838036,非标收费,INHOUSE,UKGF,UKGF Warehouse,16643472,**************************,PD,Y,2026-04-24T18:48:16Z
VASC000000269424,2026-04-21T11:11:23Z,VASC202510151802079,审核出库单,OUTBOUND,EWD,AU Warehouse,18778484,**************************,PD,NULL,NULL
VASC000000269430,2026-04-21T11:12:00Z,VASC202510151802079,审核出库单,OUTBOUND,EWD,AU Warehouse,18778484,**************************,PD,NULL,NULL
VASC000000269454,2026-04-21T11:31:33Z,VASC202411192250069,库内非标增值（特批）,INHOUSE,UKTW,UKTW Warehouse,17969427,******************************,CD,N,2026-04-21T18:53:53Z
VASC000000269472,2026-04-21T14:59:13Z,VASC202411192246131,入库非标增值（特批）,INBOUND,USGA,USGA Warehouse,19626837,************************************,PD,Y,2026-04-21T14:54:57Z
VASC000000269481,2026-04-21T11:50:17Z,VASC202412061826084,Winit 尾程询价服务,OUTBOUND,DEBR2,DEBR2 Warehouse,16757165,****************************,CD,NULL,NULL
VASC000000269484,2026-04-21T11:52:09Z,VASC202412171855563,出库非标增值（Anker）,OUTBOUND,DEBR2,DEBR2 Warehouse,16757165,****************************,CD,NULL,NULL
VASC000000269520,2026-04-22T11:20:54Z,VASC202411192246131,入库非标增值（特批）,INBOUND,USTX,USTX Warehouse,19626837,************************************,CD,Y,2026-04-21T18:15:24Z
VASC000000269523,2026-04-23T18:47:33Z,VASC202412111838036,非标收费,INHOUSE,DEBR2,DEBR2 Warehouse,16958250,*************,PD,Y,2026-04-23T18:47:33Z
VASC000000269526,2026-04-23T18:46:27Z,VASC202412111838036,非标收费,INHOUSE,DEBR2,DEBR2 Warehouse,16958250,*************,PD,Y,2026-04-23T18:46:27Z
VASC000000269529,2026-04-23T17:50:05Z,VASC202412111838036,非标收费,INHOUSE,DEBR2,DEBR2 Warehouse,16958250,*************,PD,Y,2026-04-23T17:50:04Z
VASC000000269532,2026-04-23T18:43:53Z,VASC202412111838036,非标收费,INHOUSE,DEBR2,DEBR2 Warehouse,16958250,*************,PD,Y,2026-04-23T18:43:53Z
VASC000000269535,2026-04-23T18:49:51Z,VASC202412111838036,非标收费,INHOUSE,DEBR2,DEBR2 Warehouse,16958250,*************,PD,Y,2026-04-23T18:49:51Z
VASC000000269538,2026-04-23T18:57:15Z,VASC202412111838036,非标收费,INHOUSE,DEBR2,DEBR2 Warehouse,16958250,*************,PD,Y,2026-04-23T18:57:15Z
VASC000000269541,2026-04-23T18:55:06Z,VASC202412111838036,非标收费,INHOUSE,DEBR2,DEBR2 Warehouse,16958250,*************,PD,Y,2026-04-23T18:55:06Z
VASC000000269544,2026-04-21T13:43:18Z,VASC202412111838036,非标收费,INHOUSE,DE0001,DE Warehouse,16958250,*************,CD,NULL,NULL
VASC000000269547,2026-04-23T18:45:07Z,VASC202412111838036,非标收费,INHOUSE,DEBR2,DEBR2 Warehouse,16958250,*************,PD,Y,2026-04-23T18:45:07Z
VASC000000269550,2026-04-23T18:53:54Z,VASC202412111838036,非标收费,INHOUSE,DEBR2,DEBR2 Warehouse,16958250,*************,PD,Y,2026-04-23T18:53:54Z
VASC000000269553,2026-04-23T18:48:45Z,VASC202412111838036,非标收费,INHOUSE,DEBR2,DEBR2 Warehouse,16958250,*************,PD,Y,2026-04-23T18:48:45Z
VASC000000269556,2026-04-23T18:53:02Z,VASC202412111838036,非标收费,INHOUSE,DEBR2,DEBR2 Warehouse,16958250,*************,PD,Y,2026-04-23T18:53:02Z
VASC000000269559,2026-04-23T18:51:55Z,VASC202412111838036,非标收费,INHOUSE,DEBR2,DEBR2 Warehouse,16958250,*************,PD,Y,2026-04-23T18:51:55Z
VASC000000269568,2026-04-23T18:50:57Z,VASC202412111838036,非标收费,INHOUSE,DE0001,DE Warehouse,16958250,*************,PD,Y,2026-04-23T18:50:57Z
VASC000000269589,2026-04-21T14:23:01Z,VASC202411271721537,入库非标拍照或提供视频,INBOUND,UKTW,UKTW Warehouse,16614417,********************************,CD,NULL,NULL
VASC000000269610,2026-04-21T14:24:33Z,VASC202412171855563,出库非标增值（Anker）,OUTBOUND,UKGF,UKGF Warehouse,16643472,**************************,PD,NULL,NULL
VASC000000269634,2026-04-21T14:56:21Z,VASC202412061826084,Winit 尾程询价服务,OUTBOUND,US0001,USWC Warehouse,18879332,***************,CD,Y,2026-04-22T11:20:03Z
VASC000000269637,2026-04-21T15:21:29Z,VASC202411192246131,入库非标增值（特批）,UNUSUAL,CATO,CATO Warehouse,19227270,********************************,CD,N,2026-04-21T18:20:23Z
VASC000000269643,2026-04-22T11:23:22Z,VASC202411192246131,入庫非標增值（特批）,INBOUND,USWC5,USWC5 Warehouse,19626837,************************************,PD,Y,2026-04-21T18:14:44Z
VASC000000269646,2026-04-22T18:27:57Z,VASC202412061826084,Winit 尾程询价服务,OUTBOUND,USNJ2,USNJ2 Warehouse,18513540,**********************,PD,Y,2026-04-22T05:08:22Z
VASC000000269673,2026-04-21T15:40:34Z,VASC202411192250069,库内非标增值（特批）,INHOUSE,DEBR2,DEBR2 Warehouse,18397068,*********************************,CD,N,2026-04-21T18:59:57Z
VASC000000269709,2026-04-22T09:20:49Z,VASC202411192246131,入库非标增值（特批）,INBOUND,USGA,USGA Warehouse,18870935,************,PD,Y,2026-04-21T21:53:39Z
VASC000000269721,2026-04-21T16:30:44Z,VASC202411192246131,入库非标增值（特批）,UNUSUAL,EWD,AU Warehouse,15687358,******************************************,CD,NULL,NULL
VASC000000269748,2026-04-21T17:09:09Z,VASC202411192253186,出库非标增值（特批）,OUTBOUND,DE0001,DE Warehouse,18775929,***************************************,CD,N,2026-04-22T22:33:03Z
VASC000000269757,2026-04-21T18:10:31Z,VASC202411192246131,入库非标增值（特批）,UNUSUAL,DEBR2,DEBR2 Warehouse,19263669,******************************,PD,Y,2026-04-21T18:04:43Z
VASC000000269763,2026-04-21T18:12:50Z,VASC202411271721537,入库非标拍照或提供视频,INBOUND,USKY5,USKY5 Warehouse,17688379,***********,PD,NULL,NULL
VASC000000269769,2026-04-21T17:21:40Z,VASC202412171855563,出库非标增值（Anker）,OUTBOUND,DE0001,DE Warehouse,16758605,****************************,PD,NULL,NULL
VASC000000269775,2026-04-21T17:22:45Z,VASC202412171855563,出库非标增值（Anker）,OUTBOUND,DE0001,DE Warehouse,16758605,****************************,PD,NULL,NULL
VASC000000269796,2026-04-21T17:47:02Z,VASC202412061826084,Winit 尾程询价服务,OUTBOUND,DEBR2,DEBR2 Warehouse,16757165,****************************,CD,N,2026-04-23T22:41:07Z
VASC000000269817,2026-04-21T18:07:52Z,VASC202412171855563,出库非标增值（Anker）,OUTBOUND,DE0001,DE Warehouse,16758605,****************************,PD,NULL,NULL
VASC000000269844,2026-04-22T12:10:20Z,VASC202411192246131,入库非标增值（特批）,INBOUND,DEBR2,DEBR2 Warehouse,16757165,****************************,PD,Y,2026-04-21T21:52:34Z
VASC000000269880,2026-04-21T18:29:57Z,VASC202412171855563,出库非标增值（Anker）,OUTBOUND,DEBR2,DEBR2 Warehouse,16757165,****************************,PD,NULL,NULL
VASC000000269886,2026-04-21T20:52:09Z,VASC202411192229072,库内非标增值（免审核）,INHOUSE,USKY3,USKY3 Warehouse,18911574,***************************,PD,NULL,NULL
VASC000000269892,2026-04-21T18:36:52Z,VASC202412171855563,出库非标增值（Anker）,OUTBOUND,UKGF,UKGF Warehouse,16643472,**************************,PD,NULL,NULL
VASC000000269895,2026-04-21T18:48:12Z,VASC202510211517514,无主货找回,INHOUSE,US0001,USWC Warehouse,17323521,*********************************,PD,NULL,NULL
VASC000000269898,2026-04-21T18:53:40Z,VASC202412061826084,Winit 尾程询价服务,OUTBOUND,DEBR2,DEBR2 Warehouse,16757165,****************************,CD,NULL,NULL
VASC000000269907,2026-04-21T19:25:15Z,VASC202412171855563,出库非标增值（Anker）,OUTBOUND,UKGF,UKGF Warehouse,16643472,**************************,PD,NULL,NULL
VASC000000269949,2026-04-23T09:29:20Z,VASC202411192246131,入库非标增值（特批）,UNUSUAL,USWC5,USWC5 Warehouse,19722230,********************************,PD,Y,2026-04-22T17:37:42Z
VASC000000269952,2026-04-23T09:29:57Z,VASC202411192246131,入库非标增值（特批）,UNUSUAL,USWC5,USWC5 Warehouse,19722230,********************************,PD,Y,2026-04-22T17:43:14Z
VASC000000269955,2026-04-23T09:30:06Z,VASC202411192246131,入库非标增值（特批）,UNUSUAL,USWC5,USWC5 Warehouse,19722230,********************************,PD,Y,2026-04-22T17:38:45Z
VASC000000269961,2026-04-23T09:30:09Z,VASC202411192246131,入库非标增值（特批）,UNUSUAL,USWC5,USWC5 Warehouse,19722230,********************************,PD,Y,2026-04-22T17:40:56Z
VASC000000269964,2026-04-23T09:30:17Z,VASC202411192246131,入库非标增值（特批）,UNUSUAL,USWC5,USWC5 Warehouse,19722230,********************************,PD,Y,2026-04-22T18:07:20Z
VASC000000269967,2026-04-23T09:30:23Z,VASC202411192246131,入库非标增值（特批）,UNUSUAL,USWC5,USWC5 Warehouse,19722230,********************************,PD,Y,2026-04-22T17:58:56Z
VASC000000269970,2026-04-23T09:30:30Z,VASC202411192246131,入库非标增值（特批）,UNUSUAL,USWC5,USWC5 Warehouse,19722230,********************************,PD,Y,2026-04-22T18:08:54Z
VASC000000269973,2026-04-23T09:29:39Z,VASC202411192246131,入库非标增值（特批）,UNUSUAL,USWC5,USWC5 Warehouse,19722230,********************************,PD,Y,2026-04-22T17:56:04Z
VASC000000270000,2026-04-23T10:54:42Z,VASC202411192246131,入库非标增值（特批）,UNUSUAL,DE0001,DE Warehouse,19263669,******************************,PD,Y,2026-04-22T20:28:17Z
VASC000000270075,2026-04-22T10:19:34Z,VASC202411192246131,入库非标增值（特批）,UNUSUAL,EWD,AU Warehouse,15687358,******************************************,CD,Y,2026-04-22T18:01:43Z
VASC000000270084,2026-04-23T11:45:29Z,VASC202411192253186,出库非标增值（特批）,OUTBOUND,DEBR2,DEBR2 Warehouse,16757165,****************************,CD,Y,2026-04-22T22:02:53Z
VASC000000270087,2026-04-22T10:18:53Z,VASC202411192253186,出库非标增值（特批）,OUTBOUND,DEBR2,DEBR2 Warehouse,16757165,****************************,CD,NULL,NULL
VASC000000270090,2026-04-22T10:34:19Z,VASC202411192250069,库内非标增值（特批）,INHOUSE,US0001,USWC Warehouse,12182455,************************************,CD,N,2026-04-22T21:44:16Z
VASC000000270129,2026-04-23T12:07:18Z,VASC202411192250069,库内非标增值（特批）,INHOUSE,USKY3,USKY3 Warehouse,19217645,************************,PD,Y,2026-04-22T21:47:45Z
VASC000000270132,2026-04-22T10:53:08Z,VASC202411192250069,库内非标增值（特批）,INHOUSE,US0001,USWC Warehouse,19173941,************************,CD,Y,2026-04-22T21:49:13Z
VASC000000270150,2026-04-23T10:37:06Z,VASC202411192246131,入库非标增值（特批）,UNUSUAL,CATO,CATO Warehouse,19227270,********************************,PD,Y,2026-04-22T17:25:41Z
VASC000000270153,2026-04-22T11:02:58Z,VASC202411271721537,入库非标拍照或提供视频,INBOUND,UKTW,UKTW Warehouse,16614417,********************************,PD,NULL,NULL
VASC000000270177,2026-04-23T09:16:26Z,VASC202411192246131,入库非标增值（特批）,UNUSUAL,USNJ2,USNJ2 Warehouse,19104098,***************,PD,Y,2026-04-22T20:32:39Z
VASC000000270183,2026-05-05T11:14:06Z,VASC202411192246131,入庫非標增值（特批）,INBOUND,USNJ2,USNJ2 Warehouse,19626837,************************************,ES,Y,2026-04-29T18:25:19Z
VASC000000270201,2026-04-23T10:18:13Z,VASC202411192250069,库内非标增值（特批）,INHOUSE,USKY5,USKY5 Warehouse,13947840,********************,PD,Y,2026-04-22T12:26:28Z
VASC000000270228,2026-04-23T11:45:19Z,VASC202411192250069,库内非标增值（特批）,INHOUSE,DEBR2,DEBR2 Warehouse,16757165,****************************,CD,Y,2026-04-22T21:56:04Z
VASC000000270231,2026-04-22T13:43:11Z,VASC202411192253186,出库非标增值（特批）,OUTBOUND,USNJ2,USNJ2 Warehouse,18513540,**********************,CD,NULL,NULL
VASC000000270237,2026-04-22T16:33:15Z,VASC202411192253186,出库非标增值（特批）,OUTBOUND,DEBR2,DEBR2 Warehouse,15588824,*********************************,PD,Y,2026-04-22T15:11:55Z
VASC000000270279,2026-04-22T14:33:27Z,VASC202411192253186,出库非标增值（特批）,OUTBOUND,US0001,USWC Warehouse,16252206,******,CD,NULL,NULL
VASC000000270288,2026-04-22T15:03:20Z,VASC202411192250069,库内非标增值（特批）,INHOUSE,US0001,USWC Warehouse,16252206,******,PD,Y,2026-04-22T15:02:38Z
VASC000000270294,2026-04-22T15:04:31Z,VASC202510151802079,审核出库单,OUTBOUND,US0001,USWC Warehouse,16252206,******,PD,NULL,NULL
VASC000000270330,2026-04-22T16:07:24Z,VASC202411192250069,库内非标增值（特批）,INHOUSE,USKY5,USKY5 Warehouse,19605923,************************************,CD,N,2026-04-22T22:02:43Z
VASC000000270333,2026-04-22T15:29:38Z,VASC202510151802079,审核出库单,OUTBOUND,US0001,USWC Warehouse,18108798,*********,PD,NULL,NULL
VASC000000270339,2026-05-08T11:27:19Z,VASC202411192250069,库内非标增值（特批）,INHOUSE,AUME,AUME Warehouse,17112511,*************************************,PD,Y,2026-05-07T19:35:46Z
VASC000000270351,2026-04-22T15:46:24Z,VASC202411192250069,库内非标增值（特批）,INHOUSE,USGA,USGA Warehouse,17866325,******************************,CD,N,2026-04-22T22:05:13Z
VASC000000270354,2026-04-22T15:43:18Z,VASC202412171855563,出库非标增值（Anker）,OUTBOUND,DE0001,DE Warehouse,16758605,****************************,PD,NULL,NULL
VASC000000270360,2026-04-22T15:45:19Z,VASC202412171855563,出库非标增值（Anker）,OUTBOUND,DE0001,DE Warehouse,16758605,****************************,PD,NULL,NULL
VASC000000270363,2026-04-22T15:48:06Z,VASC202411192250069,库内非标增值（特批）,INHOUSE,USWC5,USWC5 Warehouse,17866325,******************************,CD,N,2026-04-22T22:04:43Z
VASC000000270372,2026-04-22T15:58:27Z,VASC202412111831129,新单上架（客户提供预报单）,UNUSUAL,USKY3,USKY3 Warehouse,1009476,*********************************,PD,NULL,NULL
VASC000000270393,2026-04-23T10:55:04Z,VASC202411192246131,入库非标增值（特批）,INBOUND,DEBR2,DEBR2 Warehouse,19263669,******************************,PD,Y,2026-04-22T20:29:37Z
VASC000000270426,2026-04-22T16:20:21Z,VASC202411192229072,库内非标增值（免审核）,INHOUSE,DE0001,DE Warehouse,14443204,******************************,PD,NULL,NULL
VASC000000270435,2026-04-22T16:23:22Z,VASC202412171855563,出库非标增值（Anker）,OUTBOUND,UKGF,UKGF Warehouse,16643472,**************************,PD,NULL,NULL
VASC000000270444,2026-04-22T16:36:16Z,VASC202411271721537,入库非标拍照或提供视频,INBOUND,USKY3,USKY3 Warehouse,19281551,*****************************,PD,NULL,NULL
VASC000000270450,2026-04-29T11:39:48Z,VASC202412111838036,非标收费,INHOUSE,DEBR2,DEBR2 Warehouse,16958250,*************,PD,Y,2026-04-29T11:39:48Z
VASC000000270480,2026-04-23T15:01:44Z,VASC202412061826084,Winit 尾程询价服务,OUTBOUND,US0001,USWC Warehouse,19687866,**********************,PD,Y,2026-04-23T13:10:15Z
VASC000000270483,2026-04-22T17:49:17Z,VASC202510211517514,无主货找回,INHOUSE,USGA,USGA Warehouse,11934046,***************************************,PD,NULL,NULL
VASC000000270486,2026-04-22T17:48:18Z,VASC202412171855563,出库非标增值（Anker）,OUTBOUND,DE0001,DE Warehouse,16758605,****************************,PD,NULL,NULL
VASC000000270492,2026-04-22T18:05:13Z,VASC202412171855563,出库非标增值（Anker）,OUTBOUND,UKGF,UKGF Warehouse,16643472,**************************,PD,NULL,NULL
VASC000000270513,2026-04-22T18:33:32Z,VASC202412171855563,出库非标增值（Anker）,OUTBOUND,DE0001,DE Warehouse,16758605,****************************,PD,NULL,NULL
VASC000000270519,2026-04-24T21:24:44Z,VASC202412061826084,Winit 尾程询价服务,OUTBOUND,UKGF,UKGF Warehouse,16643472,**************************,PD,Y,2026-04-24T01:34:42Z
VASC000000270522,2026-04-22T18:51:25Z,VASC202412171855563,出库非标增值（Anker）,OUTBOUND,UKGF,UKGF Warehouse,16643472,**************************,PD,NULL,NULL
VASC000000270525,2026-04-28T18:49:42Z,VASC202412061826084,Winit 尾程询价服务,OUTBOUND,UKGF,UKGF Warehouse,16643472,**************************,PD,Y,2026-04-23T21:52:13Z
VASC000000270552,2026-04-22T19:54:39Z,VASC202411192229072,库内非标增值（免审核）,INHOUSE,USKY3,USKY3 Warehouse,19217645,************************,PD,NULL,NULL
VASC000000270564,2026-04-22T20:29:49Z,VASC202412171855563,出库非标增值（Anker）,OUTBOUND,UKGF,UKGF Warehouse,16643472,**************************,PD,NULL,NULL
VASC000000270567,2026-04-22T20:43:51Z,VASC202412171855563,出库非标增值（Anker）,OUTBOUND,UKGF,UKGF Warehouse,16643472,**************************,PD,NULL,NULL
VASC000000270570,2026-04-22T21:05:25Z,VASC202412171855563,出库非标增值（Anker）,OUTBOUND,UKGF,UKGF Warehouse,16643472,**************************,PD,NULL,NULL
VASC000000270573,2026-04-22T21:37:26Z,VASC202510151802079,审核出库单,OUTBOUND,UKGF,UKGF Warehouse,16643472,**************************,PD,NULL,NULL
VASC000000270576,2026-04-27T21:41:46Z,VASC202412061826084,Winit 尾程询价服务,OUTBOUND,UKGF,UKGF Warehouse,16643472,**************************,PD,Y,2026-04-24T18:23:52Z
VASC000000270588,2026-04-22T22:12:29Z,VASC202412171855563,出库非标增值（Anker）,OUTBOUND,DE0001,DE Warehouse,16758605,****************************,PD,NULL,NULL
VASC000000270591,2026-04-22T22:21:04Z,VASC202412171855563,出库非标增值（Anker）,OUTBOUND,DE0001,DE Warehouse,16758605,****************************,PD,NULL,NULL
VASC000000270594,2026-04-24T09:05:08Z,VASC202411192246131,入库非标增值（特批）,UNUSUAL,US0001,USWC Warehouse,13947840,********************,PD,Y,2026-04-23T18:36:02Z
VASC000000270606,2026-04-22T23:44:51Z,VASC202510151802079,审核出库单,OUTBOUND,USKY3,USKY3 Warehouse,18557590,******************************************,PD,NULL,NULL
VASC000000270678,2026-04-23T10:18:11Z,VASC202411271721537,入库非标拍照或提供视频,INBOUND,USWC2,USWC2 Warehouse,14081998,*********************,PD,NULL,NULL
VASC000000270684,2026-04-23T10:19:13Z,VASC202510211517514,无主货找回,INHOUSE,DE0001,DE Warehouse,17534761,******************************,CD,NULL,NULL
VASC000000270696,2026-04-23T10:23:27Z,VASC202411192246131,入库非标增值（特批）,INBOUND,US0001,USWC Warehouse,13947840,********************,CD,N,2026-04-23T14:34:28Z
VASC000000270699,2026-04-23T10:25:34Z,VASC202510211517514,无主货找回,INHOUSE,DE0001,DE Warehouse,17534761,******************************,PD,NULL,NULL
VASC000000270717,2026-04-23T12:04:52Z,VASC202411192229072,库内非标增值（免审核）,INHOUSE,USKY3,USKY3 Warehouse,10012206,***************************************,PD,NULL,NULL
VASC000000270744,2026-04-23T11:39:03Z,VASC202412061826084,Winit 尾程询价服务,OUTBOUND,USWC2,USWC2 Warehouse,18580517,******************************************,CD,NULL,NULL
VASC000000270780,2026-04-24T08:41:43Z,VASC202411192246131,入库非标增值（特批）,UNUSUAL,EWD,AU Warehouse,15687358,******************************************,PD,Y,2026-04-23T21:28:22Z
VASC000000270798,2026-04-23T13:43:28Z,VASC202411192246131,入库非标增值（特批）,INBOUND,USKY3,USKY3 Warehouse,19164627,************************,CD,NULL,NULL
VASC000000270834,2026-04-23T13:44:04Z,VASC202411192246131,入库非标增值（特批）,INBOUND,USKY3,USKY3 Warehouse,19164627,************************,CD,N,2026-04-23T21:42:54Z
VASC000000270843,2026-04-23T13:57:14Z,VASC202411271721537,入庫非標拍照或提供視頻,INBOUND,USTX,USTX Warehouse,19635207,******************************,PD,NULL,NULL
VASC000000270849,2026-04-23T13:50:57Z,VASC202412171855563,出库非标增值（Anker）,OUTBOUND,DE0001,DE Warehouse,16758605,****************************,PD,NULL,NULL
VASC000000270852,2026-04-23T14:43:34Z,VASC202411192253186,出库非标增值（特批）,OUTBOUND,USNJ2,USNJ2 Warehouse,18513540,**********************,PD,Y,2026-04-23T14:10:08Z
VASC000000270861,2026-04-24T14:31:32Z,VASC202411192250069,库内非标增值（特批）,INHOUSE,USKY3,USKY3 Warehouse,19011452,*******************,PD,Y,2026-04-24T12:04:44Z
VASC000000270867,2026-04-23T14:24:46Z,VASC202412171855563,出库非标增值（Anker）,OUTBOUND,DE0001,DE Warehouse,16758605,****************************,PD,NULL,NULL
VASC000000270882,2026-04-27T16:56:44Z,VASC202412061826084,Winit 尾程询价服务,OUTBOUND,US0001,USWC Warehouse,17925576,******,PD,Y,2026-04-25T02:13:28Z
VASC000000270885,2026-04-24T09:05:31Z,VASC202411192250069,库内非标增值（特批）,INHOUSE,US0001,USWC Warehouse,13947840,********************,PD,Y,2026-04-23T20:32:28Z
VASC000000270891,2026-04-24T18:48:58Z,VASC202412111838036,非标收费,INHOUSE,UKGF,UKGF Warehouse,16643472,**************************,PD,Y,2026-04-24T18:48:57Z
VASC000000270912,2026-04-23T14:56:10Z,VASC202412061826084,Winit 尾程询价服务,OUTBOUND,UKGF,UKGF Warehouse,19563137,***********************************,CD,Y,2026-04-25T00:15:35Z
VASC000000270936,2026-04-23T15:05:31Z,VASC202411192250069,库内非标增值（特批）,INHOUSE,USKY5,USKY5 Warehouse,19605923,************************************,CD,NULL,NULL
VASC000000270945,2026-04-24T09:55:43Z,VASC202411192253186,出库非标增值（特批）,OUTBOUND,USKY3,USKY3 Warehouse,18038522,*********,PD,Y,2026-04-23T18:29:01Z
VASC000000270948,2026-04-23T15:14:34Z,VASC202411192246131,入库非标增值（特批）,INBOUND,USKY5,USKY5 Warehouse,19540140,***************************************,CD,NULL,NULL
VASC000000270957,2026-04-23T15:25:35Z,VASC202510211530474,Aiper 运输高低温检验,INBOUND,USNJ2,USNJ2 Warehouse,18513540,**********************,ES,NULL,NULL
VASC000000270963,2026-04-24T09:09:36Z,VASC202411192250069,库内非标增值（特批）,INHOUSE,USKY5,USKY5 Warehouse,19605923,************************************,PD,Y,2026-04-23T20:47:19Z
VASC000000271011,2026-04-23T17:45:22Z,VASC202411192253186,出库非标增值（特批）,OUTBOUND,DE0001,DE Warehouse,18775929,***************************************,PD,Y,2026-04-23T17:34:58Z
VASC000000271029,2026-04-28T13:54:29Z,VASC202411192250069,库内非标增值（特批）,INHOUSE,USKY5,USKY5 Warehouse,19299529,*****************************************,PD,Y,2026-04-23T20:33:56Z
VASC000000271047,2026-04-23T18:44:05Z,VASC202411192250069,库内非标增值（特批）,INHOUSE,USGA,USGA Warehouse,18513540,**********************,PD,Y,2026-04-23T18:36:55Z
VASC000000271071,2026-04-24T11:49:02Z,VASC202411192250069,库内非标增值（特批）,INHOUSE,USKY3,USKY3 Warehouse,18170180,************************,PD,Y,2026-04-23T20:39:22Z
VASC000000271086,2026-04-24T14:48:46Z,VASC202411192246131,入库非标增值（特批）,UNUSUAL,USKY5,USKY5 Warehouse,17688379,***********,PD,Y,2026-04-23T19:12:22Z
VASC000000271092,2026-04-23T17:04:47Z,VASC202411192246131,入库非标增值（特批）,INBOUND,USKY3,USKY3 Warehouse,19164627,************************,CD,N,2026-04-23T21:42:27Z
VASC000000271101,2026-04-24T15:44:38Z,VASC202412061826084,Winit 尾程询价服务,OUTBOUND,DEBR2,DEBR2 Warehouse,16757165,****************************,PD,Y,2026-04-24T15:25:45Z
VASC000000271113,2026-04-23T17:39:43Z,VASC202411192250069,库内非标增值（特批）,INHOUSE,USKY3,USKY3 Warehouse,10005835,**********************,CD,NULL,NULL
VASC000000271116,2026-04-27T14:54:31Z,VASC202411192250069,库内非标增值（特批）,INHOUSE,USKY3,USKY3 Warehouse,10005835,**********************,PD,Y,2026-04-24T17:32:14Z
VASC000000271125,2026-04-23T17:49:13Z,VASC202412171855563,出库非标增值（Anker）,OUTBOUND,UKGF,UKGF Warehouse,16643472,**************************,PD,NULL,NULL
VASC000000271161,2026-04-23T19:05:39Z,VASC202412171855563,出库非标增值（Anker）,OUTBOUND,UKGF,UKGF Warehouse,16643472,**************************,PD,NULL,NULL
VASC000000271170,2026-04-23T19:31:08Z,VASC202411271721537,入库非标拍照或提供视频,INBOUND,USKY5,USKY5 Warehouse,17688379,***********,PD,NULL,NULL
VASC000000271173,2026-04-23T19:59:33Z,VASC202412171855563,出库非标增值（Anker）,OUTBOUND,DE0001,DE Warehouse,16758605,****************************,PD,NULL,NULL
VASC000000271179,2026-04-27T19:05:14Z,VASC202411192250069,库内非标增值（特批）,INHOUSE,EWD,AU Warehouse,19870090,******************,PD,Y,2026-04-27T18:16:55Z
VASC000000271185,2026-04-25T00:57:27Z,VASC202411192250069,库内非标增值（特批）,INHOUSE,USKY3,USKY3 Warehouse,19011452,*******************,PD,Y,2026-04-24T18:01:19Z
VASC000000271188,2026-04-23T20:31:20Z,VASC202412171855563,出库非标增值（Anker）,OUTBOUND,DE0001,DE Warehouse,16758605,****************************,PD,NULL,NULL
VASC000000271191,2026-04-23T20:36:00Z,VASC202412171855563,出库非标增值（Anker）,OUTBOUND,DE0001,DE Warehouse,16758605,****************************,PD,NULL,NULL
VASC000000271194,2026-04-23T20:36:46Z,VASC202412171855563,出库非标增值（Anker）,OUTBOUND,DE0001,DE Warehouse,16758605,****************************,PD,NULL,NULL
VASC000000271203,2026-04-23T20:50:53Z,VASC202510151802079,审核出库单,OUTBOUND,CATO,CATO Warehouse,19227270,********************************,PD,NULL,NULL
VASC000000271206,2026-04-23T20:52:07Z,VASC202412171855563,出库非标增值（Anker）,OUTBOUND,DE0001,DE Warehouse,16758605,****************************,PD,NULL,NULL
VASC000000271218,2026-04-23T21:13:34Z,VASC202412171855563,出库非标增值（Anker）,OUTBOUND,UKGF,UKGF Warehouse,16643472,**************************,PD,NULL,NULL
VASC000000271230,2026-04-23T22:30:38Z,VASC202412061826084,Winit 尾程询价服务,OUTBOUND,USGA,USGA Warehouse,17866325,******************************,CD,Y,2026-04-24T02:39:34Z
VASC000000271233,2026-04-23T22:48:53Z,VASC202412171855563,出库非标增值（Anker）,OUTBOUND,UKGF,UKGF Warehouse,16643472,**************************,PD,NULL,NULL
VASC000000271236,2026-04-23T22:55:33Z,VASC202412171855563,出库非标增值（Anker）,OUTBOUND,DE0001,DE Warehouse,16758605,****************************,PD,NULL,NULL
VASC000000271263,2026-04-24T10:21:17Z,VASC202412061826084,Winit 尾程询价服务,OUTBOUND,EWD,AU Warehouse,18778484,**************************,PD,Y,2026-04-24T10:04:04Z
VASC000000271290,2026-04-24T22:16:17Z,VASC202411192250069,库内非标增值（特批）,INHOUSE,DEBR2,DEBR2 Warehouse,18397068,*********************************,PD,Y,2026-04-24T18:02:58Z
VASC000000271302,2026-04-24T18:40:38Z,VASC202411192250069,库内非标增值（特批）,INHOUSE,US0001,USWC Warehouse,13947840,********************,PD,Y,2026-04-24T18:04:04Z
VASC000000271308,2026-04-25T10:13:20Z,VASC202411192250069,库内非标增值（特批）,INHOUSE,USWC2,USWC2 Warehouse,19490777,************************************************,PD,Y,2026-04-24T21:15:41Z
VASC000000271317,2026-04-24T10:33:48Z,VASC202510211517514,无主货找回,INHOUSE,DEBR2,DEBR2 Warehouse,17294590,***********************,ES,NULL,NULL
VASC000000271323,2026-04-27T15:07:29Z,VASC202411192250069,库内非标增值（特批）,INHOUSE,UKGF,UKGF Warehouse,16643472,**************************,PD,Y,2026-04-24T12:00:54Z
VASC000000271329,2026-04-24T10:42:26Z,VASC202412061826084,Winit 尾程询价服务,OUTBOUND,US0001,USWC Warehouse,10006189,*****************************,CD,NULL,NULL
VASC000000271335,2026-04-24T18:52:24Z,VASC202412111838036,非标收费,INHOUSE,UKGF,UKGF Warehouse,16643472,**************************,PD,Y,2026-04-24T18:52:24Z
VASC000000271338,2026-04-27T12:07:51Z,VASC202411192250069,库内非标增值（特批）,UNUSUAL,DEBR2,DEBR2 Warehouse,16757165,****************************,PD,Y,2026-04-24T18:16:34Z
VASC000000271374,2026-04-24T11:48:39Z,VASC202411271721537,入库非标拍照或提供视频,INBOUND,EWD,AU Warehouse,10013394,******************************************,PD,NULL,NULL
VASC000000271383,2026-04-24T18:49:46Z,VASC202412111838036,非标收费,INHOUSE,UKGF,UKGF Warehouse,16643472,**************************,PD,Y,2026-04-24T18:49:46Z
VASC000000271389,2026-04-27T15:59:55Z,VASC202411192246131,入库非标增值（特批）,INBOUND,USTX,USTX Warehouse,19626837,************************************,PD,Y,2026-04-24T12:18:20Z
VASC000000271392,2026-05-05T10:16:09Z,VASC202411192246131,入库非标增值（特批）,INBOUND,USTX,USTX Warehouse,19626837,************************************,PD,Y,2026-04-29T18:24:18Z
VASC000000271419,2026-04-27T15:04:59Z,VASC202411192253186,出库非标增值（特批）,OUTBOUND,DEBR2,DEBR2 Warehouse,16757165,****************************,PD,Y,2026-04-24T16:59:29Z
VASC000000271422,2026-04-24T16:57:41Z,VASC202411192253186,出库非标增值（特批）,OUTBOUND,DEBR2,DEBR2 Warehouse,16757165,****************************,ES,Y,2026-04-24T16:39:24Z
VASC000000271431,2026-04-24T12:09:19Z,VASC202510151802079,审核出库单,OUTBOUND,UKGF,UKGF Warehouse,16643472,**************************,PD,NULL,NULL
VASC000000271434,2026-04-24T12:10:06Z,VASC202510151802079,审核出库单,OUTBOUND,UKGF,UKGF Warehouse,16643472,**************************,PD,NULL,NULL
VASC000000271437,2026-04-24T12:17:50Z,VASC202510211517514,无主货找回,INHOUSE,USKY5,USKY5 Warehouse,11109012,************************************,PD,NULL,NULL
VASC000000271440,2026-04-24T12:10:41Z,VASC202510151802079,审核出库单,OUTBOUND,UKGF,UKGF Warehouse,16643472,**************************,PD,NULL,NULL
VASC000000271443,2026-04-24T12:11:14Z,VASC202510151802079,审核出库单,OUTBOUND,UKGF,UKGF Warehouse,16643472,**************************,PD,NULL,NULL
VASC000000271449,2026-04-24T12:13:24Z,VASC202412171855563,出库非标增值（Anker）,OUTBOUND,DE0001,DE Warehouse,16758605,****************************,PD,NULL,NULL
VASC000000271452,2026-04-24T12:21:20Z,VASC202510211517514,无主货找回,INHOUSE,USKY5,USKY5 Warehouse,11109012,************************************,PD,NULL,NULL
VASC000000271593,2026-04-27T09:39:28Z,VASC202411192250069,庫內非標增值（特批）,INHOUSE,DEBR2,DEBR2 Warehouse,17615733,**************************************,PD,Y,2026-04-24T20:19:19Z
VASC000000271599,2026-05-08T17:49:48Z,VASC202411192246131,入库非标增值（特批）,INBOUND,USKY3,USKY3 Warehouse,19164627,************************,CD,Y,2026-04-24T18:27:38Z
VASC000000271605,2026-05-08T17:49:38Z,VASC202411192246131,入库非标增值（特批）,INBOUND,USKY3,USKY3 Warehouse,19164627,************************,CD,Y,2026-04-24T20:20:47Z
VASC000000271614,2026-04-24T14:41:51Z,VASC202412061826084,Winit 尾程询价服务,OUTBOUND,DEBR2,DEBR2 Warehouse,16958250,*************,CD,NULL,NULL
VASC000000271644,2026-04-24T15:14:00Z,VASC202411192246131,入库非标增值（特批）,INBOUND,USKY3,USKY3 Warehouse,18170180,************************,CD,NULL,NULL
VASC000000271653,2026-04-24T15:11:05Z,VASC202412061826084,Winit 尾程询价服务,OUTBOUND,DEBR2,DEBR2 Warehouse,16757165,****************************,CD,NULL,NULL
VASC000000271659,2026-04-24T15:15:41Z,VASC202510211517514,无主货找回,INHOUSE,UKTW,UKTW Warehouse,1006076,************************,PD,NULL,NULL
VASC000000271662,2026-04-24T15:19:21Z,VASC202412061826084,Winit 尾程询价服务,OUTBOUND,DEBR2,DEBR2 Warehouse,16757165,****************************,CD,NULL,NULL
VASC000000271665,2026-04-24T17:41:25Z,VASC202411192246131,入库非标增值（特批）,INBOUND,US0001,USWC Warehouse,18170180,************************,PD,Y,2026-04-24T17:30:14Z
VASC000000271671,2026-04-28T15:50:08Z,VASC202411192250069,库内非标增值（特批）,INHOUSE,DEBR2,DEBR2 Warehouse,16958250,*************,PD,Y,2026-04-27T16:56:34Z
VASC000000271692,2026-04-28T15:50:01Z,VASC202411192250069,库内非标增值（特批）,INHOUSE,DEBR2,DEBR2 Warehouse,16958250,*************,ES,Y,2026-04-27T16:52:23Z
VASC000000271698,2026-04-24T15:47:25Z,VASC202412061826084,Winit 尾程询价服务,OUTBOUND,DEBR2,DEBR2 Warehouse,16958250,*************,CD,Y,2026-04-24T19:14:36Z
VASC000000271707,2026-04-24T15:51:47Z,VASC202411192246131,入库非标增值（特批）,INBOUND,USKY3,USKY3 Warehouse,17225006,*********,CD,N,2026-04-24T17:14:39Z
VASC000000271731,2026-04-24T16:22:00Z,VASC202411192240522,上架前自提,UNUSUAL,US0001,USWC Warehouse,13947840,********************,PD,NULL,NULL
VASC000000271758,2026-04-24T18:31:52Z,VASC202411192250069,库内非标增值（特批）,INHOUSE,UKGF,UKGF Warehouse,1000036,******************************,PD,Y,2026-04-24T18:26:11Z
VASC000000271767,2026-04-24T16:46:51Z,VASC202412171855563,出库非标增值（Anker）,OUTBOUND,DE0001,DE Warehouse,16758605,****************************,PD,NULL,NULL
VASC000000271776,2026-04-24T17:05:26Z,VASC202412171855563,出库非标增值（Anker）,OUTBOUND,DE0001,DE Warehouse,16758605,****************************,PD,NULL,NULL
VASC000000271782,2026-04-24T17:08:11Z,VASC202412171855563,出库非标增值（Anker）,OUTBOUND,DE0001,DE Warehouse,16758605,****************************,PD,NULL,NULL
VASC000000271797,2026-04-28T14:35:24Z,VASC202412061826084,Winit 尾程询价服务,OUTBOUND,US0001,USWC Warehouse,18170180,************************,PD,Y,2026-04-28T13:40:19Z
VASC000000271803,2026-04-24T17:21:45Z,VASC202411192253186,出库非标增值（特批）,OUTBOUND,USKY3,USKY3 Warehouse,19011452,*******************,CD,NULL,NULL
VASC000000271809,2026-04-24T17:26:14Z,VASC202411192253186,出库非标增值（特批）,OUTBOUND,USKY3,USKY3 Warehouse,19011452,*******************,CD,Y,2026-04-24T19:51:27Z
VASC000000271821,2026-04-24T17:43:30Z,VASC202411192246131,入库非标增值（特批）,INBOUND,USKY3,USKY3 Warehouse,17225006,*********,CD,Y,2026-04-30T17:03:23Z
VASC000000271836,2026-04-27T10:29:56Z,VASC202411192250069,库内非标增值（特批）,INHOUSE,US0001,USWC Warehouse,13947840,********************,PD,Y,2026-04-24T21:28:57Z
VASC000000271863,2026-04-29T09:56:05Z,VASC202412061826084,Winit 尾程询价服务,OUTBOUND,EWD,AU Warehouse,18475933,******************,PD,Y,2026-04-29T08:27:39Z
VASC000000271866,2026-04-24T18:40:37Z,VASC202412061826084,Winit 尾程询价服务,OUTBOUND,DEBR2,DEBR2 Warehouse,16757165,****************************,CD,NULL,NULL
VASC000000271872,2026-04-24T19:12:12Z,VASC202411192250069,库内非标增值（特批）,INHOUSE,USKY3,USKY3 Warehouse,19011452,*******************,CD,N,2026-04-27T18:03:53Z
VASC000000271875,2026-04-28T18:08:01Z,VASC202412061826084,Winit 尾程询价服务,OUTBOUND,USGA,USGA Warehouse,17866325,******************************,PD,Y,2026-04-25T00:21:18Z
VASC000000271878,2026-04-28T10:11:07Z,VASC202412061826084,Winit 尾程询价服务,OUTBOUND,UKGF,UKGF Warehouse,16643472,**************************,PD,Y,2026-04-25T01:37:16Z
VASC000000271884,2026-04-28T10:49:01Z,VASC202412061826084,Winit 尾程询价服务,OUTBOUND,UKGF,UKGF Warehouse,16643472,**************************,PD,Y,2026-04-25T01:39:42Z
VASC000000271887,2026-04-30T15:39:34Z,VASC202412061826084,Winit 尾程询价服务,OUTBOUND,UKGF,UKGF Warehouse,16643472,**************************,PD,Y,2026-04-29T01:00:55Z
VASC000000271893,2026-04-24T22:24:19Z,VASC202412061826084,Winit 尾程询价服务,OUTBOUND,DEBR2,DEBR2 Warehouse,16757165,****************************,CD,NULL,NULL
VASC000000271905,2026-04-24T23:10:44Z,VASC202412061826084,Winit 尾程询价服务,OUTBOUND,DEBR2,DEBR2 Warehouse,16757165,****************************,CD,NULL,NULL
VASC000000271956,2026-04-25T10:17:16Z,VASC202411192229072,库内非标增值（免审核）,INHOUSE,USWC5,USWC5 Warehouse,18298079,*********************************,PD,NULL,NULL
VASC000000271959,2026-04-25T10:52:46Z,VASC202412111831129,新单上架（客户提供预报单）,UNUSUAL,USKY5,USKY5 Warehouse,19931725,*********************************,PD,NULL,NULL
VASC000000271962,2026-04-25T10:20:11Z,VASC202411192250069,库内非标增值（特批）,INHOUSE,UKTW,UKTW Warehouse,17969427,******************************,CD,N,2026-04-27T20:15:15Z
VASC000000272055,2026-05-06T11:55:01Z,VASC202412061826084,Winit 尾程询价服务,OUTBOUND,USKY3,USKY3 Warehouse,12622149,*********************,PD,Y,2026-04-27T10:40:39Z
VASC000000272073,2026-04-25T15:29:23Z,VASC202411192229072,库内非标增值（免审核）,INHOUSE,US0001,USWC Warehouse,10010268,*********************************,PD,NULL,NULL
VASC000000272115,2026-04-25T16:58:37Z,VASC202510211517514,无主货找回,INHOUSE,DE0001,DE Warehouse,11109517,************************************,PD,NULL,NULL
VASC000000272250,2026-04-28T15:26:18Z,VASC202411192250069,库内非标增值（特批）,INHOUSE,UKTW,UKTW Warehouse,17176626,******************************,ES,Y,2026-04-27T16:45:32Z
VASC000000272262,2026-04-29T18:08:18Z,VASC202411192246131,入库非标增值（特批）,UNUSUAL,USTX,USTX Warehouse,18870935,************,PD,Y,2026-04-27T17:12:53Z
VASC000000272277,2026-04-28T22:37:25Z,VASC202411192250069,库内非标增值（特批）,INHOUSE,EWD,AU Warehouse,12076353,*********************************,PD,Y,2026-04-27T18:00:04Z
VASC000000272304,2026-04-27T10:57:06Z,VASC202411192246131,入库非标增值（特批）,UNUSUAL,DEBR2,DEBR2 Warehouse,15197591,******************************,CD,N,2026-04-28T11:29:15Z
VASC000000272313,2026-04-27T10:58:16Z,VASC202411192246131,入库非标增值（特批）,UNUSUAL,DEBR2,DEBR2 Warehouse,15197591,******************************,CD,N,2026-04-28T11:28:41Z
VASC000000272319,2026-04-28T09:06:18Z,VASC202411192246131,入库非标增值（特批）,UNUSUAL,US0001,USWC Warehouse,19104098,***************,PD,Y,2026-04-27T17:26:23Z
VASC000000272334,2026-04-28T09:06:10Z,VASC202411192246131,入库非标增值（特批）,UNUSUAL,US0001,USWC Warehouse,19104098,***************,PD,Y,2026-04-27T17:19:50Z
VASC000000272340,2026-04-27T18:57:46Z,VASC202411192253186,出库非标增值（特批）,OUTBOUND,USKY3,USKY3 Warehouse,19011452,*******************,PD,Y,2026-04-27T17:46:51Z
VASC000000272367,2026-04-27T18:05:33Z,VASC202412111836315,库内非标增值（需审核）,INHOUSE,USKY3,USKY3 Warehouse,17150119,************************************,CD,Y,2026-04-27T18:05:33Z
VASC000000272376,2026-05-07T10:17:56Z,VASC202411271721537,入库非标拍照或提供视频,UNUSUAL,USKY3,USKY3 Warehouse,10005185,*********************************,PD,NULL,NULL
VASC000000272382,2026-04-29T14:33:29Z,VASC202412061826084,Winit 尾程询价服务,OUTBOUND,EWD,AU Warehouse,16400294,***************************************,PD,Y,2026-04-29T08:23:04Z
VASC000000272385,2026-05-12T17:45:32Z,VASC202411271721537,入库非标拍照或提供视频,UNUSUAL,USKY3,USKY3 Warehouse,10005185,*********************************,CD,NULL,NULL
VASC000000272403,2026-04-27T12:02:06Z,VASC202510151802079,审核出库单,OUTBOUND,UKGF,UKGF Warehouse,18170180,************************,PD,NULL,NULL
VASC000000272409,2026-04-27T12:09:54Z,VASC202412061826084,Winit 尾程询价服务,OUTBOUND,USKY3,USKY3 Warehouse,18574249,***************************************,CD,Y,2026-04-27T23:10:11Z
VASC000000272418,2026-04-27T13:27:54Z,VASC202411192250069,库内非标增值（特批）,INHOUSE,EWD,AU Warehouse,1007434,************************************,CD,NULL,NULL
VASC000000272469,2026-04-27T14:43:18Z,VASC202411271721537,入库非标拍照或提供视频,INBOUND,USTX,USTX Warehouse,18870935,************,PD,NULL,NULL
VASC000000272472,2026-04-27T14:42:45Z,VASC202510211517514,无主货找回,INHOUSE,DE0001,DE Warehouse,17534761,******************************,PD,NULL,NULL
VASC000000272493,2026-04-28T10:27:37Z,VASC202411192246131,入库非标增值（特批）,UNUSUAL,USKY5,USKY5 Warehouse,12662112,******************************************,CD,Y,2026-04-28T16:14:41Z
VASC000000272535,2026-04-27T15:05:30Z,VASC202510211517514,无主货找回,INHOUSE,UKGF,UKGF Warehouse,19873041,*********************************************,PD,NULL,NULL
VASC000000272553,2026-04-27T15:15:57Z,VASC202510151802079,审核出库单,OUTBOUND,USKY3,USKY3 Warehouse,10005835,**********************,PD,NULL,NULL
VASC000000272556,2026-04-27T15:21:28Z,VASC202412061826084,Winit 尾程询价服务,OUTBOUND,US0001,USWC Warehouse,1000019,********************************************************,CD,NULL,NULL
VASC000000272622,2026-04-28T13:44:36Z,VASC202411192253186,出库非标增值（特批）,OUTBOUND,US0001,USWC Warehouse,17963486,*****************************************,PD,Y,2026-04-28T12:05:47Z
VASC000000272664,2026-04-27T16:16:03Z,VASC202412061826084,Winit 尾程询价服务,OUTBOUND,USWC5,USWC5 Warehouse,17572367,************************************,CD,Y,2026-04-28T13:22:41Z
VASC000000272676,2026-04-30T20:47:39Z,VASC202412061826084,Winit 尾程询价服务,OUTBOUND,UKGF,UKGF Warehouse,16643472,**************************,PD,Y,2026-04-28T22:02:16Z
VASC000000272679,2026-04-28T17:23:54Z,VASC202411192246131,入库非标增值（特批）,UNUSUAL,DEBR2,DEBR2 Warehouse,18778484,**************************,PD,Y,2026-04-28T16:06:38Z
VASC000000272682,2026-04-27T16:31:50Z,VASC202412171855563,出库非标增值（Anker）,OUTBOUND,UKGF,UKGF Warehouse,16643472,**************************,PD,NULL,NULL
VASC000000272736,2026-04-27T16:53:36Z,VASC202412061826084,Winit 尾程询价服务,OUTBOUND,DEBR2,DEBR2 Warehouse,16757165,****************************,CD,NULL,NULL
VASC000000272739,2026-04-27T17:44:16Z,VASC202411192250069,库内非标增值（特批）,INHOUSE,USKY3,USKY3 Warehouse,19011452,*******************,CD,N,2026-04-29T14:21:36Z
VASC000000272769,2026-05-09T11:17:48Z,VASC202412111838036,非标收费,INHOUSE,UKGF,UKGF Warehouse,16643472,**************************,PD,Y,2026-05-09T11:17:48Z
VASC000000272778,2026-04-29T12:07:44Z,VASC202412061826084,Winit 尾程询价服务,OUTBOUND,EWD,AU Warehouse,18819444,*********************************,PD,Y,2026-04-29T07:58:32Z
VASC000000272784,2026-04-27T17:37:09Z,VASC202412171855563,出库非标增值（Anker）,OUTBOUND,DE0001,DE Warehouse,16758605,****************************,PD,NULL,NULL
VASC000000272790,2026-04-27T17:55:40Z,VASC202412171855563,出库非标增值（Anker）,OUTBOUND,DE0001,DE Warehouse,16758605,****************************,PD,NULL,NULL
VASC000000272808,2026-04-28T15:05:50Z,VASC202411192250069,库内非标增值（特批）,INHOUSE,UKGF,UKGF Warehouse,16643472,**************************,PD,Y,2026-04-28T11:26:11Z
VASC000000272814,2026-04-30T20:33:55Z,VASC202412061826084,Winit 尾程询价服务,OUTBOUND,UKGF,UKGF Warehouse,16643472,**************************,PD,Y,2026-04-29T01:22:17Z
VASC000000272817,2026-04-27T18:21:11Z,VASC202412171855563,出库非标增值（Anker）,OUTBOUND,UKGF,UKGF Warehouse,16643472,**************************,PD,NULL,NULL
VASC000000272820,2026-04-28T11:11:52Z,VASC202411192253186,出库非标增值（特批）,OUTBOUND,DEBR2,DEBR2 Warehouse,16757165,****************************,PD,Y,2026-04-27T20:06:10Z
VASC000000272823,2026-05-09T11:17:13Z,VASC202412111838036,非标收费,INHOUSE,UKGF,UKGF Warehouse,16643472,**************************,PD,Y,2026-05-09T11:17:13Z
VASC000000272829,2026-04-28T09:08:06Z,VASC202411192253186,出库非标增值（特批）,OUTBOUND,USWC5,USWC5 Warehouse,19734474,*********************************************,CD,Y,2026-04-27T21:11:43Z
VASC000000272835,2026-05-09T11:16:36Z,VASC202412111838036,非标收费,INHOUSE,UKGF,UKGF Warehouse,16643472,**************************,PD,Y,2026-05-09T11:16:35Z
VASC000000272838,2026-04-27T18:43:24Z,VASC202412061826084,Winit 尾程询价服务,OUTBOUND,USKY3,USKY3 Warehouse,17875272,******,CD,Y,2026-04-27T23:17:12Z
VASC000000272841,2026-04-28T11:49:27Z,VASC202411192253186,出库非标增值（特批）,OUTBOUND,USNJ2,USNJ2 Warehouse,18513540,**********************,PD,Y,2026-04-28T11:43:39Z
VASC000000272856,2026-04-27T19:30:14Z,VASC202412061826084,Winit 尾程询价服务,OUTBOUND,DEBR2,DEBR2 Warehouse,16757165,****************************,CD,NULL,NULL
VASC000000272862,2026-04-27T20:02:46Z,VASC202412171855563,出库非标增值（Anker）,OUTBOUND,DE0001,DE Warehouse,16758605,****************************,PD,NULL,NULL
VASC000000272865,2026-04-27T20:05:14Z,VASC202412171855563,出库非标增值（Anker）,OUTBOUND,DE0001,DE Warehouse,16758605,****************************,PD,NULL,NULL
VASC000000272871,2026-04-27T20:15:27Z,VASC202412171855563,出库非标增值（Anker）,OUTBOUND,DE0001,DE Warehouse,16758605,****************************,PD,NULL,NULL
VASC000000272880,2026-04-27T21:06:33Z,VASC202412111836315,库内非标增值（需审核）,INHOUSE,USWC5,USWC5 Warehouse,19227270,********************************,CD,N,2026-04-28T18:39:03Z
VASC000000272886,2026-04-27T20:50:38Z,VASC202412171855563,出库非标增值（Anker）,OUTBOUND,DE0001,DE Warehouse,16758605,****************************,PD,NULL,NULL
VASC000000272889,2026-04-27T21:06:01Z,VASC202411192246131,入库非标增值（特批）,UNUSUAL,DEBR2,DEBR2 Warehouse,16757165,****************************,CD,N,2026-04-29T11:18:48Z
VASC000000272898,2026-04-27T21:13:20Z,VASC202412171855563,出库非标增值（Anker）,OUTBOUND,DE0001,DE Warehouse,16758605,****************************,PD,NULL,NULL
VASC000000272910,2026-04-27T21:19:53Z,VASC202412171855563,出库非标增值（Anker）,OUTBOUND,DE0001,DE Warehouse,16758605,****************************,PD,NULL,NULL
VASC000000272964,2026-04-29T01:12:55Z,VASC202411192246131,入库非标增值（特批）,INBOUND,USKY5,USKY5 Warehouse,19606505,*****************,PD,Y,2026-04-28T18:32:09Z
VASC000000273003,2026-04-28T10:15:02Z,VASC202411192246131,入库非标增值（特批）,INBOUND,DEBR2,DEBR2 Warehouse,1000083,************************************,CD,N,2026-04-28T15:19:34Z
VASC000000273039,2026-04-29T08:47:40Z,VASC202411192250069,库内非标增值（特批）,INHOUSE,UKTW,UKTW Warehouse,1000036,******************************,PD,Y,2026-04-28T18:21:07Z
VASC000000273048,2026-04-28T11:24:51Z,VASC202411192250069,库内非标增值（特批）,INHOUSE,US0001,USWC Warehouse,11102801,*********************************,CD,Y,2026-04-28T18:25:33Z
VASC000000273111,2026-04-29T16:18:01Z,VASC202411192250069,库内非标增值（特批）,UNUSUAL,DEBR2,DEBR2 Warehouse,16757165,****************************,PD,Y,2026-04-29T10:50:28Z
VASC000000273132,2026-04-28T13:57:07Z,VASC202412171855563,出库非标增值（Anker）,OUTBOUND,UKGF,UKGF Warehouse,16643472,**************************,PD,NULL,NULL
VASC000000273138,2026-04-28T14:04:30Z,VASC202411192246131,入库非标增值（特批）,UNUSUAL,USKY5,USKY5 Warehouse,19540140,***************************************,CD,NULL,NULL
VASC000000273150,2026-04-28T14:20:07Z,VASC202411192250069,库内非标增值（特批）,INHOUSE,EWD,AU Warehouse,1007434,************************************,CD,N,2026-04-28T16:12:37Z
VASC000000273189,2026-04-28T14:59:11Z,VASC202411192246131,入库非标增值（特批）,UNUSUAL,DEBR2,DEBR2 Warehouse,1000083,************************************,CD,NULL,NULL
VASC000000273192,2026-05-09T11:15:58Z,VASC202412111838036,非标收费,INHOUSE,UKGF,UKGF Warehouse,16643472,**************************,PD,Y,2026-05-09T11:15:58Z
VASC000000273195,2026-05-09T11:15:22Z,VASC202412111838036,非标收费,INHOUSE,UKGF,UKGF Warehouse,16643472,**************************,PD,Y,2026-05-09T11:15:21Z
VASC000000273210,2026-04-28T15:12:26Z,VASC202510211517514,无主货找回,INHOUSE,DE0001,DE Warehouse,18107942,************************************,PD,NULL,NULL
VASC000000273219,2026-04-29T08:47:23Z,VASC202411192250069,库内非标增值（特批）,INHOUSE,DEBR2,DEBR2 Warehouse,1000036,******************************,PD,Y,2026-04-28T20:21:31Z
VASC000000273240,2026-04-28T15:25:45Z,VASC202411192250069,库内非标增值（特批）,INHOUSE,EWD,AU Warehouse,11102977,******************************,CD,NULL,NULL
VASC000000273249,2026-04-28T15:27:24Z,VASC202510211517514,无主货找回,INHOUSE,DE0001,DE Warehouse,16628543,******************************************,PD,NULL,NULL
VASC000000273276,2026-04-28T15:59:13Z,VASC202411192246131,入库非标增值（特批）,UNUSUAL,DEBR2,DEBR2 Warehouse,16757165,****************************,CD,NULL,NULL
VASC000000273279,2026-04-28T16:19:33Z,VASC202411192246131,入库非标增值（特批）,UNUSUAL,DEBR2,DEBR2 Warehouse,1000083,************************************,PD,Y,2026-04-28T16:18:13Z
VASC000000273297,2026-04-28T16:30:51Z,VASC202411192250069,库内非标增值（特批）,INHOUSE,EWD,AU Warehouse,1007434,************************************,CD,NULL,NULL
VASC000000273300,2026-05-07T16:02:30Z,VASC202411192250069,库内非标增值（特批）,INHOUSE,DEBR2,DEBR2 Warehouse,16958250,*************,PD,Y,2026-04-28T18:28:31Z
VASC000000273303,2026-05-09T11:12:46Z,VASC202412111838036,非标收费,INHOUSE,UKGF,UKGF Warehouse,16643472,**************************,PD,Y,2026-05-09T11:12:46Z
VASC000000273306,2026-04-28T18:01:59Z,VASC202411192246131,入库非标增值（特批）,INBOUND,USKY5,USKY5 Warehouse,17688379,***********,CD,N,2026-04-28T19:59:15Z
VASC000000273309,2026-04-30T15:47:18Z,VASC202411192250069,库内非标增值（特批）,INHOUSE,EWD,AU Warehouse,1007434,************************************,PD,Y,2026-04-30T15:15:17Z
VASC000000273318,2026-04-29T14:28:44Z,VASC202412061826084,Winit 尾程询价服务,OUTBOUND,USWC2,USWC2 Warehouse,13545755,***************************************,PD,Y,2026-04-29T14:00:37Z
VASC000000273336,2026-04-28T17:10:05Z,VASC202503241851333,出库商品拆包取配件服务,OUTBOUND,DEBR2,DEBR2 Warehouse,17227353,***********************,PD,NULL,NULL
VASC000000273339,2026-04-28T17:17:35Z,VASC202412171855563,出库非标增值（Anker）,OUTBOUND,DE0001,DE Warehouse,16758605,****************************,PD,NULL,NULL
VASC000000273363,2026-04-28T17:43:30Z,VASC202411192229072,库内非标增值（免审核）,INHOUSE,EWD,AU Warehouse,11106073,***************************************,CD,NULL,NULL
VASC000000273369,2026-04-28T17:52:03Z,VASC202411192229072,库内非标增值（免审核）,INHOUSE,EWD,AU Warehouse,11106073,***************************************,PD,NULL,NULL
VASC000000273372,2026-04-28T17:52:24Z,VASC202412171855563,出库非标增值（Anker）,OUTBOUND,DE0001,DE Warehouse,16758605,****************************,PD,NULL,NULL
VASC000000273375,2026-04-28T17:54:25Z,VASC202411192253186,出库非标增值（特批）,OUTBOUND,EWD,AU Warehouse,18819444,*********************************,CD,N,2026-04-28T20:34:34Z
VASC000000273396,2026-05-07T10:17:09Z,VASC202411192250069,库内非标增值（特批）,INHOUSE,DE0001,DE Warehouse,19987710,************************************************,PD,Y,2026-04-29T16:13:44Z
VASC000000273399,2026-04-28T18:20:12Z,VASC202412171855563,出库非标增值（Anker）,OUTBOUND,DE0001,DE Warehouse,16758605,****************************,PD,NULL,NULL
VASC000000273405,2026-04-28T18:32:10Z,VASC202411192253186,出库非标增值（特批）,OUTBOUND,USKY3,USKY3 Warehouse,19011452,*******************,CD,NULL,NULL
VASC000000273411,2026-04-28T21:00:28Z,VASC202411192253186,出库非标增值（特批）,OUTBOUND,USKY3,USKY3 Warehouse,19011452,*******************,PD,Y,2026-04-28T20:47:47Z
VASC000000273420,2026-04-28T18:38:53Z,VASC202412171855563,出库非标增值（Anker）,OUTBOUND,UKGF,UKGF Warehouse,16643472,**************************,PD,NULL,NULL
VASC000000273444,2026-04-29T11:02:53Z,VASC202412061826084,Winit 尾程询价服务,OUTBOUND,EWD,AU Warehouse,10011506,***************************************,PD,Y,2026-04-29T07:45:57Z
VASC000000273447,2026-04-30T16:26:20Z,VASC202412061826084,Winit 尾程询价服务,OUTBOUND,UKGF,UKGF Warehouse,16929223,******************************,PD,Y,2026-04-29T20:50:53Z
VASC000000273468,2026-04-28T20:00:33Z,VASC202412171855563,出库非标增值（Anker）,OUTBOUND,DE0001,DE Warehouse,16758605,****************************,PD,NULL,NULL
VASC000000273555,2026-04-30T15:21:14Z,VASC202411192253186,出库非标增值（特批）,OUTBOUND,US0001,USWC Warehouse,12285520,*********,PD,Y,2026-04-29T18:37:06Z
VASC000000273606,2026-04-29T15:37:23Z,VASC202411192240522,上架前自提,INBOUND,USWC2,USWC2 Warehouse,19014363,*************************,PD,NULL,NULL
VASC000000273639,2026-04-29T10:32:30Z,VASC202411271721537,入库非标拍照或提供视频,INBOUND,USKY5,USKY5 Warehouse,17688379,***********,PD,NULL,NULL
VASC000000273675,2026-04-29T11:07:53Z,VASC202411192253186,出库非标增值（特批）,OUTBOUND,DE0001,DE Warehouse,16758605,****************************,CD,Y,2026-04-29T16:25:53Z
VASC000000273681,2026-05-04T15:49:28Z,VASC202411192250069,库内非标增值（特批）,INHOUSE,US0001,USWC Warehouse,19458777,***************************************,ES,Y,2026-04-30T17:24:24Z
VASC000000273735,2026-04-30T15:06:33Z,VASC202411192246131,入库非标增值（特批）,UNUSUAL,USKY5,USKY5 Warehouse,12662112,******************************************,PD,Y,2026-04-29T17:55:10Z
VASC000000273774,2026-04-29T18:33:10Z,VASC202411192250069,库内非标增值（特批）,INHOUSE,USKY3,USKY3 Warehouse,19011452,*******************,PD,Y,2026-04-29T17:53:13Z
VASC000000273804,2026-04-29T12:32:58Z,VASC202412171855563,出库非标增值（Anker）,OUTBOUND,DE0001,DE Warehouse,16758605,****************************,PD,NULL,NULL
VASC000000273828,2026-04-29T13:39:02Z,VASC202412171855563,出库非标增值（Anker）,OUTBOUND,DENW3,DENW3 Warehouse,16758605,****************************,ES,NULL,NULL
VASC000000273831,2026-04-29T13:40:48Z,VASC202412171855563,出库非标增值（Anker）,OUTBOUND,DENW3,DENW3 Warehouse,16758605,****************************,ES,NULL,NULL
VASC000000273846,2026-04-30T18:16:28Z,VASC202412111838036,非标收费,INHOUSE,DEBR2,DEBR2 Warehouse,16958250,*************,PD,Y,2026-04-30T18:16:28Z
VASC000000273849,2026-04-30T18:17:48Z,VASC202412111838036,非标收费,INHOUSE,DEBR2,DEBR2 Warehouse,16958250,*************,PD,Y,2026-04-30T18:17:48Z
VASC000000273852,2026-04-30T18:19:03Z,VASC202412111838036,非标收费,INHOUSE,DEBR2,DEBR2 Warehouse,16958250,*************,PD,Y,2026-04-30T18:19:03Z
VASC000000273855,2026-04-30T18:19:46Z,VASC202412111838036,非标收费,INHOUSE,DEBR2,DEBR2 Warehouse,16958250,*************,PD,Y,2026-04-30T18:19:46Z
VASC000000273858,2026-04-30T18:20:31Z,VASC202412111838036,非标收费,INHOUSE,DEBR2,DEBR2 Warehouse,16958250,*************,PD,Y,2026-04-30T18:20:31Z
VASC000000273864,2026-04-30T18:21:16Z,VASC202412111838036,非标收费,INHOUSE,DEBR2,DEBR2 Warehouse,16958250,*************,PD,Y,2026-04-30T18:21:16Z
VASC000000273867,2026-04-30T18:21:59Z,VASC202412111838036,非标收费,INHOUSE,DEBR2,DEBR2 Warehouse,16958250,*************,PD,Y,2026-04-30T18:21:59Z
VASC000000273870,2026-05-06T11:12:15Z,VASC202412111838036,非标收费,INHOUSE,DEBR2,DEBR2 Warehouse,16958250,*************,PD,Y,2026-05-06T11:12:15Z
VASC000000273873,2026-05-06T11:13:59Z,VASC202412111838036,非标收费,INHOUSE,DEBR2,DEBR2 Warehouse,16958250,*************,PD,Y,2026-05-06T11:13:58Z
VASC000000273879,2026-05-06T11:27:24Z,VASC202412111838036,非标收费,INHOUSE,DEBR2,DEBR2 Warehouse,16958250,*************,PD,Y,2026-05-06T11:27:24Z
VASC000000273882,2026-05-06T11:28:39Z,VASC202412111838036,非标收费,INHOUSE,DEBR2,DEBR2 Warehouse,16958250,*************,PD,Y,2026-05-06T11:28:39Z
VASC000000273885,2026-05-06T11:30:15Z,VASC202412111838036,非标收费,INHOUSE,DEBR2,DEBR2 Warehouse,16958250,*************,PD,Y,2026-05-06T11:30:15Z
VASC000000273888,2026-04-30T18:22:36Z,VASC202412111838036,非标收费,INHOUSE,DEBR2,DEBR2 Warehouse,16958250,*************,PD,Y,2026-04-30T18:22:36Z
VASC000000273894,2026-05-06T11:31:28Z,VASC202412111838036,非标收费,INHOUSE,DEBR2,DEBR2 Warehouse,16958250,*************,PD,Y,2026-05-06T11:31:28Z
VASC000000273906,2026-04-29T14:10:19Z,VASC202412061826084,Winit 尾程询价服务,OUTBOUND,USNJ2,USNJ2 Warehouse,18513540,**********************,CD,Y,2026-05-01T00:10:14Z
VASC000000273909,2026-04-29T14:06:22Z,VASC202412061826084,Winit 手續詢價服務,OUTBOUND,USWC2,USWC2 Warehouse,17806402,*****************************,CD,Y,2026-04-30T12:41:59Z
VASC000000273930,2026-04-30T13:43:39Z,VASC202412061826084,Winit 尾程询价服务,OUTBOUND,USGA,USGA Warehouse,18513540,**********************,PD,Y,2026-04-30T11:27:54Z
VASC000000273960,2026-04-29T14:37:58Z,VASC202412061826084,Winit 手續詢價服務,OUTBOUND,USKY3,USKY3 Warehouse,17806402,*****************************,CD,Y,2026-04-30T00:30:08Z
VASC000000273966,2026-05-06T11:00:27Z,VASC202412111838036,非标收费,INHOUSE,DEBR2,DEBR2 Warehouse,16958250,*************,PD,Y,2026-05-06T11:00:27Z
VASC000000273969,2026-04-30T18:15:11Z,VASC202412111838036,非标收费,INHOUSE,DEBR2,DEBR2 Warehouse,16958250,*************,PD,Y,2026-04-30T18:15:11Z
VASC000000273975,2026-04-29T14:47:06Z,VASC202411271721537,入库非标拍照或提供视频,INBOUND,USKY3,USKY3 Warehouse,11103694,***************************,PD,NULL,NULL
VASC000000273984,2026-04-29T15:48:37Z,VASC202411192253186,出库非标增值（特批）,OUTBOUND,DEBR2,DEBR2 Warehouse,11108007,************************************,CD,NULL,NULL
VASC000000273993,2026-04-29T15:02:02Z,VASC202510151802079,审核出库单,OUTBOUND,DEBR2,DEBR2 Warehouse,16757165,****************************,PD,NULL,NULL
VASC000000274023,2026-04-29T15:42:44Z,VASC202411192240522,上架前自提,INBOUND,USKY5,USKY5 Warehouse,19014363,*************************,PD,NULL,NULL
VASC000000274026,2026-04-29T18:41:03Z,VASC202411192250069,库内非标增值（特批）,INHOUSE,USNJ2,USNJ2 Warehouse,18513540,**********************,PD,Y,2026-04-29T18:05:18Z
VASC000000274035,2026-04-29T15:49:52Z,VASC202412171855563,出库非标增值（Anker）,OUTBOUND,DENW3,DENW3 Warehouse,16758605,****************************,PD,NULL,NULL
VASC000000274038,2026-04-29T15:51:16Z,VASC202412171855563,出库非标增值（Anker）,OUTBOUND,DENW3,DENW3 Warehouse,16758605,****************************,PD,NULL,NULL
VASC000000274053,2026-04-29T16:07:05Z,VASC202412171855563,出库非标增值（Anker）,OUTBOUND,DE0001,DE Warehouse,16758605,****************************,PD,NULL,NULL
VASC000000274059,2026-04-29T16:21:27Z,VASC202411192253186,出库非标增值（特批）,OUTBOUND,DEBR2,DEBR2 Warehouse,11108007,************************************,CD,N,2026-04-29T20:03:20Z
VASC000000274068,2026-04-29T16:16:33Z,VASC202412171855563,出库非标增值（Anker）,OUTBOUND,DE0001,DE Warehouse,16758605,****************************,PD,NULL,NULL
VASC000000274080,2026-04-30T11:07:33Z,VASC202411192253186,出库非标增值（特批）,OUTBOUND,DE0001,DE Warehouse,16758605,****************************,PD,Y,2026-04-29T16:36:07Z
VASC000000274083,2026-04-29T16:40:11Z,VASC202412171855563,出库非标增值（Anker）,OUTBOUND,DE0001,DE Warehouse,16758605,****************************,PD,NULL,NULL
VASC000000274086,2026-04-29T17:16:17Z,VASC202412061826084,Winit 尾程询价服务,OUTBOUND,EWD,AU Warehouse,18778484,**************************,CD,Y,2026-04-30T08:02:09Z
VASC000000274098,2026-04-29T16:56:30Z,VASC202412171855563,出库非标增值（Anker）,OUTBOUND,UKGF,UKGF Warehouse,16643472,**************************,PD,NULL,NULL
VASC000000274107,2026-04-29T17:12:13Z,VASC202412171855563,出库非标增值（Anker）,OUTBOUND,UKGF,UKGF Warehouse,16643472,**************************,PD,NULL,NULL
VASC000000274113,2026-04-29T20:58:50Z,VASC202411192253186,出库非标增值（特批）,OUTBOUND,DEBR2,DEBR2 Warehouse,15701329,***************************************,PD,Y,2026-04-29T20:31:27Z
VASC000000274158,2026-04-29T19:06:22Z,VASC202411192253186,出库非标增值（特批）,OUTBOUND,UKTW,UKTW Warehouse,17534761,******************************,PD,Y,2026-04-29T19:04:30Z
VASC000000274185,2026-04-29T23:40:23Z,VASC202411192246131,入库非标增值（特批）,INBOUND,USGA,USGA Warehouse,18513540,**********************,PD,Y,2026-04-29T21:37:20Z
VASC000000274188,2026-04-29T18:14:56Z,VASC202412171855563,出库非标增值（Anker）,OUTBOUND,DENW3,DENW3 Warehouse,16758605,****************************,PD,NULL,NULL
VASC000000274197,2026-04-29T18:29:00Z,VASC202412061826084,Winit 尾程询价服务,OUTBOUND,USGA,USGA Warehouse,10006189,*****************************,CD,NULL,NULL
VASC000000274209,2026-04-30T12:21:07Z,VASC202412061826084,Winit 尾程询价服务,OUTBOUND,UKGF,UKGF Warehouse,16643472,**************************,PD,Y,2026-04-30T02:09:10Z
VASC000000274212,2026-04-29T18:59:33Z,VASC202412171855563,出库非标增值（Anker）,OUTBOUND,UKGF,UKGF Warehouse,16643472,**************************,PD,NULL,NULL
VASC000000274224,2026-04-29T20:28:56Z,VASC202411192250069,库内非标增值（特批）,INHOUSE,USKY3,USKY3 Warehouse,19011452,*******************,CD,N,2026-04-30T18:22:38Z
VASC000000274236,2026-04-29T20:28:42Z,VASC202411192250069,库内非标增值（特批）,INHOUSE,USKY3,USKY3 Warehouse,19011452,*******************,CD,N,2026-04-30T18:22:17Z
VASC000000274242,2026-04-29T20:03:18Z,VASC202412171855563,出库非标增值（Anker）,OUTBOUND,DE0001,DE Warehouse,16758605,****************************,PD,NULL,NULL
VASC000000274251,2026-04-29T20:12:50Z,VASC202412171855563,出库非标增值（Anker）,OUTBOUND,DE0001,DE Warehouse,16758605,****************************,PD,NULL,NULL
VASC000000274260,2026-04-30T12:19:35Z,VASC202603131537445,彩盒外箱出库加贴UPC标签,OUTBOUND,USNJ2,USNJ2 Warehouse,10006189,*****************************,CD,NULL,NULL
VASC000000274269,2026-04-29T20:37:21Z,VASC202412171855563,出库非标增值（Anker）,OUTBOUND,UKGF,UKGF Warehouse,16643472,**************************,PD,NULL,NULL
VASC000000274272,2026-04-29T20:44:50Z,VASC202412171855563,出库非标增值（Anker）,OUTBOUND,UKGF,UKGF Warehouse,16643472,**************************,PD,NULL,NULL
VASC000000274275,2026-04-29T21:13:40Z,VASC202411192253186,出库非标增值（特批）,OUTBOUND,USGA,USGA Warehouse,18513540,**********************,PD,Y,2026-04-29T21:08:08Z
VASC000000274344,2026-04-30T09:44:17Z,VASC202512051923357,出库非标增值（Aiper）,OUTBOUND,USNJ2,USNJ2 Warehouse,18513540,**********************,PD,NULL,NULL
VASC000000274392,2026-04-30T11:01:18Z,VASC202412061826084,Winit 尾程询价服务,OUTBOUND,EWD,AU Warehouse,18778484,**************************,CD,Y,2026-04-30T10:50:37Z
VASC000000274422,2026-04-30T10:56:34Z,VASC202411192246131,入库非标增值（特批）,INBOUND,USNJ2,USNJ2 Warehouse,19626837,************************************,CD,NULL,NULL
VASC000000274428,2026-04-30T11:25:56Z,VASC202411192253186,出库非标增值（特批）,OUTBOUND,USKY3,USKY3 Warehouse,18832192,******,CD,N,2026-05-06T10:42:17Z
VASC000000274461,2026-05-01T11:55:46Z,VASC202411192250069,库内非标增值（特批）,INHOUSE,EWD,AU Warehouse,18778484,**************************,PD,Y,2026-04-30T18:04:59Z
VASC000000274506,2026-04-30T17:13:23Z,VASC202411192253186,出库非标增值（特批）,OUTBOUND,DEBR2,DEBR2 Warehouse,16757165,****************************,PD,Y,2026-04-30T14:08:46Z
VASC000000274521,2026-04-30T12:27:16Z,VASC202603131537445,彩盒外箱出库加贴UPC标签,OUTBOUND,USNJ2,USNJ2 Warehouse,10006189,*****************************,CD,NULL,NULL
VASC000000274569,2026-05-06T11:40:21Z,VASC202412111838036,非标收费,INHOUSE,DEBR2,DEBR2 Warehouse,16958250,*************,PD,Y,2026-05-06T11:40:21Z
VASC000000274572,2026-05-02T06:47:21Z,VASC202411192246131,入库非标增值（特批）,UNUSUAL,UKGF,UKGF Warehouse,13415367,*********************************,PD,Y,2026-04-30T17:15:27Z
VASC000000274632,2026-04-30T15:07:03Z,VASC202411192253186,出库非标增值（特批）,OUTBOUND,DEBR2,DEBR2 Warehouse,11108007,************************************,PD,Y,2026-04-30T14:35:35Z
VASC000000274638,2026-04-30T14:27:42Z,VASC202412061826084,Winit 尾程询价服务,OUTBOUND,EWD,AU Warehouse,18778484,**************************,CD,NULL,NULL
VASC000000274641,2026-04-30T14:25:08Z,VASC202412171855563,出库非标增值（Anker）,OUTBOUND,DENW3,DENW3 Warehouse,16758605,****************************,PD,NULL,NULL
VASC000000274650,2026-05-06T09:20:07Z,VASC202411192250069,库内非标增值（特批）,INHOUSE,UKTW,UKTW Warehouse,10012096,*********************************,PD,Y,2026-04-30T19:02:00Z
VASC000000274689,2026-05-06T15:02:32Z,VASC202411192246131,入库非标增值（特批）,INBOUND,DEBR2,DEBR2 Warehouse,16757165,****************************,CD,Y,2026-04-30T17:13:33Z
VASC000000274752,2026-05-01T11:55:08Z,VASC202412061826084,Winit 尾程询价服务,OUTBOUND,EWD,AU Warehouse,18778484,**************************,PD,Y,2026-05-01T07:35:54Z
VASC000000274770,2026-04-30T15:52:01Z,VASC202510151802079,审核出库单,OUTBOUND,EWD,AU Warehouse,1007434,************************************,PD,NULL,NULL
VASC000000274779,2026-04-30T17:01:08Z,VASC202411192250069,库内非标增值（特批）,INHOUSE,USKY5,USKY5 Warehouse,11102193,***************************************,CD,N,2026-04-30T18:31:58Z
VASC000000274785,2026-04-30T16:07:25Z,VASC202411192246131,入库非标增值（特批）,UNUSUAL,DEBR2,DEBR2 Warehouse,19227270,********************************,CD,NULL,NULL
VASC000000274812,2026-04-30T16:12:16Z,VASC202412171855563,出库非标增值（Anker）,OUTBOUND,DENW3,DENW3 Warehouse,16758605,****************************,PD,NULL,NULL
VASC000000274815,2026-04-30T17:26:53Z,VASC202411192246131,入库非标增值（特批）,UNUSUAL,DEBR2,DEBR2 Warehouse,19227270,********************************,PD,Y,2026-04-30T17:19:55Z
VASC000000274824,2026-04-30T16:30:00Z,VASC202412061826084,Winit 尾程询价服务,OUTBOUND,UKGF,UKGF Warehouse,16643472,**************************,PD,Y,2026-04-30T16:28:21Z
VASC000000274830,2026-04-30T16:30:29Z,VASC202412061826084,Winit 尾程询价服务,OUTBOUND,UKGF,UKGF Warehouse,16643472,**************************,PD,Y,2026-04-30T16:26:37Z
VASC000000274902,2026-04-30T17:01:14Z,VASC202412061826084,Winit 尾程询价服务,OUTBOUND,USGA,USGA Warehouse,18513540,**********************,CD,N,2026-05-05T00:39:34Z
VASC000000274947,2026-04-30T18:33:12Z,VASC202411192246131,入库非标增值（特批）,INBOUND,USKY3,USKY3 Warehouse,17225006,*********,PD,Y,2026-04-30T17:45:07Z
VASC000000274959,2026-04-30T17:28:57Z,VASC202510211517514,无主货找回,INHOUSE,DE0001,DE Warehouse,10008156,*********,PD,NULL,NULL
VASC000000274962,2026-04-30T17:28:59Z,VASC202412171855563,出库非标增值（Anker）,OUTBOUND,DE0001,DE Warehouse,16758605,****************************,PD,NULL,NULL
VASC000000274974,2026-04-30T17:30:42Z,VASC202412171855563,出库非标增值（Anker）,OUTBOUND,DENW3,DENW3 Warehouse,16758605,****************************,PD,NULL,NULL
VASC000000274989,2026-04-30T17:43:30Z,VASC202411192250069,库内非标增值（特批）,INHOUSE,USKY3,USKY3 Warehouse,19421956,***************************,CD,Y,2026-05-05T17:08:17Z
VASC000000275028,2026-04-30T18:08:55Z,VASC202510151802079,审核出库单,OUTBOUND,EWD,AU Warehouse,18778484,**************************,PD,NULL,NULL
VASC000000275034,2026-04-30T18:09:46Z,VASC202510151802079,审核出库单,OUTBOUND,EWD,AU Warehouse,18778484,**************************,PD,NULL,NULL
VASC000000275037,2026-04-30T18:18:43Z,VASC202411271721537,入库非标拍照或提供视频,INBOUND,UKTW,UKTW Warehouse,17225006,*********,CD,NULL,NULL
VASC000000275040,2026-04-30T18:31:30Z,VASC202412171855563,出库非标增值（Anker）,OUTBOUND,DE0001,DE Warehouse,16758605,****************************,PD,NULL,NULL
VASC000000275043,2026-04-30T18:33:38Z,VASC202411271721537,入库非标拍照或提供视频,INBOUND,UKTW,UKTW Warehouse,17225006,*********,PD,NULL,NULL
VASC000000275046,2026-04-30T18:32:46Z,VASC202412061826084,Winit 尾程询价服务,OUTBOUND,UKGF,UKGF Warehouse,19263669,******************************,CD,NULL,NULL
VASC000000275061,2026-04-30T18:54:36Z,VASC202411192246131,入库非标增值（特批）,UNUSUAL,UKTW,UKTW Warehouse,10005835,**********************,CD,N,2026-04-30T19:11:19Z
VASC000000275067,2026-04-30T18:58:53Z,VASC202412171855563,出库非标增值（Anker）,OUTBOUND,DE0001,DE Warehouse,16758605,****************************,PD,NULL,NULL
VASC000000275073,2026-04-30T23:26:28Z,VASC202411192253186,出库非标增值（特批）,OUTBOUND,USGA,USGA Warehouse,18513540,**********************,CD,Y,2026-04-30T23:04:56Z
VASC000000275076,2026-05-05T11:11:17Z,VASC202412061826084,Winit 尾程询价服务,OUTBOUND,USNJ2,USNJ2 Warehouse,18513540,**********************,PD,Y,2026-05-04T22:09:08Z
VASC000000275082,2026-04-30T19:25:22Z,VASC202412171855563,出库非标增值（Anker）,OUTBOUND,DE0001,DE Warehouse,16758605,****************************,PD,NULL,NULL
VASC000000275085,2026-04-30T23:25:53Z,VASC202411192253186,出库非标增值（特批）,OUTBOUND,USNJ2,USNJ2 Warehouse,18513540,**********************,PD,Y,2026-04-30T23:22:17Z
VASC000000275100,2026-04-30T21:17:32Z,VASC202412171855563,出库非标增值（Anker）,OUTBOUND,DENW3,DENW3 Warehouse,16758605,****************************,PD,NULL,NULL
VASC000000275118,2026-04-30T23:28:55Z,VASC202510151802079,审核出库单,OUTBOUND,USNJ2,USNJ2 Warehouse,18513540,**********************,PD,NULL,NULL
VASC000000275121,2026-04-30T23:48:44Z,VASC202411192253186,出库非标增值（特批）,OUTBOUND,USGA,USGA Warehouse,18513540,**********************,ES,Y,2026-04-30T23:48:16Z
VASC000000275124,2026-05-06T09:08:28Z,VASC202412061826084,Winit 尾程询价服务,OUTBOUND,EWD,AU Warehouse,16585492,**************************,PD,Y,2026-05-01T07:32:30Z
VASC000000275154,2026-05-01T11:29:45Z,VASC202412171855563,出库非标增值（Anker）,OUTBOUND,UKGF,UKGF Warehouse,16643472,**************************,PD,NULL,NULL
VASC000000275157,2026-05-01T11:46:13Z,VASC202412171855563,出库非标增值（Anker）,OUTBOUND,UKGF,UKGF Warehouse,16643472,**************************,PD,NULL,NULL
VASC000000275178,2026-05-01T13:49:41Z,VASC202411192253186,出库非标增值（特批）,OUTBOUND,USWC2,USWC2 Warehouse,17806402,*****************************,CD,NULL,NULL
VASC000000275181,2026-05-01T13:50:08Z,VASC202411192253186,出库非标增值（特批）,OUTBOUND,USWC2,USWC2 Warehouse,17806402,*****************************,CD,NULL,NULL
VASC000000275220,2026-05-01T16:54:59Z,VASC202412171855563,出库非标增值（Anker）,OUTBOUND,UKGF,UKGF Warehouse,16643472,**************************,PD,NULL,NULL
VASC000000275223,2026-05-01T17:07:44Z,VASC202412171855563,出库非标增值（Anker）,OUTBOUND,UKGF,UKGF Warehouse,16643472,**************************,PD,NULL,NULL
VASC000000275232,2026-05-01T18:02:46Z,VASC202412171855563,出库非标增值（Anker）,OUTBOUND,UKGF,UKGF Warehouse,16643472,**************************,PD,NULL,NULL
VASC000000275235,2026-05-01T18:11:49Z,VASC202412171855563,出库非标增值（Anker）,OUTBOUND,UKGF,UKGF Warehouse,16643472,**************************,PD,NULL,NULL
VASC000000275247,2026-05-01T20:32:13Z,VASC202411192253186,出库非标增值（特批）,OUTBOUND,DEBR2,DEBR2 Warehouse,12734749,***************************************,CD,NULL,NULL
VASC000000275265,2026-05-05T16:21:31Z,VASC202412061826084,Winit 尾程询价服务,OUTBOUND,UKGF,UKGF Warehouse,16643472,**************************,PD,Y,2026-05-04T17:36:28Z
VASC000000275397,2026-05-03T15:52:32Z,VASC202510211517514,无主货找回,INHOUSE,USKY3,USKY3 Warehouse,19266417,***************************************,CD,NULL,NULL
VASC000000275400,2026-05-03T15:57:50Z,VASC202510211517514,无主货找回,INHOUSE,USKY3,USKY3 Warehouse,19266417,***************************************,PD,NULL,NULL
VASC000000275436,2026-05-04T13:01:29Z,VASC202411271721537,入库非标拍照或提供视频,INBOUND,USWC2,USWC2 Warehouse,18743294,************************************,CD,NULL,NULL
VASC000000275460,2026-05-04T13:05:38Z,VASC202411271721537,入库非标拍照或提供视频,INBOUND,USWC2,USWC2 Warehouse,18743294,************************************,ES,NULL,NULL
VASC000000275484,2026-05-07T11:42:12Z,VASC202412061826084,Winit 尾程询价服务,OUTBOUND,CATO,CATO Warehouse,16573937,*********************,PD,Y,2026-05-06T22:27:10Z
VASC000000275490,2026-05-04T16:32:21Z,VASC202411192253186,出库非标增值（特批）,OUTBOUND,USKY5,USKY5 Warehouse,18964757,******,CD,N,2026-05-06T17:46:03Z
VASC000000275520,2026-05-04T17:18:37Z,VASC202411192246131,入库非标增值（特批）,UNUSUAL,UKGF,UKGF Warehouse,16643472,**************************,CD,N,2026-05-06T17:40:47Z
VASC000000275529,2026-05-04T17:23:15Z,VASC202411192246131,入库非标增值（特批）,UNUSUAL,UKGF,UKGF Warehouse,16643472,**************************,CD,N,2026-05-06T17:46:24Z
VASC000000275535,2026-05-04T17:25:27Z,VASC202411192246131,入库非标增值（特批）,UNUSUAL,UKGF,UKGF Warehouse,16643472,**************************,CD,N,2026-05-06T17:40:01Z
VASC000000275619,2026-05-06T11:29:10Z,VASC202412061826084,Winit 尾程询价服务,OUTBOUND,US0001,USWC Warehouse,11104630,************************************,PD,Y,2026-05-06T09:36:53Z
VASC000000275682,2026-05-08T10:10:32Z,VASC202411192250069,库内非标增值（特批）,INHOUSE,USKY5,USKY5 Warehouse,10006683,************************************************,ES,Y,2026-05-07T22:04:52Z
VASC000000275700,2026-05-05T14:01:00Z,VASC202412171855563,出库非标增值（Anker）,OUTBOUND,DE0001,DE Warehouse,16758605,****************************,CD,NULL,NULL
VASC000000275712,2026-05-05T14:12:17Z,VASC202412171855563,出库非标增值（Anker）,OUTBOUND,DE0001,DE Warehouse,16758605,****************************,PD,NULL,NULL
VASC000000275721,2026-05-06T19:38:20Z,VASC202412061826084,Winit 尾程询价服务,OUTBOUND,DEBR2,DEBR2 Warehouse,16757165,****************************,PD,Y,2026-05-06T19:35:20Z
VASC000000275742,2026-05-05T15:23:33Z,VASC202412171855563,出库非标增值（Anker）,OUTBOUND,DENW3,DENW3 Warehouse,16758605,****************************,PD,NULL,NULL
VASC000000275748,2026-05-05T15:25:52Z,VASC202412171855563,出库非标增值（Anker）,OUTBOUND,DE0001,DE Warehouse,16758605,****************************,CD,NULL,NULL
VASC000000275757,2026-05-05T15:31:36Z,VASC202412171855563,出库非标增值（Anker）,OUTBOUND,DE0001,DE Warehouse,16758605,****************************,PD,NULL,NULL
VASC000000275763,2026-05-05T15:33:07Z,VASC202412171855563,出库非标增值（Anker）,OUTBOUND,DE0001,DE Warehouse,16758605,****************************,PD,NULL,NULL
VASC000000275766,2026-05-05T15:34:03Z,VASC202412171855563,出库非标增值（Anker）,OUTBOUND,DE0001,DE Warehouse,16758605,****************************,PD,NULL,NULL
VASC000000275769,2026-05-05T15:35:01Z,VASC202412171855563,出库非标增值（Anker）,OUTBOUND,DENW3,DENW3 Warehouse,16758605,****************************,PD,NULL,NULL
VASC000000275856,2026-05-05T19:10:26Z,VASC202411192253186,出库非标增值（特批）,OUTBOUND,DE0001,DE Warehouse,16758605,****************************,CD,NULL,NULL
VASC000000275859,2026-05-05T19:11:13Z,VASC202411192253186,出库非标增值（特批）,OUTBOUND,DE0001,DE Warehouse,16758605,****************************,CD,NULL,NULL
VASC000000275862,2026-05-05T19:11:43Z,VASC202411192253186,出库非标增值（特批）,OUTBOUND,DE0001,DE Warehouse,16758605,****************************,CD,NULL,NULL
VASC000000275865,2026-05-05T19:12:02Z,VASC202411192253186,出库非标增值（特批）,OUTBOUND,DE0001,DE Warehouse,16758605,****************************,CD,NULL,NULL
VASC000000275871,2026-05-05T19:51:46Z,VASC202412061826084,Winit 尾程询价服务,OUTBOUND,DEBR2,DEBR2 Warehouse,16757165,****************************,CD,N,2026-05-06T17:12:57Z
VASC000000275949,2026-05-06T14:30:18Z,VASC202411192250069,库内非标增值（特批）,INHOUSE,DEBR2,DEBR2 Warehouse,16958250,*************,PD,Y,2026-05-06T11:10:26Z
VASC000000275985,2026-05-06T12:25:11Z,VASC202411271721537,入库非标拍照或提供视频,INBOUND,USKY5,USKY5 Warehouse,19955234,******,PD,NULL,NULL
VASC000000276015,2026-05-06T10:11:46Z,VASC202411192246131,入库非标增值（特批）,INBOUND,US0001,USWC Warehouse,13947840,********************,CD,N,2026-05-06T12:12:15Z
VASC000000276021,2026-05-07T09:51:35Z,VASC202411192253186,出库非标增值（特批）,OUTBOUND,USKY3,USKY3 Warehouse,18720032,*********************************,PD,Y,2026-05-06T20:31:27Z
VASC000000276054,2026-05-06T10:31:03Z,VASC202411192250069,库内非标增值（特批）,INHOUSE,USKY5,USKY5 Warehouse,11102193,***************************************,CD,Y,2026-05-07T17:33:52Z
VASC000000276084,2026-05-07T09:03:30Z,VASC202411192250069,库内非标增值（特批）,INHOUSE,US0001,USWC Warehouse,13947840,********************,PD,Y,2026-05-06T18:04:53Z
VASC000000276087,2026-05-06T11:02:44Z,VASC202510211517514,无主货找回,INHOUSE,DE0001,DE Warehouse,10013542,******************************,PD,NULL,NULL
VASC000000276090,2026-05-07T09:03:14Z,VASC202411192250069,库内非标增值（特批）,INHOUSE,US0001,USWC Warehouse,13947840,********************,PD,Y,2026-05-06T21:07:28Z
VASC000000276093,2026-05-07T14:30:06Z,VASC202411192250069,库内非标增值（特批）,INHOUSE,DE0001,DE Warehouse,16758605,****************************,PD,Y,2026-05-06T16:52:48Z
VASC000000276171,2026-05-07T10:58:20Z,VASC202411192246131,入库非标增值（特批）,UNUSUAL,USKY5,USKY5 Warehouse,19540140,***************************************,PD,Y,2026-05-06T17:24:22Z
VASC000000276195,2026-05-06T11:40:16Z,VASC202412061826084,Winit 尾程询价服务,OUTBOUND,CATO,CATO Warehouse,18630087,******************************,CD,Y,2026-05-07T05:02:51Z
VASC000000276243,2026-05-07T09:02:51Z,VASC202411192250069,库内非标增值（特批）,INHOUSE,US0001,USWC Warehouse,13947840,********************,PD,Y,2026-05-06T18:20:25Z
VASC000000276267,2026-05-07T09:54:45Z,VASC202411192250069,库内非标增值（特批）,INHOUSE,USKY3,USKY3 Warehouse,16003101,******************************,PD,Y,2026-05-06T18:30:03Z
VASC000000276279,2026-05-06T13:58:35Z,VASC202510211517514,无主货找回,INHOUSE,EWD,AU Warehouse,19548431,*********************************,PD,NULL,NULL
VASC000000276285,2026-05-07T17:28:56Z,VASC202411192246131,入库非标增值（特批）,UNUSUAL,USKY5,USKY5 Warehouse,18099855,************************************,PD,Y,2026-05-07T16:40:01Z
VASC000000276315,2026-05-06T14:21:36Z,VASC202412111838036,非标收费,INHOUSE,DEBR2,DEBR2 Warehouse,16958250,*************,PD,Y,2026-05-06T14:21:36Z
VASC000000276336,2026-05-06T15:01:45Z,VASC202411192253186,出库非标增值（特批）,OUTBOUND,USKY3,USKY3 Warehouse,19713459,******************************,CD,NULL,NULL
VASC000000276393,2026-05-07T17:18:02Z,VASC202411192246131,入库非标增值（特批）,UNUSUAL,DEBR2,DEBR2 Warehouse,19226389,******************************,PD,Y,2026-05-07T16:40:23Z
VASC000000276411,2026-05-06T15:20:12Z,VASC202510211517514,无主货找回,INHOUSE,DE0001,DE Warehouse,1004082,***************************************,PD,NULL,NULL
VASC000000276420,2026-05-06T15:13:21Z,VASC202412171855563,出库非标增值（Anker）,OUTBOUND,DENW3,DENW3 Warehouse,16758605,****************************,PD,NULL,NULL
VASC000000276429,2026-05-06T15:18:44Z,VASC202411192253186,出库非标增值（特批）,OUTBOUND,USKY3,USKY3 Warehouse,19713459,******************************,CD,N,2026-05-06T16:58:45Z
VASC000000276435,2026-05-06T15:26:23Z,VASC202411192253186,出库非标增值（特批）,OUTBOUND,USKY3,USKY3 Warehouse,19713459,******************************,CD,N,2026-05-06T16:58:35Z
VASC000000276447,2026-05-06T15:32:35Z,VASC202411192253186,出库非标增值（特批）,OUTBOUND,DEBR2,DEBR2 Warehouse,16958250,*************,CD,N,2026-05-06T18:39:57Z
VASC000000276456,2026-05-06T15:34:41Z,VASC202411192253186,出库非标增值（特批）,OUTBOUND,USKY3,USKY3 Warehouse,19713459,******************************,CD,N,2026-05-06T16:58:19Z
VASC000000276462,2026-05-06T15:37:53Z,VASC202411192253186,出库非标增值（特批）,OUTBOUND,USKY3,USKY3 Warehouse,19713459,******************************,CD,N,2026-05-06T16:58:05Z
VASC000000276477,2026-05-07T11:42:01Z,VASC202412061826084,Winit 尾程询价服务,OUTBOUND,CATO,CATO Warehouse,16573937,*********************,PD,Y,2026-05-06T22:48:22Z
VASC000000276540,2026-05-07T13:38:11Z,VASC202411192246131,入库非标增值（特批）,UNUSUAL,US0001,USWC Warehouse,19104098,***************,PD,Y,2026-05-07T10:19:50Z
VASC000000276567,2026-05-07T13:38:03Z,VASC202411192246131,入库非标增值（特批）,UNUSUAL,USWC5,USWC5 Warehouse,19104098,***************,PD,Y,2026-05-07T10:19:20Z
VASC000000276570,2026-05-06T16:36:35Z,VASC202411271721537,入库非标拍照或提供视频,INBOUND,DEBR2,DEBR2 Warehouse,1000083,************************************,ES,NULL,NULL
VASC000000276573,2026-05-06T16:21:11Z,VASC202503241851333,出库商品拆包取配件服务,OUTBOUND,DEBR2,DEBR2 Warehouse,17227353,***********************,PD,NULL,NULL
VASC000000276576,2026-05-06T16:22:09Z,VASC202503241851333,出库商品拆包取配件服务,OUTBOUND,DEBR2,DEBR2 Warehouse,17227353,***********************,PD,NULL,NULL
VASC000000276579,2026-05-06T16:23:02Z,VASC202503241851333,出库商品拆包取配件服务,OUTBOUND,DEBR2,DEBR2 Warehouse,17227353,***********************,PD,NULL,NULL
VASC000000276582,2026-05-07T11:41:38Z,VASC202412061826084,Winit 尾程询价服务,OUTBOUND,CATO,CATO Warehouse,16573937,*********************,PD,Y,2026-05-06T22:45:05Z
VASC000000276585,2026-05-06T16:24:09Z,VASC202503241851333,出库商品拆包取配件服务,OUTBOUND,DEBR2,DEBR2 Warehouse,17227353,***********************,PD,NULL,NULL
VASC000000276618,2026-05-06T16:32:25Z,VASC202412171855563,出库非标增值（Anker）,OUTBOUND,DENW3,DENW3 Warehouse,16758605,****************************,PD,NULL,NULL
VASC000000276639,2026-05-08T13:24:12Z,VASC202411192250069,库内非标增值（特批）,INHOUSE,USWC2,USWC2 Warehouse,19704403,******************************,PD,Y,2026-05-07T20:28:34Z
VASC000000276648,2026-05-07T11:14:38Z,VASC202411192246131,入库非标增值（特批）,UNUSUAL,US0001,USWC Warehouse,10009785,************************************,PD,Y,2026-05-06T21:14:56Z
VASC000000276651,2026-05-08T15:07:37Z,VASC202412061826084,Winit 尾程询价服务,OUTBOUND,USWC2,USWC2 Warehouse,18049346,*********************************************,CD,Y,2026-05-07T13:36:59Z
VASC000000276720,2026-05-09T14:05:14Z,VASC202411192250069,库内非标增值（特批）,INHOUSE,DEBR2,DEBR2 Warehouse,18778484,**************************,PD,Y,2026-05-08T19:44:22Z
VASC000000276738,2026-05-06T17:28:30Z,VASC202412061826084,Winit 尾程询价服务,OUTBOUND,DEBR2,DEBR2 Warehouse,16757165,****************************,CD,NULL,NULL
VASC000000276753,2026-05-06T17:49:40Z,VASC202510211517514,无主货找回,INHOUSE,UKTW,UKTW Warehouse,16628543,******************************************,PD,NULL,NULL
VASC000000276756,2026-05-06T17:49:13Z,VASC202412171855563,出库非标增值（Anker）,OUTBOUND,DENW3,DENW3 Warehouse,16758605,****************************,PD,NULL,NULL
VASC000000276759,2026-05-07T13:37:01Z,VASC202411192253186,出库非标增值（特批）,OUTBOUND,USKY3,USKY3 Warehouse,18832192,******,PD,Y,2026-05-06T18:16:18Z
VASC000000276762,2026-05-06T18:07:25Z,VASC202411192250069,库内非标增值（特批）,INHOUSE,USWC5,USWC5 Warehouse,19409022,*************,CD,N,2026-05-07T20:32:34Z
VASC000000276765,2026-05-07T14:53:02Z,VASC202411192250069,库内非标增值（特批）,INHOUSE,USNJ2,USNJ2 Warehouse,18870935,************,PD,Y,2026-05-06T21:05:39Z
VASC000000276792,2026-05-06T18:16:36Z,VASC202412171855563,出库非标增值（Anker）,OUTBOUND,DE0001,DE Warehouse,16758605,****************************,PD,NULL,NULL
VASC000000276804,2026-05-08T15:48:03Z,VASC202412061826084,Winit 尾程询价服务,OUTBOUND,UKGF,UKGF Warehouse,19263669,******************************,PD,Y,2026-05-06T22:33:18Z
VASC000000276813,2026-05-06T19:00:39Z,VASC202510211517514,无主货找回,INHOUSE,DE0001,DE Warehouse,17294590,***********************,PD,NULL,NULL
VASC000000276840,2026-05-06T19:16:39Z,VASC202412171855563,出库非标增值（Anker）,OUTBOUND,UKGF,UKGF Warehouse,16643472,**************************,PD,NULL,NULL
VASC000000276843,2026-05-06T19:25:26Z,VASC202412171855563,出库非标增值（Anker）,OUTBOUND,UKGF,UKGF Warehouse,16643472,**************************,PD,NULL,NULL
VASC000000276861,2026-05-06T21:21:30Z,VASC202412171855563,出库非标增值（Anker）,OUTBOUND,DENW3,DENW3 Warehouse,16758605,****************************,PD,NULL,NULL
VASC000000276864,2026-05-06T21:24:19Z,VASC202412061826084,Winit 尾程询价服务,OUTBOUND,USNJ2,USNJ2 Warehouse,10006189,*****************************,CD,NULL,NULL
VASC000000276870,2026-05-06T21:32:40Z,VASC202412171855563,出库非标增值（Anker）,OUTBOUND,DENW3,DENW3 Warehouse,16758605,****************************,PD,NULL,NULL
VASC000000276873,2026-05-06T21:53:34Z,VASC202412171855563,出库非标增值（Anker）,OUTBOUND,DENW3,DENW3 Warehouse,16758605,****************************,PD,NULL,NULL
VASC000000276882,2026-05-07T01:09:26Z,VASC202412061826084,Winit 尾程询价服务,OUTBOUND,USKY3,USKY3 Warehouse,17737371,******************,PD,Y,2026-05-06T23:50:51Z
VASC000000276960,2026-05-07T09:35:02Z,VASC202412061826084,Winit 尾程询价服务,OUTBOUND,DEBR2,DEBR2 Warehouse,16757165,****************************,CD,NULL,NULL
VASC000000276984,2026-05-07T09:49:19Z,VASC202412171855563,出库非标增值（Anker）,OUTBOUND,DE0001,DE Warehouse,16758605,****************************,PD,NULL,NULL
VASC000000276996,2026-05-07T09:56:40Z,VASC202412171855563,出库非标增值（Anker）,OUTBOUND,DENW3,DENW3 Warehouse,16758605,****************************,PD,NULL,NULL
VASC000000277008,2026-05-07T10:15:33Z,VASC202411271721537,入库非标拍照或提供视频,UNUSUAL,USKY3,USKY3 Warehouse,10005185,*********************************,PD,NULL,NULL
VASC000000277017,2026-05-07T10:17:08Z,VASC202411192253186,出库非标增值（特批）,OUTBOUND,UKGF,UKGF Warehouse,19563137,***********************************,CD,NULL,NULL
VASC000000277023,2026-05-07T10:48:22Z,VASC202411271721537,入库非标拍照或提供视频,INBOUND,USKY5,USKY5 Warehouse,19663935,***************************************,PD,NULL,NULL
VASC000000277026,2026-05-07T10:08:56Z,VASC202412171855563,出库非标增值（Anker）,OUTBOUND,DE0001,DE Warehouse,16758605,****************************,PD,NULL,NULL
VASC000000277032,2026-05-07T15:10:35Z,VASC202412061826084,Winit 尾程询价服务,OUTBOUND,EWD,AU Warehouse,18778484,**************************,PD,Y,2026-05-07T14:11:38Z
VASC000000277035,2026-05-07T10:18:03Z,VASC202412171855563,出库非标增值（Anker）,OUTBOUND,DE0001,DE Warehouse,16758605,****************************,PD,NULL,NULL
VASC000000277044,2026-05-07T10:34:38Z,VASC202411192229072,库内非标增值（免审核）,INHOUSE,USKY3,USKY3 Warehouse,16437609,******************************,PD,NULL,NULL
VASC000000277056,2026-05-08T09:00:48Z,VASC202411192246131,入库非标增值（特批）,INBOUND,US0001,USWC Warehouse,13947840,********************,PD,Y,2026-05-07T16:49:40Z
VASC000000277062,2026-05-07T10:32:19Z,VASC202412171855563,出库非标增值（Anker）,OUTBOUND,DENW3,DENW3 Warehouse,16758605,****************************,PD,NULL,NULL
VASC000000277074,2026-05-07T10:37:03Z,VASC202411192229072,库内非标增值（免审核）,INHOUSE,USKY3,USKY3 Warehouse,16437609,******************************,PD,NULL,NULL
VASC000000277077,2026-05-20T15:52:11Z,VASC202411192246131,入库非标增值（特批）,INBOUND,US0001,USWC Warehouse,13947840,********************,ES,Y,2026-05-07T16:45:20Z
VASC000000277083,2026-05-07T16:16:54Z,VASC202411192253186,出库非标增值（特批）,OUTBOUND,DEBR2,DEBR2 Warehouse,11106073,***************************************,PD,Y,2026-05-07T16:14:07Z
VASC000000277098,2026-05-07T10:47:58Z,VASC202412171855563,出库非标增值（Anker）,OUTBOUND,DE0001,DE Warehouse,16758605,****************************,PD,NULL,NULL
VASC000000277122,2026-05-08T08:40:30Z,VASC202411192250069,库内非标增值（特批）,INHOUSE,DEBR2,DEBR2 Warehouse,1000036,******************************,PD,Y,2026-05-07T20:33:30Z
VASC000000277125,2026-05-07T10:55:56Z,VASC202412171855563,出库非标增值（Anker）,OUTBOUND,DENW3,DENW3 Warehouse,16758605,****************************,PD,NULL,NULL
VASC000000277143,2026-05-08T18:55:26Z,VASC202412111838036,非标收费,INHOUSE,DEBR2,DEBR2 Warehouse,16958250,*************,PD,Y,2026-05-08T18:55:26Z
VASC000000277146,2026-05-08T10:40:47Z,VASC202412111838036,非标收费,INHOUSE,DEBR2,DEBR2 Warehouse,16958250,*************,PD,Y,2026-05-08T10:40:46Z
VASC000000277149,2026-05-08T10:39:57Z,VASC202412111838036,非标收费,INHOUSE,DEBR2,DEBR2 Warehouse,16958250,*************,PD,Y,2026-05-08T10:39:57Z
VASC000000277152,2026-05-07T11:10:09Z,VASC202411271721537,入库非标拍照或提供视频,INBOUND,USKY5,USKY5 Warehouse,17688379,***********,PD,NULL,NULL
VASC000000277155,2026-05-08T18:56:26Z,VASC202412111838036,非标收费,INHOUSE,DEBR2,DEBR2 Warehouse,16958250,*************,PD,Y,2026-05-08T18:56:26Z
VASC000000277158,2026-05-08T14:55:58Z,VASC202412111838036,非标收费,INHOUSE,DEBR2,DEBR2 Warehouse,16958250,*************,PD,Y,2026-05-08T14:55:58Z
VASC000000277164,2026-05-08T18:57:22Z,VASC202412111838036,非标收费,INHOUSE,DEBR2,DEBR2 Warehouse,16958250,*************,PD,Y,2026-05-08T18:57:21Z
VASC000000277167,2026-05-08T18:58:36Z,VASC202412111838036,非标收费,INHOUSE,DEBR2,DEBR2 Warehouse,16958250,*************,PD,Y,2026-05-08T18:58:36Z
VASC000000277173,2026-05-12T11:34:08Z,VASC202412111838036,非标收费,INHOUSE,DEBR2,DEBR2 Warehouse,16958250,*************,PD,Y,2026-05-12T11:34:08Z
VASC000000277179,2026-05-08T14:56:58Z,VASC202412111838036,非标收费,INHOUSE,DEBR2,DEBR2 Warehouse,16958250,*************,PD,Y,2026-05-08T14:56:58Z
VASC000000277182,2026-05-08T18:54:40Z,VASC202412111838036,非标收费,INHOUSE,DEBR2,DEBR2 Warehouse,16958250,*************,PD,Y,2026-05-08T18:54:40Z
VASC000000277191,2026-05-07T11:12:43Z,VASC202412061826084,Winit 尾程询价服务,OUTBOUND,USGA,USGA Warehouse,10006189,*****************************,CD,NULL,NULL
VASC000000277194,2026-05-09T08:57:15Z,VASC202411192250069,庫內非標增值（特批）,INHOUSE,USTX,USTX Warehouse,19635207,******************************,PD,Y,2026-05-07T20:40:12Z
VASC000000277227,2026-05-07T11:27:55Z,VASC202412061826084,Winit 尾程询价服务,OUTBOUND,CATO,CATO Warehouse,18630087,******************************,CD,NULL,NULL
VASC000000277230,2026-05-07T12:02:39Z,VASC202411271721537,入庫非標拍照或提供視頻,INBOUND,USWC2,USWC2 Warehouse,17736937,********************************,ES,NULL,NULL
VASC000000277233,2026-05-07T11:33:13Z,VASC202510211517514,无主货找回,INHOUSE,USKY3,USKY3 Warehouse,16313536,************************************,PD,NULL,NULL
VASC000000277251,2026-05-07T11:43:13Z,VASC202510211530474,Aiper 运输高低温检验,INBOUND,USNJ2,USNJ2 Warehouse,18513540,**********************,PD,NULL,NULL
VASC000000277266,2026-05-07T11:44:41Z,VASC202510211530474,Aiper 运输高低温检验,INBOUND,USGA,USGA Warehouse,18513540,**********************,PD,NULL,NULL
VASC000000277275,2026-05-07T11:53:17Z,VASC202411192253186,出库非标增值（特批）,OUTBOUND,DEBR2,DEBR2 Warehouse,16757165,****************************,CD,Y,2026-05-07T15:56:01Z
VASC000000277293,2026-05-07T12:09:08Z,VASC202411271721537,入库非标拍照或提供视频,INBOUND,USKY5,USKY5 Warehouse,17688379,***********,PD,NULL,NULL
VASC000000277299,2026-05-07T16:00:07Z,VASC202412061826084,Winit 尾程询价服务,OUTBOUND,EWD,AU Warehouse,18819444,*********************************,PD,Y,2026-05-07T14:06:22Z
VASC000000277302,2026-05-08T12:25:25Z,VASC202411192253186,出库非标增值（特批）,OUTBOUND,DEBR2,DEBR2 Warehouse,16757165,****************************,PD,Y,2026-05-07T16:01:24Z
VASC000000277305,2026-05-07T12:32:07Z,VASC202412171855563,出库非标增值（Anker）,OUTBOUND,UKGF,UKGF Warehouse,16643472,**************************,PD,NULL,NULL
VASC000000277308,2026-05-07T12:32:47Z,VASC202412171855563,出库非标增值（Anker）,OUTBOUND,UKGF,UKGF Warehouse,16643472,**************************,PD,NULL,NULL
VASC000000277350,2026-05-07T14:01:24Z,VASC202411192250069,库内非标增值（特批）,INHOUSE,DE0001,DE Warehouse,16003101,******************************,CD,NULL,NULL
VASC000000277362,2026-05-07T14:08:18Z,VASC202411192250069,库内非标增值（特批）,INHOUSE,DE0001,DE Warehouse,16003101,******************************,CD,NULL,NULL
VASC000000277392,2026-05-08T11:50:33Z,VASC202411192240522,上架前自提,UNUSUAL,DEBR2,DEBR2 Warehouse,17872346,**********************,PD,NULL,NULL
VASC000000277428,2026-05-12T08:57:45Z,VASC202411192246131,入库非标增值（特批）,INBOUND,USKY5,USKY5 Warehouse,19693473,************************,PD,Y,2026-05-11T22:31:49Z
VASC000000277434,2026-05-07T15:13:19Z,VASC202411192246131,入库非标增值（特批）,UNUSUAL,USKY3,USKY3 Warehouse,13816111,******************************,CD,N,2026-05-07T15:15:03Z
VASC000000277455,2026-05-07T14:48:13Z,VASC202411271721537,入库非标拍照或提供视频,INBOUND,USKY5,USKY5 Warehouse,17688379,***********,CD,NULL,NULL
VASC000000277458,2026-05-07T14:47:16Z,VASC202412171855563,出库非标增值（Anker）,OUTBOUND,DE0001,DE Warehouse,16758605,****************************,PD,NULL,NULL
VASC000000277461,2026-05-07T15:27:45Z,VASC202411271721537,入库非标拍照或提供视频,INBOUND,USKY5,USKY5 Warehouse,17688379,***********,PD,NULL,NULL
VASC000000277473,2026-05-07T15:14:46Z,VASC202411192246131,入库非标增值（特批）,UNUSUAL,UKGF,UKGF Warehouse,13415367,*********************************,CD,NULL,NULL
VASC000000277485,2026-05-07T15:01:10Z,VASC202412171855563,出库非标增值（Anker）,OUTBOUND,DE0001,DE Warehouse,16758605,****************************,PD,NULL,NULL
VASC000000277491,2026-05-07T15:07:29Z,VASC202411192253186,出库非标增值（特批）,OUTBOUND,DE0001,DE Warehouse,16758605,****************************,CD,N,2026-05-07T17:52:17Z
VASC000000277506,2026-05-07T17:14:20Z,VASC202411192246131,入库非标增值（特批）,INBOUND,USKY3,USKY3 Warehouse,13816111,******************************,PD,Y,2026-05-07T16:40:39Z
VASC000000277539,2026-05-08T09:13:37Z,VASC202411192250069,库内非标增值（特批）,INHOUSE,US0001,USWC Warehouse,19458777,***************************************,CD,Y,2026-05-07T17:51:53Z
VASC000000277548,2026-05-07T15:27:13Z,VASC202411192240522,上架前自提,UNUSUAL,DEBR2,DEBR2 Warehouse,16958250,*************,PD,NULL,NULL
VASC000000277551,2026-05-07T16:12:15Z,VASC202411271721537,入库非标拍照或提供视频,UNUSUAL,USKY5,USKY5 Warehouse,17688379,***********,PD,NULL,NULL
VASC000000277563,2026-05-07T15:29:13Z,VASC202411271721537,入库非标拍照或提供视频,INBOUND,USKY5,USKY5 Warehouse,17688379,***********,CD,NULL,NULL
VASC000000277566,2026-05-07T15:30:43Z,VASC202411271721537,入库非标拍照或提供视频,INBOUND,USKY5,USKY5 Warehouse,17688379,***********,CD,NULL,NULL
VASC000000277572,2026-05-07T15:31:53Z,VASC202411271721537,入库非标拍照或提供视频,INBOUND,USKY5,USKY5 Warehouse,17688379,***********,CD,NULL,NULL
VASC000000277575,2026-05-07T15:33:21Z,VASC202411271721537,入库非标拍照或提供视频,INBOUND,USKY5,USKY5 Warehouse,17688379,***********,CD,NULL,NULL
VASC000000277578,2026-05-07T15:35:03Z,VASC202411271721537,入库非标拍照或提供视频,INBOUND,USKY5,USKY5 Warehouse,17688379,***********,CD,NULL,NULL
VASC000000277581,2026-05-07T15:36:09Z,VASC202411271721537,入库非标拍照或提供视频,INBOUND,USKY5,USKY5 Warehouse,17688379,***********,CD,NULL,NULL
VASC000000277587,2026-05-07T15:48:19Z,VASC202411271721537,入库非标拍照或提供视频,INBOUND,USKY5,USKY5 Warehouse,17688379,***********,CD,NULL,NULL
VASC000000277599,2026-05-07T15:56:32Z,VASC202411192250069,库内非标增值（特批）,INHOUSE,USGA,USGA Warehouse,18513540,**********************,CD,NULL,NULL
VASC000000277617,2026-05-07T16:00:43Z,VASC202412171855563,出库非标增值（Anker）,OUTBOUND,UKGF,UKGF Warehouse,16643472,**************************,PD,NULL,NULL
VASC000000277626,2026-05-07T18:34:28Z,VASC202411192253186,出库非标增值（特批）,OUTBOUND,UKGF,UKGF Warehouse,19563137,***********************************,PD,Y,2026-05-07T17:06:18Z
VASC000000277650,2026-05-07T16:14:27Z,VASC202411271721537,入库非标拍照或提供视频,UNUSUAL,USKY5,USKY5 Warehouse,17688379,***********,PD,NULL,NULL
VASC000000277653,2026-05-07T17:09:37Z,VASC202411192250069,库内非标增值（特批）,INHOUSE,USGA,USGA Warehouse,18513540,**********************,PD,Y,2026-05-07T17:03:03Z
VASC000000277668,2026-05-07T17:32:55Z,VASC202411192250069,库内非标增值（特批）,INHOUSE,USKY5,USKY5 Warehouse,11102193,***************************************,CD,Y,2026-05-07T17:58:23Z
VASC000000277680,2026-05-07T16:37:57Z,VASC202411192246131,入庫非標增值（特批）,UNUSUAL,USKY3,USKY3 Warehouse,17872346,**********************,CD,Y,2026-05-07T20:43:38Z
VASC000000277686,2026-05-07T16:39:31Z,VASC202411192246131,入庫非標增值（特批）,UNUSUAL,USKY3,USKY3 Warehouse,17872346,**********************,CD,NULL,NULL
VASC000000277692,2026-05-07T16:50:36Z,VASC202411192246131,入庫非標增值（特批）,UNUSUAL,USKY3,USKY3 Warehouse,17872346,**********************,CD,Y,2026-05-07T20:44:17Z
VASC000000277743,2026-05-07T17:15:52Z,VASC202412171855563,出库非标增值（Anker）,OUTBOUND,DE0001,DE Warehouse,16758605,****************************,PD,NULL,NULL
VASC000000277770,2026-05-07T17:24:22Z,VASC202412171855563,出库非标增值（Anker）,OUTBOUND,DE0001,DE Warehouse,16758605,****************************,PD,NULL,NULL
VASC000000277773,2026-05-08T16:25:39Z,VASC202411192246131,入库非标增值（特批）,INBOUND,DEBR2,DEBR2 Warehouse,11103701,*********************************,PD,Y,2026-05-08T12:10:48Z
VASC000000277833,2026-05-07T18:30:46Z,VASC202411192250069,库内非标增值（特批）,INHOUSE,DE0001,DE Warehouse,16758605,****************************,PD,Y,2026-05-07T18:02:46Z
VASC000000277860,2026-05-07T18:16:34Z,VASC202412061826084,Winit 尾程询价服务,OUTBOUND,DEBR2,DEBR2 Warehouse,16757165,****************************,CD,N,2026-05-12T21:22:50Z
VASC000000277875,2026-05-09T11:11:58Z,VASC202412111838036,非标收费,INHOUSE,UKGF,UKGF Warehouse,16643472,**************************,PD,Y,2026-05-09T11:11:57Z
VASC000000277878,2026-05-07T18:23:14Z,VASC202412061826084,Winit 尾程询价服务,OUTBOUND,US0001,USWC Warehouse,18550941,*********************************,CD,Y,2026-05-08T14:59:14Z
VASC000000277890,2026-05-08T08:53:47Z,VASC202411192250069,库内非标增值（特批）,INHOUSE,EWD,AU Warehouse,12076353,*********************************,PD,Y,2026-05-07T19:50:41Z
VASC000000277902,2026-05-07T18:44:13Z,VASC202412111831129,新单上架（客户提供预报单）,UNUSUAL,US0001,USWC Warehouse,13947840,********************,PD,NULL,NULL
VASC000000277926,2026-05-07T18:58:56Z,VASC202412061826084,Winit 尾程询价服务,OUTBOUND,USGA,USGA Warehouse,10006189,*****************************,CD,NULL,NULL
VASC000000277932,2026-05-07T19:12:01Z,VASC202411271721537,入库非标拍照或提供视频,INBOUND,USKY3,USKY3 Warehouse,18272155,******************************************,PD,NULL,NULL
VASC000000277947,2026-05-07T20:15:12Z,VASC202412171855563,出库非标增值（Anker）,OUTBOUND,DE0001,DE Warehouse,16758605,****************************,PD,NULL,NULL
VASC000000277950,2026-05-07T20:25:10Z,VASC202412171855563,出库非标增值（Anker）,OUTBOUND,DE0001,DE Warehouse,16758605,****************************,PD,NULL,NULL
VASC000000277953,2026-05-07T20:26:11Z,VASC202412171855563,出库非标增值（Anker）,OUTBOUND,DE0001,DE Warehouse,16758605,****************************,PD,NULL,NULL
VASC000000277962,2026-05-07T20:35:10Z,VASC202412171855563,出库非标增值（Anker）,OUTBOUND,DENW3,DENW3 Warehouse,16758605,****************************,PD,NULL,NULL
VASC000000277971,2026-05-07T20:54:03Z,VASC202412171855563,出库非标增值（Anker）,OUTBOUND,DE0001,DE Warehouse,16758605,****************************,PD,NULL,NULL
VASC000000277983,2026-05-07T21:57:49Z,VASC202412061826084,Winit 尾程询价服务,OUTBOUND,USGA,USGA Warehouse,10006189,*****************************,CD,NULL,NULL
VASC000000278109,2026-05-08T10:11:31Z,VASC202412171855563,出库非标增值（Anker）,OUTBOUND,UKGF,UKGF Warehouse,16643472,**************************,PD,NULL,NULL
VASC000000278112,2026-05-08T10:31:58Z,VASC202411192253186,出库非标增值（特批）,OUTBOUND,US0001,USWC Warehouse,10004591,******************************************,CD,Y,2026-05-08T16:37:05Z
VASC000000278130,2026-05-08T10:26:57Z,VASC202510151802079,审核出库单,OUTBOUND,US0001,USWC Warehouse,19458777,***************************************,PD,NULL,NULL
VASC000000278133,2026-06-09T10:42:17Z,VASC202411192250069,库内非标增值（特批）,INHOUSE,USKY5,USKY5 Warehouse,13947840,********************,PD,Y,2026-06-04T18:04:16Z
VASC000000278142,2026-06-09T10:42:09Z,VASC202411192250069,库内非标增值（特批）,INHOUSE,US0001,USWC Warehouse,13947840,********************,PD,Y,2026-06-04T18:00:41Z
VASC000000278148,2026-06-09T10:42:03Z,VASC202411192250069,库内非标增值（特批）,INHOUSE,USWC2,USWC2 Warehouse,13947840,********************,CD,Y,2026-06-04T17:57:31Z
VASC000000278169,2026-05-08T16:58:20Z,VASC202411192253186,出库非标增值（特批）,OUTBOUND,DEBR2,DEBR2 Warehouse,16757165,****************************,PD,Y,2026-05-08T16:56:27Z
VASC000000278196,2026-05-08T10:59:49Z,VASC202411192250069,库内非标增值（特批）,INHOUSE,UKGF,UKGF Warehouse,16643472,**************************,CD,Y,2026-05-08T16:36:25Z
VASC000000278214,2026-05-08T13:48:37Z,VASC202412061826084,Winit 尾程询价服务,OUTBOUND,USWC2,USWC2 Warehouse,13545755,***************************************,PD,Y,2026-05-08T12:39:36Z
VASC000000278217,2026-05-08T11:27:28Z,VASC202411192253186,出库非标增值（特批）,OUTBOUND,DEBR2,DEBR2 Warehouse,11106073,***************************************,CD,N,2026-05-08T21:04:02Z
VASC000000278220,2026-05-08T11:30:20Z,VASC202510151802079,审核出库单,OUTBOUND,AUME,AUME Warehouse,17112511,*************************************,PD,NULL,NULL
VASC000000278232,2026-05-08T11:53:36Z,VASC202411192250069,库内非标增值（特批）,INHOUSE,USKY5,USKY5 Warehouse,19974784,************************************,CD,N,2026-05-08T15:55:52Z
VASC000000278235,2026-05-08T11:54:48Z,VASC202411192250069,库内非标增值（特批）,INHOUSE,USKY5,USKY5 Warehouse,19974784,************************************,CD,N,2026-05-08T15:55:38Z
VASC000000278238,2026-05-08T11:55:48Z,VASC202411192250069,库内非标增值（特批）,INHOUSE,USWC2,USWC2 Warehouse,19974784,************************************,CD,N,2026-05-08T15:55:22Z
VASC000000278295,2026-05-08T13:39:41Z,VASC202412111838036,非标收费,INHOUSE,DE0001,DE Warehouse,16958250,*************,CD,N,2026-05-08T17:00:03Z
VASC000000278313,2026-05-12T11:34:56Z,VASC202412111838036,非标收费,INHOUSE,DEBR2,DEBR2 Warehouse,16958250,*************,PD,Y,2026-05-12T11:34:56Z
VASC000000278319,2026-05-12T11:35:33Z,VASC202412111838036,非标收费,INHOUSE,DEBR2,DEBR2 Warehouse,16958250,*************,PD,Y,2026-05-12T11:35:33Z
VASC000000278322,2026-05-12T11:36:16Z,VASC202412111838036,非标收费,INHOUSE,DEBR2,DEBR2 Warehouse,16958250,*************,PD,Y,2026-05-12T11:36:16Z
VASC000000278343,2026-05-08T16:01:41Z,VASC202411192246131,入库非标增值（特批）,UNUSUAL,USKY5,USKY5 Warehouse,19743320,***************************,CD,N,2026-05-08T16:23:30Z
VASC000000278349,2026-05-08T17:00:29Z,VASC202411192253186,出库非标增值（特批）,OUTBOUND,DE0001,DE Warehouse,16758605,****************************,ES,Y,2026-05-08T16:57:34Z
VASC000000278370,2026-05-08T16:10:37Z,VASC202411192250069,库内非标增值（特批）,INHOUSE,US0001,USWC Warehouse,19458777,***************************************,PD,Y,2026-05-08T15:31:18Z
VASC000000278376,2026-05-15T17:59:36Z,VASC202411192246131,入库非标增值（特批）,UNUSUAL,DEBR2,DEBR2 Warehouse,11934292,************************************,CD,N,2026-05-18T19:38:54Z
VASC000000278391,2026-05-08T15:10:16Z,VASC202412171855563,出库非标增值（Anker）,OUTBOUND,DE0001,DE Warehouse,16758605,****************************,PD,NULL,NULL
VASC000000278400,2026-05-09T14:10:38Z,VASC202412061826084,Winit 尾程询价服务,OUTBOUND,USWC2,USWC2 Warehouse,13545755,***************************************,PD,Y,2026-05-09T13:14:24Z
VASC000000278418,2026-05-08T16:42:16Z,VASC202411192246131,入库非标增值（特批）,INBOUND,USWC5,USWC5 Warehouse,19673358,***************************************,CD,N,2026-05-11T20:55:54Z
VASC000000278436,2026-05-08T17:46:57Z,VASC202411192253186,出库非标增值（特批）,OUTBOUND,DEBR2,DEBR2 Warehouse,16757165,****************************,PD,Y,2026-05-08T17:17:25Z
VASC000000278457,2026-05-08T15:52:42Z,VASC202411192253186,出库非标增值（特批）,OUTBOUND,UKGF,UKGF Warehouse,19263669,******************************,CD,N,2026-05-08T17:25:07Z
VASC000000278475,2026-05-08T16:20:19Z,VASC202411192246131,入库非标增值（特批）,UNUSUAL,UKTW,UKTW Warehouse,18997008,*********,CD,N,2026-05-08T17:44:38Z
VASC000000278478,2026-05-08T15:54:27Z,VASC202411192253186,出库非标增值（特批）,OUTBOUND,UKGF,UKGF Warehouse,19263669,******************************,CD,N,2026-05-08T17:24:46Z
VASC000000278490,2026-05-12T15:18:53Z,VASC202412061826084,Winit 尾程询价服务,OUTBOUND,UKGF,UKGF Warehouse,19263669,******************************,PD,Y,2026-05-11T19:23:49Z
VASC000000278493,2026-05-08T15:58:41Z,VASC202411192250069,库内非标增值（特批）,INHOUSE,USKY5,USKY5 Warehouse,19299529,*****************************************,CD,N,2026-05-08T17:05:08Z
VASC000000278496,2026-05-08T15:59:22Z,VASC202411192240522,上架前自提,UNUSUAL,DEBR2,DEBR2 Warehouse,16757165,****************************,PD,NULL,NULL
VASC000000278511,2026-05-09T11:31:52Z,VASC202411192250069,库内非标增值（特批）,UNUSUAL,DEBR2,DEBR2 Warehouse,16757165,****************************,PD,Y,2026-05-08T18:02:26Z
VASC000000278517,2026-05-08T16:14:12Z,VASC202412061826084,Winit 尾程询价服务,OUTBOUND,AUME,AUME Warehouse,18982174,*********,CD,NULL,NULL
VASC000000278526,2026-05-08T16:34:57Z,VASC202411192246131,入库非标增值（特批）,UNUSUAL,USKY3,USKY3 Warehouse,11103694,***************************,CD,NULL,NULL
VASC000000278547,2026-05-08T16:37:20Z,VASC202510151802079,审核出库单,OUTBOUND,UKGF,UKGF Warehouse,16643472,**************************,PD,NULL,NULL
VASC000000278550,2026-05-09T09:59:49Z,VASC202411192246131,入库非标增值（特批）,UNUSUAL,USKY3,USKY3 Warehouse,11103694,***************************,PD,Y,2026-05-08T19:23:08Z
VASC000000278562,2026-05-13T14:03:53Z,VASC202412061826084,Winit 尾程询价服务,OUTBOUND,AUME,AUME Warehouse,18982174,*********,PD,Y,2026-05-13T10:59:02Z
VASC000000278565,2026-05-11T13:38:06Z,VASC202411192246131,入库非标增值（特批）,INBOUND,USNJ2,USNJ2 Warehouse,19121991,************************************,PD,Y,2026-05-09T19:21:47Z
VASC000000278577,2026-05-08T17:14:56Z,VASC202412061826084,Winit 尾程询价服务,OUTBOUND,US0001,USWC Warehouse,1000019,********************************************************,CD,NULL,NULL
VASC000000278601,2026-05-09T15:49:27Z,VASC202411192253186,出库非标增值（特批）,OUTBOUND,DENW3,DENW3 Warehouse,16758605,****************************,PD,Y,2026-05-08T21:27:48Z
VASC000000278643,2026-05-08T18:14:31Z,VASC202411192250069,库内非标增值（特批）,INHOUSE,UKGF,UKGF Warehouse,16643472,**************************,CD,NULL,NULL
VASC000000278661,2026-05-08T20:07:24Z,VASC202411192250069,库内非标增值（特批）,INHOUSE,UKGF,UKGF Warehouse,16643472,**************************,PD,Y,2026-05-08T19:59:52Z
VASC000000278664,2026-05-09T14:06:59Z,VASC202411192250069,庫內非標增值（特批）,INHOUSE,UKGF,UKGF Warehouse,17806402,*****************************,PD,Y,2026-05-08T20:02:27Z
VASC000000278667,2026-05-08T18:40:26Z,VASC202510211517514,无主货找回,INHOUSE,UKTW,UKTW Warehouse,17534761,******************************,CD,NULL,NULL
VASC000000278673,2026-05-08T18:43:26Z,VASC202510211517514,无主货找回,INHOUSE,DE0001,DE Warehouse,17534761,******************************,PD,NULL,NULL
VASC000000278679,2026-05-08T18:49:00Z,VASC202412171855563,出库非标增值（Anker）,OUTBOUND,UKGF,UKGF Warehouse,16643472,**************************,PD,NULL,NULL
VASC000000278688,2026-05-08T19:03:20Z,VASC202412171855563,出库非标增值（Anker）,OUTBOUND,UKGF,UKGF Warehouse,16643472,**************************,PD,NULL,NULL
VASC000000278772,2026-05-09T09:39:35Z,VASC202510211517514,Unclaimed Cargo Recovery,INHOUSE,USKY3,USKY3 Warehouse,11313664,************************************,PD,NULL,NULL
VASC000000278778,2026-05-09T17:05:11Z,VASC202411192246131,入库非标增值（特批）,UNUSUAL,DEBR2,DEBR2 Warehouse,11103694,***************************,PD,Y,2026-05-09T16:07:59Z
VASC000000278793,2026-05-09T13:50:55Z,VASC202411192246131,入库非标增值（特批）,UNUSUAL,UKGF,UKGF Warehouse,13415367,*********************************,PD,Y,2026-05-09T10:52:23Z
VASC000000278838,2026-05-11T11:49:45Z,VASC202411192253186,出库非标增值（特批）,OUTBOUND,DEBR2,DEBR2 Warehouse,16757165,****************************,PD,Y,2026-05-09T18:10:40Z
VASC000000278844,2026-05-11T11:49:34Z,VASC202411192253186,出库非标增值（特批）,OUTBOUND,DEBR2,DEBR2 Warehouse,16757165,****************************,PD,Y,2026-05-09T18:10:22Z
VASC000000278856,2026-05-09T17:02:45Z,VASC202411192246131,入库非标增值（特批）,UNUSUAL,UKTW,UKTW Warehouse,18997008,*********,PD,Y,2026-05-09T16:39:49Z
VASC000000278883,2026-05-11T11:05:07Z,VASC202411192250069,库内非标增值（特批）,INHOUSE,USKY3,USKY3 Warehouse,16831026,******************************************,PD,Y,2026-05-09T17:45:16Z
VASC000000278925,2026-05-09T11:55:39Z,VASC202412061826084,Winit 尾程询价服务,OUTBOUND,USGA,USGA Warehouse,10006189,*****************************,CD,NULL,NULL
VASC000000278931,2026-05-09T12:03:15Z,VASC202603131537445,彩盒外箱出库加贴UPC标签,OUTBOUND,USGA,USGA Warehouse,10006189,*****************************,CD,NULL,NULL
VASC000000278934,2026-05-09T14:01:09Z,VASC202411192253186,出库非标增值（特批）,OUTBOUND,US0001,USWC Warehouse,11103694,***************************,CD,N,2026-05-09T15:35:08Z
VASC000000278973,2026-05-09T20:04:29Z,VASC202411192253186,出库非标增值（特批）,OUTBOUND,USGA,USGA Warehouse,18513540,**********************,PD,Y,2026-05-09T18:43:23Z
VASC000000278979,2026-05-09T16:04:36Z,VASC202411192253186,出库非标增值（特批）,OUTBOUND,USGA,USGA Warehouse,18513540,**********************,CD,N,2026-05-09T20:38:54Z
VASC000000279003,2026-05-09T13:52:30Z,VASC202412111831129,新单上架（客户提供预报单）,UNUSUAL,UKGF,UKGF Warehouse,16643472,**************************,PD,NULL,NULL
VASC000000279009,2026-05-09T13:55:23Z,VASC202412111831129,新单上架（客户提供预报单）,UNUSUAL,UKGF,UKGF Warehouse,16643472,**************************,PD,NULL,NULL
VASC000000279024,2026-05-09T14:06:41Z,VASC202411271721537,入库非标拍照或提供视频,INBOUND,USKY3,USKY3 Warehouse,18307037,*************************,PD,NULL,NULL
VASC000000279111,2026-05-11T16:21:16Z,VASC202411192246131,入库非标增值（特批）,INBOUND,USKY3,USKY3 Warehouse,19730740,***************************,CD,N,2026-05-11T20:33:22Z
VASC000000279123,2026-05-09T15:25:11Z,VASC202510211517514,无主货找回,INHOUSE,USGA,USGA Warehouse,18870935,************,CD,NULL,NULL
VASC000000279126,2026-05-09T15:26:34Z,VASC202510211517514,无主货找回,INHOUSE,USNJ2,USNJ2 Warehouse,18870935,************,CD,NULL,NULL
VASC000000279129,2026-05-09T15:27:40Z,VASC202510211517514,无主货找回,INHOUSE,USTX,USTX Warehouse,18870935,************,CD,NULL,NULL
VASC000000279132,2026-05-09T15:28:24Z,VASC202510211517514,无主货找回,INHOUSE,US0001,USWC Warehouse,18870935,************,CD,NULL,NULL
VASC000000279135,2026-05-09T15:29:13Z,VASC202510211517514,无主货找回,INHOUSE,USWC5,USWC5 Warehouse,18870935,************,CD,NULL,NULL
VASC000000279168,2026-05-12T18:09:32Z,VASC202412061826084,Winit 尾程询价服务,OUTBOUND,USKY3,USKY3 Warehouse,13816111,******************************,PD,Y,2026-05-11T22:39:13Z
VASC000000279177,2026-05-12T11:00:02Z,VASC202411192250069,库内非标增值（特批）,INHOUSE,UKGF,UKGF Warehouse,16643472,**************************,PD,Y,2026-05-09T17:37:54Z
VASC000000279183,2026-05-11T11:28:18Z,VASC202411192246131,入库非标增值（特批）,UNUSUAL,DEBR2,DEBR2 Warehouse,11103694,***************************,PD,Y,2026-05-09T18:35:14Z
VASC000000279195,2026-05-09T17:04:57Z,VASC202411192253186,出库非标增值（特批）,OUTBOUND,US0001,USWC Warehouse,11103694,***************************,PD,Y,2026-05-09T16:42:08Z
VASC000000279216,2026-05-09T16:41:36Z,VASC202412111831129,新单上架（客户提供预报单）,UNUSUAL,US0001,USWC Warehouse,19104098,***************,PD,NULL,NULL
VASC000000279228,2026-05-12T09:59:30Z,VASC202411192246131,入库非标增值（特批）,UNUSUAL,USGA,USGA Warehouse,19104098,***************,PD,Y,2026-05-11T10:15:14Z
VASC000000279231,2026-05-09T17:06:24Z,VASC202412171855563,出库非标增值（Anker）,OUTBOUND,UKGF,UKGF Warehouse,16643472,**************************,PD,NULL,NULL
VASC000000279246,2026-05-09T17:22:14Z,VASC202412061826084,Winit 尾程询价服务,OUTBOUND,USTX,USTX Warehouse,17868895,***************************************,CD,Y,2026-05-12T03:06:17Z
VASC000000279255,2026-05-11T15:11:19Z,VASC202411192253186,出库非标增值（特批）,OUTBOUND,DENW3,DENW3 Warehouse,16758605,****************************,ES,Y,2026-05-09T18:50:23Z
VASC000000279303,2026-05-09T18:51:45Z,VASC202412171855563,出库非标增值（Anker）,OUTBOUND,DE0001,DE Warehouse,16758605,****************************,PD,NULL,NULL
VASC000000279312,2026-05-13T11:10:08Z,VASC202411192246131,入库非标增值（特批）,UNUSUAL,UKTW,UKTW Warehouse,18087443,**************************,PD,Y,2026-05-12T17:56:57Z
VASC000000279351,2026-05-11T11:34:56Z,VASC202412061826084,Winit 尾程询价服务,OUTBOUND,EWD,AU Warehouse,18778484,**************************,PD,Y,2026-05-11T09:56:40Z
VASC000000279360,2026-05-11T09:40:16Z,VASC202412171855563,出库非标增值（Anker）,OUTBOUND,DENW3,DENW3 Warehouse,16758605,****************************,PD,NULL,NULL
VASC000000279363,2026-05-11T09:41:30Z,VASC202412171855563,出库非标增值（Anker）,OUTBOUND,DE0001,DE Warehouse,16758605,****************************,PD,NULL,NULL
VASC000000279387,2026-05-11T10:01:20Z,VASC202412171855563,出库非标增值（Anker）,OUTBOUND,DENW3,DENW3 Warehouse,16758605,****************************,PD,NULL,NULL
VASC000000279402,2026-05-12T09:01:39Z,VASC202411192250069,库内非标增值（特批）,INHOUSE,US0001,USWC Warehouse,13947840,********************,PD,Y,2026-05-11T20:51:50Z
VASC000000279405,2026-05-12T17:05:52Z,VASC202411192240522,上架前自提,UNUSUAL,DEBR2,DEBR2 Warehouse,16958250,*************,PD,NULL,NULL
VASC000000279411,2026-05-12T17:46:32Z,VASC202411271721537,入库非标拍照或提供视频,UNUSUAL,USKY3,USKY3 Warehouse,10005185,*********************************,CD,NULL,NULL
VASC000000279414,2026-05-11T10:35:48Z,VASC202510151802079,审核出库单,OUTBOUND,USGA,USGA Warehouse,18513540,**********************,PD,NULL,NULL
VASC000000279429,2026-05-19T10:43:36Z,VASC202412061826084,Winit 尾程询价服务,OUTBOUND,CATO,CATO Warehouse,15979051,*********,PD,Y,2026-05-16T00:21:56Z
VASC000000279456,2026-05-13T11:10:39Z,VASC202411192246131,入库非标增值（特批）,UNUSUAL,UKTW,UKTW Warehouse,18087443,**************************,PD,Y,2026-05-12T21:21:20Z
VASC000000279459,2026-05-11T11:44:20Z,VASC202411271721537,入库非标拍照或提供视频,INBOUND,USKY3,USKY3 Warehouse,19011452,*******************,PD,NULL,NULL
VASC000000279468,2026-05-13T18:49:38Z,VASC202411192246131,入库非标增值（特批）,UNUSUAL,UKTW,UKTW Warehouse,18087443,**************************,PD,Y,2026-05-12T21:49:35Z
VASC000000279474,2026-05-11T11:16:19Z,VASC202411192246131,入库非标增值（特批）,UNUSUAL,UKTW,UKTW Warehouse,18087443,**************************,CD,Y,2026-05-12T22:14:22Z
VASC000000279477,2026-05-11T17:21:28Z,VASC202411192250069,库内非标增值（特批）,INHOUSE,USWC5,USWC5 Warehouse,19409022,*************,CD,NULL,NULL
VASC000000279492,2026-05-11T11:47:26Z,VASC202411192250069,库内非标增值（特批）,INHOUSE,USKY3,USKY3 Warehouse,19612576,***************************************,CD,N,2026-05-11T15:27:16Z
VASC000000279510,2026-05-12T15:07:01Z,VASC202411192246131,入库非标增值（特批）,UNUSUAL,UKGF,UKGF Warehouse,16643472,**************************,PD,Y,2026-05-11T17:05:07Z
VASC000000279522,2026-05-14T18:25:44Z,VASC202411192250069,库内非标增值（特批）,INHOUSE,USWC2,USWC2 Warehouse,18123042,*********************,PD,Y,2026-05-13T10:38:20Z
VASC000000279528,2026-05-12T11:40:34Z,VASC202411192250069,库内非标增值（特批）,INHOUSE,DEBR2,DEBR2 Warehouse,16757165,****************************,PD,Y,2026-05-11T20:57:18Z
VASC000000279531,2026-05-11T12:29:33Z,VASC202412171855563,出库非标增值（Anker）,OUTBOUND,DE0001,DE Warehouse,16758605,****************************,PD,NULL,NULL
VASC000000279549,2026-05-11T13:43:46Z,VASC202412171855563,出库非标增值（Anker）,OUTBOUND,DE0001,DE Warehouse,16758605,****************************,PD,NULL,NULL
VASC000000279558,2026-05-11T13:49:31Z,VASC202412171855563,出库非标增值（Anker）,OUTBOUND,DE0001,DE Warehouse,16758605,****************************,PD,NULL,NULL
VASC000000279561,2026-05-11T15:15:39Z,VASC202411192246131,入库非标增值（特批）,UNUSUAL,USKY3,USKY3 Warehouse,19159467,************************,CD,N,2026-05-11T17:41:31Z
VASC000000279570,2026-05-11T13:51:47Z,VASC202411192250069,库内非标增值（特批）,INHOUSE,DEBR2,DEBR2 Warehouse,16757165,****************************,CD,NULL,NULL
VASC000000279573,2026-05-12T17:55:05Z,VASC202411192250069,库内非标增值（特批）,INHOUSE,DE0001,DE Warehouse,16758605,****************************,PD,Y,2026-05-11T20:39:10Z
VASC000000279579,2026-05-12T10:35:14Z,VASC202412061826084,Winit 尾程询价服务,OUTBOUND,USKY3,USKY3 Warehouse,18696515,***************************************,PD,Y,2026-05-11T22:49:33Z
VASC000000279585,2026-05-12T10:40:06Z,VASC202412061826084,Winit 手續詢價服務,OUTBOUND,USWC2,USWC2 Warehouse,18574822,*********************,PD,Y,2026-05-12T10:23:13Z
VASC000000279597,2026-05-11T14:09:28Z,VASC202412171855563,出库非标增值（Anker）,OUTBOUND,DE0001,DE Warehouse,16758605,****************************,PD,NULL,NULL
VASC000000279603,2026-05-15T15:50:09Z,VASC202411192246131,入庫非標增值（特批）,INBOUND,USGA,USGA Warehouse,19626837,************************************,PD,Y,2026-05-13T17:19:24Z
VASC000000279606,2026-05-11T20:36:14Z,VASC202411192250069,库内非标增值（特批）,INHOUSE,USKY5,USKY5 Warehouse,19974784,************************************,PD,Y,2026-05-11T20:29:35Z
VASC000000279609,2026-05-11T20:36:00Z,VASC202411192250069,库内非标增值（特批）,INHOUSE,USKY5,USKY5 Warehouse,19974784,************************************,PD,Y,2026-05-11T19:47:44Z
VASC000000279618,2026-05-11T20:35:44Z,VASC202411192250069,库内非标增值（特批）,INHOUSE,USWC2,USWC2 Warehouse,19974784,************************************,PD,Y,2026-05-11T19:41:04Z
VASC000000279621,2026-05-11T14:15:02Z,VASC202412171855563,出库非标增值（Anker）,OUTBOUND,DENW3,DENW3 Warehouse,16758605,****************************,PD,NULL,NULL
VASC000000279657,2026-05-11T16:29:40Z,VASC202411192253186,出库非标增值（特批）,OUTBOUND,DENW3,DENW3 Warehouse,16758605,****************************,PD,Y,2026-05-11T16:21:01Z
VASC000000279663,2026-05-12T17:54:53Z,VASC202411192250069,库内非标增值（特批）,INHOUSE,DENW3,DENW3 Warehouse,16758605,****************************,PD,Y,2026-05-11T21:41:02Z
VASC000000279717,2026-05-12T10:51:02Z,VASC202411192246131,入库非标增值（特批）,UNUSUAL,US0001,USWC Warehouse,13947840,********************,PD,Y,2026-05-12T10:46:32Z
VASC000000279735,2026-05-12T11:40:18Z,VASC202411192246131,入库非标增值（特批）,INBOUND,DEBR2,DEBR2 Warehouse,16757165,****************************,CD,Y,2026-05-11T20:39:38Z
VASC000000279768,2026-05-11T16:16:44Z,VASC202412171855563,出库非标增值（Anker）,OUTBOUND,DE0001,DE Warehouse,16758605,****************************,PD,NULL,NULL
VASC000000279771,2026-05-11T17:31:39Z,VASC202411271721537,入库非标拍照或提供视频,INBOUND,USKY3,USKY3 Warehouse,11103694,***************************,CD,NULL,NULL
VASC000000279795,2026-05-12T10:47:24Z,VASC202411192250069,库内非标增值（特批）,INHOUSE,USKY3,USKY3 Warehouse,19612576,***************************************,ES,Y,2026-05-11T19:35:28Z
VASC000000279804,2026-05-12T15:49:20Z,VASC202412061826084,Winit 尾程询价服务,OUTBOUND,UKGF,UKGF Warehouse,16643472,**************************,PD,Y,2026-05-11T18:28:54Z
VASC000000279807,2026-05-11T17:10:07Z,VASC202412171855563,出库非标增值（Anker）,OUTBOUND,UKGF,UKGF Warehouse,16643472,**************************,PD,NULL,NULL
VASC000000279840,2026-05-11T17:41:39Z,VASC202412171855563,出库非标增值（Anker）,OUTBOUND,UKGF,UKGF Warehouse,16643472,**************************,PD,NULL,NULL
VASC000000279843,2026-05-13T19:20:12Z,VASC202411192250069,库内非标增值（特批）,INHOUSE,USKY5,USKY5 Warehouse,11102193,***************************************,PD,Y,2026-05-13T18:49:58Z
VASC000000279849,2026-05-11T20:36:25Z,VASC202411192250069,库内非标增值（特批）,INHOUSE,USKY5,USKY5 Warehouse,11102193,***************************************,CD,N,2026-05-11T21:54:33Z
VASC000000279864,2026-05-12T09:01:29Z,VASC202411192246131,入库非标增值（特批）,INBOUND,US0001,USWC Warehouse,13947840,********************,PD,Y,2026-05-11T22:17:57Z
VASC000000279867,2026-05-11T18:41:40Z,VASC202412171855563,出库非标增值（Anker）,OUTBOUND,UKGF,UKGF Warehouse,16643472,**************************,PD,NULL,NULL
VASC000000279870,2026-05-11T18:42:18Z,VASC202412171855563,出库非标增值（Anker）,OUTBOUND,UKGF,UKGF Warehouse,16643472,**************************,PD,NULL,NULL
VASC000000279873,2026-05-11T18:42:53Z,VASC202412171855563,出库非标增值（Anker）,OUTBOUND,UKGF,UKGF Warehouse,16643472,**************************,PD,NULL,NULL
VASC000000279876,2026-05-11T18:43:45Z,VASC202412171855563,出库非标增值（Anker）,OUTBOUND,UKGF,UKGF Warehouse,16643472,**************************,PD,NULL,NULL
VASC000000279879,2026-05-11T18:44:18Z,VASC202412171855563,出库非标增值（Anker）,OUTBOUND,UKGF,UKGF Warehouse,16643472,**************************,PD,NULL,NULL
VASC000000279882,2026-05-11T18:44:50Z,VASC202412171855563,出库非标增值（Anker）,OUTBOUND,UKGF,UKGF Warehouse,16643472,**************************,PD,NULL,NULL
VASC000000279885,2026-05-11T18:45:31Z,VASC202412171855563,出库非标增值（Anker）,OUTBOUND,UKGF,UKGF Warehouse,16643472,**************************,PD,NULL,NULL
VASC000000279888,2026-05-11T18:46:03Z,VASC202412171855563,出库非标增值（Anker）,OUTBOUND,UKGF,UKGF Warehouse,16643472,**************************,PD,NULL,NULL
VASC000000279894,2026-05-11T18:49:47Z,VASC202412171855563,出库非标增值（Anker）,OUTBOUND,UKGF,UKGF Warehouse,16643472,**************************,PD,NULL,NULL
VASC000000279897,2026-05-11T18:50:17Z,VASC202412171855563,出库非标增值（Anker）,OUTBOUND,UKGF,UKGF Warehouse,16643472,**************************,PD,NULL,NULL
VASC000000279915,2026-05-12T21:46:27Z,VASC202411192250069,库内非标增值（特批）,INHOUSE,USKY3,USKY3 Warehouse,19011452,*******************,PD,Y,2026-05-12T21:03:42Z
VASC000000279918,2026-05-12T21:47:29Z,VASC202411192250069,库内非标增值（特批）,INHOUSE,USKY3,USKY3 Warehouse,19011452,*******************,PD,Y,2026-05-12T21:16:12Z
VASC000000279921,2026-05-12T21:46:48Z,VASC202411192250069,库内非标增值（特批）,INHOUSE,USKY3,USKY3 Warehouse,19011452,*******************,PD,Y,2026-05-12T20:54:52Z
VASC000000279957,2026-05-12T16:02:52Z,VASC202411192250069,库内非标增值（特批）,INHOUSE,USKY5,USKY5 Warehouse,11102193,***************************************,PD,Y,2026-05-12T15:57:53Z
VASC000000279999,2026-05-12T09:37:43Z,VASC202512051923357,出库非标增值（Aiper）,OUTBOUND,USNJ2,USNJ2 Warehouse,18513540,**********************,PD,NULL,NULL
VASC000000280008,2026-05-12T10:00:20Z,VASC202510211517514,无主货找回,INHOUSE,UKTW,UKTW Warehouse,10006848,******************************,PD,NULL,NULL
VASC000000280035,2026-05-12T10:07:17Z,VASC202510211517514,无主货找回,INHOUSE,UKTW,UKTW Warehouse,10006848,******************************,PD,NULL,NULL
VASC000000280059,2026-05-12T10:26:17Z,VASC202510151802079,审核出库单,OUTBOUND,UKGF,UKGF Warehouse,17806402,*****************************,PD,NULL,NULL
VASC000000280077,2026-05-12T10:43:00Z,VASC202411192250069,库内非标增值（特批）,INHOUSE,UKTW,UKTW Warehouse,12501767,******************************,CD,NULL,NULL
VASC000000280104,2026-05-12T10:44:33Z,VASC202510151802079,审核出库单,OUTBOUND,USWC2,USWC2 Warehouse,19974784,************************************,PD,NULL,NULL
VASC000000280116,2026-05-12T10:45:26Z,VASC202510151802079,审核出库单,OUTBOUND,USKY5,USKY5 Warehouse,19974784,************************************,PD,NULL,NULL
VASC000000280119,2026-05-12T10:46:18Z,VASC202510151802079,审核出库单,OUTBOUND,USKY5,USKY5 Warehouse,19974784,************************************,PD,NULL,NULL
VASC000000280122,2026-05-12T11:09:14Z,VASC202411192250069,库内非标增值（特批）,INHOUSE,USWC5,USWC5 Warehouse,19409022,*************,CD,N,2026-05-14T20:58:16Z
VASC000000280137,2026-05-14T09:52:33Z,VASC202411192253186,出库非标增值（特批）,OUTBOUND,USGA,USGA Warehouse,17192724,******,PD,Y,2026-05-13T18:29:32Z
VASC000000280140,2026-05-14T09:19:57Z,VASC202411192250069,库内非标增值（特批）,INHOUSE,UKTW,UKTW Warehouse,12501767,******************************,PD,Y,2026-05-13T20:51:14Z
VASC000000280152,2026-05-12T20:34:49Z,VASC202411192250069,库内非标增值（特批）,INHOUSE,USNJ2,USNJ2 Warehouse,18513540,**********************,PD,Y,2026-05-12T14:53:30Z
VASC000000280167,2026-05-12T18:57:00Z,VASC202411192246131,入库非标增值（特批）,UNUSUAL,UKGF,UKGF Warehouse,16643472,**************************,PD,Y,2026-05-12T16:29:09Z
VASC000000280182,2026-05-12T11:51:13Z,VASC202411271721537,入库非标拍照或提供视频,INBOUND,USKY3,USKY3 Warehouse,11103694,***************************,PD,NULL,NULL
VASC000000280185,2026-05-12T11:53:24Z,VASC202411271721537,入库非标拍照或提供视频,INBOUND,USKY3,USKY3 Warehouse,11103694,***************************,PD,NULL,NULL
VASC000000280224,2026-05-12T12:09:20Z,VASC202412061826084,Winit 尾程询价服务,OUTBOUND,USGA,USGA Warehouse,10006189,*****************************,CD,NULL,NULL
VASC000000280227,2026-05-12T12:11:21Z,VASC202603131537445,彩盒外箱出库加贴UPC标签,OUTBOUND,USGA,USGA Warehouse,10006189,*****************************,CD,NULL,NULL
VASC000000280230,2026-05-12T12:11:59Z,VASC202604131846219,aiper出库非标增值（免审核）,OUTBOUND,USGA,USGA Warehouse,10006189,*****************************,CD,NULL,NULL
VASC000000280236,2026-05-13T09:04:30Z,VASC202411192246131,入库非标增值（特批）,UNUSUAL,USWC5,USWC5 Warehouse,19104098,***************,PD,Y,2026-05-12T15:55:17Z
VASC000000280239,2026-05-13T09:04:18Z,VASC202411192246131,入库非标增值（特批）,UNUSUAL,US0001,USWC Warehouse,19104098,***************,PD,Y,2026-05-12T16:41:45Z
VASC000000280242,2026-05-13T09:04:10Z,VASC202411192246131,入库非标增值（特批）,UNUSUAL,USNJ2,USNJ2 Warehouse,19104098,***************,PD,Y,2026-05-12T20:42:58Z
VASC000000280272,2026-05-12T14:04:17Z,VASC202412061826084,Winit 尾程询价服务,OUTBOUND,EWD,AU Warehouse,16400294,***************************************,CD,Y,2026-05-12T15:02:04Z
VASC000000280293,2026-05-13T16:25:57Z,VASC202411192246131,入库非标增值（特批）,UNUSUAL,USKY3,USKY3 Warehouse,19159467,************************,PD,Y,2026-05-13T11:01:16Z
VASC000000280308,2026-05-13T17:04:29Z,VASC202411192246131,入库非标增值（特批）,UNUSUAL,US0001,USWC Warehouse,19173941,************************,PD,Y,2026-05-13T17:00:18Z
VASC000000280332,2026-05-13T11:52:57Z,VASC202411192250069,库内非标增值（特批）,INHOUSE,UKGF,UKGF Warehouse,16643472,**************************,PD,Y,2026-05-12T21:18:25Z
VASC000000280365,2026-05-12T15:25:09Z,VASC202411192250069,库内非标增值（特批）,INHOUSE,USWC5,USWC5 Warehouse,19430090,*********************************,CD,N,2026-05-13T21:00:23Z
VASC000000280374,2026-05-13T09:02:05Z,VASC202411192250069,库内非标增值（特批）,INHOUSE,US0001,USWC Warehouse,13947840,********************,PD,Y,2026-05-12T21:31:41Z
VASC000000280386,2026-05-12T14:57:38Z,VASC202412111838036,非标收费,INHOUSE,USKY3,USKY3 Warehouse,10006189,*****************************,CD,N,2026-05-12T15:00:50Z
VASC000000280434,2026-05-12T15:17:35Z,VASC202510211517514,无主货找回,INHOUSE,USKY5,USKY5 Warehouse,19467425,*********,PD,NULL,NULL
VASC000000280440,2026-05-12T17:02:59Z,VASC202411192253186,出库非标增值（特批）,OUTBOUND,USKY3,USKY3 Warehouse,16003101,******************************,CD,Y,2026-05-13T17:40:23Z
VASC000000280461,2026-05-12T15:22:08Z,VASC202510211517514,无主货找回,INHOUSE,USGA,USGA Warehouse,18870935,************,PD,NULL,NULL
VASC000000280473,2026-05-12T15:23:10Z,VASC202510211517514,无主货找回,INHOUSE,USNJ2,USNJ2 Warehouse,18870935,************,PD,NULL,NULL
VASC000000280476,2026-05-12T15:24:42Z,VASC202510211517514,无主货找回,INHOUSE,USTX,USTX Warehouse,18870935,************,PD,NULL,NULL
VASC000000280479,2026-05-12T15:25:41Z,VASC202510211517514,无主货找回,INHOUSE,US0001,USWC Warehouse,18870935,************,ES,NULL,NULL
VASC000000280482,2026-05-12T15:26:35Z,VASC202510211517514,无主货找回,INHOUSE,USWC5,USWC5 Warehouse,18870935,************,ES,NULL,NULL
VASC000000280491,2026-05-13T00:28:30Z,VASC202411192253186,出库非标增值（特批）,OUTBOUND,DEBR2,DEBR2 Warehouse,11106073,***************************************,ES,Y,2026-05-12T17:37:22Z
VASC000000280530,2026-05-12T16:34:30Z,VASC202411271721537,入库非标拍照或提供视频,INBOUND,USKY3,USKY3 Warehouse,13422923,**********,PD,NULL,NULL
VASC000000280587,2026-05-14T09:09:30Z,VASC202411192250069,库内非标增值（特批）,INHOUSE,USKY3,USKY3 Warehouse,1000114,******************************,PD,Y,2026-05-13T18:25:38Z
VASC000000280608,2026-05-12T17:01:38Z,VASC202411271751445,出库非标增值（免审核）,OUTBOUND,UKTW,UKTW Warehouse,17534761,******************************,PD,NULL,NULL
VASC000000280623,2026-05-12T17:30:50Z,VASC202412061826084,Winit 尾程询价服务,OUTBOUND,USKY3,USKY3 Warehouse,16003101,******************************,CD,Y,2026-05-12T23:22:37Z
VASC000000280629,2026-05-12T18:55:16Z,VASC202412111836315,库内非标增值（需审核）,INHOUSE,USNJ2,USNJ2 Warehouse,19733476,****************************************************,CD,Y,2026-05-12T18:55:16Z
VASC000000280746,2026-05-13T13:35:18Z,VASC202411192253186,出库非标增值（特批）,OUTBOUND,DEBR2,DEBR2 Warehouse,11109517,************************************,PD,Y,2026-05-13T11:58:34Z
VASC000000280758,2026-05-12T17:58:43Z,VASC202411192250069,库内非标增值（特批）,INHOUSE,US0001,USWC Warehouse,19173941,************************,CD,Y,2026-05-12T21:52:28Z
VASC000000280764,2026-05-12T18:05:44Z,VASC202412061826084,Winit 尾程询价服务,OUTBOUND,DEBR2,DEBR2 Warehouse,16757165,****************************,CD,N,2026-05-13T21:06:12Z
VASC000000280767,2026-05-14T09:22:26Z,VASC202411192253186,出库非标增值（特批）,OUTBOUND,DEBR2,DEBR2 Warehouse,16757165,****************************,PD,Y,2026-05-13T17:49:24Z
VASC000000280782,2026-05-12T20:42:57Z,VASC202411192250069,库内非标增值（特批）,INHOUSE,USWC5,USWC5 Warehouse,19227270,********************************,PD,Y,2026-05-12T20:29:44Z
VASC000000280794,2026-05-12T18:37:35Z,VASC202510211530474,Aiper 运输高低温检验,INBOUND,USNJ2,USNJ2 Warehouse,18513540,**********************,CD,NULL,NULL
VASC000000280797,2026-05-12T18:41:58Z,VASC202510211530474,Aiper 运输高低温检验,INBOUND,USNJ2,USNJ2 Warehouse,18513540,**********************,PD,NULL,NULL
VASC000000280800,2026-05-18T17:49:08Z,VASC202412111838036,非标收费,INHOUSE,DE0001,DE Warehouse,16958250,*************,PD,Y,2026-05-18T17:49:07Z
VASC000000280803,2026-05-12T18:44:19Z,VASC202510211530474,Aiper 运输高低温检验,INBOUND,USNJ2,USNJ2 Warehouse,18513540,**********************,CD,NULL,NULL
VASC000000280806,2026-05-12T18:47:02Z,VASC202510211530474,Aiper 运输高低温检验,INBOUND,USGA,USGA Warehouse,18513540,**********************,CD,NULL,NULL
VASC000000280809,2026-05-12T18:48:00Z,VASC202510211530474,Aiper 运输高低温检验,INBOUND,USNJ2,USNJ2 Warehouse,18513540,**********************,CD,NULL,NULL
VASC000000280812,2026-05-12T18:49:09Z,VASC202510211530474,Aiper 运输高低温检验,INBOUND,USGA,USGA Warehouse,18513540,**********************,CD,NULL,NULL
VASC000000280815,2026-05-12T18:50:36Z,VASC202412171855563,出库非标增值（Anker）,OUTBOUND,DE0001,DE Warehouse,16758605,****************************,ES,NULL,NULL
VASC000000280818,2026-05-12T18:50:16Z,VASC202510211530474,Aiper 运输高低温检验,INBOUND,USGA,USGA Warehouse,18513540,**********************,CD,NULL,NULL
VASC000000280821,2026-05-12T18:55:04Z,VASC202510211530474,Aiper 运输高低温检验,INBOUND,USNJ2,USNJ2 Warehouse,18513540,**********************,CD,NULL,NULL
VASC000000280824,2026-05-12T18:56:29Z,VASC202510211530474,Aiper 运输高低温检验,INBOUND,USGA,USGA Warehouse,18513540,**********************,PD,NULL,NULL
VASC000000280827,2026-05-12T18:57:41Z,VASC202411192253186,出库非标增值（特批）,OUTBOUND,DEBR2,DEBR2 Warehouse,11109517,************************************,CD,N,2026-05-13T11:51:32Z
VASC000000280830,2026-05-12T18:58:01Z,VASC202411192253186,出库非标增值（特批）,OUTBOUND,DEBR2,DEBR2 Warehouse,11109517,************************************,CD,N,2026-05-13T11:51:15Z
VASC000000280833,2026-05-12T18:58:23Z,VASC202411192253186,出库非标增值（特批）,OUTBOUND,DEBR2,DEBR2 Warehouse,11109517,************************************,CD,N,2026-05-13T11:51:02Z
VASC000000280836,2026-05-12T18:58:44Z,VASC202411192253186,出库非标增值（特批）,OUTBOUND,DEBR2,DEBR2 Warehouse,11109517,************************************,CD,N,2026-05-13T11:50:47Z
VASC000000280839,2026-05-12T19:03:11Z,VASC202412171855563,出库非标增值（Anker）,OUTBOUND,UKGF,UKGF Warehouse,16643472,**************************,ES,NULL,NULL
VASC000000280845,2026-05-12T19:12:06Z,VASC202412061826084,Winit 尾程询价服务,OUTBOUND,DEBR2,DEBR2 Warehouse,16757165,****************************,CD,N,2026-05-13T21:06:38Z
VASC000000280854,2026-05-12T19:26:57Z,VASC202412061826084,Winit 尾程询价服务,OUTBOUND,DEBR2,DEBR2 Warehouse,16757165,****************************,CD,N,2026-05-13T21:07:03Z
VASC000000280857,2026-05-12T19:45:24Z,VASC202412061826084,Winit 尾程询价服务,OUTBOUND,DEBR2,DEBR2 Warehouse,16757165,****************************,CD,N,2026-05-13T21:07:38Z
VASC000000280863,2026-05-12T19:53:33Z,VASC202412061826084,Winit 尾程询价服务,OUTBOUND,DEBR2,DEBR2 Warehouse,16757165,****************************,CD,NULL,NULL
VASC000000280866,2026-05-12T19:55:03Z,VASC202412171855563,出库非标增值（Anker）,OUTBOUND,DEBR2,DEBR2 Warehouse,16757165,****************************,ES,NULL,NULL
VASC000000280869,2026-05-12T20:29:00Z,VASC202412171855563,出库非标增值（Anker）,OUTBOUND,UKGF,UKGF Warehouse,16643472,**************************,ES,NULL,NULL
VASC000000280872,2026-05-12T20:31:29Z,VASC202412171855563,出库非标增值（Anker）,OUTBOUND,UKGF,UKGF Warehouse,16643472,**************************,ES,NULL,NULL
VASC000000280875,2026-05-13T11:20:17Z,VASC202412061826084,Winit 尾程询价服务,OUTBOUND,UKGF,UKGF Warehouse,16643472,**************************,PD,Y,2026-05-12T21:49:10Z
VASC000000280878,2026-05-13T11:17:55Z,VASC202412061826084,Winit 尾程询价服务,OUTBOUND,UKGF,UKGF Warehouse,16643472,**************************,PD,Y,2026-05-12T21:58:26Z
VASC000000280881,2026-05-12T21:58:51Z,VASC202510151802079,审核出库单,OUTBOUND,USKY5,USKY5 Warehouse,11102193,***************************************,PD,NULL,NULL
VASC000000280884,2026-05-12T22:05:02Z,VASC202412171855563,出库非标增值（Anker）,OUTBOUND,UKGF,UKGF Warehouse,16643472,**************************,PD,NULL,NULL
VASC000000280887,2026-05-12T22:13:04Z,VASC202412171855563,出库非标增值（Anker）,OUTBOUND,UKGF,UKGF Warehouse,16643472,**************************,PD,NULL,NULL
VASC000000280890,2026-05-12T22:24:31Z,VASC202412171855563,出库非标增值（Anker）,OUTBOUND,DEBR2,DEBR2 Warehouse,16757165,****************************,ES,NULL,NULL
VASC000000280917,2026-05-13T10:06:46Z,VASC202411192246131,入库非标增值（特批）,UNUSUAL,US0001,USWC Warehouse,19814650,******************************,CD,N,2026-05-15T22:55:37Z
VASC000000280929,2026-05-13T09:43:56Z,VASC202412061826084,Winit 尾程询价服务,OUTBOUND,DEBR2,DEBR2 Warehouse,16757165,****************************,CD,N,2026-05-13T21:14:01Z
VASC000000280932,2026-05-13T09:47:12Z,VASC202412171855563,出库非标增值（Anker）,OUTBOUND,DE0001,DE Warehouse,16758605,****************************,PD,NULL,NULL
VASC000000280947,2026-05-14T09:23:22Z,VASC202412061826084,Winit 尾程询价服务,OUTBOUND,USWC2,USWC2 Warehouse,18734384,*********,PD,Y,2026-05-13T11:31:33Z
VASC000000280953,2026-05-13T10:08:05Z,VASC202411192246131,入库非标增值（特批）,UNUSUAL,US0001,USWC Warehouse,19814650,******************************,CD,N,2026-05-15T22:55:18Z
VASC000000280959,2026-05-14T09:22:12Z,VASC202411192253186,出库非标增值（特批）,OUTBOUND,DEBR2,DEBR2 Warehouse,16757165,****************************,PD,Y,2026-05-13T17:58:31Z
VASC000000280962,2026-05-14T09:21:53Z,VASC202411192253186,出库非标增值（特批）,OUTBOUND,DEBR2,DEBR2 Warehouse,16757165,****************************,PD,Y,2026-05-13T18:01:14Z
VASC000000280965,2026-05-14T09:22:06Z,VASC202411192253186,出库非标增值（特批）,OUTBOUND,DEBR2,DEBR2 Warehouse,16757165,****************************,PD,Y,2026-05-13T18:04:45Z
VASC000000280968,2026-05-15T17:21:44Z,VASC202412111838036,非标收费,INHOUSE,DEBR2,DEBR2 Warehouse,16958250,*************,PD,Y,2026-05-15T17:21:43Z
VASC000000280971,2026-05-15T17:22:20Z,VASC202412111838036,非标收费,INHOUSE,DEBR2,DEBR2 Warehouse,16958250,*************,PD,Y,2026-05-15T17:22:19Z
VASC000000280989,2026-05-13T15:05:01Z,VASC202411192246131,入库非标增值（特批）,INBOUND,USKY3,USKY3 Warehouse,19164627,************************,PD,Y,2026-05-13T14:36:43Z
VASC000000280995,2026-05-13T14:07:28Z,VASC202411192229072,库内非标增值（免审核）,INHOUSE,USKY3,USKY3 Warehouse,14081998,*********************,PD,NULL,NULL
VASC000000281004,2026-05-13T10:41:14Z,VASC202510151802079,审核出库单,OUTBOUND,USWC5,USWC5 Warehouse,19227270,********************************,PD,NULL,NULL
VASC000000281007,2026-05-14T11:05:33Z,VASC202411192250069,库内非标增值（特批）,INHOUSE,US0001,USWC Warehouse,13947840,********************,PD,Y,2026-05-14T10:47:30Z
VASC000000281031,2026-06-08T10:19:36Z,VASC202411192246131,入库非标增值（特批）,INBOUND,USKY3,USKY3 Warehouse,15721618,*********,OD,Y,2026-06-08T10:13:48Z
VASC000000281034,2026-05-13T10:58:27Z,VASC202510151802079,审核出库单,OUTBOUND,USNJ2,USNJ2 Warehouse,18513540,**********************,PD,NULL,NULL
VASC000000281037,2026-05-13T11:04:45Z,VASC202412171855563,出库非标增值（Anker）,OUTBOUND,UKGF,UKGF Warehouse,16643472,**************************,PD,NULL,NULL
VASC000000281040,2026-05-13T11:06:44Z,VASC202412171855563,出库非标增值（Anker）,OUTBOUND,UKGF,UKGF Warehouse,16643472,**************************,PD,NULL,NULL
VASC000000281043,2026-05-13T11:31:47Z,VASC202411271721537,入库非标拍照或提供视频,INBOUND,USWC5,USWC5 Warehouse,18064599,*********************************,PD,NULL,NULL
VASC000000281058,2026-05-13T11:47:00Z,VASC202411192253186,出库非标增值（特批）,OUTBOUND,DEBR2,DEBR2 Warehouse,11106073,***************************************,PD,Y,2026-05-13T11:45:51Z
VASC000000281064,2026-05-13T11:32:23Z,VASC202510151802079,审核出库单,OUTBOUND,DEBR2,DEBR2 Warehouse,18778484,**************************,PD,NULL,NULL
VASC000000281067,2026-05-14T16:33:16Z,VASC202411192250069,庫內非標增值（特批）,INHOUSE,UKGF,UKGF Warehouse,17806402,*****************************,PD,Y,2026-05-14T16:22:31Z
VASC000000281073,2026-05-15T18:22:33Z,VASC202411192246131,入库非标增值（特批）,UNUSUAL,DE0001,DE Warehouse,16758605,****************************,PD,Y,2026-05-14T10:31:40Z
VASC000000281085,2026-05-13T11:45:59Z,VASC202411192250069,库内非标增值（特批）,INHOUSE,USKY5,USKY5 Warehouse,10006683,************************************************,CD,NULL,NULL
VASC000000281091,2026-05-13T11:45:04Z,VASC202510151802079,审核出库单,OUTBOUND,USKY3,USKY3 Warehouse,19011452,*******************,PD,NULL,NULL
VASC000000281094,2026-05-13T13:59:14Z,VASC202411192250069,库内非标增值（特批）,INHOUSE,USKY5,USKY5 Warehouse,10006683,************************************************,PD,Y,2026-05-13T12:05:07Z
VASC000000281106,2026-05-13T11:59:52Z,VASC202411192246131,入库非标增值（特批）,INBOUND,USKY3,USKY3 Warehouse,11105125,*********************************,CD,NULL,NULL
VASC000000281139,2026-05-25T11:27:23Z,VASC202412111838036,非标收费,INHOUSE,UKGF,UKGF Warehouse,16643472,**************************,PD,Y,2026-05-25T11:27:22Z
VASC000000281148,2026-05-13T12:53:36Z,VASC202411192250069,库内非标增值（特批）,INHOUSE,USKY3,USKY3 Warehouse,15139548,*********,CD,N,2026-05-21T16:33:28Z
VASC000000281199,2026-05-13T14:27:11Z,VASC202411192250069,库内非标增值（特批）,INHOUSE,USKY3,USKY3 Warehouse,17872314,*********,CD,N,2026-05-13T20:57:40Z
VASC000000281232,2026-05-13T15:02:48Z,VASC202412061826084,Winit 手續詢價服務,OUTBOUND,USKY3,USKY3 Warehouse,17806402,*****************************,CD,Y,2026-05-13T23:14:23Z
VASC000000281244,2026-05-13T15:13:19Z,VASC202411192250069,库内非标增值（特批）,INHOUSE,USWC5,USWC5 Warehouse,19409022,*************,CD,N,2026-05-14T20:57:12Z
VASC000000281265,2026-05-13T15:18:48Z,VASC202411192253186,出库非标增值（特批）,OUTBOUND,USGA,USGA Warehouse,18513540,**********************,CD,NULL,NULL
VASC000000281268,2026-05-14T09:21:44Z,VASC202411192250069,库内非标增值（特批）,INHOUSE,DEBR2,DEBR2 Warehouse,16757165,****************************,PD,Y,2026-05-13T22:43:19Z
VASC000000281274,2026-05-13T18:49:19Z,VASC202411192246131,入库非标增值（特批）,UNUSUAL,UKTW,UKTW Warehouse,18087443,**************************,PD,Y,2026-05-13T18:08:20Z
VASC000000281280,2026-05-13T15:31:41Z,VASC202503241851333,出库商品拆包取配件服务,OUTBOUND,DEBR2,DEBR2 Warehouse,17227353,***********************,CD,NULL,NULL
VASC000000281286,2026-05-18T19:33:54Z,VASC202412061826084,Winit 尾程询价服务,OUTBOUND,UKGF,UKGF Warehouse,16643472,**************************,PD,Y,2026-05-13T23:06:19Z
VASC000000281289,2026-05-13T15:37:17Z,VASC202411192250069,庫內非標增值（特批）,INHOUSE,CATO,CATO Warehouse,17872346,**********************,CD,N,2026-05-13T22:37:17Z
VASC000000281292,2026-05-13T15:38:21Z,VASC202411192250069,庫內非標增值（特批）,INHOUSE,DEBR2,DEBR2 Warehouse,17872346,**********************,CD,N,2026-05-13T22:37:39Z
VASC000000281298,2026-05-14T16:57:39Z,VASC202411192246131,入库非标增值（特批）,UNUSUAL,USWC5,USWC5 Warehouse,19227270,********************************,PD,Y,2026-05-14T16:51:53Z
VASC000000281301,2026-05-13T16:16:16Z,VASC202411192250069,库内非标增值（特批）,INHOUSE,USTX,USTX Warehouse,19227270,********************************,CD,NULL,NULL
VASC000000281319,2026-05-13T16:12:27Z,VASC202411271721537,入库非标拍照或提供视频,INBOUND,UKTW,UKTW Warehouse,15630474,***************************************,PD,NULL,NULL
VASC000000281331,2026-05-13T15:59:29Z,VASC202412171855563,出库非标增值（Anker）,OUTBOUND,UKGF,UKGF Warehouse,16643472,**************************,PD,NULL,NULL
VASC000000281340,2026-05-13T16:08:43Z,VASC202411192253186,出库非标增值（特批）,OUTBOUND,USKY3,USKY3 Warehouse,19011452,*******************,CD,NULL,NULL
VASC000000281358,2026-05-20T14:20:11Z,VASC202411192246131,入库非标增值（特批）,UNUSUAL,DE0001,DE Warehouse,17922832,**********************,CD,NULL,NULL
VASC000000281373,2026-05-13T16:17:58Z,VASC202412171855563,出库非标增值（Anker）,OUTBOUND,DE0001,DE Warehouse,16758605,****************************,PD,NULL,NULL
VASC000000281376,2026-05-13T19:10:59Z,VASC202411192253186,出库非标增值（特批）,OUTBOUND,USKY3,USKY3 Warehouse,19011452,*******************,PD,Y,2026-05-13T18:23:47Z
VASC000000281379,2026-05-13T16:39:51Z,VASC202411192246131,入库非标增值（特批）,INBOUND,US0001,USWC Warehouse,17551621,************************,CD,N,2026-05-13T21:43:05Z
VASC000000281388,2026-05-13T16:30:29Z,VASC202412171855563,出库非标增值（Anker）,OUTBOUND,DENW3,DENW3 Warehouse,16758605,****************************,PD,NULL,NULL
VASC000000281391,2026-05-13T16:31:12Z,VASC202503241851333,出库商品拆包取配件服务,OUTBOUND,UKTW,UKTW Warehouse,17227353,***********************,PD,NULL,NULL
VASC000000281421,2026-05-13T16:44:19Z,VASC202412171855563,出库非标增值（Anker）,OUTBOUND,DE0001,DE Warehouse,16758605,****************************,PD,NULL,NULL
VASC000000281424,2026-05-13T18:34:21Z,VASC202411192250069,库内非标增值（特批）,INHOUSE,USGA,USGA Warehouse,18513540,**********************,PD,Y,2026-05-13T18:28:10Z
VASC000000281430,2026-05-13T16:50:49Z,VASC202412171855563,出库非标增值（Anker）,OUTBOUND,DENW3,DENW3 Warehouse,16758605,****************************,PD,NULL,NULL
VASC000000281448,2026-05-13T18:31:00Z,VASC202411271721537,入库非标拍照或提供视频,UNUSUAL,USKY5,USKY5 Warehouse,19907843,******************************,PD,NULL,NULL
VASC000000281454,2026-05-15T18:31:38Z,VASC202412061826084,Winit 尾程询价服务,OUTBOUND,US0001,USWC Warehouse,18719607,***************************************,PD,Y,2026-05-14T11:55:57Z
VASC000000281457,2026-05-21T11:13:23Z,VASC202411192250069,库内非标增值（特批）,INHOUSE,UKTW,UKTW Warehouse,1003260,*********************************************,PD,Y,2026-05-13T22:08:21Z
VASC000000281472,2026-05-13T17:46:48Z,VASC202412171855563,出库非标增值（Anker）,OUTBOUND,UKGF,UKGF Warehouse,16643472,**************************,PD,NULL,NULL
VASC000000281481,2026-05-13T17:55:35Z,VASC202412061826084,Winit 尾程询价服务,OUTBOUND,US0001,USWC Warehouse,18550941,*********************************,CD,NULL,NULL
VASC000000281490,2026-05-13T18:20:54Z,VASC202411192250069,库内非标增值（特批）,INHOUSE,USTX,USTX Warehouse,19227270,********************************,CD,NULL,NULL
VASC000000281499,2026-05-14T14:15:11Z,VASC202412061826084,Winit 尾程询价服务,OUTBOUND,US0001,USWC Warehouse,18550941,*********************************,PD,Y,2026-05-14T11:42:28Z
VASC000000281502,2026-05-14T15:08:35Z,VASC202412061826084,Winit 尾程询价服务,OUTBOUND,EWD,AU Warehouse,18475933,******************,PD,Y,2026-05-14T09:09:42Z
VASC000000281505,2026-05-13T18:28:52Z,VASC202510151802079,审核出库单,OUTBOUND,USGA,USGA Warehouse,18513540,**********************,PD,NULL,NULL
VASC000000281508,2026-05-13T18:29:23Z,VASC202510151802079,审核出库单,OUTBOUND,USGA,USGA Warehouse,18513540,**********************,PD,NULL,NULL
VASC000000281511,2026-05-13T19:15:29Z,VASC202411192250069,库内非标增值（特批）,INHOUSE,USTX,USTX Warehouse,19227270,********************************,PD,Y,2026-05-13T19:06:47Z
VASC000000281517,2026-05-13T18:47:13Z,VASC202412171855563,出库非标增值（Anker）,OUTBOUND,UKGF,UKGF Warehouse,16643472,**************************,PD,NULL,NULL
VASC000000281520,2026-05-13T18:48:11Z,VASC202412171855563,出库非标增值（Anker）,OUTBOUND,UKGF,UKGF Warehouse,16643472,**************************,PD,NULL,NULL
VASC000000281523,2026-05-13T18:49:19Z,VASC202412171855563,出库非标增值（Anker）,OUTBOUND,UKGF,UKGF Warehouse,16643472,**************************,PD,NULL,NULL
VASC000000281526,2026-05-13T18:50:20Z,VASC202412171855563,出库非标增值（Anker）,OUTBOUND,UKGF,UKGF Warehouse,16643472,**************************,PD,NULL,NULL
VASC000000281529,2026-05-13T18:51:26Z,VASC202412171855563,出库非标增值（Anker）,OUTBOUND,UKGF,UKGF Warehouse,16643472,**************************,PD,NULL,NULL
VASC000000281541,2026-05-13T19:07:22Z,VASC202412171855563,出库非标增值（Anker）,OUTBOUND,UKGF,UKGF Warehouse,16643472,**************************,PD,NULL,NULL
VASC000000281550,2026-05-13T19:59:47Z,VASC202412171855563,出库非标增值（Anker）,OUTBOUND,UKGF,UKGF Warehouse,16643472,**************************,PD,NULL,NULL
VASC000000281556,2026-05-13T20:16:22Z,VASC202510151802079,审核出库单,OUTBOUND,USTX,USTX Warehouse,19227270,********************************,PD,NULL,NULL
VASC000000281559,2026-05-13T20:59:19Z,VASC202411192250069,库内非标增值（特批）,INHOUSE,DEBR2,DEBR2 Warehouse,1000083,************************************,CD,NULL,NULL
VASC000000281565,2026-05-13T20:59:59Z,VASC202412061826084,Winit 尾程询价服务,OUTBOUND,DEBR2,DEBR2 Warehouse,16757165,****************************,CD,N,2026-05-13T21:21:32Z
VASC000000281571,2026-05-18T11:53:56Z,VASC202411192250069,库内非标增值（特批）,INHOUSE,DEBR2,DEBR2 Warehouse,16958250,*************,PD,Y,2026-05-14T16:42:49Z
VASC000000281709,2026-05-14T10:59:41Z,VASC202412061826084,Winit 尾程询价服务,OUTBOUND,EWD,AU Warehouse,18778484,**************************,PD,Y,2026-05-14T10:25:26Z
VASC000000281718,2026-05-18T17:47:57Z,VASC202412111838036,非标收费,INHOUSE,DE0001,DE Warehouse,16958250,*************,PD,Y,2026-05-18T17:47:57Z
VASC000000281736,2026-05-15T09:34:31Z,VASC202411192253186,出库非标增值（特批）,OUTBOUND,DEBR2,DEBR2 Warehouse,16757165,****************************,PD,Y,2026-05-14T19:06:08Z
VASC000000281739,2026-05-15T10:19:46Z,VASC202411192246131,入库非标增值（特批）,UNUSUAL,DEBR2,DEBR2 Warehouse,19263669,******************************,PD,Y,2026-05-14T22:18:01Z
VASC000000281742,2026-05-15T09:12:52Z,VASC202412061826084,Winit 尾程询价服务,OUTBOUND,USGA,USGA Warehouse,18513540,**********************,PD,Y,2026-05-14T23:07:24Z
VASC000000281745,2026-05-14T10:54:46Z,VASC202411271721537,入库非标拍照或提供视频,INBOUND,DEBR2,DEBR2 Warehouse,10005835,**********************,PD,NULL,NULL
VASC000000281754,2026-05-14T10:59:21Z,VASC202411192246131,入库非标增值（特批）,INBOUND,DEBR2,DEBR2 Warehouse,19444286,*********************************,CD,N,2026-05-20T20:22:04Z
VASC000000281793,2026-05-14T11:22:04Z,VASC202411192250069,库内非标增值（特批）,INHOUSE,US0001,USWC Warehouse,17551621,************************,CD,Y,2026-05-14T21:34:19Z
VASC000000281805,2026-05-14T11:23:02Z,VASC202411192246131,入库非标增值（特批）,UNUSUAL,US0001,USWC Warehouse,13947840,********************,CD,Y,2026-05-14T23:40:47Z
VASC000000281865,2026-05-15T11:49:34Z,VASC202411192246131,入库非标增值（特批）,UNUSUAL,US0001,USWC Warehouse,13947840,********************,PD,Y,2026-05-14T23:47:49Z
VASC000000281871,2026-05-15T11:49:19Z,VASC202411192246131,入库非标增值（特批）,UNUSUAL,US0001,USWC Warehouse,13947840,********************,PD,Y,2026-05-14T23:43:58Z
VASC000000281880,2026-05-18T17:22:18Z,VASC202411192250069,库内非标增值（特批）,INHOUSE,DE0001,DE Warehouse,16758605,****************************,PD,Y,2026-05-15T11:17:22Z
VASC000000281883,2026-05-14T16:58:27Z,VASC202411192250069,库内非标增值（特批）,INHOUSE,UKTW,UKTW Warehouse,17227353,***********************,PD,Y,2026-05-14T15:23:52Z
VASC000000281898,2026-05-16T01:48:41Z,VASC202411192246131,入库非标增值（特批）,INBOUND,USKY5,USKY5 Warehouse,19606505,*****************,PD,Y,2026-05-15T17:52:34Z
VASC000000281907,2026-05-15T09:23:51Z,VASC202411192250069,库内非标增值（特批）,INHOUSE,USKY3,USKY3 Warehouse,19511144,************************************,PD,Y,2026-05-14T19:08:51Z
VASC000000281913,2026-05-14T18:49:35Z,VASC202411192250069,库内非标增值（特批）,INHOUSE,USKY3,USKY3 Warehouse,18170180,************************,PD,Y,2026-05-14T18:47:05Z
VASC000000281937,2026-05-15T15:15:26Z,VASC202411192253186,出库非标增值（特批）,OUTBOUND,DEBR2,DEBR2 Warehouse,17893138,******,PD,Y,2026-05-15T15:13:50Z
VASC000000281943,2026-05-16T18:17:10Z,VASC202411192250069,库内非标增值（特批）,INHOUSE,US0001,USWC Warehouse,12198028,*********,PD,Y,2026-05-15T17:42:53Z
VASC000000281958,2026-05-15T09:53:47Z,VASC202412061826084,Winit 尾程询价服务,OUTBOUND,EWD,AU Warehouse,16400294,***************************************,PD,Y,2026-05-15T07:16:37Z
VASC000000281967,2026-05-14T15:27:06Z,VASC202411192250069,库内非标增值（特批）,INHOUSE,EWD,AU Warehouse,18557590,******************************************,CD,N,2026-05-14T22:02:08Z
VASC000000281970,2026-05-14T15:17:58Z,VASC202412061826084,Winit 尾程询价服务,OUTBOUND,USWC2,USWC2 Warehouse,19726098,***************************************,CD,NULL,NULL
VASC000000281982,2026-05-14T15:26:24Z,VASC202411271721537,入库非标拍照或提供视频,INBOUND,DEBR2,DEBR2 Warehouse,18778484,**************************,ES,NULL,NULL
VASC000000282030,2026-05-25T11:26:48Z,VASC202412111838036,非标收费,INHOUSE,UKGF,UKGF Warehouse,16643472,**************************,PD,Y,2026-05-25T11:26:48Z
VASC000000282048,2026-05-14T16:40:53Z,VASC202411192240522,上架前自提,UNUSUAL,DEBR2,DEBR2 Warehouse,16757165,****************************,PD,NULL,NULL
VASC000000282054,2026-05-14T18:02:07Z,VASC202411192250069,库内非标增值（特批）,INHOUSE,DEBR2,DEBR2 Warehouse,1000083,************************************,PD,Y,2026-05-14T17:55:16Z
VASC000000282057,2026-05-14T17:53:51Z,VASC202411192250069,库内非标增值（特批）,INHOUSE,USKY3,USKY3 Warehouse,17872314,*********,PD,Y,2026-05-14T17:48:10Z
VASC000000282060,2026-05-15T11:07:34Z,VASC202411192250069,库内非标增值（特批）,INHOUSE,USKY3,USKY3 Warehouse,10009785,************************************,PD,Y,2026-05-14T21:50:34Z
VASC000000282069,2026-05-14T16:57:02Z,VASC202412171855563,出库非标增值（Anker）,OUTBOUND,UKGF,UKGF Warehouse,16643472,**************************,PD,NULL,NULL
VASC000000282078,2026-05-15T11:07:26Z,VASC202411192250069,库内非标增值（特批）,INHOUSE,US0001,USWC Warehouse,10009785,************************************,PD,Y,2026-05-14T21:32:19Z
VASC000000282099,2026-05-14T17:34:10Z,VASC202412171855563,出库非标增值（Anker）,OUTBOUND,UKGF,UKGF Warehouse,16643472,**************************,PD,NULL,NULL
VASC000000282102,2026-05-14T17:35:21Z,VASC202412171855563,出库非标增值（Anker）,OUTBOUND,UKGF,UKGF Warehouse,16643472,**************************,PD,NULL,NULL
VASC000000282111,2026-05-14T17:46:06Z,VASC202412171855563,出库非标增值（Anker）,OUTBOUND,UKGF,UKGF Warehouse,16643472,**************************,PD,NULL,NULL
VASC000000282114,2026-05-14T17:47:02Z,VASC202412171855563,出库非标增值（Anker）,OUTBOUND,UKGF,UKGF Warehouse,16643472,**************************,PD,NULL,NULL
VASC000000282123,2026-05-15T13:36:09Z,VASC202412061826084,Winit 尾程询价服务,OUTBOUND,USWC5,USWC5 Warehouse,19220548,************************************,PD,Y,2026-05-15T10:05:15Z
VASC000000282129,2026-05-14T18:00:50Z,VASC202412171855563,出库非标增值（Anker）,OUTBOUND,UKGF,UKGF Warehouse,16643472,**************************,PD,NULL,NULL
VASC000000282141,2026-05-15T17:34:23Z,VASC202411192246131,入库非标增值（特批）,UNUSUAL,US0001,USWC Warehouse,13947840,********************,PD,Y,2026-05-15T12:19:24Z
VASC000000282144,2026-05-15T17:34:11Z,VASC202411192250069,库内非标增值（特批）,UNUSUAL,US0001,USWC Warehouse,13947840,********************,PD,Y,2026-05-15T12:11:23Z
VASC000000282150,2026-05-14T18:53:59Z,VASC202411192246131,入库非标增值（特批）,INBOUND,DEBR2,DEBR2 Warehouse,11103701,*********************************,CD,N,2026-05-15T15:04:00Z
VASC000000282318,2026-05-19T08:59:58Z,VASC202411192246131,入库非标增值（特批）,UNUSUAL,EWD,AU Warehouse,18778484,**************************,PD,Y,2026-05-18T19:32:35Z
VASC000000282342,2026-05-15T10:02:41Z,VASC202411271721537,入库非标拍照或提供视频,INBOUND,USGA,USGA Warehouse,17183881,************,ES,NULL,NULL
VASC000000282405,2026-05-15T16:06:01Z,VASC202411192253186,出库非标增值（特批）,OUTBOUND,US0001,USWC Warehouse,19173941,************************,PD,Y,2026-05-15T15:09:48Z
VASC000000282429,2026-05-18T09:23:15Z,VASC202411192250069,库内非标增值（特批）,INHOUSE,UKTW,UKTW Warehouse,17534761,******************************,PD,Y,2026-05-15T17:50:36Z
VASC000000282432,2026-05-15T10:25:48Z,VASC202510151802079,审核出库单,OUTBOUND,USKY3,USKY3 Warehouse,18170180,************************,PD,NULL,NULL
VASC000000282453,2026-05-15T16:05:45Z,VASC202411192253186,出库非标增值（特批）,OUTBOUND,US0001,USWC Warehouse,19173941,************************,PD,Y,2026-05-15T15:13:05Z
VASC000000282456,2026-05-15T16:05:25Z,VASC202411192253186,出库非标增值（特批）,OUTBOUND,US0001,USWC Warehouse,19173941,************************,PD,Y,2026-05-15T15:15:16Z
VASC000000282477,2026-05-15T18:19:46Z,VASC202411192246131,入库非标增值（特批）,INBOUND,US0001,USWC Warehouse,13947840,********************,PD,Y,2026-05-15T17:56:07Z
VASC000000282480,2026-05-15T11:49:08Z,VASC202411192246131,入库非标增值（特批）,UNUSUAL,US0001,USWC Warehouse,13947840,********************,PD,Y,2026-05-15T11:04:07Z
VASC000000282540,2026-05-15T11:31:35Z,VASC202411192250069,库内非标增值（特批）,INHOUSE,USKY5,USKY5 Warehouse,10009785,************************************,CD,NULL,NULL
VASC000000282576,2026-05-15T11:56:53Z,VASC202503241851333,出库商品拆包取配件服务,OUTBOUND,UKTW,UKTW Warehouse,17227353,***********************,PD,NULL,NULL
VASC000000282585,2026-05-15T11:58:39Z,VASC202503241851333,出库商品拆包取配件服务,OUTBOUND,UKTW,UKTW Warehouse,17227353,***********************,PD,NULL,NULL
VASC000000282594,2026-05-15T11:59:50Z,VASC202503241851333,出库商品拆包取配件服务,OUTBOUND,UKTW,UKTW Warehouse,17227353,***********************,PD,NULL,NULL
VASC000000282600,2026-05-15T20:06:58Z,VASC202411192253186,出库非标增值（特批）,OUTBOUND,USWC2,USWC2 Warehouse,17806402,*****************************,PD,Y,2026-05-15T14:52:28Z
VASC000000282603,2026-05-15T12:10:30Z,VASC202411192253186,出库非标增值（特批）,OUTBOUND,USWC2,USWC2 Warehouse,17806402,*****************************,CD,N,2026-05-15T14:59:33Z
VASC000000282606,2026-05-15T20:07:19Z,VASC202411192253186,出库非标增值（特批）,OUTBOUND,USKY3,USKY3 Warehouse,17806402,*****************************,PD,Y,2026-05-15T14:56:48Z
VASC000000282621,2026-05-20T18:32:43Z,VASC202412061826084,Winit 尾程询价服务,OUTBOUND,UKGF,UKGF Warehouse,16643472,**************************,PD,Y,2026-05-15T22:27:10Z
VASC000000282627,2026-05-15T13:45:46Z,VASC202503241851333,出库商品拆包取配件服务,OUTBOUND,UKTW,UKTW Warehouse,17227353,***********************,PD,NULL,NULL
VASC000000282630,2026-05-15T13:45:56Z,VASC202412171855563,出库非标增值（Anker）,OUTBOUND,UKGF,UKGF Warehouse,16643472,**************************,PD,NULL,NULL
VASC000000282633,2026-05-15T13:47:07Z,VASC202503241851333,出库商品拆包取配件服务,OUTBOUND,UKTW,UKTW Warehouse,17227353,***********************,PD,NULL,NULL
VASC000000282642,2026-05-15T13:53:04Z,VASC202412061826084,Winit 尾程询价服务,OUTBOUND,USKY5,USKY5 Warehouse,16437609,******************************,CD,Y,2026-05-19T08:15:04Z
VASC000000282720,2026-05-15T14:57:53Z,VASC202411192250069,庫內非標增值（特批）,INHOUSE,USKY3,USKY3 Warehouse,17872346,**********************,CD,NULL,NULL
VASC000000282741,2026-05-15T19:28:01Z,VASC202411192246131,入库非标增值（特批）,UNUSUAL,USKY5,USKY5 Warehouse,10009785,************************************,PD,Y,2026-05-15T18:00:36Z
VASC000000282774,2026-05-25T11:01:01Z,VASC202411192253186,出库非标增值（特批）,OUTBOUND,US0001,USWC Warehouse,13947840,********************,PD,Y,2026-05-15T19:13:24Z
VASC000000282780,2026-05-25T11:00:42Z,VASC202411192253186,出库非标增值（特批）,OUTBOUND,USWC2,USWC2 Warehouse,13947840,********************,PD,Y,2026-05-15T19:15:37Z
VASC000000282786,2026-05-18T09:33:53Z,VASC202412061826084,Winit 尾程询价服务,OUTBOUND,USGA,USGA Warehouse,16585492,**************************,CD,Y,2026-05-16T04:56:06Z
VASC000000282795,2026-05-19T10:00:10Z,VASC202411192246131,入库非标增值（特批）,UNUSUAL,UKGF,UKGF Warehouse,16643472,**************************,PD,Y,2026-05-15T22:35:56Z
VASC000000282798,2026-05-15T15:42:36Z,VASC202411192253186,出库非标增值（特批）,OUTBOUND,USTX,USTX Warehouse,11105125,*********************************,CD,Y,2026-05-15T17:20:07Z
VASC000000282819,2026-05-19T16:17:46Z,VASC202508111503156,商品冻结或解冻,INHOUSE,USGA,USGA Warehouse,14753316,*********************************,PD,Y,2026-05-19T16:17:46Z
VASC000000282831,2026-05-18T09:33:57Z,VASC202412061826084,Winit 尾程询价服务,OUTBOUND,USGA,USGA Warehouse,16585492,**************************,CD,Y,2026-05-16T04:57:55Z
VASC000000282855,2026-05-15T16:00:02Z,VASC202412171855563,出库非标增值（Anker）,OUTBOUND,UKGF,UKGF Warehouse,16643472,**************************,PD,NULL,NULL
VASC000000282873,2026-05-15T19:31:28Z,VASC202412061826084,Winit 尾程询价服务,OUTBOUND,UKGF,UKGF Warehouse,16643472,**************************,PD,Y,2026-05-15T17:56:19Z
VASC000000282876,2026-05-15T16:23:31Z,VASC202412171855563,出库非标增值（Anker）,OUTBOUND,UKGF,UKGF Warehouse,16643472,**************************,PD,NULL,NULL
VASC000000282885,2026-05-18T09:34:00Z,VASC202412061826084,Winit 尾程询价服务,OUTBOUND,USGA,USGA Warehouse,16585492,**************************,CD,Y,2026-05-16T04:59:54Z
VASC000000282900,2026-05-15T16:47:03Z,VASC202510151802079,审核出库单,OUTBOUND,USTX,USTX Warehouse,19635207,******************************,PD,NULL,NULL
VASC000000282912,2026-05-18T09:38:56Z,VASC202412061826084,Winit 尾程询价服务,OUTBOUND,US0001,USWC Warehouse,17707712,************************************,PD,Y,2026-05-16T11:33:30Z
VASC000000282918,2026-05-16T09:24:43Z,VASC202411192246131,入库非标增值（特批）,UNUSUAL,UKTW,UKTW Warehouse,18087443,**************************,PD,Y,2026-05-15T22:26:33Z
VASC000000282921,2026-05-16T09:25:01Z,VASC202411192246131,入库非标增值（特批）,UNUSUAL,UKTW,UKTW Warehouse,18087443,**************************,PD,Y,2026-05-15T22:24:53Z
VASC000000282927,2026-05-16T09:25:20Z,VASC202411192246131,入库非标增值（特批）,UNUSUAL,UKTW,UKTW Warehouse,18087443,**************************,PD,Y,2026-05-15T22:23:50Z
VASC000000282933,2026-05-16T09:25:42Z,VASC202411192246131,入库非标增值（特批）,UNUSUAL,UKTW,UKTW Warehouse,18087443,**************************,PD,Y,2026-05-15T22:16:56Z
VASC000000282948,2026-05-15T17:29:45Z,VASC202412061826084,Winit 尾程询价服务,OUTBOUND,DEBR2,DEBR2 Warehouse,15917375,*********************************,CD,N,2026-05-18T14:18:32Z
VASC000000282951,2026-05-15T17:42:50Z,VASC202411192250069,库内非标增值（特批）,INHOUSE,USKY5,USKY5 Warehouse,18376772,************************************,CD,N,2026-05-15T20:02:10Z
VASC000000282966,2026-05-15T17:47:15Z,VASC202411192246131,入库非标增值（特批）,INBOUND,USKY5,USKY5 Warehouse,17688379,***********,CD,NULL,NULL
VASC000000282975,2026-05-15T17:53:00Z,VASC202411192250069,库内非标增值（特批）,INHOUSE,DEBR2,DEBR2 Warehouse,17987758,*********,CD,N,2026-05-18T21:59:24Z
VASC000000282987,2026-05-15T17:58:24Z,VASC202412061826084,Winit 尾程询价服务,OUTBOUND,DEBR2,DEBR2 Warehouse,15917375,*********************************,CD,N,2026-05-18T14:18:59Z
VASC000000282990,2026-05-15T22:37:53Z,VASC202411192250069,库内非标增值（特批）,INHOUSE,USKY5,USKY5 Warehouse,17688379,***********,PD,Y,2026-05-15T22:34:35Z
VASC000000282999,2026-05-15T18:13:12Z,VASC202411271751445,出库非标增值（免审核）,OUTBOUND,DE0001,DE Warehouse,16223024,************************************,PD,NULL,NULL
VASC000000283005,2026-05-25T21:07:30Z,VASC202412061826084,Winit 尾程询价服务,OUTBOUND,UKGF,UKGF Warehouse,16643472,**************************,PD,Y,2026-05-15T20:33:25Z
VASC000000283011,2026-05-15T18:14:24Z,VASC202412171855563,出库非标增值（Anker）,OUTBOUND,UKGF,UKGF Warehouse,16643472,**************************,PD,NULL,NULL
VASC000000283014,2026-05-15T18:27:58Z,VASC202411192253186,出库非标增值（特批）,OUTBOUND,DE0001,DE Warehouse,16223024,************************************,CD,Y,2026-05-15T19:49:57Z
VASC000000283017,2026-05-25T11:26:10Z,VASC202412111838036,非标收费,INHOUSE,UKGF,UKGF Warehouse,16643472,**************************,PD,Y,2026-05-25T11:26:10Z
VASC000000283020,2026-05-18T15:33:11Z,VASC202411192250069,库内非标增值（特批）,INHOUSE,DEBR2,DEBR2 Warehouse,19227270,********************************,PD,Y,2026-05-15T19:04:04Z
VASC000000283023,2026-05-15T18:23:14Z,VASC202412061826084,Winit 尾程询价服务,OUTBOUND,DEBR2,DEBR2 Warehouse,15917375,*********************************,CD,N,2026-05-18T14:19:27Z
VASC000000283026,2026-05-15T18:24:58Z,VASC202412061826084,Winit 尾程询价服务,OUTBOUND,USKY3,USKY3 Warehouse,17242458,*************************************,CD,Y,2026-05-15T23:19:55Z
VASC000000283029,2026-05-15T18:29:21Z,VASC202411192246131,入库非标增值（特批）,UNUSUAL,USWC5,USWC5 Warehouse,19934463,**************************************,CD,NULL,NULL
VASC000000283032,2026-05-15T18:27:14Z,VASC202412171855563,出库非标增值（Anker）,OUTBOUND,DENW3,DENW3 Warehouse,16758605,****************************,PD,NULL,NULL
VASC000000283047,2026-05-15T18:35:50Z,VASC202411192246131,入库非标增值（特批）,UNUSUAL,USWC5,USWC5 Warehouse,19934463,**************************************,CD,N,2026-05-20T19:48:58Z
VASC000000283056,2026-05-15T19:05:33Z,VASC202412061826084,Winit 尾程询价服务,OUTBOUND,DEBR2,DEBR2 Warehouse,15917375,*********************************,CD,N,2026-05-18T14:19:52Z
VASC000000283059,2026-05-15T19:08:32Z,VASC202412171855563,出库非标增值（Anker）,OUTBOUND,UKGF,UKGF Warehouse,16643472,**************************,PD,NULL,NULL
VASC000000283062,2026-05-15T19:14:17Z,VASC202412171855563,出库非标增值（Anker）,OUTBOUND,UKGF,UKGF Warehouse,16643472,**************************,PD,NULL,NULL
VASC000000283068,2026-05-15T19:24:42Z,VASC202412171855563,出库非标增值（Anker）,OUTBOUND,UKGF,UKGF Warehouse,16643472,**************************,PD,NULL,NULL
VASC000000283071,2026-05-15T19:40:30Z,VASC202412171855563,出库非标增值（Anker）,OUTBOUND,DE0001,DE Warehouse,16758605,****************************,PD,NULL,NULL
VASC000000283083,2026-05-15T21:53:38Z,VASC202411192253186,出库非标增值（特批）,OUTBOUND,USKY3,USKY3 Warehouse,16003101,******************************,CD,NULL,NULL
VASC000000283107,2026-05-16T00:15:04Z,VASC202411192229072,库内非标增值（免审核）,INHOUSE,USKY5,USKY5 Warehouse,1006076,************************,PD,NULL,NULL
VASC000000283173,2026-05-16T11:44:00Z,VASC202411192229072,库内非标增值（免审核）,INHOUSE,USKY5,USKY5 Warehouse,12133147,*********************************,PD,NULL,NULL
VASC000000283248,2026-05-16T15:56:56Z,VASC202411192250069,库内非标增值（特批）,INHOUSE,US0001,USWC Warehouse,19449476,************************************,CD,N,2026-05-18T20:20:28Z
VASC000000283263,2026-05-18T11:51:57Z,VASC202411192253186,出库非标增值（特批）,OUTBOUND,USNJ2,USNJ2 Warehouse,19121991,************************************,PD,Y,2026-05-18T10:44:15Z
VASC000000283269,2026-05-16T15:58:11Z,VASC202411192250069,库内非标增值（特批）,INHOUSE,USKY5,USKY5 Warehouse,19449476,************************************,CD,N,2026-05-18T20:20:09Z
VASC000000283296,2026-05-16T17:51:06Z,VASC202411192229072,库内非标增值（免审核）,INHOUSE,USKY5,USKY5 Warehouse,19919948,*********************************************,PD,NULL,NULL
VASC000000283353,2026-05-17T17:41:45Z,VASC202412061826084,Winit 尾程询价服务,OUTBOUND,US0001,USWC Warehouse,18719607,***************************************,CD,NULL,NULL
VASC000000283401,2026-05-20T16:05:32Z,VASC202411192250069,库内非标增值（特批）,INHOUSE,USKY5,USKY5 Warehouse,19037596,*************,PD,Y,2026-05-20T16:04:22Z
VASC000000283410,2026-05-18T09:46:42Z,VASC202412061826084,Winit 尾程询价服务,OUTBOUND,US0001,USWC Warehouse,18719607,***************************************,CD,N,2026-05-19T06:19:58Z
VASC000000283422,2026-05-20T09:38:24Z,VASC202412061826084,Winit 尾程询价服务,OUTBOUND,UKGF,UKGF Warehouse,16643472,**************************,PD,Y,2026-05-19T19:13:07Z
VASC000000283425,2026-05-18T10:17:05Z,VASC202412171855563,出库非标增值（Anker）,OUTBOUND,UKGF,UKGF Warehouse,16643472,**************************,PD,NULL,NULL
VASC000000283443,2026-05-18T10:33:47Z,VASC202510151802079,审核出库单,OUTBOUND,US0001,USWC Warehouse,12198028,*********,PD,NULL,NULL
VASC000000283455,2026-05-28T17:54:30Z,VASC202412061826084,Winit 尾程询价服务,OUTBOUND,UKGF,UKGF Warehouse,16643472,**************************,PD,Y,2026-05-19T19:20:21Z
VASC000000283461,2026-05-18T10:40:44Z,VASC202412171855563,出库非标增值（Anker）,OUTBOUND,UKGF,UKGF Warehouse,16643472,**************************,PD,NULL,NULL
VASC000000283464,2026-05-18T10:58:47Z,VASC202411192250069,库内非标增值（特批）,INHOUSE,USKY3,USKY3 Warehouse,19011452,*******************,CD,N,2026-05-18T20:06:26Z
VASC000000283473,2026-05-20T14:06:54Z,VASC202411192250069,库内非标增值（特批）,INHOUSE,DENW3,DENW3 Warehouse,16758605,****************************,PD,Y,2026-05-20T10:33:14Z
VASC000000283476,2026-05-18T10:55:07Z,VASC202411192253186,出库非标增值（特批）,OUTBOUND,DEBR2,DEBR2 Warehouse,16757165,****************************,CD,Y,2026-05-18T17:46:16Z
VASC000000283485,2026-05-19T11:04:09Z,VASC202411192250069,库内非标增值（特批）,INHOUSE,DEBR2,DEBR2 Warehouse,16757165,****************************,PD,Y,2026-05-18T18:11:59Z
VASC000000283506,2026-05-18T11:17:32Z,VASC202412061826084,Winit 尾程询价服务,OUTBOUND,CATO,CATO Warehouse,18475933,******************,CD,NULL,NULL
VASC000000283509,2026-05-19T11:29:32Z,VASC202412111838036,非标收费,INHOUSE,DEBR2,DEBR2 Warehouse,16958250,*************,PD,Y,2026-05-19T11:29:32Z
VASC000000283518,2026-06-03T17:34:13Z,VASC202412061826084,Winit 尾程询价服务,OUTBOUND,UKGF,UKGF Warehouse,16643472,**************************,PD,Y,2026-05-19T19:21:55Z
VASC000000283521,2026-05-18T11:18:15Z,VASC202412171855563,出库非标增值（Anker）,OUTBOUND,UKGF,UKGF Warehouse,16643472,**************************,PD,NULL,NULL
VASC000000283551,2026-05-21T07:58:37Z,VASC202411192246131,入库非标增值（特批）,INBOUND,USTX,USTX Warehouse,19046105,******************************,CD,N,2026-05-21T19:38:28Z
VASC000000283572,2026-05-18T12:51:44Z,VASC202411192246131,入库非标增值（特批）,INBOUND,DEBR2,DEBR2 Warehouse,18190643,************************************,CD,N,2026-05-18T17:44:21Z
VASC000000283590,2026-05-18T12:40:10Z,VASC202411192250069,库内非标增值（特批）,INHOUSE,US0001,USWC Warehouse,13947840,********************,CD,NULL,NULL
VASC000000283617,2026-05-18T13:39:53Z,VASC202412061826084,Winit 尾程询价服务,OUTBOUND,USWC5,USWC5 Warehouse,13778978,*********************************,CD,Y,2026-05-19T06:33:01Z
VASC000000283632,2026-05-18T14:07:32Z,VASC202412171855563,出库非标增值（Anker）,OUTBOUND,DENW3,DENW3 Warehouse,16758605,****************************,PD,NULL,NULL
VASC000000283656,2026-05-18T14:40:48Z,VASC202411192240522,上架前自提,UNUSUAL,USWC2,USWC2 Warehouse,19908304,*********,PD,NULL,NULL
VASC000000283659,2026-05-18T14:33:09Z,VASC202411192229072,库内非标增值（免审核）,INHOUSE,USGA,USGA Warehouse,11934046,***************************************,PD,NULL,NULL
VASC000000283692,2026-05-18T14:39:41Z,VASC202412171855563,出库非标增值（Anker）,OUTBOUND,DENW3,DENW3 Warehouse,16758605,****************************,CD,NULL,NULL
VASC000000283710,2026-05-18T14:51:23Z,VASC202412171855563,出库非标增值（Anker）,OUTBOUND,DE0001,DE Warehouse,16758605,****************************,CD,NULL,NULL
VASC000000283713,2026-05-18T15:14:05Z,VASC202411192250069,库内非标增值（特批）,INHOUSE,USKY3,USKY3 Warehouse,19612576,***************************************,PD,Y,2026-05-18T15:08:33Z
VASC000000283740,2026-05-18T15:20:47Z,VASC202412171855563,出库非标增值（Anker）,OUTBOUND,DENW3,DENW3 Warehouse,16758605,****************************,CD,NULL,NULL
VASC000000283743,2026-05-18T15:23:09Z,VASC202412171855563,出库非标增值（Anker）,OUTBOUND,DENW3,DENW3 Warehouse,16758605,****************************,CD,NULL,NULL
VASC000000283749,2026-05-18T15:24:57Z,VASC202412171855563,出库非标增值（Anker）,OUTBOUND,DENW3,DENW3 Warehouse,16758605,****************************,CD,NULL,NULL
VASC000000283752,2026-05-18T20:03:53Z,VASC202411192253186,出库非标增值（特批）,OUTBOUND,USKY3,USKY3 Warehouse,19011452,*******************,PD,Y,2026-05-18T19:37:52Z
VASC000000283776,2026-05-18T15:41:39Z,VASC202503241851333,出库商品拆包取配件服务,OUTBOUND,UKTW,UKTW Warehouse,17227353,***********************,PD,NULL,NULL
VASC000000283791,2026-05-18T16:00:02Z,VASC202503241851333,出库商品拆包取配件服务,OUTBOUND,UKTW,UKTW Warehouse,17227353,***********************,PD,NULL,NULL
VASC000000283794,2026-05-18T16:11:39Z,VASC202411271751445,出库非标增值（免审核）,OUTBOUND,DE0001,DE Warehouse,16223024,************************************,CD,NULL,NULL
VASC000000283809,2026-05-19T18:05:28Z,VASC202411192253186,出库非标增值（特批）,OUTBOUND,DE0001,DE Warehouse,16223024,************************************,PD,Y,2026-05-19T17:17:47Z
VASC000000283818,2026-05-18T16:50:56Z,VASC202411192229072,库内非标增值（免审核）,INHOUSE,DEBR2,DEBR2 Warehouse,1001475,***************************************,PD,NULL,NULL
VASC000000283824,2026-05-18T16:32:57Z,VASC202412171855563,出库非标增值（Anker）,OUTBOUND,DE0001,DE Warehouse,16758605,****************************,PD,NULL,NULL
VASC000000283845,2026-05-18T16:52:11Z,VASC202412171855563,出库非标增值（Anker）,OUTBOUND,DE0001,DE Warehouse,16758605,****************************,PD,NULL,NULL
VASC000000283848,2026-05-18T16:53:28Z,VASC202411192250069,库内非标增值（特批）,INHOUSE,DEBR2,DEBR2 Warehouse,16757165,****************************,CD,Y,2026-05-18T21:51:54Z
VASC000000283863,2026-05-18T17:29:32Z,VASC202412061826084,Winit 尾程询价服务,OUTBOUND,DEBR2,DEBR2 Warehouse,17809203,*********,CD,N,2026-05-19T14:49:16Z
VASC000000283896,2026-05-20T12:00:52Z,VASC202411192253186,出库非标增值（特批）,OUTBOUND,USKY3,USKY3 Warehouse,16003101,******************************,PD,Y,2026-05-19T20:47:33Z
VASC000000283905,2026-05-18T21:39:56Z,VASC202605152038312,非标线下尾程服务,INHOUSE,USKY3,USKY3 Warehouse,10006189,*****************************,CD,Y,2026-05-18T21:38:53Z
VASC000000283911,2026-05-19T09:10:34Z,VASC202411192246131,入库非标增值（特批）,UNUSUAL,USWC5,USWC5 Warehouse,19104098,***************,PD,Y,2026-05-18T20:13:59Z
VASC000000283914,2026-05-18T18:17:05Z,VASC202412171855563,出库非标增值（Anker）,OUTBOUND,DENW3,DENW3 Warehouse,16758605,****************************,PD,NULL,NULL
VASC000000283920,2026-05-22T11:37:11Z,VASC202412061826084,Winit 尾程询价服务,OUTBOUND,USKY3,USKY3 Warehouse,17242458,*************************************,PD,Y,2026-05-19T00:39:10Z
VASC000000283926,2026-05-18T18:19:52Z,VASC202412171855563,出库非标增值（Anker）,OUTBOUND,DENW3,DENW3 Warehouse,16758605,****************************,PD,NULL,NULL
VASC000000283983,2026-05-18T18:52:34Z,VASC202412171855563,出库非标增值（Anker）,OUTBOUND,UKGF,UKGF Warehouse,16643472,**************************,PD,NULL,NULL
VASC000000283986,2026-05-18T18:53:17Z,VASC202412171855563,出库非标增值（Anker）,OUTBOUND,UKGF,UKGF Warehouse,16643472,**************************,PD,NULL,NULL
VASC000000283989,2026-05-18T18:54:03Z,VASC202412171855563,出库非标增值（Anker）,OUTBOUND,UKGF,UKGF Warehouse,16643472,**************************,PD,NULL,NULL
VASC000000283992,2026-05-18T18:54:47Z,VASC202412171855563,出库非标增值（Anker）,OUTBOUND,UKGF,UKGF Warehouse,16643472,**************************,PD,NULL,NULL
VASC000000283995,2026-05-18T18:56:09Z,VASC202412171855563,出库非标增值（Anker）,OUTBOUND,UKGF,UKGF Warehouse,16643472,**************************,PD,NULL,NULL
VASC000000283998,2026-05-18T18:56:52Z,VASC202412171855563,出库非标增值（Anker）,OUTBOUND,UKGF,UKGF Warehouse,16643472,**************************,PD,NULL,NULL
VASC000000284001,2026-05-18T18:57:39Z,VASC202412171855563,出库非标增值（Anker）,OUTBOUND,UKGF,UKGF Warehouse,16643472,**************************,PD,NULL,NULL
VASC000000284022,2026-05-18T19:19:22Z,VASC202411271721537,入库非标拍照或提供视频,INBOUND,DEBR2,DEBR2 Warehouse,17615733,**************************************,ES,NULL,NULL
VASC000000284031,2026-05-18T19:43:18Z,VASC202412171855563,出库非标增值（Anker）,OUTBOUND,DE0001,DE Warehouse,16758605,****************************,PD,NULL,NULL
VASC000000284046,2026-05-18T21:29:08Z,VASC202412171855563,出库非标增值（Anker）,OUTBOUND,UKGF,UKGF Warehouse,16643472,**************************,PD,NULL,NULL
VASC000000284049,2026-05-21T09:49:05Z,VASC202412061826084,Winit 尾程询价服务,OUTBOUND,UKGF,UKGF Warehouse,16643472,**************************,PD,Y,2026-05-20T16:22:07Z
VASC000000284094,2026-05-19T09:25:22Z,VASC202411192246131,入库非标增值（特批）,INBOUND,DEBR2,DEBR2 Warehouse,18190643,************************************,CD,NULL,NULL
VASC000000284172,2026-05-19T11:04:00Z,VASC202411192250069,库内非标增值（特批）,INHOUSE,DEBR2,DEBR2 Warehouse,16757165,****************************,CD,Y,2026-05-19T10:55:13Z
VASC000000284181,2026-05-20T08:43:11Z,VASC202411192246131,入库非标增值（特批）,UNUSUAL,USKY3,USKY3 Warehouse,19159467,************************,PD,Y,2026-05-19T22:11:48Z
VASC000000284205,2026-05-21T15:38:49Z,VASC202411192246131,入库非标增值（特批）,UNUSUAL,USKY3,USKY3 Warehouse,11988225,***************************************,PD,Y,2026-05-20T16:43:57Z
VASC000000284223,2026-05-19T11:19:33Z,VASC202412061826084,Winit 尾程询价服务,OUTBOUND,USNJ2,USNJ2 Warehouse,18475933,******************,CD,Y,2026-05-20T00:52:21Z
VASC000000284229,2026-05-19T14:56:34Z,VASC202411271721537,入库非标拍照或提供视频,INBOUND,USKY5,USKY5 Warehouse,11103982,*********,PD,NULL,NULL
VASC000000284247,2026-05-19T11:38:09Z,VASC202411192250069,库内非标增值（特批）,INHOUSE,DEBR2,DEBR2 Warehouse,17987758,*********,CD,NULL,NULL
VASC000000284250,2026-05-25T11:25:39Z,VASC202412111838036,非标收费,INHOUSE,UKGF,UKGF Warehouse,16643472,**************************,PD,Y,2026-05-25T11:25:39Z
VASC000000284256,2026-05-19T11:36:56Z,VASC202412171855563,出库非标增值（Anker）,OUTBOUND,DE0001,DE Warehouse,16758605,****************************,PD,NULL,NULL
VASC000000284262,2026-05-25T11:25:02Z,VASC202412111838036,非标收费,INHOUSE,UKGF,UKGF Warehouse,16643472,**************************,PD,Y,2026-05-25T11:25:02Z
VASC000000284268,2026-05-19T13:49:11Z,VASC202412061826084,Winit 尾程询价服务,OUTBOUND,EWD,AU Warehouse,18778484,**************************,PD,Y,2026-05-19T12:29:53Z
VASC000000284301,2026-05-19T13:41:25Z,VASC202411192253186,出库非标增值（特批）,OUTBOUND,DEBR2,DEBR2 Warehouse,17987758,*********,PD,Y,2026-05-19T12:33:08Z
VASC000000284319,2026-05-19T13:48:16Z,VASC202412061826084,Winit 尾程询价服务,OUTBOUND,USTX,USTX Warehouse,18017390,*********,CD,NULL,NULL
VASC000000284322,2026-05-20T17:54:23Z,VASC202412111838036,非标收费,INHOUSE,DEBR2,DEBR2 Warehouse,16958250,*************,PD,Y,2026-05-20T17:54:22Z
VASC000000284325,2026-05-20T17:51:44Z,VASC202412111838036,非标收费,INHOUSE,DEBR2,DEBR2 Warehouse,16958250,*************,PD,Y,2026-05-20T17:51:44Z
VASC000000284328,2026-05-20T17:50:20Z,VASC202412111838036,非标收费,INHOUSE,DEBR2,DEBR2 Warehouse,16958250,*************,PD,Y,2026-05-20T17:50:19Z
VASC000000284331,2026-05-20T17:55:24Z,VASC202412111838036,非标收费,INHOUSE,DEBR2,DEBR2 Warehouse,16958250,*************,PD,Y,2026-05-20T17:55:24Z
VASC000000284364,2026-05-19T14:11:50Z,VASC202412061826084,Winit 尾程询价服务,OUTBOUND,USTX,USTX Warehouse,18017390,*********,CD,Y,2026-05-20T04:06:28Z
VASC000000284484,2026-05-19T16:51:50Z,VASC202411192246131,入库非标增值（特批）,INBOUND,USKY5,USKY5 Warehouse,19814650,******************************,CD,Y,2026-05-19T16:38:17Z
VASC000000284487,2026-05-19T14:42:08Z,VASC202411192246131,入库非标增值（特批）,INBOUND,USKY5,USKY5 Warehouse,19814650,******************************,CD,Y,2026-05-19T17:08:17Z
VASC000000284490,2026-05-19T16:51:26Z,VASC202411192246131,入库非标增值（特批）,INBOUND,USKY5,USKY5 Warehouse,19814650,******************************,CD,Y,2026-05-19T16:41:44Z
VASC000000284496,2026-05-19T14:45:02Z,VASC202411192246131,入库非标增值（特批）,INBOUND,USKY5,USKY5 Warehouse,19814650,******************************,CD,Y,2026-05-19T17:15:57Z
VASC000000284502,2026-05-19T14:46:07Z,VASC202411192246131,入库非标增值（特批）,INBOUND,USKY5,USKY5 Warehouse,19814650,******************************,CD,Y,2026-05-19T17:12:45Z
VASC000000284505,2026-05-20T08:29:02Z,VASC202411192250069,库内非标增值（特批）,INHOUSE,EWD,AU Warehouse,18557590,******************************************,PD,Y,2026-05-19T17:14:52Z
VASC000000284541,2026-05-19T15:21:44Z,VASC202412171855563,出库非标增值（Anker）,OUTBOUND,DE0001,DE Warehouse,16758605,****************************,PD,NULL,NULL
VASC000000284547,2026-05-26T09:50:48Z,VASC202411192246131,入库非标增值（特批）,UNUSUAL,DEBR2,DEBR2 Warehouse,11934292,************************************,PD,Y,2026-05-19T20:43:16Z
VASC000000284550,2026-05-19T15:24:55Z,VASC202510151802079,审核出库单,OUTBOUND,DEBR2,DEBR2 Warehouse,16757165,****************************,PD,NULL,NULL
VASC000000284565,2026-05-19T15:34:45Z,VASC202412171855563,出库非标增值（Anker）,OUTBOUND,DE0001,DE Warehouse,16758605,****************************,PD,NULL,NULL
VASC000000284586,2026-05-19T15:54:06Z,VASC202411192250069,库内非标增值（特批）,INHOUSE,USWC5,USWC5 Warehouse,19409022,*************,CD,N,2026-05-22T21:17:20Z
VASC000000284598,2026-05-19T16:45:37Z,VASC202411192246131,入库非标增值（特批）,UNUSUAL,USKY5,USKY5 Warehouse,19907843,******************************,CD,N,2026-05-20T19:47:38Z
VASC000000284604,2026-05-20T15:31:38Z,VASC202412061826084,Winit 尾程询价服务,OUTBOUND,US0001,USWC Warehouse,18719607,***************************************,PD,Y,2026-05-20T12:44:41Z
VASC000000284607,2026-05-19T16:19:44Z,VASC202412061826084,Winit 尾程询价服务,OUTBOUND,DE0001,DE Warehouse,17809203,*********,CD,N,2026-05-19T17:09:17Z
VASC000000284616,2026-05-20T09:29:02Z,VASC202411192250069,库内非标增值（特批）,INHOUSE,USKY3,USKY3 Warehouse,10008492,************************************,CD,Y,2026-05-19T20:34:39Z
VASC000000284619,2026-05-19T17:43:42Z,VASC202411192253186,出库非标增值（特批）,OUTBOUND,DEBR2,DEBR2 Warehouse,11109517,************************************,PD,Y,2026-05-19T17:37:26Z
VASC000000284625,2026-05-20T17:48:27Z,VASC202411192253186,出库非标增值（特批）,OUTBOUND,USKY3,USKY3 Warehouse,11108712,******,PD,Y,2026-05-19T20:35:41Z
VASC000000284652,2026-05-19T17:43:27Z,VASC202411192253186,出库非标增值（特批）,OUTBOUND,DEBR2,DEBR2 Warehouse,11109517,************************************,PD,Y,2026-05-19T17:36:49Z
VASC000000284655,2026-05-20T14:25:38Z,VASC202411192246131,入库非标增值（特批）,UNUSUAL,DEBR2,DEBR2 Warehouse,10008956,*********************************,PD,Y,2026-05-20T11:52:49Z
VASC000000284670,2026-05-19T20:34:20Z,VASC202411192253186,出库非标增值（特批）,OUTBOUND,USKY3,USKY3 Warehouse,19011452,*******************,PD,Y,2026-05-19T20:11:09Z
VASC000000284673,2026-05-19T17:08:55Z,VASC202412171855563,出库非标增值（Anker）,OUTBOUND,UKGF,UKGF Warehouse,16643472,**************************,PD,NULL,NULL
VASC000000284679,2026-05-19T17:11:59Z,VASC202510211530474,Aiper 运输高低温检验,INBOUND,USNJ2,USNJ2 Warehouse,18513540,**********************,CD,NULL,NULL
VASC000000284682,2026-05-19T17:13:41Z,VASC202510211530474,Aiper 运输高低温检验,INBOUND,USNJ2,USNJ2 Warehouse,18513540,**********************,CD,NULL,NULL
VASC000000284685,2026-05-19T17:18:29Z,VASC202510151802079,审核出库单,OUTBOUND,USKY3,USKY3 Warehouse,15748861,*********,PD,NULL,NULL
VASC000000284700,2026-05-21T11:13:11Z,VASC202411192250069,库内非标增值（特批）,INHOUSE,USKY3,USKY3 Warehouse,19365446,************************************,PD,Y,2026-05-20T16:38:02Z
VASC000000284703,2026-05-21T17:38:27Z,VASC202411192253186,出库非标增值（特批）,OUTBOUND,DE0001,DE Warehouse,18242841,******************************************,PD,Y,2026-05-21T17:35:38Z
VASC000000284712,2026-05-19T17:36:46Z,VASC202412171855563,出库非标增值（Anker）,OUTBOUND,DE0001,DE Warehouse,16758605,****************************,CD,NULL,NULL
VASC000000284715,2026-05-19T18:26:34Z,VASC202411192253186,出库非标增值（特批）,OUTBOUND,DEBR2,DEBR2 Warehouse,11109517,************************************,PD,Y,2026-05-19T17:52:39Z
VASC000000284718,2026-05-19T18:26:23Z,VASC202411192253186,出库非标增值（特批）,OUTBOUND,DEBR2,DEBR2 Warehouse,11109517,************************************,PD,Y,2026-05-19T17:53:31Z
VASC000000284724,2026-05-19T17:50:21Z,VASC202412171855563,出库非标增值（Anker）,OUTBOUND,DENW3,DENW3 Warehouse,16758605,****************************,PD,NULL,NULL
VASC000000284730,2026-05-19T18:05:49Z,VASC202411192253186,出库非标增值（特批）,OUTBOUND,USGA,USGA Warehouse,16585492,**************************,CD,NULL,NULL
VASC000000284736,2026-05-19T18:01:15Z,VASC202412171855563,出库非标增值（Anker）,OUTBOUND,DE0001,DE Warehouse,16758605,****************************,PD,NULL,NULL
VASC000000284742,2026-05-20T13:54:49Z,VASC202411192246131,入库非标增值（特批）,UNUSUAL,USKY5,USKY5 Warehouse,19693473,************************,PD,Y,2026-05-19T19:54:30Z
VASC000000284748,2026-05-19T18:08:32Z,VASC202411192253186,出库非标增值（特批）,OUTBOUND,USGA,USGA Warehouse,16585492,**************************,CD,NULL,NULL
VASC000000284751,2026-05-19T18:10:47Z,VASC202411192253186,出库非标增值（特批）,OUTBOUND,USGA,USGA Warehouse,16585492,**************************,CD,NULL,NULL
VASC000000284760,2026-05-19T18:23:44Z,VASC202411271721537,入库非标拍照或提供视频,INBOUND,EWD,AU Warehouse,17830621,************************,PD,NULL,NULL
VASC000000284763,2026-05-19T18:26:24Z,VASC202412171855563,出库非标增值（Anker）,OUTBOUND,DENW3,DENW3 Warehouse,16758605,****************************,PD,NULL,NULL
VASC000000284766,2026-05-22T09:21:14Z,VASC202411192250069,库内非标增值（特批）,INHOUSE,DEBR2,DEBR2 Warehouse,16958250,*************,PD,Y,2026-05-21T21:07:13Z
VASC000000284775,2026-05-20T09:38:26Z,VASC202411192253186,出库非标增值（特批）,OUTBOUND,DE0001,DE Warehouse,18242841,******************************************,PD,Y,2026-05-19T19:59:25Z
VASC000000284778,2026-05-19T18:57:12Z,VASC202411192253186,出库非标增值（特批）,OUTBOUND,USGA,USGA Warehouse,16585492,**************************,CD,NULL,NULL
VASC000000284781,2026-05-19T19:08:09Z,VASC202412061826084,Winit 尾程询价服务,OUTBOUND,DEBR2,DEBR2 Warehouse,16757165,****************************,CD,N,2026-05-22T14:24:15Z
VASC000000284784,2026-05-19T19:32:06Z,VASC202412171855563,出库非标增值（Anker）,OUTBOUND,UKGF,UKGF Warehouse,16643472,**************************,CD,NULL,NULL
VASC000000284787,2026-05-25T20:54:33Z,VASC202412061826084,Winit 尾程询价服务,OUTBOUND,UKGF,UKGF Warehouse,16643472,**************************,PD,Y,2026-05-20T16:49:34Z
VASC000000284790,2026-05-19T19:42:13Z,VASC202412171855563,出库非标增值（Anker）,OUTBOUND,UKGF,UKGF Warehouse,16643472,**************************,PD,NULL,NULL
VASC000000284793,2026-05-19T20:23:38Z,VASC202411192229072,库内非标增值（免审核）,INHOUSE,USGA,USGA Warehouse,18510153,**************,PD,NULL,NULL
VASC000000284796,2026-05-19T19:55:42Z,VASC202412171855563,出库非标增值（Anker）,OUTBOUND,UKGF,UKGF Warehouse,16643472,**************************,PD,NULL,NULL
VASC000000284799,2026-05-19T20:18:47Z,VASC202412171855563,出库非标增值（Anker）,OUTBOUND,UKGF,UKGF Warehouse,16643472,**************************,PD,NULL,NULL
VASC000000284802,2026-05-19T20:36:02Z,VASC202411192229072,库内非标增值（免审核）,INHOUSE,US0001,USWC Warehouse,18510153,**************,PD,NULL,NULL
VASC000000284805,2026-05-19T20:53:02Z,VASC202412171855563,出库非标增值（Anker）,OUTBOUND,UKGF,UKGF Warehouse,16643472,**************************,PD,NULL,NULL
VASC000000284820,2026-05-20T12:13:57Z,VASC202411192250069,库内非标增值（特批）,INHOUSE,DEBR2,DEBR2 Warehouse,19951881,*********,PD,Y,2026-05-20T12:06:53Z
VASC000000284826,2026-05-19T21:29:04Z,VASC202412061826084,Winit 尾程询价服务,OUTBOUND,DEBR2,DEBR2 Warehouse,16757165,****************************,CD,N,2026-05-21T15:47:06Z
VASC000000284838,2026-05-20T08:43:41Z,VASC202411192253186,出库非标增值（特批）,OUTBOUND,USKY5,USKY5 Warehouse,19525335,*********,CD,NULL,NULL
VASC000000284952,2026-05-20T17:09:04Z,VASC202411192250069,库内非标增值（特批）,INHOUSE,USGA,USGA Warehouse,18513540,**********************,PD,Y,2026-05-20T16:34:22Z
VASC000000284964,2026-05-20T10:49:05Z,VASC202411192250069,库内非标增值（特批）,INHOUSE,US0001,USWC Warehouse,19814650,******************************,CD,Y,2026-05-20T18:42:51Z
VASC000000284976,2026-05-20T11:13:47Z,VASC202411192246131,入库非标增值（特批）,UNUSUAL,US0001,USWC Warehouse,19173941,************************,CD,NULL,NULL
VASC000000284982,2026-05-21T17:46:44Z,VASC202412111838036,非标收费,INHOUSE,DEBR2,DEBR2 Warehouse,16958250,*************,PD,Y,2026-05-21T17:46:44Z
VASC000000284994,2026-05-20T11:34:07Z,VASC202411192246131,入库非标增值（特批）,INBOUND,CATO,CATO Warehouse,13181854,*********************************,PD,Y,2026-05-20T11:31:21Z
VASC000000285003,2026-05-20T10:35:01Z,VASC202510151802079,审核出库单,OUTBOUND,USKY3,USKY3 Warehouse,10009785,************************************,PD,NULL,NULL
VASC000000285015,2026-05-20T17:28:25Z,VASC202411192250069,库内非标增值（特批）,INHOUSE,US0001,USWC Warehouse,13947840,********************,PD,Y,2026-05-20T17:26:23Z
VASC000000285018,2026-05-20T10:51:03Z,VASC202411192246131,入库非标增值（特批）,INBOUND,USGA,USGA Warehouse,18513540,**********************,CD,NULL,NULL
VASC000000285021,2026-05-21T19:27:26Z,VASC202411192250069,库内非标增值（特批）,INHOUSE,USKY5,USKY5 Warehouse,19814650,******************************,PD,Y,2026-05-20T18:34:43Z
VASC000000285039,2026-05-21T08:25:41Z,VASC202411192250069,库内非标增值（特批）,INHOUSE,USKY3,USKY3 Warehouse,18609719,*********,PD,Y,2026-05-20T19:11:41Z
VASC000000285051,2026-06-02T17:13:28Z,VASC202411192246131,入库非标增值（特批）,UNUSUAL,UKGF,UKGF Warehouse,16643472,**************************,PD,Y,2026-05-20T19:38:31Z
VASC000000285075,2026-05-21T18:08:06Z,VASC202411192246131,入库非标增值（特批）,UNUSUAL,USKY3,USKY3 Warehouse,19011452,*******************,PD,Y,2026-05-20T19:14:43Z
VASC000000285090,2026-05-20T11:50:33Z,VASC202412061826084,Winit 尾程询价服务,OUTBOUND,DEBR2,DEBR2 Warehouse,19263669,******************************,CD,N,2026-05-21T15:32:23Z
VASC000000285096,2026-05-20T18:04:18Z,VASC202411192250069,库内非标增值（特批）,INHOUSE,USKY3,USKY3 Warehouse,10009785,************************************,PD,Y,2026-05-20T18:01:29Z
VASC000000285129,2026-05-21T09:26:53Z,VASC202411192246131,入库非标增值（特批）,UNUSUAL,DEBR2,DEBR2 Warehouse,19226389,******************************,PD,Y,2026-05-20T20:02:35Z
VASC000000285132,2026-05-20T17:02:09Z,VASC202411192250069,库内非标增值（特批）,INHOUSE,US0001,USWC Warehouse,13947840,********************,PD,Y,2026-05-20T17:00:51Z
VASC000000285147,2026-05-24T23:32:36Z,VASC202412061826084,Winit 尾程询价服务,OUTBOUND,AUME,AUME Warehouse,18356222,************************************,PD,Y,2026-05-23T13:15:06Z
VASC000000285153,2026-05-20T13:34:47Z,VASC202412061826084,Winit 尾程询价服务,OUTBOUND,DEBR2,DEBR2 Warehouse,19263669,******************************,CD,N,2026-05-21T15:30:42Z
VASC000000285159,2026-05-21T18:39:22Z,VASC202412061826084,Winit 尾程询价服务,OUTBOUND,UKGF,UKGF Warehouse,16643472,**************************,PD,Y,2026-05-20T23:15:39Z
VASC000000285162,2026-05-21T18:35:36Z,VASC202412061826084,Winit 尾程询价服务,OUTBOUND,UKGF,UKGF Warehouse,16643472,**************************,PD,Y,2026-05-21T00:05:32Z
VASC000000285171,2026-05-21T17:15:33Z,VASC202411192250069,库内非标增值（特批）,INHOUSE,DEBR2,DEBR2 Warehouse,18607532,*********************************,PD,Y,2026-05-21T16:31:24Z
VASC000000285204,2026-05-20T14:42:32Z,VASC202412061826084,Winit 尾程询价服务,OUTBOUND,USGA,USGA Warehouse,16585492,**************************,CD,Y,2026-05-21T02:22:45Z
VASC000000285213,2026-05-21T10:38:01Z,VASC202412061826084,Winit 尾程询价服务,OUTBOUND,EWD,AU Warehouse,18356222,************************************,PD,Y,2026-05-21T07:35:40Z
VASC000000285225,2026-05-22T10:21:40Z,VASC202411192250069,库内非标增值（特批）,INHOUSE,USWC2,USWC2 Warehouse,19376789,*********************************,PD,Y,2026-05-21T17:34:08Z
VASC000000285228,2026-05-20T15:12:23Z,VASC202412171855563,出库非标增值（Anker）,OUTBOUND,DE0001,DE Warehouse,16758605,****************************,CD,NULL,NULL
VASC000000285234,2026-05-22T13:37:08Z,VASC202411192246131,入库非标增值（特批）,UNUSUAL,USKY3,USKY3 Warehouse,11988225,***************************************,PD,Y,2026-05-22T11:24:09Z
VASC000000285237,2026-05-20T15:21:11Z,VASC202412171855563,出库非标增值（Anker）,OUTBOUND,DE0001,DE Warehouse,16758605,****************************,PD,NULL,NULL
VASC000000285240,2026-05-20T15:30:40Z,VASC202411192246131,入库非标增值（特批）,UNUSUAL,DEBR2,DEBR2 Warehouse,15588824,*********************************,CD,N,2026-05-22T18:39:43Z
VASC000000285243,2026-05-20T15:28:58Z,VASC202412171855563,出库非标增值（Anker）,OUTBOUND,DE0001,DE Warehouse,16758605,****************************,PD,NULL,NULL
VASC000000285261,2026-05-21T15:38:28Z,VASC202411192246131,入库非标增值（特批）,UNUSUAL,USKY3,USKY3 Warehouse,11988225,***************************************,PD,Y,2026-05-20T20:21:02Z
VASC000000285264,2026-05-21T15:38:15Z,VASC202411192246131,入库非标增值（特批）,UNUSUAL,USKY3,USKY3 Warehouse,11988225,***************************************,PD,Y,2026-05-20T20:25:59Z
VASC000000285270,2026-05-21T09:17:05Z,VASC202411192250069,库内非标增值（特批）,INHOUSE,US0001,USWC Warehouse,11103694,***************************,PD,Y,2026-05-20T17:53:14Z
VASC000000285276,2026-05-20T15:53:52Z,VASC202412061826084,Winit 尾程询价服务,OUTBOUND,USGA,USGA Warehouse,16585492,**************************,CD,NULL,NULL
VASC000000285288,2026-05-20T16:04:23Z,VASC202412171855563,出库非标增值（Anker）,OUTBOUND,DEBR2,DEBR2 Warehouse,16757165,****************************,PD,NULL,NULL
VASC000000285291,2026-05-22T10:25:41Z,VASC202412061826084,Winit 尾程询价服务,OUTBOUND,UKGF,UKGF Warehouse,19263669,******************************,PD,Y,2026-05-21T23:21:20Z
VASC000000285297,2026-05-20T16:30:52Z,VASC202411192253186,出库非标增值（特批）,OUTBOUND,UKGF,UKGF Warehouse,19263669,******************************,PD,Y,2026-05-20T16:25:30Z
VASC000000285300,2026-05-22T10:12:39Z,VASC202411192246131,入库非标增值（特批）,UNUSUAL,DE0001,DE Warehouse,17922832,**********************,PD,Y,2026-05-21T12:14:04Z
VASC000000285303,2026-05-20T17:36:03Z,VASC202412061826084,Winit 尾程询价服务,OUTBOUND,USGA,USGA Warehouse,16585492,**************************,CD,NULL,NULL
VASC000000285312,2026-05-20T16:28:47Z,VASC202411192250069,库内非标增值（特批）,INHOUSE,USGA,USGA Warehouse,18513540,**********************,CD,Y,2026-05-20T17:43:19Z
VASC000000285315,2026-05-20T16:54:36Z,VASC202605152038312,非标线下尾程服务,INHOUSE,USKY3,USKY3 Warehouse,10005870,********************,CD,Y,2026-05-20T17:02:56Z
VASC000000285324,2026-05-20T17:09:19Z,VASC202411192246131,入库非标增值（特批）,UNUSUAL,US0001,USWC Warehouse,19173941,************************,CD,NULL,NULL
VASC000000285330,2026-05-22T10:25:27Z,VASC202412061826084,Winit 尾程询价服务,OUTBOUND,UKGF,UKGF Warehouse,19263669,******************************,PD,Y,2026-05-21T23:19:19Z
VASC000000285333,2026-05-22T14:34:56Z,VASC202411192246131,入库非标增值（特批）,UNUSUAL,US0001,USWC Warehouse,13947840,********************,PD,Y,2026-05-22T12:05:12Z
VASC000000285336,2026-05-20T16:53:22Z,VASC202411192253186,出库非标增值（特批）,OUTBOUND,UKGF,UKGF Warehouse,19263669,******************************,CD,NULL,NULL
VASC000000285357,2026-05-21T14:16:11Z,VASC202411192250069,库内非标增值（特批）,UNUSUAL,US0001,USWC Warehouse,13947840,********************,PD,Y,2026-05-20T19:20:17Z
VASC000000285366,2026-05-20T18:05:40Z,VASC202411192250069,库内非标增值（特批）,INHOUSE,DEBR2,DEBR2 Warehouse,19376789,*********************************,CD,NULL,NULL
VASC000000285375,2026-05-21T10:35:33Z,VASC202411192246131,入库非标增值（特批）,UNUSUAL,US0001,USWC Warehouse,19173941,************************,PD,Y,2026-05-20T20:47:33Z
VASC000000285378,2026-05-20T17:12:01Z,VASC202411192253186,出库非标增值（特批）,OUTBOUND,USKY3,USKY3 Warehouse,18038522,*********,CD,Y,2026-05-21T10:39:29Z
VASC000000285393,2026-05-20T17:46:13Z,VASC202411192253186,出库非标增值（特批）,OUTBOUND,UKGF,UKGF Warehouse,19263669,******************************,PD,Y,2026-05-20T17:44:35Z
VASC000000285408,2026-05-20T17:26:49Z,VASC202412171855563,出库非标增值（Anker）,OUTBOUND,UKGF,UKGF Warehouse,16643472,**************************,PD,NULL,NULL
VASC000000285423,2026-05-21T13:49:23Z,VASC202412061826084,Winit 尾程询价服务,OUTBOUND,USGA,USGA Warehouse,16585492,**************************,PD,Y,2026-05-21T02:27:15Z
VASC000000285426,2026-05-20T17:50:42Z,VASC202411192250069,库内非标增值（特批）,INHOUSE,USKY5,USKY5 Warehouse,15815593,*********************************,CD,NULL,NULL
VASC000000285432,2026-05-21T20:06:45Z,VASC202411192250069,庫內非標增值（特批）,INHOUSE,USKY3,USKY3 Warehouse,17872346,**********************,PD,Y,2026-05-21T17:18:36Z
VASC000000285438,2026-05-21T13:49:05Z,VASC202412061826084,Winit 尾程询价服务,OUTBOUND,USGA,USGA Warehouse,16585492,**************************,PD,Y,2026-05-21T03:18:32Z
VASC000000285447,2026-05-20T17:57:54Z,VASC202411192250069,库内非标增值（特批）,INHOUSE,USGA,USGA Warehouse,18513540,**********************,PD,Y,2026-05-20T17:55:12Z
VASC000000285453,2026-05-20T17:53:54Z,VASC202412171855563,出库非标增值（Anker）,OUTBOUND,DE0001,DE Warehouse,16758605,****************************,PD,NULL,NULL
VASC000000285456,2026-05-21T22:25:34Z,VASC202411192246131,入库非标增值（特批）,INBOUND,USKY3,USKY3 Warehouse,19730740,***************************,PD,Y,2026-05-21T21:25:16Z
VASC000000285462,2026-05-20T18:53:08Z,VASC202411192250069,库内非标增值（特批）,INHOUSE,EWD,AU Warehouse,19376789,*********************************,CD,N,2026-05-22T19:02:01Z
VASC000000285465,2026-05-21T13:48:36Z,VASC202412061826084,Winit 尾程询价服务,OUTBOUND,USGA,USGA Warehouse,16585492,**************************,PD,Y,2026-05-21T02:24:07Z
VASC000000285477,2026-05-20T19:10:22Z,VASC202411192250069,库内非标增值（特批）,INHOUSE,DEBR2,DEBR2 Warehouse,19376789,*********************************,CD,Y,2026-05-21T17:37:47Z
VASC000000285483,2026-05-21T15:06:48Z,VASC202412061826084,Winit 尾程询价服务,OUTBOUND,US0001,USWC Warehouse,17707712,************************************,PD,Y,2026-05-21T10:59:52Z
VASC000000285486,2026-05-20T19:03:58Z,VASC202411192240522,上架前自提,UNUSUAL,DEBR2,DEBR2 Warehouse,16757165,****************************,PD,NULL,NULL
VASC000000285489,2026-05-20T19:18:03Z,VASC202411192229072,库内非标增值（免审核）,INHOUSE,USGA,USGA Warehouse,18510153,**************,PD,NULL,NULL
VASC000000285492,2026-05-20T19:19:30Z,VASC202412171855563,出库非标增值（Anker）,OUTBOUND,UKGF,UKGF Warehouse,16643472,**************************,PD,NULL,NULL
VASC000000285495,2026-05-21T16:31:13Z,VASC202411192250069,库内非标增值（特批）,INHOUSE,US0001,USWC Warehouse,19814650,******************************,PD,Y,2026-05-20T19:32:19Z
VASC000000285498,2026-05-20T19:30:41Z,VASC202412171855563,出库非标增值（Anker）,OUTBOUND,UKGF,UKGF Warehouse,16643472,**************************,PD,NULL,NULL
VASC000000285501,2026-05-20T19:39:15Z,VASC202412171855563,出库非标增值（Anker）,OUTBOUND,UKGF,UKGF Warehouse,16643472,**************************,PD,NULL,NULL
VASC000000285510,2026-05-20T20:21:54Z,VASC202412061826084,Winit 尾程询价服务,OUTBOUND,DEBR2,DEBR2 Warehouse,16757165,****************************,CD,N,2026-05-22T14:23:06Z
VASC000000285513,2026-05-20T20:22:34Z,VASC202412171855563,出库非标增值（Anker）,OUTBOUND,DEBR2,DEBR2 Warehouse,16757165,****************************,PD,NULL,NULL
VASC000000285516,2026-05-20T20:56:26Z,VASC202411192250069,库内非标增值（特批）,INHOUSE,US0001,USWC Warehouse,11103694,***************************,ES,Y,2026-05-20T20:55:09Z
VASC000000285525,2026-05-21T00:11:38Z,VASC202510151802079,审核出库单,OUTBOUND,USNJ2,USNJ2 Warehouse,18181075,***************************,PD,NULL,NULL
VASC000000285528,2026-05-21T00:12:19Z,VASC202510151802079,审核出库单,OUTBOUND,USNJ2,USNJ2 Warehouse,18181075,***************************,PD,NULL,NULL
VASC000000285546,2026-05-22T11:00:14Z,VASC202411192246131,入库非标增值（特批）,UNUSUAL,DE0001,DE Warehouse,18190643,************************************,PD,Y,2026-05-22T10:50:43Z
VASC000000285561,2026-05-21T15:53:35Z,VASC202411192246131,入库非标增值（特批）,INBOUND,DEBR2,DEBR2 Warehouse,19444286,*********************************,PD,Y,2026-05-21T10:52:06Z
VASC000000285582,2026-05-21T09:50:02Z,VASC202510211517514,无主货找回,INHOUSE,UKTW,UKTW Warehouse,18612535,*********************************,PD,NULL,NULL
VASC000000285603,2026-05-21T10:24:21Z,VASC202411192246131,入库非标增值（特批）,UNUSUAL,USWC5,USWC5 Warehouse,19336615,************************************,CD,NULL,NULL
VASC000000285675,2026-05-22T17:12:31Z,VASC202412111838036,非标收费,INHOUSE,DEBR2,DEBR2 Warehouse,16958250,*************,PD,Y,2026-05-22T17:12:31Z
VASC000000285699,2026-05-21T12:23:22Z,VASC202412171855563,出库非标增值（Anker）,OUTBOUND,DE0001,DE Warehouse,16758605,****************************,PD,NULL,NULL
VASC000000285720,2026-05-21T14:03:02Z,VASC202411271721537,入库非标拍照或提供视频,UNUSUAL,USKY3,USKY3 Warehouse,10005185,*********************************,PD,NULL,NULL
VASC000000285753,2026-05-21T14:01:32Z,VASC202412171855563,出库非标增值（Anker）,OUTBOUND,DE0001,DE Warehouse,16758605,****************************,PD,NULL,NULL
VASC000000285771,2026-05-21T14:22:25Z,VASC202411271721537,入库非标拍照或提供视频,UNUSUAL,USKY3,USKY3 Warehouse,11103694,***************************,PD,NULL,NULL
VASC000000285774,2026-05-21T14:35:35Z,VASC202510211530474,Aiper 运输高低温检验,INBOUND,USNJ2,USNJ2 Warehouse,18513540,**********************,PD,NULL,NULL
VASC000000285789,2026-05-25T14:52:51Z,VASC202411192246131,入库非标增值（特批）,UNUSUAL,USKY5,USKY5 Warehouse,19907843,******************************,ES,Y,2026-05-25T14:18:56Z
VASC000000285807,2026-05-21T14:52:00Z,VASC202411192229072,库内非标增值（免审核）,INHOUSE,USKY3,USKY3 Warehouse,17160881,******************************,PD,NULL,NULL
VASC000000285810,2026-05-22T10:52:48Z,VASC202411192250069,库内非标增值（特批）,INHOUSE,US0001,USWC Warehouse,11107087,****************************,PD,Y,2026-05-21T20:45:50Z
VASC000000285813,2026-05-22T11:44:44Z,VASC202412061826084,Winit 尾程询价服务,OUTBOUND,USGA,USGA Warehouse,17707712,************************************,PD,Y,2026-05-22T02:28:02Z
VASC000000285819,2026-05-21T15:11:08Z,VASC202411192229072,库内非标增值（免审核）,INHOUSE,USKY3,USKY3 Warehouse,10006838,************************************************,PD,NULL,NULL
VASC000000285825,2026-05-21T15:11:04Z,VASC202412171855563,出库非标增值（Anker）,OUTBOUND,DEBR2,DEBR2 Warehouse,16757165,****************************,CD,NULL,NULL
VASC000000285840,2026-05-21T15:32:28Z,VASC202411192246131,入库非标增值（特批）,UNUSUAL,USWC5,USWC5 Warehouse,19336615,************************************,CD,NULL,NULL
VASC000000285846,2026-05-27T16:25:08Z,VASC202411192246131,入库非标增值（特批）,INBOUND,US0001,USWC Warehouse,11103694,***************************,ES,Y,2026-05-22T11:12:10Z
VASC000000285855,2026-05-25T13:55:38Z,VASC202412061826084,Winit 尾程询价服务,OUTBOUND,US0001,USWC Warehouse,11101154,*********************************************,CD,Y,2026-05-22T05:40:15Z
VASC000000285861,2026-05-21T15:39:06Z,VASC202411192246131,入库非标增值（特批）,INBOUND,USKY3,USKY3 Warehouse,11103694,***************************,CD,N,2026-05-22T11:09:36Z
VASC000000285867,2026-05-21T15:42:22Z,VASC202412171855563,出库非标增值（Anker）,OUTBOUND,DEBR2,DEBR2 Warehouse,16757165,****************************,PD,NULL,NULL
VASC000000285876,2026-05-21T15:51:38Z,VASC202412171855563,出库非标增值（Anker）,OUTBOUND,DE0001,DE Warehouse,16758605,****************************,PD,NULL,NULL
VASC000000285882,2026-05-21T16:02:01Z,VASC202412171855563,出库非标增值（Anker）,OUTBOUND,DEBR2,DEBR2 Warehouse,16757165,****************************,PD,NULL,NULL
VASC000000285900,2026-05-22T09:02:23Z,VASC202411192246131,入库非标增值（特批）,UNUSUAL,USWC5,USWC5 Warehouse,19336615,************************************,ES,Y,2026-05-21T21:48:46Z
VASC000000285921,2026-05-21T16:34:56Z,VASC202411192229072,库内非标增值（免审核）,INHOUSE,US0001,USWC Warehouse,16808197,***************************************,ES,NULL,NULL
VASC000000285924,2026-05-23T09:41:29Z,VASC202411192250069,库内非标增值（特批）,INHOUSE,EWD,AU Warehouse,19936832,*********************************,PD,Y,2026-05-22T21:08:52Z
VASC000000285936,2026-05-21T16:38:39Z,VASC202412171855563,出库非标增值（Anker）,OUTBOUND,DENW3,DENW3 Warehouse,16758605,****************************,PD,NULL,NULL
VASC000000285966,2026-05-22T14:51:28Z,VASC202411192250069,库内非标增值（特批）,INHOUSE,DEBR2,DEBR2 Warehouse,16958250,*************,ES,Y,2026-05-21T20:55:54Z
VASC000000286047,2026-05-21T17:27:50Z,VASC202411192253186,出庫非標增值（特批）,OUTBOUND,USWC2,USWC2 Warehouse,17806402,*****************************,CD,N,2026-05-21T19:40:51Z
VASC000000286053,2026-05-22T09:56:29Z,VASC202411192253186,出庫非標增值（特批）,OUTBOUND,USWC2,USWC2 Warehouse,17806402,*****************************,PD,Y,2026-05-21T19:42:50Z
VASC000000286131,2026-05-21T18:17:06Z,VASC202412061826084,Winit 尾程询价服务,OUTBOUND,USWC2,USWC2 Warehouse,17294398,*********,CD,Y,2026-05-22T05:46:30Z
VASC000000286137,2026-05-26T10:01:06Z,VASC202412061826084,Winit 尾程询价服务,OUTBOUND,UKGF,UKGF Warehouse,16643472,**************************,PD,Y,2026-05-21T20:28:31Z
VASC000000286140,2026-05-21T18:14:42Z,VASC202412171855563,出库非标增值（Anker）,OUTBOUND,UKGF,UKGF Warehouse,16643472,**************************,PD,NULL,NULL
VASC000000286158,2026-05-21T19:01:02Z,VASC202412171855563,出库非标增值（Anker）,OUTBOUND,DE0001,DE Warehouse,16758605,****************************,PD,NULL,NULL
VASC000000286161,2026-05-21T19:19:24Z,VASC202411192229072,库内非标增值（免审核）,INHOUSE,USGA,USGA Warehouse,18510153,**************,PD,NULL,NULL
VASC000000286179,2026-05-21T20:09:14Z,VASC202412171855563,出库非标增值（Anker）,OUTBOUND,UKGF,UKGF Warehouse,16643472,**************************,PD,NULL,NULL
VASC000000286182,2026-05-21T20:27:03Z,VASC202412171855563,出库非标增值（Anker）,OUTBOUND,UKGF,UKGF Warehouse,16643472,**************************,PD,NULL,NULL
VASC000000286185,2026-05-26T21:18:02Z,VASC202412061826084,Winit 尾程询价服务,OUTBOUND,UKGF,UKGF Warehouse,16643472,**************************,PD,Y,2026-05-26T16:33:07Z
VASC000000286188,2026-05-21T20:44:42Z,VASC202412171855563,出库非标增值（Anker）,OUTBOUND,UKGF,UKGF Warehouse,16643472,**************************,PD,NULL,NULL
VASC000000286191,2026-05-27T20:21:56Z,VASC202412061826084,Winit 尾程询价服务,OUTBOUND,UKGF,UKGF Warehouse,16643472,**************************,PD,Y,2026-05-26T16:32:22Z
VASC000000286194,2026-05-21T20:55:25Z,VASC202412171855563,出库非标增值（Anker）,OUTBOUND,UKGF,UKGF Warehouse,16643472,**************************,PD,NULL,NULL
VASC000000286197,2026-05-26T21:20:42Z,VASC202412061826084,Winit 尾程询价服务,OUTBOUND,UKGF,UKGF Warehouse,16643472,**************************,PD,Y,2026-05-26T16:31:44Z
VASC000000286200,2026-05-21T21:09:03Z,VASC202412171855563,出库非标增值（Anker）,OUTBOUND,UKGF,UKGF Warehouse,16643472,**************************,PD,NULL,NULL
VASC000000286203,2026-05-22T03:22:33Z,VASC202510151802079,审核出库单,OUTBOUND,USWC5,USWC5 Warehouse,18181075,***************************,PD,NULL,NULL
VASC000000286227,2026-05-25T10:53:23Z,VASC202411192246131,入库非标增值（特批）,UNUSUAL,DE0001,DE Warehouse,19263669,******************************,PD,Y,2026-05-22T19:56:32Z
VASC000000286392,2026-05-22T10:52:36Z,VASC202412171855563,出库非标增值（Anker）,OUTBOUND,DEBR2,DEBR2 Warehouse,16757165,****************************,PD,NULL,NULL
VASC000000286395,2026-05-22T10:53:00Z,VASC202412171855563,出库非标增值（Anker）,OUTBOUND,DEBR2,DEBR2 Warehouse,16757165,****************************,PD,NULL,NULL
VASC000000286398,2026-05-22T10:53:26Z,VASC202412171855563,出库非标增值（Anker）,OUTBOUND,DEBR2,DEBR2 Warehouse,16757165,****************************,PD,NULL,NULL
VASC000000286401,2026-05-22T10:53:51Z,VASC202412171855563,出库非标增值（Anker）,OUTBOUND,DEBR2,DEBR2 Warehouse,16757165,****************************,PD,NULL,NULL
VASC000000286416,2026-05-22T11:30:24Z,VASC202411192250069,库内非标增值（特批）,INHOUSE,USKY3,USKY3 Warehouse,17917419,*********,CD,N,2026-05-25T19:44:45Z
VASC000000286422,2026-05-22T11:58:12Z,VASC202411192246131,入库非标增值（特批）,INBOUND,USWC2,USWC2 Warehouse,17947071,***************************************,CD,N,2026-05-22T14:05:02Z
VASC000000286461,2026-05-22T15:02:30Z,VASC202411192253186,出库非标增值（特批）,OUTBOUND,DEBR2,DEBR2 Warehouse,11106073,***************************************,PD,Y,2026-05-22T14:49:30Z
VASC000000286470,2026-05-22T11:48:55Z,VASC202510151802079,审核出库单,OUTBOUND,US0001,USWC Warehouse,11107087,****************************,PD,NULL,NULL
VASC000000286473,2026-05-23T19:06:44Z,VASC202411192250069,库内非标增值（特批）,INHOUSE,USKY5,USKY5 Warehouse,19449476,************************************,PD,Y,2026-05-22T18:59:10Z
VASC000000286479,2026-05-27T20:03:45Z,VASC202412061826084,Winit 尾程询价服务,OUTBOUND,UKGF,UKGF Warehouse,16643472,**************************,PD,Y,2026-05-27T19:38:25Z
VASC000000286482,2026-05-22T11:59:23Z,VASC202412171855563,出库非标增值（Anker）,OUTBOUND,UKGF,UKGF Warehouse,16643472,**************************,CD,NULL,NULL
VASC000000286485,2026-05-22T12:01:32Z,VASC202412171855563,出库非标增值（Anker）,OUTBOUND,UKGF,UKGF Warehouse,16643472,**************************,PD,NULL,NULL
VASC000000286491,2026-05-27T19:43:53Z,VASC202412061826084,Winit 尾程询价服务,OUTBOUND,UKGF,UKGF Warehouse,16643472,**************************,PD,Y,2026-05-27T19:15:20Z
VASC000000286494,2026-05-22T12:33:36Z,VASC202412171855563,出库非标增值（Anker）,OUTBOUND,UKGF,UKGF Warehouse,16643472,**************************,PD,NULL,NULL
VASC000000286527,2026-05-22T15:28:07Z,VASC202411192246131,入库非标增值（特批）,UNUSUAL,DE0001,DE Warehouse,10005835,**********************,PD,Y,2026-05-22T14:14:26Z
VASC000000286557,2026-05-22T14:14:29Z,VASC202411192250069,库内非标增值（特批）,INHOUSE,USNJ2,USNJ2 Warehouse,18513540,**********************,CD,N,2026-05-25T18:34:20Z
VASC000000286566,2026-05-22T14:11:33Z,VASC202412171855563,出库非标增值（Anker）,OUTBOUND,DENW3,DENW3 Warehouse,16758605,****************************,PD,NULL,NULL
VASC000000286584,2026-05-22T14:17:52Z,VASC202510151802079,审核出库单,OUTBOUND,USWC5,USWC5 Warehouse,18181075,***************************,PD,NULL,NULL
VASC000000286587,2026-05-22T14:18:31Z,VASC202510151802079,审核出库单,OUTBOUND,USNJ2,USNJ2 Warehouse,18181075,***************************,PD,NULL,NULL
VASC000000286605,2026-05-22T14:30:10Z,VASC202412171855563,出库非标增值（Anker）,OUTBOUND,DEBR2,DEBR2 Warehouse,16757165,****************************,PD,NULL,NULL
VASC000000286620,2026-05-22T14:44:23Z,VASC202411271721537,入库非标拍照或提供视频,UNUSUAL,DEBR2,DEBR2 Warehouse,16757165,****************************,PD,NULL,NULL
VASC000000286626,2026-05-25T08:53:52Z,VASC202411192246131,入库非标增值（特批）,UNUSUAL,USGA,USGA Warehouse,19733794,******************************,PD,Y,2026-05-22T19:57:23Z
VASC000000286629,2026-05-22T14:47:44Z,VASC202412061826084,Winit 尾程询价服务,OUTBOUND,USWC2,USWC2 Warehouse,18734384,*********,CD,N,2026-05-23T09:28:26Z
VASC000000286650,2026-05-22T15:12:09Z,VASC202411192240522,上架前自提,UNUSUAL,US0001,USWC Warehouse,13947840,********************,PD,NULL,NULL
VASC000000286662,2026-05-22T15:14:30Z,VASC202411192246131,入库非标增值（特批）,UNUSUAL,USKY3,USKY3 Warehouse,10010281,***************************************,CD,NULL,NULL
VASC000000286677,2026-05-22T15:16:11Z,VASC202411192246131,入库非标增值（特批）,UNUSUAL,USKY3,USKY3 Warehouse,10010281,***************************************,CD,NULL,NULL
VASC000000286683,2026-05-22T15:22:42Z,VASC202411271721537,入库非标拍照或提供视频,INBOUND,USKY3,USKY3 Warehouse,19011452,*******************,PD,NULL,NULL
VASC000000286698,2026-05-22T15:25:05Z,VASC202412061826084,Winit 尾程询价服务,OUTBOUND,US0001,USWC Warehouse,19173941,************************,CD,Y,2026-05-23T09:40:13Z
VASC000000286713,2026-05-22T15:34:00Z,VASC202412171855563,出库非标增值（Anker）,OUTBOUND,UKGF,UKGF Warehouse,16643472,**************************,PD,NULL,NULL
VASC000000286722,2026-05-25T09:38:49Z,VASC202411192253186,出庫非標增值（特批）,OUTBOUND,USWC2,USWC2 Warehouse,17806402,*****************************,PD,Y,2026-05-22T18:44:15Z
VASC000000286725,2026-05-22T15:57:36Z,VASC202411192250069,库内非标增值（特批）,INHOUSE,USWC5,USWC5 Warehouse,19501625,***************************************,CD,Y,2026-05-22T21:01:33Z
VASC000000286728,2026-05-22T16:06:55Z,VASC202412061826084,Winit 尾程询价服务,OUTBOUND,CATO,CATO Warehouse,11109061,************************************,CD,NULL,NULL
VASC000000286755,2026-05-22T16:36:27Z,VASC202412061826084,Winit 尾程询价服务,OUTBOUND,CATO,CATO Warehouse,11109061,************************************,CD,NULL,NULL
VASC000000286758,2026-05-22T18:42:20Z,VASC202411192253186,出库非标增值（特批）,OUTBOUND,USKY3,USKY3 Warehouse,16585492,**************************,PD,Y,2026-05-22T18:35:57Z
VASC000000286764,2026-05-22T16:24:25Z,VASC202411192253186,出库非标增值（特批）,OUTBOUND,US0001,USWC Warehouse,15976241,************************************,CD,NULL,NULL
VASC000000286767,2026-05-22T16:25:04Z,VASC202411192253186,出库非标增值（特批）,OUTBOUND,US0001,USWC Warehouse,15976241,************************************,CD,NULL,NULL
VASC000000286776,2026-05-25T09:07:16Z,VASC202411192250069,库内非标增值（特批）,INHOUSE,USNJ2,USNJ2 Warehouse,18513540,**********************,PD,Y,2026-05-22T19:17:55Z
VASC000000286797,2026-05-22T16:53:28Z,VASC202411192253186,出库非标增值（特批）,OUTBOUND,USNJ2,USNJ2 Warehouse,18513540,**********************,CD,NULL,NULL
VASC000000286815,2026-05-22T17:09:50Z,VASC202411192253186,出库非标增值（特批）,OUTBOUND,CATO,CATO Warehouse,11109061,************************************,CD,NULL,NULL
VASC000000286818,2026-05-22T17:13:24Z,VASC202412061826084,Winit 尾程询价服务,OUTBOUND,CATO,CATO Warehouse,11109061,************************************,CD,N,2026-05-28T21:44:56Z
VASC000000286833,2026-05-26T08:48:14Z,VASC202411192250069,库内非标增值（特批）,INHOUSE,DEBR2,DEBR2 Warehouse,12568164,***************************************,PD,Y,2026-05-25T17:39:05Z
VASC000000286839,2026-05-22T17:25:18Z,VASC202412171855563,出库非标增值（Anker）,OUTBOUND,UKGF,UKGF Warehouse,16643472,**************************,PD,NULL,NULL
VASC000000286845,2026-05-22T18:49:51Z,VASC202411192250069,库内非标增值（特批）,INHOUSE,USNJ2,USNJ2 Warehouse,18513540,**********************,PD,Y,2026-05-22T18:47:10Z
VASC000000286848,2026-05-26T18:04:50Z,VASC202411192250069,库内非标增值（特批）,INHOUSE,USNJ2,USNJ2 Warehouse,18513540,**********************,PD,Y,2026-05-26T15:07:39Z
VASC000000286854,2026-05-22T17:40:34Z,VASC202412171855563,出库非标增值（Anker）,OUTBOUND,DE0001,DE Warehouse,16758605,****************************,PD,NULL,NULL
VASC000000286872,2026-05-25T10:53:37Z,VASC202411192246131,入库非标增值（特批）,INBOUND,DEBR2,DEBR2 Warehouse,19263669,******************************,PD,Y,2026-05-22T20:22:11Z
VASC000000286878,2026-05-25T12:55:06Z,VASC202411192253186,出库非标增值（特批）,OUTBOUND,US0001,USWC Warehouse,15976241,************************************,PD,Y,2026-05-25T12:25:52Z
VASC000000286881,2026-05-25T12:55:56Z,VASC202411192253186,出库非标增值（特批）,OUTBOUND,US0001,USWC Warehouse,15976241,************************************,PD,Y,2026-05-25T12:26:26Z
VASC000000286884,2026-05-25T15:37:39Z,VASC202411192253186,出库非标增值（特批）,OUTBOUND,DE0001,DE Warehouse,16758605,****************************,PD,Y,2026-05-22T19:05:50Z
VASC000000286890,2026-05-27T08:40:46Z,VASC202411192246131,入库非标增值（特批）,UNUSUAL,UKTW,UKTW Warehouse,18087443,**************************,PD,Y,2026-05-26T17:34:05Z
VASC000000286893,2026-05-29T18:51:44Z,VASC202412061826084,Winit 尾程询价服务,OUTBOUND,UKGF,UKGF Warehouse,16643472,**************************,PD,Y,2026-05-28T16:56:08Z
VASC000000286899,2026-05-22T18:21:11Z,VASC202412171855563,出库非标增值（Anker）,OUTBOUND,UKGF,UKGF Warehouse,16643472,**************************,PD,NULL,NULL
VASC000000286902,2026-05-25T10:05:44Z,VASC202411192253186,出库非标增值（特批）,OUTBOUND,US0001,USWC Warehouse,18425455,*********,PD,Y,2026-05-22T19:38:41Z
VASC000000286905,2026-05-22T21:26:52Z,VASC202411192250069,庫內非標增值（特批）,INHOUSE,USKY3,USKY3 Warehouse,17872346,**********************,PD,Y,2026-05-22T21:24:29Z
VASC000000286914,2026-05-22T18:34:50Z,VASC202412171855563,出库非标增值（Anker）,OUTBOUND,UKGF,UKGF Warehouse,16643472,**************************,PD,NULL,NULL
VASC000000286917,2026-05-25T10:05:39Z,VASC202411192253186,出库非标增值（特批）,OUTBOUND,USNJ2,USNJ2 Warehouse,18425455,*********,PD,Y,2026-05-22T19:41:20Z
VASC000000286923,2026-05-22T18:48:22Z,VASC202510151802079,审核出库单,OUTBOUND,USNJ2,USNJ2 Warehouse,18513540,**********************,PD,NULL,NULL
VASC000000286929,2026-05-22T19:31:44Z,VASC202412171855563,出库非标增值（Anker）,OUTBOUND,UKGF,UKGF Warehouse,16643472,**************************,CD,NULL,NULL
VASC000000286989,2026-05-23T10:25:17Z,VASC202411192246131,入库非标增值（特批）,UNUSUAL,DEBR2,DEBR2 Warehouse,11101154,*********************************************,CD,Y,2026-05-25T16:35:45Z
VASC000000286998,2026-05-26T23:34:16Z,VASC202412061826084,Winit 尾程询价服务,OUTBOUND,USTX,USTX Warehouse,19046105,******************************,PD,Y,2026-05-26T23:20:44Z
VASC000000287004,2026-05-26T18:28:07Z,VASC202411192250069,库内非标增值（特批）,INHOUSE,DEBR2,DEBR2 Warehouse,19376789,*********************************,PD,Y,2026-05-26T17:55:50Z
VASC000000287016,2026-05-23T10:57:39Z,VASC202411192250069,库内非标增值（特批）,INHOUSE,EWD,AU Warehouse,19376789,*********************************,CD,N,2026-05-26T17:21:03Z
VASC000000287082,2026-05-27T10:00:54Z,VASC202411192246131,入库非标增值（特批）,UNUSUAL,USKY3,USKY3 Warehouse,10005185,*********************************,PD,Y,2026-05-26T15:45:27Z
VASC000000287094,2026-05-23T15:10:43Z,VASC202411192250069,库内非标增值（特批）,INHOUSE,USKY3,USKY3 Warehouse,19011452,*******************,CD,N,2026-05-29T15:58:40Z
VASC000000287130,2026-05-26T23:34:22Z,VASC202412061826084,Winit 尾程询价服务,OUTBOUND,USTX,USTX Warehouse,19046105,******************************,PD,Y,2026-05-26T23:17:11Z
VASC000000287241,2026-05-25T10:21:38Z,VASC202411192229072,库内非标增值（免审核）,INHOUSE,USKY5,USKY5 Warehouse,18772423,*********,PD,NULL,NULL
VASC000000287250,2026-05-26T14:19:43Z,VASC202412061826084,Winit 尾程询价服务,OUTBOUND,USWC2,USWC2 Warehouse,18734384,*********,PD,Y,2026-05-26T00:18:45Z
VASC000000287262,2026-05-25T10:46:13Z,VASC202411192250069,库内非标增值（特批）,INHOUSE,US0001,USWC Warehouse,18431848,***************************************,CD,N,2026-05-25T19:42:12Z
VASC000000287274,2026-05-26T16:20:07Z,VASC202411192250069,库内非标增值（特批）,INHOUSE,US0001,USWC Warehouse,13947840,********************,PD,Y,2026-05-25T21:15:50Z
VASC000000287280,2026-05-25T10:54:54Z,VASC202411192250069,库内非标增值（特批）,INHOUSE,DE0001,DE Warehouse,18397068,*********************************,CD,N,2026-05-26T15:41:24Z
VASC000000287304,2026-05-27T19:31:01Z,VASC202412061826084,Winit 尾程询价服务,OUTBOUND,UKGF,UKGF Warehouse,16643472,**************************,PD,Y,2026-05-26T16:30:57Z
VASC000000287307,2026-05-25T10:57:04Z,VASC202510151802079,审核出库单,OUTBOUND,USKY3,USKY3 Warehouse,19365446,************************************,PD,NULL,NULL
VASC000000287310,2026-05-25T10:58:51Z,VASC202412171855563,出库非标增值（Anker）,OUTBOUND,UKGF,UKGF Warehouse,16643472,**************************,PD,NULL,NULL
VASC000000287319,2026-05-25T11:24:25Z,VASC202412111838036,非标收费,INHOUSE,UKGF,UKGF Warehouse,16643472,**************************,PD,Y,2026-05-25T11:24:25Z
VASC000000287325,2026-05-25T11:23:08Z,VASC202412111838036,非标收费,INHOUSE,UKGF,UKGF Warehouse,16643472,**************************,PD,Y,2026-05-25T11:23:08Z
VASC000000287337,2026-05-25T11:21:49Z,VASC202412111838036,非标收费,INHOUSE,UKGF,UKGF Warehouse,16643472,**************************,PD,Y,2026-05-25T11:21:49Z
VASC000000287343,2026-05-25T11:21:15Z,VASC202412111838036,非标收费,INHOUSE,UKGF,UKGF Warehouse,16643472,**************************,PD,Y,2026-05-25T11:21:15Z
VASC000000287346,2026-05-25T11:22:29Z,VASC202412111838036,非标收费,INHOUSE,UKGF,UKGF Warehouse,16643472,**************************,PD,Y,2026-05-25T11:22:28Z
VASC000000287352,2026-05-25T11:23:47Z,VASC202412111838036,非标收费,INHOUSE,UKGF,UKGF Warehouse,16643472,**************************,PD,Y,2026-05-25T11:23:47Z
VASC000000287355,2026-05-28T16:21:17Z,VASC202412061826084,Winit 尾程询价服务,OUTBOUND,UKGF,UKGF Warehouse,16643472,**************************,PD,Y,2026-05-27T18:29:29Z
VASC000000287364,2026-06-04T15:02:53Z,VASC202411192250069,库内非标增值（特批）,INHOUSE,DEBR2,DEBR2 Warehouse,16757165,****************************,PD,Y,2026-05-25T16:56:28Z
VASC000000287367,2026-05-27T18:53:46Z,VASC202412111838036,非标收费,INHOUSE,DEBR2,DEBR2 Warehouse,16958250,*************,PD,Y,2026-05-27T18:53:46Z
VASC000000287370,2026-05-27T18:54:31Z,VASC202412111838036,非标收费,INHOUSE,DEBR2,DEBR2 Warehouse,16958250,*************,PD,Y,2026-05-27T18:54:31Z
VASC000000287382,2026-05-28T16:20:59Z,VASC202412061826084,Winit 尾程询价服务,OUTBOUND,UKGF,UKGF Warehouse,16643472,**************************,PD,Y,2026-05-27T18:24:12Z
VASC000000287439,2026-05-25T14:26:07Z,VASC202411192229072,库内非标增值（免审核）,INHOUSE,US0001,USWC Warehouse,10010268,*********************************,PD,NULL,NULL
VASC000000287442,2026-05-27T13:49:01Z,VASC202411192246131,入库非标增值（特批）,UNUSUAL,USGA,USGA Warehouse,19733794,******************************,PD,Y,2026-05-26T10:54:39Z
VASC000000287454,2026-05-25T17:01:43Z,VASC202411192246131,入库非标增值（特批）,INBOUND,USKY3,USKY3 Warehouse,19164627,************************,PD,Y,2026-05-25T16:50:17Z
VASC000000287538,2026-05-25T15:01:41Z,VASC202411192250069,库内非标增值（特批）,INHOUSE,USGA,USGA Warehouse,16903840,***************************************,CD,Y,2026-05-25T20:52:31Z
VASC000000287592,2026-05-25T15:10:55Z,VASC202412171855563,出库非标增值（Anker）,OUTBOUND,DE0001,DE Warehouse,16758605,****************************,CD,NULL,NULL
VASC000000287598,2026-05-25T15:16:10Z,VASC202412171855563,出库非标增值（Anker）,OUTBOUND,DENW3,DENW3 Warehouse,16758605,****************************,PD,NULL,NULL
VASC000000287601,2026-05-25T15:18:30Z,VASC202412171855563,出库非标增值（Anker）,OUTBOUND,DE0001,DE Warehouse,16758605,****************************,PD,NULL,NULL
VASC000000287604,2026-05-25T16:16:29Z,VASC202510211517514,无主货找回,INHOUSE,EWD,AU Warehouse,12113560,******************************,PD,NULL,NULL
VASC000000287616,2026-05-26T13:39:46Z,VASC202411192246131,入库非标增值（特批）,UNUSUAL,USKY3,USKY3 Warehouse,11988225,***************************************,PD,Y,2026-05-25T20:10:30Z
VASC000000287625,2026-05-25T16:01:19Z,VASC202411192250069,庫內非標增值（特批）,INHOUSE,USKY3,USKY3 Warehouse,17872346,**********************,CD,NULL,NULL
VASC000000287634,2026-05-25T16:00:22Z,VASC202411192229072,库内非标增值（免审核）,INHOUSE,USWC5,USWC5 Warehouse,18475933,******************,PD,NULL,NULL
VASC000000287646,2026-05-25T16:06:10Z,VASC202510151802079,审核出库单,OUTBOUND,EWD,AU Warehouse,19936832,*********************************,PD,NULL,NULL
VASC000000287649,2026-05-26T13:38:33Z,VASC202411192246131,入库非标增值（特批）,UNUSUAL,USKY3,USKY3 Warehouse,11988225,***************************************,PD,Y,2026-05-25T19:59:57Z
VASC000000287661,2026-05-25T16:17:00Z,VASC202411271721537,入库非标拍照或提供视频,INBOUND,USGA,USGA Warehouse,18513540,**********************,PD,NULL,NULL
VASC000000287664,2026-05-25T16:16:04Z,VASC202411192229072,库内非标增值（免审核）,INHOUSE,DE0001,DE Warehouse,14443204,******************************,ES,NULL,NULL
VASC000000287691,2026-05-25T16:34:30Z,VASC202412111836315,库内非标增值（需审核）,INHOUSE,US0001,USWC Warehouse,11177690,******************************,CD,N,2026-05-28T20:34:45Z
VASC000000287712,2026-05-25T16:39:17Z,VASC202412171855563,出库非标增值（Anker）,OUTBOUND,DE0001,DE Warehouse,16758605,****************************,PD,NULL,NULL
VASC000000287730,2026-05-26T08:52:44Z,VASC202412061826084,Winit 尾程询价服务,OUTBOUND,USWC5,USWC5 Warehouse,19336615,************************************,PD,Y,2026-05-26T04:41:53Z
VASC000000287745,2026-05-25T17:15:32Z,VASC202412061826084,Winit 尾程询价服务,OUTBOUND,USKY5,USKY5 Warehouse,18734384,*********,CD,Y,2026-05-25T23:01:59Z
VASC000000287751,2026-05-25T17:26:32Z,VASC202412171855563,出库非标增值（Anker）,OUTBOUND,UKGF,UKGF Warehouse,16643472,**************************,PD,NULL,NULL
VASC000000287754,2026-05-26T17:13:57Z,VASC202411192246131,入库非标增值（特批）,UNUSUAL,USWC5,USWC5 Warehouse,19104098,**************************,ES,Y,2026-05-26T15:29:52Z
VASC000000287760,2026-05-26T09:14:28Z,VASC202411192246131,入库非标增值（特批）,UNUSUAL,USNJ2,USNJ2 Warehouse,19104098,***************,PD,Y,2026-05-25T20:43:29Z
VASC000000287763,2026-05-25T17:31:59Z,VASC202412061826084,Winit 尾程询价服务,OUTBOUND,DEBR2,DEBR2 Warehouse,16757165,****************************,CD,N,2026-05-26T20:25:57Z
VASC000000287775,2026-05-27T11:47:21Z,VASC202411192253186,出库非标增值（特批）,OUTBOUND,US0001,USWC Warehouse,16003101,******************************,PD,Y,2026-05-25T21:06:58Z
VASC000000287784,2026-05-25T18:10:43Z,VASC202412061826084,Winit 尾程询价服务,OUTBOUND,DE0001,DE Warehouse,10006189,*****************************,CD,NULL,NULL
VASC000000287787,2026-05-25T18:20:10Z,VASC202411192250069,库内非标增值（特批）,INHOUSE,US0001,USWC Warehouse,12198028,*********,CD,Y,2026-05-27T14:26:43Z
VASC000000287793,2026-05-25T18:21:12Z,VASC202412171855563,出库非标增值（Anker）,OUTBOUND,UKGF,UKGF Warehouse,16643472,**************************,PD,NULL,NULL
VASC000000287805,2026-05-26T13:38:14Z,VASC202411192246131,入库非标增值（特批）,UNUSUAL,USKY3,USKY3 Warehouse,11988225,***************************************,PD,Y,2026-05-25T21:53:55Z
VASC000000287808,2026-05-25T18:42:54Z,VASC202412061826084,Winit 尾程询价服务,OUTBOUND,USWC5,USWC5 Warehouse,19734474,*********************************************,CD,Y,2026-05-26T04:46:00Z
VASC000000287811,2026-05-27T16:23:06Z,VASC202411192246131,入库非标增值（特批）,UNUSUAL,USKY3,USKY3 Warehouse,11988225,***************************************,PD,Y,2026-05-26T20:35:52Z
VASC000000287814,2026-05-27T16:23:20Z,VASC202411192246131,入库非标增值（特批）,UNUSUAL,USKY3,USKY3 Warehouse,11988225,***************************************,PD,Y,2026-05-26T20:21:31Z
VASC000000287820,2026-05-25T19:50:33Z,VASC202411192253186,出库非标增值（特批）,OUTBOUND,USKY5,USKY5 Warehouse,1008855,******,CD,N,2026-05-25T20:54:01Z
VASC000000287841,2026-05-25T21:17:21Z,VASC202412111838036,非标收费,INHOUSE,DE0001,DE Warehouse,16958250,*************,CD,NULL,NULL
VASC000000287844,2026-05-25T21:34:31Z,VASC202605251438175,代理清关(非标),OUTBOUND,DE0001,DE Warehouse,10006189,*****************************,PD,Y,2026-05-25T21:34:31Z
VASC000000287847,2026-05-25T22:34:19Z,VASC202411192253186,出库非标增值（特批）,OUTBOUND,USKY5,USKY5 Warehouse,1008855,******,CD,N,2026-05-26T11:11:18Z
VASC000000287865,2026-05-25T23:07:19Z,VASC202411192253186,出库非标增值（特批）,OUTBOUND,USKY5,USKY5 Warehouse,1008855,******,CD,NULL,NULL
VASC000000287955,2026-05-26T16:19:43Z,VASC202411192246131,入库非标增值（特批）,INBOUND,US0001,USWC Warehouse,13947840,********************,PD,Y,2026-05-26T15:49:01Z
VASC000000287970,2026-05-26T16:19:31Z,VASC202411192246131,入库非标增值（特批）,INBOUND,US0001,USWC Warehouse,13947840,********************,PD,Y,2026-05-26T11:45:03Z
VASC000000287979,2026-05-26T10:28:00Z,VASC202411271721537,入庫非標拍照或提供視頻,INBOUND,DEBR2,DEBR2 Warehouse,17615733,**************************************,PD,NULL,NULL
VASC000000287982,2026-05-27T18:07:35Z,VASC202411192250069,库内非标增值（特批）,INHOUSE,UKTW,UKTW Warehouse,12723594,***************************************,PD,Y,2026-05-27T17:43:17Z
VASC000000287994,2026-05-28T16:21:09Z,VASC202412061826084,Winit 尾程询价服务,OUTBOUND,UKGF,UKGF Warehouse,16643472,**************************,PD,Y,2026-05-27T18:22:36Z
VASC000000287997,2026-05-29T08:55:41Z,VASC202411192250069,库内非标增值（特批）,INHOUSE,EWD,AU Warehouse,18397068,*********************************,PD,Y,2026-05-26T20:51:18Z
VASC000000288018,2026-05-27T17:36:56Z,VASC202411192250069,库内非标增值（特批）,INHOUSE,EWD,AU Warehouse,16585492,**************************,CD,Y,2026-05-27T17:28:16Z
VASC000000288030,2026-05-26T11:34:16Z,VASC202411271721537,入库非标拍照或提供视频,INBOUND,USKY3,USKY3 Warehouse,11103694,***************************,PD,NULL,NULL
VASC000000288048,2026-05-26T11:57:32Z,VASC202411192250069,库内非标增值（特批）,INHOUSE,USWC5,USWC5 Warehouse,19638637,*********************************,CD,NULL,NULL
VASC000000288051,2026-05-28T09:03:30Z,VASC202412061826084,Winit 尾程询价服务,OUTBOUND,USWC5,USWC5 Warehouse,19734474,*********************************************,PD,Y,2026-05-27T12:55:15Z
VASC000000288054,2026-05-26T11:50:08Z,VASC202412061826084,Winit 尾程询价服务,OUTBOUND,USWC5,USWC5 Warehouse,19734474,*********************************************,CD,Y,2026-05-27T13:01:49Z
VASC000000288066,2026-05-26T12:05:32Z,VASC202510211517514,无主货找回,INHOUSE,UKTW,UKTW Warehouse,17176626,******************************,PD,NULL,NULL
VASC000000288069,2026-05-26T12:12:40Z,VASC202412171855563,出库非标增值（Anker）,OUTBOUND,DENW3,DENW3 Warehouse,16758605,****************************,PD,NULL,NULL
VASC000000288072,2026-05-26T17:54:40Z,VASC202411192253186,出库非标增值（特批）,OUTBOUND,USKY5,USKY5 Warehouse,1008855,******,PD,Y,2026-05-26T16:09:11Z
VASC000000288087,2026-05-26T13:57:07Z,VASC202411192250069,库内非标增值（特批）,INHOUSE,DEBR2,DEBR2 Warehouse,18028902,*********,CD,N,2026-05-28T20:31:15Z
VASC000000288090,2026-05-26T14:00:24Z,VASC202411271721537,入库非标拍照或提供视频,INBOUND,DEBR2,DEBR2 Warehouse,1006076,************************,ES,NULL,NULL
VASC000000288099,2026-05-26T13:56:06Z,VASC202412171855563,出库非标增值（Anker）,OUTBOUND,DE0001,DE Warehouse,16758605,****************************,PD,NULL,NULL
VASC000000288126,2026-05-27T16:49:19Z,VASC202411192250069,库内非标增值（特批）,INHOUSE,USWC5,USWC5 Warehouse,19638637,*********************************,PD,Y,2026-05-27T16:31:49Z
VASC000000288183,2026-05-27T15:31:14Z,VASC202411192250069,庫內非標增值（特批）,INHOUSE,USKY3,USKY3 Warehouse,17872346,**********************,PD,Y,2026-05-27T15:14:14Z
VASC000000288186,2026-05-26T16:21:30Z,VASC202411192253186,出库非标增值（特批）,OUTBOUND,USGA,USGA Warehouse,18513540,**********************,CD,Y,2026-05-26T16:47:59Z
VASC000000288192,2026-05-27T09:49:26Z,VASC202411192246131,入库非标增值（特批）,UNUSUAL,USKY3,USKY3 Warehouse,10010281,***************************************,PD,Y,2026-05-26T20:08:15Z
VASC000000288195,2026-05-26T16:18:07Z,VASC202412171855563,出库非标增值（Anker）,OUTBOUND,UKGF,UKGF Warehouse,16643472,**************************,PD,NULL,NULL
VASC000000288198,2026-05-26T16:45:47Z,VASC202510211517514,无主货找回,INHOUSE,USGA,USGA Warehouse,17939822,************************************,ES,NULL,NULL
VASC000000288237,2026-05-26T17:26:58Z,VASC202411192253186,出库非标增值（特批）,OUTBOUND,USGA,USGA Warehouse,18513540,**********************,ES,Y,2026-05-26T17:05:35Z
VASC000000288261,2026-05-28T19:36:47Z,VASC202412061826084,Winit 尾程询价服务,OUTBOUND,UKGF,UKGF Warehouse,16643472,**************************,PD,Y,2026-05-27T19:43:20Z
VASC000000288264,2026-05-26T17:28:37Z,VASC202412171855563,出库非标增值（Anker）,OUTBOUND,UKGF,UKGF Warehouse,16643472,**************************,PD,NULL,NULL
VASC000000288273,2026-05-26T17:45:04Z,VASC202411192250069,库内非标增值（特批）,INHOUSE,UKGF,UKGF Warehouse,19263669,******************************,CD,NULL,NULL
VASC000000288282,2026-05-26T17:48:47Z,VASC202412171855563,出库非标增值（Anker）,OUTBOUND,UKGF,UKGF Warehouse,16643472,**************************,PD,NULL,NULL
VASC000000288285,2026-05-26T17:49:36Z,VASC202412171855563,出库非标增值（Anker）,OUTBOUND,UKGF,UKGF Warehouse,16643472,**************************,PD,NULL,NULL
VASC000000288288,2026-05-26T17:50:29Z,VASC202412171855563,出库非标增值（Anker）,OUTBOUND,UKGF,UKGF Warehouse,16643472,**************************,PD,NULL,NULL
VASC000000288291,2026-05-26T17:51:11Z,VASC202412171855563,出库非标增值（Anker）,OUTBOUND,UKGF,UKGF Warehouse,16643472,**************************,PD,NULL,NULL
VASC000000288297,2026-05-26T17:51:29Z,VASC202510151802079,审核出库单,OUTBOUND,USWC5,USWC5 Warehouse,19104098,***************,PD,NULL,NULL
VASC000000288300,2026-05-26T17:56:12Z,VASC202510211517514,无主货找回,INHOUSE,DEBR2,DEBR2 Warehouse,16757165,****************************,ES,NULL,NULL
VASC000000288312,2026-05-27T09:15:57Z,VASC202411192246131,入库非标增值（特批）,UNUSUAL,USWC5,USWC5 Warehouse,19104098,***************,PD,Y,2026-05-26T21:20:32Z
VASC000000288318,2026-05-26T18:10:47Z,VASC202412171855563,出库非标增值（Anker）,OUTBOUND,DEBR2,DEBR2 Warehouse,16757165,****************************,PD,NULL,NULL
VASC000000288327,2026-05-26T18:15:06Z,VASC202510151802079,审核出库单,OUTBOUND,DEBR2,DEBR2 Warehouse,16757165,****************************,PD,NULL,NULL
VASC000000288330,2026-05-26T18:25:58Z,VASC202412171855563,出库非标增值（Anker）,OUTBOUND,UKGF,UKGF Warehouse,16643472,**************************,PD,NULL,NULL
VASC000000288339,2026-05-26T18:39:01Z,VASC202412061826084,Winit 尾程询价服务,OUTBOUND,UKGF,UKGF Warehouse,19563137,***********************************,CD,Y,2026-05-28T02:30:24Z
VASC000000288342,2026-05-27T15:55:41Z,VASC202411192250069,库内非标增值（特批）,INHOUSE,EWD,AU Warehouse,19376789,*********************************,PD,Y,2026-05-27T15:23:53Z
VASC000000288348,2026-05-26T19:00:30Z,VASC202412171855563,出库非标增值（Anker）,OUTBOUND,UKGF,UKGF Warehouse,16643472,**************************,PD,NULL,NULL
VASC000000288372,2026-05-29T18:00:33Z,VASC202412061826084,Winit 尾程询价服务,OUTBOUND,UKGF,UKGF Warehouse,16643472,**************************,PD,Y,2026-05-27T19:41:02Z
VASC000000288375,2026-05-26T20:03:47Z,VASC202412171855563,出库非标增值（Anker）,OUTBOUND,UKGF,UKGF Warehouse,16643472,**************************,ES,NULL,NULL
VASC000000288378,2026-05-26T20:25:28Z,VASC202510151802079,审核出库单,OUTBOUND,DEBR2,DEBR2 Warehouse,18607532,*********************************,PD,NULL,NULL
VASC000000288384,2026-05-26T20:41:52Z,VASC202412171855563,出库非标增值（Anker）,OUTBOUND,DENW3,DENW3 Warehouse,16758605,****************************,PD,NULL,NULL
VASC000000288387,2026-05-26T20:48:18Z,VASC202412171855563,出库非标增值（Anker）,OUTBOUND,UKGF,UKGF Warehouse,16643472,**************************,PD,NULL,NULL
VASC000000288438,2026-05-26T23:16:56Z,VASC202411192253186,出库非标增值（特批）,OUTBOUND,USKY5,USKY5 Warehouse,18283647,******,CD,Y,2026-05-27T11:18:09Z
VASC000000288513,2026-05-27T09:33:39Z,VASC202411192250069,库内非标增值（特批）,INHOUSE,AUME,AUME Warehouse,17225006,*********,CD,Y,2026-05-27T11:51:16Z
VASC000000288564,2026-05-28T09:08:24Z,VASC202412061826084,Winit 尾程询价服务,OUTBOUND,USKY5,USKY5 Warehouse,18734384,*********,PD,Y,2026-05-28T03:59:56Z
VASC000000288597,2026-05-27T10:34:52Z,VASC202510151802079,审核出库单,OUTBOUND,USNJ2,USNJ2 Warehouse,18513540,**********************,PD,NULL,NULL
VASC000000288603,2026-05-27T10:49:16Z,VASC202510151802079,审核出库单,OUTBOUND,USWC2,USWC2 Warehouse,19376789,*********************************,PD,NULL,NULL
VASC000000288609,2026-05-28T15:15:01Z,VASC202412061826084,Winit 尾程询价服务,OUTBOUND,UKTW,UKTW Warehouse,18087443,**************************,PD,Y,2026-05-27T20:58:33Z
VASC000000288612,2026-05-27T16:17:08Z,VASC202411192253186,出库非标增值（特批）,OUTBOUND,DEBR2,DEBR2 Warehouse,11106073,***************************************,PD,Y,2026-05-27T14:18:16Z
VASC000000288621,2026-05-27T16:17:00Z,VASC202411192253186,出库非标增值（特批）,OUTBOUND,DEBR2,DEBR2 Warehouse,11106073,***************************************,PD,Y,2026-05-27T14:18:33Z
VASC000000288624,2026-05-27T11:13:40Z,VASC202411192250069,库内非标增值（特批）,INHOUSE,USWC5,USWC5 Warehouse,19501625,***************************************,CD,N,2026-06-01T12:17:50Z
VASC000000288642,2026-05-27T13:59:16Z,VASC202411192253186,出库非标增值（特批）,OUTBOUND,USKY5,USKY5 Warehouse,18283647,******,PD,Y,2026-05-27T11:30:37Z
VASC000000288663,2026-05-27T12:30:19Z,VASC202411192250069,库内非标增值（特批）,INHOUSE,AUME,AUME Warehouse,17225006,*********,PD,Y,2026-05-27T12:22:57Z
VASC000000288696,2026-05-27T18:44:58Z,VASC202411192246131,入库非标增值（特批）,UNUSUAL,EWD,AU Warehouse,19966630,************************,CD,NULL,NULL
VASC000000288735,2026-05-27T20:47:32Z,VASC202605251438175,代理清关(非标),OUTBOUND,DEBR2,DEBR2 Warehouse,16958250,*************,PD,Y,2026-05-27T20:47:32Z
VASC000000288738,2026-05-29T18:38:17Z,VASC202411192246131,入库非标增值（特批）,UNUSUAL,USWC5,USWC5 Warehouse,19296066,******************************,PD,Y,2026-05-28T14:37:20Z
VASC000000288741,2026-05-28T17:57:06Z,VASC202605251438175,代理清关(非标),OUTBOUND,DEBR2,DEBR2 Warehouse,16958250,*************,PD,Y,2026-05-28T17:57:06Z
VASC000000288753,2026-05-28T09:49:17Z,VASC202411192250069,库内非标增值（特批）,INHOUSE,AUME,AUME Warehouse,17225006,*********,PD,Y,2026-05-27T17:13:12Z
VASC000000288759,2026-06-05T10:56:24Z,VASC202412111838036,非标收费,INHOUSE,UKGF,UKGF Warehouse,16643472,**************************,PD,Y,2026-06-05T10:56:23Z
VASC000000288831,2026-05-27T15:13:05Z,VASC202411271721537,入库非标拍照或提供视频,INBOUND,UKTW,UKTW Warehouse,17083155,*********************,PD,NULL,NULL
VASC000000288834,2026-06-08T11:17:06Z,VASC202411192250069,库内非标增值（特批）,INHOUSE,USWC5,USWC5 Warehouse,18870935,************,PD,Y,2026-05-27T20:04:42Z
VASC000000288855,2026-05-27T15:26:43Z,VASC202412061826084,Winit 尾程询价服务,OUTBOUND,USWC5,USWC5 Warehouse,19734474,*********************************************,CD,Y,2026-05-28T07:42:54Z
VASC000000288867,2026-06-01T11:03:04Z,VASC202412061826084,Winit 尾程询价服务,OUTBOUND,EWD,AU Warehouse,10011506,***************************************,PD,Y,2026-05-29T17:49:17Z
VASC000000288885,2026-05-27T16:35:12Z,VASC202510151802079,审核出库单,OUTBOUND,EWD,AU Warehouse,19376789,*********************************,PD,NULL,NULL
VASC000000288891,2026-05-27T16:36:14Z,VASC202510151802079,审核出库单,OUTBOUND,DEBR2,DEBR2 Warehouse,19376789,*********************************,PD,NULL,NULL
VASC000000288897,2026-05-27T16:44:43Z,VASC202411192253186,出库非标增值（特批）,OUTBOUND,USGA,USGA Warehouse,18513540,**********************,CD,NULL,NULL
VASC000000288912,2026-05-30T18:45:23Z,VASC202411192250069,库内非标增值（特批）,INHOUSE,US0001,USWC Warehouse,12198028,*********,ES,Y,2026-05-28T20:28:34Z
VASC000000288924,2026-05-27T17:12:51Z,VASC202603131537445,彩盒外箱出库加贴UPC标签,OUTBOUND,USGA,USGA Warehouse,18513540,**********************,CD,NULL,NULL
VASC000000288933,2026-05-27T17:17:16Z,VASC202411192253186,出库非标增值（特批）,OUTBOUND,USGA,USGA Warehouse,11934046,***************************************,CD,NULL,NULL
VASC000000288945,2026-05-27T17:36:34Z,VASC202411271721537,入库非标拍照或提供视频,UNUSUAL,US0001,USWC Warehouse,11103694,***************************,PD,NULL,NULL
VASC000000288948,2026-05-27T17:39:11Z,VASC202411271721537,入库非标拍照或提供视频,UNUSUAL,USKY3,USKY3 Warehouse,11103694,***************************,PD,NULL,NULL
VASC000000288951,2026-05-27T17:40:15Z,VASC202411271721537,入库非标拍照或提供视频,UNUSUAL,USKY3,USKY3 Warehouse,11103694,***************************,PD,NULL,NULL
VASC000000288954,2026-05-28T08:52:34Z,VASC202411192246131,入库非标增值（特批）,UNUSUAL,USWC5,USWC5 Warehouse,19336615,************************************,PD,Y,2026-05-27T20:13:17Z
VASC000000288960,2026-05-28T10:55:16Z,VASC202411192250069,库内非标增值（特批）,INHOUSE,EWD,AU Warehouse,16585492,**************************,PD,Y,2026-05-27T20:13:21Z
VASC000000288978,2026-05-27T18:00:14Z,VASC202510151802079,审核出库单,OUTBOUND,USWC5,USWC5 Warehouse,19638637,*********************************,PD,NULL,NULL
VASC000000288981,2026-05-27T18:00:45Z,VASC202510151802079,审核出库单,OUTBOUND,USWC5,USWC5 Warehouse,19638637,*********************************,PD,NULL,NULL
VASC000000288984,2026-05-27T18:10:45Z,VASC202412171855563,出库非标增值（Anker）,OUTBOUND,UKGF,UKGF Warehouse,16643472,**************************,PD,NULL,NULL
VASC000000288987,2026-05-27T18:30:39Z,VASC202603131537445,彩盒外箱出库加贴UPC标签,OUTBOUND,USGA,USGA Warehouse,18513540,**********************,ES,NULL,NULL
VASC000000289002,2026-05-28T20:13:04Z,VASC202411192250069,库内非标增值（特批）,INHOUSE,USNJ2,USNJ2 Warehouse,18513540,**********************,PD,Y,2026-05-28T20:02:27Z
VASC000000289017,2026-05-27T19:58:06Z,VASC202412171855563,出库非标增值（Anker）,OUTBOUND,UKGF,UKGF Warehouse,16643472,**************************,PD,NULL,NULL
VASC000000289026,2026-05-27T20:53:27Z,VASC202412171855563,出库非标增值（Anker）,OUTBOUND,DENW3,DENW3 Warehouse,16758605,****************************,CD,NULL,NULL
VASC000000289029,2026-05-27T21:02:25Z,VASC202412171855563,出库非标增值（Anker）,OUTBOUND,DENW3,DENW3 Warehouse,16758605,****************************,PD,NULL,NULL
VASC000000289143,2026-05-28T10:05:12Z,VASC202411192229072,库内非标增值（免审核）,INHOUSE,DE0001,DE Warehouse,14443204,******************************,PD,NULL,NULL
VASC000000289161,2026-05-28T10:21:36Z,VASC202512051923357,出库非标增值（Aiper）,OUTBOUND,USNJ2,USNJ2 Warehouse,18513540,**********************,PD,NULL,NULL
VASC000000289179,2026-06-01T11:24:02Z,VASC202411192250069,库内非标增值（特批）,INHOUSE,DEBR2,DEBR2 Warehouse,16958250,*************,PD,Y,2026-05-29T15:46:41Z
VASC000000289182,2026-05-28T11:20:58Z,VASC202411271721537,入库非标拍照或提供视频,UNUSUAL,USKY3,USKY3 Warehouse,10005185,*********************************,PD,NULL,NULL
VASC000000289212,2026-05-29T09:08:08Z,VASC202411192246131,入库非标增值（特批）,UNUSUAL,USKY3,USKY3 Warehouse,1006755,******************************,PD,Y,2026-05-28T15:48:14Z
VASC000000289230,2026-05-29T08:13:28Z,VASC202411192250069,库内非标增值（特批）,INHOUSE,EWD,AU Warehouse,1003641,***************************************,PD,Y,2026-05-28T21:10:14Z
VASC000000289233,2026-05-28T11:32:22Z,VASC202412171855563,出库非标增值（Anker）,OUTBOUND,DENW3,DENW3 Warehouse,16758605,****************************,CD,NULL,NULL
VASC000000289245,2026-05-28T11:45:19Z,VASC202412171855563,出库非标增值（Anker）,OUTBOUND,DENW3,DENW3 Warehouse,16758605,****************************,PD,NULL,NULL
VASC000000289260,2026-05-28T12:02:01Z,VASC202412171855563,出库非标增值（Anker）,OUTBOUND,DE0001,DE Warehouse,16758605,****************************,PD,NULL,NULL
VASC000000289263,2026-05-28T12:04:50Z,VASC202411192229072,库内非标增值（免审核）,INHOUSE,US0001,USWC Warehouse,17326826,*********************************,PD,NULL,NULL
VASC000000289269,2026-05-29T09:09:53Z,VASC202411192246131,入库非标增值（特批）,UNUSUAL,USGA,USGA Warehouse,19104098,***************,PD,Y,2026-05-28T15:15:07Z
VASC000000289284,2026-05-28T13:50:22Z,VASC202411192250069,库内非标增值（特批）,INHOUSE,USKY3,USKY3 Warehouse,13816111,******************************,CD,N,2026-05-28T20:47:14Z
VASC000000289287,2026-05-28T13:43:30Z,VASC202412171855563,出库非标增值（Anker）,OUTBOUND,DE0001,DE Warehouse,16758605,****************************,PD,NULL,NULL
VASC000000289296,2026-05-28T13:53:43Z,VASC202412171855563,出库非标增值（Anker）,OUTBOUND,DE0001,DE Warehouse,16758605,****************************,PD,NULL,NULL
VASC000000289326,2026-05-28T15:54:42Z,VASC202411192250069,库内非标增值（特批）,INHOUSE,USWC2,USWC2 Warehouse,19974784,************************************,CD,Y,2026-05-29T14:47:12Z
VASC000000289350,2026-05-28T15:10:05Z,VASC202411192246131,入库非标增值（特批）,UNUSUAL,EWD,AU Warehouse,19966630,************************,CD,NULL,NULL
VASC000000289368,2026-06-05T10:57:10Z,VASC202412111838036,非标收费,INHOUSE,UKGF,UKGF Warehouse,16643472,**************************,PD,Y,2026-06-05T10:57:10Z
VASC000000289371,2026-06-05T10:58:55Z,VASC202412111838036,非标收费,INHOUSE,UKGF,UKGF Warehouse,16643472,**************************,PD,Y,2026-06-05T10:58:55Z
VASC000000289395,2026-05-28T15:47:25Z,VASC202411192246131,入库非标增值（特批）,UNUSUAL,EWD,AU Warehouse,19966630,************************,CD,Y,2026-05-28T20:19:24Z
VASC000000289401,2026-05-28T15:49:55Z,VASC202412061826084,Winit 尾程询价服务,OUTBOUND,USKY5,USKY5 Warehouse,16585492,**************************,CD,NULL,NULL
VASC000000289404,2026-05-28T16:47:59Z,VASC202411192246131,入库非标增值（特批）,UNUSUAL,EWD,AU Warehouse,19966630,************************,CD,Y,2026-05-28T20:29:44Z
VASC000000289410,2026-06-01T10:20:00Z,VASC202412061826084,Winit 尾程询价服务,OUTBOUND,USKY5,USKY5 Warehouse,16585492,**************************,PD,Y,2026-05-29T05:51:01Z
VASC000000289464,2026-05-28T16:12:53Z,VASC202510151802079,审核出库单,OUTBOUND,DEBR2,DEBR2 Warehouse,12568164,***************************************,PD,NULL,NULL
VASC000000289494,2026-06-01T09:49:41Z,VASC202412061826084,Winit 尾程询价服务,OUTBOUND,EWD,AU Warehouse,18475933,******************,PD,Y,2026-05-29T17:52:56Z
VASC000000289497,2026-05-29T10:37:53Z,VASC202411192246131,入库非标增值（特批）,UNUSUAL,DEBR2,DEBR2 Warehouse,11103701,*********************************,PD,Y,2026-05-28T20:40:19Z
VASC000000289509,2026-05-29T09:29:28Z,VASC202412061826084,Winit 尾程询价服务,OUTBOUND,USKY3,USKY3 Warehouse,17958081,************************************,PD,Y,2026-05-29T05:57:00Z
VASC000000289563,2026-05-28T17:30:12Z,VASC202605152038312,非标线下尾程服务,INHOUSE,USNJ2,USNJ2 Warehouse,18513540,**********************,CD,NULL,NULL
VASC000000289572,2026-05-28T17:13:31Z,VASC202510211517514,无主货找回,INHOUSE,USKY3,USKY3 Warehouse,17939822,************************************,PD,NULL,NULL
VASC000000289578,2026-05-28T17:47:48Z,VASC202411271721537,入库非标拍照或提供视频,INBOUND,UKTW,UKTW Warehouse,10002589,***************************************,CD,NULL,NULL
VASC000000289581,2026-05-28T17:18:32Z,VASC202412171855563,出库非标增值（Anker）,OUTBOUND,DENW3,DENW3 Warehouse,16758605,****************************,PD,NULL,NULL
VASC000000289584,2026-05-28T17:29:10Z,VASC202412171855563,出库非标增值（Anker）,OUTBOUND,UKGF,UKGF Warehouse,16643472,**************************,PD,NULL,NULL
VASC000000289599,2026-05-28T17:42:01Z,VASC202411192246131,入库非标增值（特批）,UNUSUAL,UKTW,UKTW Warehouse,17225006,*********,CD,NULL,NULL
VASC000000289602,2026-05-28T17:42:52Z,VASC202411271721537,入库非标拍照或提供视频,UNUSUAL,DEBR2,DEBR2 Warehouse,16757165,****************************,PD,NULL,NULL
VASC000000289608,2026-05-28T17:46:38Z,VASC202605152038312,非标线下尾程服务,INHOUSE,USNJ2,USNJ2 Warehouse,18513540,**********************,CD,NULL,NULL
VASC000000289611,2026-05-28T17:55:49Z,VASC202605152038312,非标线下尾程服务,INHOUSE,USNJ2,USNJ2 Warehouse,18513540,**********************,CD,N,2026-05-28T19:30:31Z
VASC000000289626,2026-05-29T17:22:40Z,VASC202605251438175,代理清关(非标),OUTBOUND,DEBR2,DEBR2 Warehouse,16958250,*************,PD,Y,2026-05-29T17:22:39Z
VASC000000289629,2026-06-01T21:37:21Z,VASC202411192246131,入库非标增值（特批）,UNUSUAL,USKY3,USKY3 Warehouse,17225006,*********,PD,Y,2026-05-28T21:31:14Z
VASC000000289635,2026-05-29T17:24:14Z,VASC202412061826084,Winit 尾程询价服务,OUTBOUND,EWD,AU Warehouse,18778484,**************************,PD,Y,2026-05-29T16:58:46Z
VASC000000289641,2026-05-28T18:27:47Z,VASC202411192229072,库内非标增值（免审核）,INHOUSE,USWC2,USWC2 Warehouse,19687549,*******************,CD,NULL,NULL
VASC000000289653,2026-05-28T18:29:50Z,VASC202412171855563,出库非标增值（Anker）,OUTBOUND,DENW3,DENW3 Warehouse,16758605,****************************,PD,NULL,NULL
VASC000000289662,2026-05-28T18:42:43Z,VASC202411192229072,库内非标增值（免审核）,INHOUSE,USWC2,USWC2 Warehouse,19687549,*******************,PD,NULL,NULL
VASC000000289680,2026-05-28T19:04:52Z,VASC202412171855563,出库非标增值（Anker）,OUTBOUND,UKGF,UKGF Warehouse,16643472,**************************,PD,NULL,NULL
VASC000000289692,2026-05-28T20:03:08Z,VASC202510151802079,审核出库单,OUTBOUND,USNJ2,USNJ2 Warehouse,18513540,**********************,PD,NULL,NULL
VASC000000289695,2026-05-28T21:46:55Z,VASC202411192250069,库内非标增值（特批）,INHOUSE,USNJ2,USNJ2 Warehouse,10006189,*****************************,CD,NULL,NULL
VASC000000289713,2026-05-29T04:12:14Z,VASC202411192250069,库内非标增值（特批）,INHOUSE,USKY5,USKY5 Warehouse,19304963,*****************,CD,N,2026-05-29T17:38:43Z
VASC000000289716,2026-05-29T04:53:05Z,VASC202411192246131,入库非标增值（特批）,INBOUND,USKY5,USKY5 Warehouse,19606505,*****************,CD,N,2026-05-29T14:24:51Z
VASC000000289743,2026-05-29T11:56:45Z,VASC202411192246131,入库非标增值（特批）,UNUSUAL,EWD,AU Warehouse,19966630,************************,PD,Y,2026-05-29T11:53:52Z
VASC000000289761,2026-05-29T12:20:04Z,VASC202411192246131,入库非标增值（特批）,UNUSUAL,EWD,AU Warehouse,19966630,************************,PD,Y,2026-05-29T12:04:58Z
VASC000000289779,2026-05-29T10:01:02Z,VASC202411192240522,上架前自提,UNUSUAL,US0001,USWC Warehouse,13947840,********************,PD,NULL,NULL
VASC000000289782,2026-05-29T10:08:00Z,VASC202411192240522,上架前自提,UNUSUAL,US0001,USWC Warehouse,13947840,********************,PD,NULL,NULL
VASC000000289785,2026-05-30T10:08:35Z,VASC202411192246131,入库非标增值（特批）,UNUSUAL,UKTW,UKTW Warehouse,17176626,******************************,PD,Y,2026-05-29T14:42:00Z
VASC000000289836,2026-05-29T11:13:46Z,VASC202411192253186,出库非标增值（特批）,OUTBOUND,DEBR2,DEBR2 Warehouse,12071517,***************************************,CD,NULL,NULL
VASC000000289842,2026-05-29T11:17:56Z,VASC202411192253186,出库非标增值（特批）,OUTBOUND,USGA,USGA Warehouse,18513540,**********************,PD,Y,2026-05-29T11:13:22Z
VASC000000289884,2026-05-29T11:41:59Z,VASC202411192250069,库内非标增值（特批）,INHOUSE,USWC2,USWC2 Warehouse,17806402,*****************************,PD,Y,2026-05-29T11:31:01Z
VASC000000289914,2026-05-29T11:49:14Z,VASC202412171855563,出库非标增值（Anker）,OUTBOUND,DE0001,DE Warehouse,16758605,****************************,PD,NULL,NULL
VASC000000289953,2026-05-29T12:15:22Z,VASC202412171855563,出库非标增值（Anker）,OUTBOUND,DENW3,DENW3 Warehouse,16758605,****************************,PD,NULL,NULL
VASC000000290013,2026-05-30T09:49:37Z,VASC202411192246131,入库非标增值（特批）,UNUSUAL,USKY5,USKY5 Warehouse,19907843,******************************,PD,Y,2026-05-29T20:33:48Z
VASC000000290082,2026-05-29T16:18:05Z,VASC202411192250069,库内非标增值（特批）,INHOUSE,USKY3,USKY3 Warehouse,17816203,************************,CD,N,2026-06-03T15:14:55Z
VASC000000290100,2026-05-29T16:09:26Z,VASC202412171855563,出库非标增值（Anker）,OUTBOUND,DENW3,DENW3 Warehouse,16758605,****************************,PD,NULL,NULL
VASC000000290106,2026-05-29T16:23:53Z,VASC202411271721537,入库非标拍照或提供视频,INBOUND,EWD,AU Warehouse,18778484,**************************,PD,NULL,NULL
VASC000000290109,2026-05-29T16:25:36Z,VASC202412171855563,出库非标增值（Anker）,OUTBOUND,UKGF,UKGF Warehouse,16643472,**************************,PD,NULL,NULL
VASC000000290121,2026-06-02T12:00:24Z,VASC202412061826084,Winit 尾程询价服务,OUTBOUND,UKTW,UKTW Warehouse,10007145,******************************,PD,Y,2026-06-01T22:23:16Z
VASC000000290127,2026-05-29T16:38:04Z,VASC202412171855563,出库非标增值（Anker）,OUTBOUND,UKGF,UKGF Warehouse,16643472,**************************,PD,NULL,NULL
VASC000000290130,2026-05-29T16:55:59Z,VASC202510211530474,Aiper 运输高低温检验,INBOUND,USGA,USGA Warehouse,18513540,**********************,PD,NULL,NULL
VASC000000290136,2026-05-30T09:16:26Z,VASC202411192253186,出库非标增值（特批）,OUTBOUND,US0001,USWC Warehouse,19173941,************************,ES,Y,2026-05-29T21:00:50Z
VASC000000290160,2026-05-29T17:04:15Z,VASC202411192253186,出库非标增值（特批）,OUTBOUND,US0001,USWC Warehouse,19173941,************************,CD,Y,2026-05-29T21:02:13Z
VASC000000290163,2026-05-30T09:16:49Z,VASC202411192253186,出库非标增值（特批）,OUTBOUND,US0001,USWC Warehouse,19173941,************************,ES,Y,2026-05-29T21:04:33Z
VASC000000290166,2026-05-30T09:17:26Z,VASC202411192253186,出库非标增值（特批）,OUTBOUND,US0001,USWC Warehouse,19173941,************************,ES,Y,2026-05-29T21:06:09Z
VASC000000290202,2026-06-01T16:11:51Z,VASC202412061826084,Winit 尾程询价服务,OUTBOUND,EWD,AU Warehouse,11102977,******************************,PD,Y,2026-05-29T17:51:56Z
VASC000000290223,2026-05-29T20:22:15Z,VASC202411192246131,入库非标增值（特批）,INBOUND,CATO,CATO Warehouse,16573937,*********************,PD,Y,2026-05-29T19:59:36Z
VASC000000290262,2026-06-01T15:45:55Z,VASC202411192246131,入库非标增值（特批）,UNUSUAL,DEBR2,DEBR2 Warehouse,15588824,*********************************,PD,Y,2026-06-01T14:11:54Z
VASC000000290271,2026-05-30T11:01:17Z,VASC202411192253186,出库非标增值（特批）,OUTBOUND,USKY5,USKY5 Warehouse,18283647,******,PD,Y,2026-05-29T19:35:50Z
VASC000000290307,2026-06-02T17:40:07Z,VASC202412111836315,库内非标增值（需审核）,INHOUSE,DEBR2,DEBR2 Warehouse,19177001,***************************************,CD,NULL,NULL
VASC000000290313,2026-06-02T13:47:40Z,VASC202412061826084,Winit 尾程询价服务,OUTBOUND,AUME,AUME Warehouse,11102977,******************************,PD,Y,2026-06-02T12:06:32Z
VASC000000290319,2026-06-01T10:09:08Z,VASC202412061826084,Winit 尾程询价服务,OUTBOUND,USKY3,USKY3 Warehouse,18170180,************************,PD,Y,2026-05-30T06:50:57Z
VASC000000290331,2026-05-29T19:02:55Z,VASC202412171855563,出库非标增值（Anker）,OUTBOUND,DE0001,DE Warehouse,16758605,****************************,PD,NULL,NULL
VASC000000290334,2026-05-29T19:55:33Z,VASC202412171855563,出库非标增值（Anker）,OUTBOUND,UKGF,UKGF Warehouse,16643472,**************************,PD,NULL,NULL
VASC000000290337,2026-05-29T20:14:40Z,VASC202412171855563,出库非标增值（Anker）,OUTBOUND,DE0001,DE Warehouse,16758605,****************************,PD,NULL,NULL
VASC000000290340,2026-05-29T20:21:59Z,VASC202412171855563,出库非标增值（Anker）,OUTBOUND,DENW3,DENW3 Warehouse,16758605,****************************,PD,NULL,NULL
VASC000000290358,2026-05-30T09:17:52Z,VASC202411192253186,出库非标增值（特批）,OUTBOUND,US0001,USWC Warehouse,19173941,************************,ES,Y,2026-05-29T21:07:56Z
VASC000000290361,2026-06-01T21:10:13Z,VASC202411192246131,入库非标增值（特批）,INBOUND,USWC5,USWC5 Warehouse,19412706,*****************,CD,Y,2026-06-01T21:05:53Z
VASC000000290364,2026-05-29T23:30:21Z,VASC202411192253186,出库非标增值（特批）,OUTBOUND,USKY5,USKY5 Warehouse,19304963,*****************,CD,N,2026-06-01T10:42:14Z
VASC000000290505,2026-05-30T14:50:32Z,VASC202411192250069,库内非标增值（特批）,INHOUSE,USWC2,USWC2 Warehouse,19905780,************************************,CD,N,2026-06-02T21:47:54Z
VASC000000290535,2026-05-30T18:29:48Z,VASC202411192250069,库内非标增值（特批）,INHOUSE,USKY3,USKY3 Warehouse,19011452,*******************,CD,Y,2026-06-03T14:42:27Z
VASC000000290559,2026-05-31T12:59:22Z,VASC202411192253186,出库非标增值（特批）,OUTBOUND,USKY5,USKY5 Warehouse,18607532,*********************************,CD,N,2026-06-01T10:48:49Z
VASC000000290616,2026-06-03T09:28:52Z,VASC202411192250069,库内非标增值（特批）,INHOUSE,DEBR2,DEBR2 Warehouse,1000036,******************************,PD,Y,2026-06-02T17:22:22Z
VASC000000290625,2026-06-01T10:16:04Z,VASC202411192250069,库内非标增值（特批）,INHOUSE,USKY5,USKY5 Warehouse,19365208,***************************************,CD,Y,2026-06-03T15:26:00Z
VASC000000290628,2026-06-01T15:33:54Z,VASC202411192253186,出库非标增值（特批）,OUTBOUND,USWC5,USWC5 Warehouse,19336615,************************************,PD,Y,2026-06-01T15:32:03Z
VASC000000290646,2026-06-02T09:17:46Z,VASC202411192246131,入库非标增值（特批）,INBOUND,US0001,USWC Warehouse,13947840,********************,PD,Y,2026-06-01T16:46:22Z
VASC000000290694,2026-06-01T11:55:53Z,VASC202411192253186,出库非标增值（特批）,OUTBOUND,USTX,USTX Warehouse,19227270,********************************,CD,NULL,NULL
VASC000000290706,2026-06-01T11:29:35Z,VASC202411192253186,出库非标增值（特批）,OUTBOUND,USKY5,USKY5 Warehouse,19304963,*****************,CD,NULL,NULL
VASC000000290724,2026-06-01T11:55:20Z,VASC202411192253186,出库非标增值（特批）,OUTBOUND,USKY5,USKY5 Warehouse,19304963,*****************,PD,Y,2026-06-01T11:51:51Z
VASC000000290733,2026-06-01T11:42:27Z,VASC202411271721537,入库非标拍照或提供视频,INBOUND,USKY5,USKY5 Warehouse,17688379,***********,PD,NULL,NULL
VASC000000290739,2026-06-01T11:41:35Z,VASC202411271721537,入库非标拍照或提供视频,UNUSUAL,DEBR2,DEBR2 Warehouse,16757165,****************************,PD,NULL,NULL
VASC000000290787,2026-06-02T11:02:26Z,VASC202411192253186,出库非标增值（特批）,OUTBOUND,USTX,USTX Warehouse,19227270,********************************,PD,Y,2026-06-01T15:38:02Z
VASC000000290790,2026-06-02T11:03:09Z,VASC202411192253186,出库非标增值（特批）,OUTBOUND,USTX,USTX Warehouse,19227270,********************************,PD,Y,2026-06-01T15:40:39Z
VASC000000290826,2026-06-01T13:50:20Z,VASC202412171855563,出库非标增值（Anker）,OUTBOUND,DE0001,DE Warehouse,16758605,****************************,PD,NULL,NULL
VASC000000290832,2026-06-01T14:17:23Z,VASC202411192246131,入库非标增值（特批）,INBOUND,USKY5,USKY5 Warehouse,19725599,***************************************,CD,N,2026-06-02T16:09:37Z
VASC000000290874,2026-06-01T14:47:34Z,VASC202411271721537,入库非标拍照或提供视频,INBOUND,DEBR2,DEBR2 Warehouse,16620201,*****************************,CD,NULL,NULL
VASC000000290898,2026-06-01T15:05:52Z,VASC202412171855563,出库非标增值（Anker）,OUTBOUND,DE0001,DE Warehouse,16758605,****************************,PD,NULL,NULL
VASC000000290901,2026-06-02T11:49:10Z,VASC202412061826084,Winit 尾程询价服务,OUTBOUND,USNJ2,USNJ2 Warehouse,18513540,**********************,PD,Y,2026-06-01T23:25:13Z
VASC000000290913,2026-06-02T09:52:50Z,VASC202412061826084,Winit 尾程询价服务,OUTBOUND,UKGF,UKGF Warehouse,16643472,**************************,PD,Y,2026-06-01T17:11:00Z
VASC000000290922,2026-06-01T15:23:46Z,VASC202412171855563,出库非标增值（Anker）,OUTBOUND,UKGF,UKGF Warehouse,16643472,**************************,PD,NULL,NULL
VASC000000290976,2026-06-01T15:51:12Z,VASC202411271721537,入库非标拍照或提供视频,INBOUND,USKY5,USKY5 Warehouse,17688379,***********,PD,NULL,NULL
VASC000000290979,2026-06-01T15:57:42Z,VASC202411192253186,出库非标增值（特批）,OUTBOUND,US0001,USWC Warehouse,19687866,**********************,CD,Y,2026-06-01T19:59:41Z
VASC000000290991,2026-06-02T09:30:03Z,VASC202411192253186,出库非标增值（特批）,OUTBOUND,US0001,USWC Warehouse,17963486,*****************************************,PD,Y,2026-06-01T21:25:33Z
VASC000000291003,2026-06-01T16:12:10Z,VASC202412171855563,出库非标增值（Anker）,OUTBOUND,UKGF,UKGF Warehouse,16643472,**************************,PD,NULL,NULL
VASC000000291045,2026-06-01T17:04:47Z,VASC202412061826084,Winit 尾程询价服务,OUTBOUND,EWD,AU Warehouse,17285872,************************************************,CD,Y,2026-06-02T11:51:21Z
VASC000000291051,2026-06-01T17:12:49Z,VASC202412171855563,出库非标增值（Anker）,OUTBOUND,UKGF,UKGF Warehouse,16643472,**************************,PD,NULL,NULL
VASC000000291057,2026-06-03T11:32:32Z,VASC202411192246131,入库非标增值（特批）,UNUSUAL,USKY3,USKY3 Warehouse,1000083,************************************,CD,Y,2026-06-03T17:53:17Z
VASC000000291075,2026-06-02T16:19:35Z,VASC202412061826084,Winit 尾程询价服务,OUTBOUND,EWD,AU Warehouse,10011506,***************************************,PD,Y,2026-06-02T12:01:54Z
VASC000000291084,2026-06-01T17:38:57Z,VASC202412171855563,出库非标增值（Anker）,OUTBOUND,UKGF,UKGF Warehouse,16643472,**************************,PD,NULL,NULL
VASC000000291087,2026-06-01T18:40:34Z,VASC202411192253186,出库非标增值（特批）,OUTBOUND,USKY3,USKY3 Warehouse,19011452,*******************,CD,N,2026-06-01T21:27:36Z
VASC000000291099,2026-06-01T17:55:34Z,VASC202412171855563,出库非标增值（Anker）,OUTBOUND,UKGF,UKGF Warehouse,16643472,**************************,PD,NULL,NULL
VASC000000291126,2026-06-08T09:58:01Z,VASC202411192250069,库内非标增值（特批）,INHOUSE,DEBR2,DEBR2 Warehouse,16958250,*************,PD,Y,2026-06-01T20:57:29Z
VASC000000291129,2026-06-01T18:30:07Z,VASC202412061826084,Winit 尾程询价服务,OUTBOUND,USKY5,USKY5 Warehouse,18607532,*********************************,CD,Y,2026-06-01T21:42:43Z
VASC000000291135,2026-06-01T18:36:08Z,VASC202412061826084,Winit 尾程询价服务,OUTBOUND,USKY5,USKY5 Warehouse,18607532,*********************************,CD,Y,2026-06-01T21:37:08Z
VASC000000291141,2026-06-01T19:32:17Z,VASC202412171855563,出库非标增值（Anker）,OUTBOUND,UKGF,UKGF Warehouse,16643472,**************************,PD,NULL,NULL
VASC000000291147,2026-06-02T09:49:56Z,VASC202412061826084,Winit 尾程询价服务,OUTBOUND,UKGF,UKGF Warehouse,16643472,**************************,PD,Y,2026-06-01T20:38:46Z
VASC000000291150,2026-06-01T20:08:16Z,VASC202412171855563,出库非标增值（Anker）,OUTBOUND,UKGF,UKGF Warehouse,16643472,**************************,PD,NULL,NULL
VASC000000291153,2026-06-01T20:31:11Z,VASC202412171855563,出库非标增值（Anker）,OUTBOUND,UKGF,UKGF Warehouse,16643472,**************************,PD,NULL,NULL
VASC000000291156,2026-06-01T20:48:25Z,VASC202412171855563,出库非标增值（Anker）,OUTBOUND,DENW3,DENW3 Warehouse,16758605,****************************,PD,NULL,NULL
VASC000000291159,2026-06-01T20:52:52Z,VASC202412171855563,出库非标增值（Anker）,OUTBOUND,DENW3,DENW3 Warehouse,16758605,****************************,PD,NULL,NULL
VASC000000291168,2026-06-01T21:12:37Z,VASC202411192246131,入库非标增值（特批）,INBOUND,USTX,USTX Warehouse,19412706,*****************,CD,Y,2026-06-10T22:01:26Z
VASC000000291174,2026-06-01T21:14:24Z,VASC202411192246131,入库非标增值（特批）,INBOUND,USGA,USGA Warehouse,19412706,*****************,CD,Y,2026-06-10T21:59:09Z
VASC000000291177,2026-06-02T19:50:53Z,VASC202411192250069,库内非标增值（特批）,INHOUSE,USKY3,USKY3 Warehouse,19011452,*******************,PD,Y,2026-06-01T22:04:28Z
VASC000000291180,2026-06-01T21:26:17Z,VASC202412171855563,出库非标增值（Anker）,OUTBOUND,DENW3,DENW3 Warehouse,16758605,****************************,PD,NULL,NULL
VASC000000291192,2026-06-01T22:17:53Z,VASC202411192250069,库内非标增值（特批）,INHOUSE,USWC2,USWC2 Warehouse,19376789,*********************************,PD,Y,2026-06-01T22:16:40Z
VASC000000291198,2026-06-03T04:59:47Z,VASC202411192246131,入库非标增值（特批）,INBOUND,USKY5,USKY5 Warehouse,19606505,*****************,PD,Y,2026-06-02T14:20:26Z
VASC000000291222,2026-06-02T09:20:08Z,VASC202411271721537,入库非标拍照或提供视频,INBOUND,USKY5,USKY5 Warehouse,18896673,******************,PD,NULL,NULL
VASC000000291249,2026-06-02T09:57:16Z,VASC202412061826084,Winit 尾程询价服务,OUTBOUND,EWD,AU Warehouse,16400294,***************************************,CD,NULL,NULL
VASC000000291279,2026-06-02T11:05:35Z,VASC202411192250069,库内非标增值（特批）,INHOUSE,DEBR2,DEBR2 Warehouse,17933875,******,CD,N,2026-06-03T15:23:35Z
VASC000000291321,2026-06-02T10:49:26Z,VASC202411192253186,出库非标增值（特批）,OUTBOUND,DEBR2,DEBR2 Warehouse,12071517,***************************************,CD,NULL,NULL
VASC000000291336,2026-06-03T16:52:36Z,VASC202411192250069,库内非标增值（特批）,INHOUSE,EWD,AU Warehouse,16877181,*********************************,PD,Y,2026-06-02T18:33:07Z
VASC000000291342,2026-06-05T11:11:01Z,VASC202411192250069,库内非标增值（特批）,INHOUSE,US0001,USWC Warehouse,13947840,********************,PD,Y,2026-06-04T20:27:32Z
VASC000000291345,2026-06-03T11:24:24Z,VASC202411192253186,出库非标增值（特批）,OUTBOUND,DEBR2,DEBR2 Warehouse,12071517,***************************************,PD,Y,2026-06-02T14:58:23Z
VASC000000291378,2026-06-03T09:55:36Z,VASC202411192246131,入库非标增值（特批）,UNUSUAL,DENW3,DENW3 Warehouse,16758605,****************************,PD,Y,2026-06-02T17:44:19Z
VASC000000291393,2026-06-02T17:35:29Z,VASC202411192246131,入库非标增值（特批）,UNUSUAL,UKGF,UKGF Warehouse,16643472,**************************,PD,Y,2026-06-02T17:34:05Z
VASC000000291396,2026-06-02T12:00:13Z,VASC202412171855563,出库非标增值（Anker）,OUTBOUND,DENW3,DENW3 Warehouse,16758605,****************************,PD,NULL,NULL
VASC000000291399,2026-06-02T12:01:03Z,VASC202412171855563,出库非标增值（Anker）,OUTBOUND,DENW3,DENW3 Warehouse,16758605,****************************,PD,NULL,NULL
VASC000000291444,2026-06-02T13:44:11Z,VASC202412061826084,Winit 尾程询价服务,OUTBOUND,USKY5,USKY5 Warehouse,18607532,*********************************,CD,Y,2026-06-02T22:24:09Z
VASC000000291456,2026-06-02T13:50:52Z,VASC202412061826084,Winit 尾程询价服务,OUTBOUND,USKY5,USKY5 Warehouse,18607532,*********************************,CD,Y,2026-06-02T22:28:35Z
VASC000000291459,2026-06-02T13:52:24Z,VASC202411192253186,出库非标增值（特批）,OUTBOUND,DEBR2,DEBR2 Warehouse,11106073,***************************************,CD,NULL,NULL
VASC000000291501,2026-06-02T14:03:58Z,VASC202412061826084,Winit 尾程询价服务,OUTBOUND,USKY5,USKY5 Warehouse,18607532,*********************************,CD,Y,2026-06-02T22:37:12Z
VASC000000291519,2026-06-04T13:38:54Z,VASC202412061826084,Winit 尾程询价服务,OUTBOUND,USKY5,USKY5 Warehouse,18607532,*********************************,PD,Y,2026-06-02T22:43:05Z
VASC000000291522,2026-06-02T14:21:41Z,VASC202412061826084,Winit 尾程询价服务,OUTBOUND,US0001,USWC Warehouse,10006189,*****************************,CD,Y,2026-06-02T14:19:38Z
VASC000000291528,2026-06-04T13:38:40Z,VASC202412061826084,Winit 尾程询价服务,OUTBOUND,USKY5,USKY5 Warehouse,18607532,*********************************,PD,Y,2026-06-02T22:45:51Z
VASC000000291555,2026-06-02T14:35:14Z,VASC202411192253186,出库非标增值（特批）,OUTBOUND,DEBR2,DEBR2 Warehouse,11106073,***************************************,CD,N,2026-06-02T14:59:45Z
VASC000000291558,2026-06-03T09:15:42Z,VASC202411192246131,入库非标增值（特批）,UNUSUAL,US0001,USWC Warehouse,11103694,***************************,PD,Y,2026-06-02T21:27:28Z
VASC000000291576,2026-06-03T11:39:13Z,VASC202412061826084,Winit 尾程询价服务,OUTBOUND,EWD,AU Warehouse,10011506,***************************************,PD,Y,2026-06-03T10:37:46Z
VASC000000291591,2026-06-02T15:06:33Z,VASC202411192240522,上架前自提,UNUSUAL,US0001,USWC Warehouse,13947840,********************,PD,NULL,NULL
VASC000000291597,2026-06-02T15:04:27Z,VASC202411271751445,出库非标增值（免审核）,OUTBOUND,UKGF,UKGF Warehouse,12889492,***************************************,PD,NULL,NULL
VASC000000291603,2026-06-02T15:12:06Z,VASC202412061826084,Winit 尾程询价服务,OUTBOUND,USKY3,USKY3 Warehouse,17998691,************************,CD,Y,2026-06-02T22:59:31Z
VASC000000291621,2026-06-02T15:11:26Z,VASC202412061826084,Winit 尾程询价服务,OUTBOUND,USKY3,USKY3 Warehouse,17781114,*********,CD,Y,2026-06-02T23:02:42Z
VASC000000291624,2026-06-02T16:03:42Z,VASC202411192246131,入库非标增值（特批）,INBOUND,USWC5,USWC5 Warehouse,19220548,************************************,CD,NULL,NULL
VASC000000291657,2026-06-04T16:21:42Z,VASC202411192246131,入庫非標增值（特批）,UNUSUAL,USWC2,USWC2 Warehouse,17806402,*****************************,CD,NULL,NULL
VASC000000291666,2026-06-02T17:45:51Z,VASC202411192250069,库内非标增值（特批）,INHOUSE,USNJ2,USNJ2 Warehouse,19176387,******************************,CD,N,2026-06-02T21:13:17Z
VASC000000291681,2026-06-02T15:40:37Z,VASC202411271721537,入库非标拍照或提供视频,INBOUND,DEBR2,DEBR2 Warehouse,11103694,***************************,ES,NULL,NULL
VASC000000291696,2026-06-04T15:45:01Z,VASC202411192246131,入庫非標增值（特批）,UNUSUAL,USWC2,USWC2 Warehouse,17806402,*****************************,CD,NULL,NULL
VASC000000291702,2026-06-02T15:47:11Z,VASC202411192250069,库内非标增值（特批）,INHOUSE,US0001,USWC Warehouse,19173941,************************,CD,Y,2026-06-03T19:55:44Z
VASC000000291723,2026-06-02T16:02:47Z,VASC202411192253186,出库非标增值（特批）,OUTBOUND,US0001,USWC Warehouse,13430252,*********************************,CD,N,2026-06-02T17:07:47Z
VASC000000291801,2026-06-02T16:52:42Z,VASC202411192229072,库内非标增值（免审核）,INHOUSE,DEBR2,DEBR2 Warehouse,1001475,***************************************,PD,NULL,NULL
VASC000000291813,2026-06-02T16:53:30Z,VASC202412171855563,出库非标增值（Anker）,OUTBOUND,DENW3,DENW3 Warehouse,16758605,****************************,PD,NULL,NULL
VASC000000291819,2026-06-02T16:59:49Z,VASC202411192253186,出库非标增值（特批）,OUTBOUND,USNJ2,USNJ2 Warehouse,19104098,***************,CD,N,2026-06-02T20:55:05Z
VASC000000291822,2026-06-02T17:00:53Z,VASC202411192253186,出库非标增值（特批）,OUTBOUND,USWC5,USWC5 Warehouse,19104098,***************,CD,N,2026-06-02T20:54:48Z
VASC000000291825,2026-06-02T17:01:47Z,VASC202411192253186,出库非标增值（特批）,OUTBOUND,US0001,USWC Warehouse,19104098,***************,CD,N,2026-06-02T20:55:18Z
VASC000000291828,2026-06-02T17:05:59Z,VASC202412061826084,Winit 尾程询价服务,OUTBOUND,DE0001,DE Warehouse,16958250,*************,CD,N,2026-06-08T19:11:15Z
VASC000000291831,2026-06-05T15:35:53Z,VASC202411192246131,入库非标增值（特批）,UNUSUAL,DE0001,DE Warehouse,17294590,***********************,PD,Y,2026-06-04T15:04:45Z
VASC000000291834,2026-06-02T17:11:32Z,VASC202412171855563,出库非标增值（Anker）,OUTBOUND,DE0001,DE Warehouse,16758605,****************************,PD,NULL,NULL
VASC000000291837,2026-06-02T17:24:39Z,VASC202411192250069,库内非标增值（特批）,INHOUSE,USKY3,USKY3 Warehouse,13740693,***************************************,CD,N,2026-06-03T19:55:15Z
VASC000000291840,2026-06-02T17:16:29Z,VASC202411271721537,入庫非標拍照或提供視頻,INBOUND,DEBR2,DEBR2 Warehouse,17615733,**************************************,PD,NULL,NULL
VASC000000291849,2026-06-02T17:27:42Z,VASC202510211517514,无主货找回,INHOUSE,UKGF,UKGF Warehouse,1003260,*********************************************,PD,NULL,NULL
VASC000000291852,2026-06-04T10:27:16Z,VASC202411192250069,库内非标增值（特批）,INHOUSE,USGA,USGA Warehouse,16585492,**************************,PD,Y,2026-06-03T21:11:10Z
VASC000000291864,2026-06-02T17:53:18Z,VASC202411192246131,入库非标增值（特批）,INBOUND,USWC5,USWC5 Warehouse,19220548,************************************,CD,N,2026-06-03T17:57:55Z
VASC000000291894,2026-06-02T18:22:34Z,VASC202412061826084,Winit 尾程询价服务,OUTBOUND,EWD,AU Warehouse,18778484,**************************,CD,Y,2026-06-03T10:13:36Z
VASC000000291897,2026-06-02T18:27:30Z,VASC202412061826084,Winit 尾程询价服务,OUTBOUND,USGA,USGA Warehouse,10006189,*****************************,CD,Y,2026-06-02T18:26:57Z
VASC000000291900,2026-06-02T18:30:40Z,VASC202412061826084,Winit 尾程询价服务,OUTBOUND,EWD,AU Warehouse,18778484,**************************,CD,Y,2026-06-03T10:08:47Z
VASC000000291918,2026-06-02T19:55:26Z,VASC202412171855563,出库非标增值（Anker）,OUTBOUND,DE0001,DE Warehouse,16758605,****************************,PD,NULL,NULL
VASC000000291927,2026-06-02T20:15:01Z,VASC202412171855563,出库非标增值（Anker）,OUTBOUND,DENW3,DENW3 Warehouse,16758605,****************************,PD,NULL,NULL
VASC000000291936,2026-06-02T20:21:20Z,VASC202510151802079,审核出库单,OUTBOUND,USKY3,USKY3 Warehouse,19011452,*******************,PD,NULL,NULL
VASC000000291939,2026-06-02T20:33:43Z,VASC202412171855563,出库非标增值（Anker）,OUTBOUND,DENW3,DENW3 Warehouse,16758605,****************************,PD,NULL,NULL
VASC000000291945,2026-06-02T20:44:39Z,VASC202412171855563,出库非标增值（Anker）,OUTBOUND,DENW3,DENW3 Warehouse,16758605,****************************,PD,NULL,NULL
VASC000000291948,2026-06-02T20:52:28Z,VASC202412171855563,出库非标增值（Anker）,OUTBOUND,DENW3,DENW3 Warehouse,16758605,****************************,CD,NULL,NULL
VASC000000292017,2026-06-08T15:57:24Z,VASC202411192250069,库内非标增值（特批）,INHOUSE,USNJ2,USNJ2 Warehouse,19176387,******************************,ES,Y,2026-06-04T21:07:07Z
VASC000000292026,2026-06-03T12:25:42Z,VASC202411192253186,出库非标增值（特批）,OUTBOUND,USTX,USTX Warehouse,19227270,********************************,PD,Y,2026-06-03T11:36:42Z
VASC000000292032,2026-06-03T10:42:53Z,VASC202411192250069,库内非标增值（特批）,INHOUSE,DE0001,DE Warehouse,11105734,******************************,CD,Y,2026-06-03T20:01:27Z
VASC000000292041,2026-06-04T15:02:43Z,VASC202411192250069,库内非标增值（特批）,INHOUSE,DEBR2,DEBR2 Warehouse,16757165,****************************,PD,Y,2026-06-03T17:02:35Z
VASC000000292044,2026-06-03T12:26:12Z,VASC202411192253186,出库非标增值（特批）,OUTBOUND,USTX,USTX Warehouse,19227270,********************************,PD,Y,2026-06-03T11:39:09Z
VASC000000292047,2026-06-03T10:52:38Z,VASC202411192253186,出库非标增值（特批）,OUTBOUND,USNJ2,USNJ2 Warehouse,19227270,********************************,CD,NULL,NULL
VASC000000292056,2026-06-04T09:07:29Z,VASC202411192246131,入库非标增值（特批）,INBOUND,US0001,USWC Warehouse,13947840,********************,PD,Y,2026-06-03T17:02:27Z
VASC000000292059,2026-06-03T10:58:26Z,VASC202411192253186,出库非标增值（特批）,OUTBOUND,USNJ2,USNJ2 Warehouse,19227270,********************************,CD,NULL,NULL
VASC000000292080,2026-06-04T20:21:18Z,VASC202412061826084,Winit 尾程询价服务,OUTBOUND,UKGF,UKGF Warehouse,16643472,**************************,PD,Y,2026-06-03T20:17:12Z
VASC000000292083,2026-06-03T11:47:40Z,VASC202411192250069,库内非标增值（特批）,INHOUSE,EWD,AU Warehouse,18778484,**************************,CD,NULL,NULL
VASC000000292113,2026-06-03T11:48:06Z,VASC202412171855563,出库非标增值（Anker）,OUTBOUND,DEBR2,DEBR2 Warehouse,16757165,****************************,PD,NULL,NULL
VASC000000292116,2026-06-03T11:55:04Z,VASC202411192229072,库内非标增值（免审核）,INHOUSE,USWC2,USWC2 Warehouse,11392652,******************************************,PD,NULL,NULL
VASC000000292161,2026-06-03T12:22:31Z,VASC202412061826084,Winit 尾程询价服务,OUTBOUND,USTX,USTX Warehouse,19227270,********************************,CD,NULL,NULL
VASC000000292164,2026-06-03T12:22:12Z,VASC202411271721537,入库非标拍照或提供视频,UNUSUAL,DEBR2,DEBR2 Warehouse,16757165,****************************,PD,NULL,NULL
VASC000000292176,2026-06-04T11:09:43Z,VASC202411192253186,出库非标增值（特批）,OUTBOUND,US0001,USWC Warehouse,19104098,***************,CD,Y,2026-06-03T20:27:37Z
VASC000000292179,2026-06-04T11:09:25Z,VASC202411192253186,出库非标增值（特批）,OUTBOUND,USWC5,USWC5 Warehouse,19104098,***************,PD,Y,2026-06-03T20:29:38Z
VASC000000292182,2026-06-04T11:06:08Z,VASC202411192253186,出库非标增值（特批）,OUTBOUND,USNJ2,USNJ2 Warehouse,19104098,***************,PD,Y,2026-06-03T20:31:15Z
VASC000000292194,2026-06-08T10:45:21Z,VASC202605251438175,代理清关(非标),OUTBOUND,DEBR2,DEBR2 Warehouse,16958250,*************,PD,Y,2026-06-08T10:45:21Z
VASC000000292197,2026-06-08T10:49:51Z,VASC202605251438175,代理清关(非标),OUTBOUND,DEBR2,DEBR2 Warehouse,16958250,*************,PD,Y,2026-06-08T10:49:51Z
VASC000000292200,2026-06-03T13:58:14Z,VASC202411192246131,入库非标增值（特批）,UNUSUAL,DEBR2,DEBR2 Warehouse,11103694,***************************,CD,Y,2026-06-04T16:16:24Z
VASC000000292203,2026-06-08T10:50:31Z,VASC202605251438175,代理清关(非标),OUTBOUND,DEBR2,DEBR2 Warehouse,16958250,*************,PD,Y,2026-06-08T10:50:31Z
VASC000000292218,2026-06-03T14:00:06Z,VASC202412171855563,出库非标增值（Anker）,OUTBOUND,DENW3,DENW3 Warehouse,16758605,****************************,PD,NULL,NULL
VASC000000292221,2026-06-03T14:01:32Z,VASC202412171855563,出库非标增值（Anker）,OUTBOUND,DENW3,DENW3 Warehouse,16758605,****************************,PD,NULL,NULL
VASC000000292227,2026-06-04T18:42:10Z,VASC202411192250069,库内非标增值（特批）,INHOUSE,EWD,AU Warehouse,19936832,*********************************,PD,Y,2026-06-03T20:34:16Z
VASC000000292230,2026-06-03T14:09:39Z,VASC202412171855563,出库非标增值（Anker）,OUTBOUND,DENW3,DENW3 Warehouse,16758605,****************************,PD,NULL,NULL
VASC000000292242,2026-06-03T14:17:14Z,VASC202412171855563,出库非标增值（Anker）,OUTBOUND,DENW3,DENW3 Warehouse,16758605,****************************,PD,NULL,NULL
VASC000000292245,2026-06-03T20:55:03Z,VASC202411192250069,库内非标增值（特批）,INHOUSE,USNJ2,USNJ2 Warehouse,18513540,**********************,PD,Y,2026-06-03T19:06:09Z
VASC000000292254,2026-06-03T14:38:17Z,VASC202411192229072,库内非标增值（免审核）,INHOUSE,DENW3,DENW3 Warehouse,16758605,****************************,PD,NULL,NULL
VASC000000292260,2026-06-03T14:24:28Z,VASC202411192253186,出库非标增值（特批）,OUTBOUND,US0001,USWC Warehouse,19173941,************************,CD,NULL,NULL
VASC000000292263,2026-06-03T14:32:46Z,VASC202412061826084,Winit 尾程询价服务,OUTBOUND,USTX,USTX Warehouse,19227270,********************************,CD,NULL,NULL
VASC000000292266,2026-06-04T11:30:36Z,VASC202411192250069,库内非标增值（特批）,UNUSUAL,USWC5,USWC5 Warehouse,19638637,*********************************,PD,Y,2026-06-03T21:14:53Z
VASC000000292269,2026-06-03T14:24:20Z,VASC202412171855563,出库非标增值（Anker）,OUTBOUND,DE0001,DE Warehouse,16758605,****************************,PD,NULL,NULL
VASC000000292284,2026-06-03T14:37:35Z,VASC202412171855563,出库非标增值（Anker）,OUTBOUND,DENW3,DENW3 Warehouse,16758605,****************************,PD,NULL,NULL
VASC000000292305,2026-06-08T11:59:50Z,VASC202411192250069,庫內非標增值（特批）,INHOUSE,DE0001,DE Warehouse,17615733,**************************************,PD,Y,2026-06-05T17:48:13Z
VASC000000292308,2026-06-08T10:43:21Z,VASC202412061826084,Winit 尾程询价服务,OUTBOUND,CATO,CATO Warehouse,19227270,********************************,PD,Y,2026-06-05T03:33:48Z
VASC000000292311,2026-06-03T15:17:01Z,VASC202411192253186,出库非标增值（特批）,OUTBOUND,CATO,CATO Warehouse,19227270,********************************,CD,NULL,NULL
VASC000000292314,2026-06-03T15:44:16Z,VASC202411192253186,出库非标增值（特批）,OUTBOUND,US0001,USWC Warehouse,19173941,************************,PD,Y,2026-06-03T15:34:54Z
VASC000000292317,2026-06-08T12:00:23Z,VASC202411192250069,庫內非標增值（特批）,INHOUSE,DEBR2,DEBR2 Warehouse,19641733,********************************,PD,Y,2026-06-05T17:45:42Z
VASC000000292320,2026-06-08T11:59:40Z,VASC202411192250069,庫內非標增值（特批）,INHOUSE,DEBR2,DEBR2 Warehouse,17615733,**************************************,PD,Y,2026-06-05T17:38:10Z
VASC000000292323,2026-06-08T10:51:08Z,VASC202605251438175,代理清关(非标),OUTBOUND,DEBR2,DEBR2 Warehouse,16958250,*************,PD,Y,2026-06-08T10:51:08Z
VASC000000292332,2026-06-08T11:58:44Z,VASC202411192250069,庫內非標增值（特批）,INHOUSE,DEBR2,DEBR2 Warehouse,19685052,***********************************,PD,Y,2026-06-05T17:33:43Z
VASC000000292341,2026-06-03T15:43:48Z,VASC202412061826084,Winit 尾程询价服务,OUTBOUND,US0001,USWC Warehouse,13430252,*********************************,CD,Y,2026-06-04T12:04:22Z
VASC000000292350,2026-06-05T11:29:57Z,VASC202411192246131,入库非标增值（特批）,UNUSUAL,DEBR2,DEBR2 Warehouse,11103694,***************************,PD,Y,2026-06-04T21:55:30Z
VASC000000292356,2026-06-03T15:53:52Z,VASC202412171855563,出库非标增值（Anker）,OUTBOUND,DENW3,DENW3 Warehouse,16758605,****************************,PD,NULL,NULL
VASC000000292362,2026-06-03T16:01:40Z,VASC202411192253186,出库非标增值（特批）,OUTBOUND,CATO,CATO Warehouse,19227270,********************************,CD,NULL,NULL
VASC000000292365,2026-06-03T17:07:15Z,VASC202411192253186,出库非标增值（特批）,OUTBOUND,DE0001,DE Warehouse,18242841,******************************************,CD,N,2026-06-03T17:52:58Z
VASC000000292374,2026-06-03T17:11:08Z,VASC202411192253186,出库非标增值（特批）,OUTBOUND,CATO,CATO Warehouse,19227270,********************************,PD,Y,2026-06-03T16:27:30Z
VASC000000292413,2026-06-03T17:31:02Z,VASC202411192246131,入库非标增值（特批）,INBOUND,USWC5,USWC5 Warehouse,19220548,************************************,PD,Y,2026-06-03T17:21:09Z
VASC000000292422,2026-06-04T15:58:59Z,VASC202411192246131,入库非标增值（特批）,UNUSUAL,DEBR2,DEBR2 Warehouse,17922832,**********************,PD,Y,2026-06-04T15:56:25Z
VASC000000292431,2026-06-03T16:27:00Z,VASC202412171855563,出库非标增值（Anker）,OUTBOUND,DENW3,DENW3 Warehouse,16758605,****************************,PD,NULL,NULL
VASC000000292449,2026-06-03T16:52:53Z,VASC202411192250069,库内非标增值（特批）,INHOUSE,USNJ2,USNJ2 Warehouse,18513540,**********************,CD,NULL,NULL
VASC000000292452,2026-06-03T16:50:49Z,VASC202411192253186,出庫非標增值（特批）,OUTBOUND,USKY3,USKY3 Warehouse,17806402,*****************************,CD,N,2026-06-03T17:59:25Z
VASC000000292470,2026-06-03T17:23:19Z,VASC202412171855563,出库非标增值（Anker）,OUTBOUND,DENW3,DENW3 Warehouse,16758605,****************************,CD,NULL,NULL
VASC000000292503,2026-06-03T17:58:23Z,VASC202412171855563,出库非标增值（Anker）,OUTBOUND,DE0001,DE Warehouse,16758605,****************************,PD,NULL,NULL
VASC000000292509,2026-06-03T18:04:34Z,VASC202412171855563,出库非标增值（Anker）,OUTBOUND,DENW3,DENW3 Warehouse,16758605,****************************,PD,NULL,NULL
VASC000000292536,2026-06-04T14:50:19Z,VASC202411192250069,库内非标增值（特批）,INHOUSE,US0001,USWC Warehouse,19687866,**********************,PD,Y,2026-06-03T21:24:21Z
VASC000000292542,2026-06-03T18:34:38Z,VASC202412171855563,出库非标增值（Anker）,OUTBOUND,DENW3,DENW3 Warehouse,16758605,****************************,PD,NULL,NULL
VASC000000292557,2026-06-04T09:53:55Z,VASC202412061826084,Winit 尾程询价服务,OUTBOUND,USTX,USTX Warehouse,19227270,********************************,PD,Y,2026-06-04T05:29:03Z
VASC000000292572,2026-06-03T19:31:53Z,VASC202412061826084,Winit 尾程询价服务,OUTBOUND,USKY3,USKY3 Warehouse,19011452,*******************,CD,N,2026-06-04T01:58:05Z
VASC000000292575,2026-06-03T19:31:31Z,VASC202412061826084,Winit 尾程询价服务,OUTBOUND,USKY3,USKY3 Warehouse,19011452,*******************,CD,N,2026-06-04T01:57:36Z
VASC000000292581,2026-06-03T19:31:08Z,VASC202412061826084,Winit 尾程询价服务,OUTBOUND,USKY3,USKY3 Warehouse,19011452,*******************,CD,N,2026-06-04T01:57:12Z
VASC000000292584,2026-06-03T19:13:22Z,VASC202411192229072,库内非标增值（免审核）,INHOUSE,USGA,USGA Warehouse,18510153,**************,PD,NULL,NULL
VASC000000292590,2026-06-03T19:28:35Z,VASC202412061826084,Winit 尾程询价服务,OUTBOUND,USKY3,USKY3 Warehouse,19011452,*******************,CD,Y,2026-06-04T01:41:00Z
VASC000000292593,2026-06-03T19:32:22Z,VASC202510211517514,无主货找回,INHOUSE,DE0001,DE Warehouse,11109517,************************************,PD,NULL,NULL
VASC000000292596,2026-06-03T19:30:44Z,VASC202412061826084,Winit 尾程询价服务,OUTBOUND,USKY3,USKY3 Warehouse,19011452,*******************,CD,Y,2026-06-04T01:36:16Z
VASC000000292602,2026-06-03T19:31:59Z,VASC202412171855563,出库非标增值（Anker）,OUTBOUND,DENW3,DENW3 Warehouse,16758605,****************************,PD,NULL,NULL
VASC000000292605,2026-06-03T19:48:38Z,VASC202412171855563,出库非标增值（Anker）,OUTBOUND,UKGF,UKGF Warehouse,16643472,**************************,PD,NULL,NULL
VASC000000292611,2026-06-04T10:14:30Z,VASC202411192253186,出库非标增值（特批）,OUTBOUND,USTX,USTX Warehouse,19227270,********************************,PD,Y,2026-06-03T21:38:21Z
VASC000000292620,2026-06-09T10:06:56Z,VASC202412061826084,Winit 尾程询价服务,OUTBOUND,UKGF,UKGF Warehouse,16643472,**************************,PD,Y,2026-06-03T23:03:39Z
VASC000000292623,2026-06-03T20:05:01Z,VASC202412171855563,出库非标增值（Anker）,OUTBOUND,UKGF,UKGF Warehouse,16643472,**************************,PD,NULL,NULL
VASC000000292626,2026-06-04T11:23:49Z,VASC202411192250069,庫內非標增值（特批）,INHOUSE,USWC2,USWC2 Warehouse,17806402,*****************************,CD,Y,2026-06-04T11:10:57Z
VASC000000292629,2026-06-03T20:16:58Z,VASC202412171855563,出库非标增值（Anker）,OUTBOUND,UKGF,UKGF Warehouse,16643472,**************************,CD,NULL,NULL
VASC000000292635,2026-06-03T20:21:16Z,VASC202412171855563,出库非标增值（Anker）,OUTBOUND,UKGF,UKGF Warehouse,16643472,**************************,PD,NULL,NULL
VASC000000292653,2026-06-03T20:57:01Z,VASC202412171855563,出库非标增值（Anker）,OUTBOUND,UKGF,UKGF Warehouse,16643472,**************************,PD,NULL,NULL
VASC000000292659,2026-06-05T20:32:57Z,VASC202411192246131,入库非标增值（特批）,UNUSUAL,DEBR2,DEBR2 Warehouse,16958250,*************,CD,N,2026-06-09T14:44:00Z
VASC000000292662,2026-06-04T09:54:44Z,VASC202412061826084,Winit 尾程询价服务,OUTBOUND,USNJ2,USNJ2 Warehouse,19227270,********************************,PD,Y,2026-06-03T22:49:33Z
VASC000000292668,2026-06-03T21:25:56Z,VASC202411192250069,库内非标增值（特批）,INHOUSE,DEBR2,DEBR2 Warehouse,16958250,*************,CD,NULL,NULL
VASC000000292671,2026-06-03T21:32:27Z,VASC202510151802079,审核出库单,OUTBOUND,USNJ2,USNJ2 Warehouse,18513540,**********************,PD,NULL,NULL
VASC000000292758,2026-06-05T10:36:31Z,VASC202411192250069,库内非标增值（特批）,INHOUSE,US0001,USWC Warehouse,18888729,************************************,PD,Y,2026-06-04T21:15:37Z
VASC000000292770,2026-06-08T09:57:47Z,VASC202411192250069,库内非标增值（特批）,INHOUSE,DEBR2,DEBR2 Warehouse,16958250,*************,PD,Y,2026-06-04T21:22:27Z
VASC000000292791,2026-06-04T10:36:55Z,VASC202411271721537,入库非标拍照或提供视频,INBOUND,DEBR2,DEBR2 Warehouse,11101154,*********************************************,PD,NULL,NULL
VASC000000292797,2026-06-04T16:22:43Z,VASC202411192253186,出库非标增值（特批）,OUTBOUND,USNJ2,USNJ2 Warehouse,19227270,********************************,PD,Y,2026-06-04T16:16:05Z
VASC000000292812,2026-06-04T10:44:41Z,VASC202411192250069,库内非标增值（特批）,INHOUSE,USWC2,USWC2 Warehouse,19905780,************************************,CD,N,2026-06-05T18:25:04Z
VASC000000292824,2026-06-04T10:38:49Z,VASC202510151802079,审核出库单,OUTBOUND,USGA,USGA Warehouse,16585492,**************************,PD,NULL,NULL
VASC000000292848,2026-06-10T18:06:21Z,VASC202411192250069,库内非标增值（特批）,UNUSUAL,DEBR2,DEBR2 Warehouse,16757165,****************************,PD,Y,2026-06-04T20:43:32Z
VASC000000292905,2026-06-09T11:44:55Z,VASC202411192246131,入库非标增值（特批）,UNUSUAL,USTX,USTX Warehouse,14753316,*********************************,PD,Y,2026-06-08T16:53:30Z
VASC000000292911,2026-06-04T11:33:42Z,VASC202510151802079,审核出库单,OUTBOUND,USWC5,USWC5 Warehouse,19638637,*********************************,PD,NULL,NULL
VASC000000292917,2026-06-04T11:38:28Z,VASC202412171855563,出库非标增值（Anker）,OUTBOUND,DEBR2,DEBR2 Warehouse,16757165,****************************,PD,NULL,NULL
VASC000000292947,2026-06-04T14:05:17Z,VASC202411192250069,库内非标增值（特批）,INHOUSE,USWC2,USWC2 Warehouse,17806402,*****************************,PD,Y,2026-06-04T12:00:02Z
VASC000000292983,2026-06-05T15:15:42Z,VASC202412061826084,Winit 尾程询价服务,OUTBOUND,USNJ2,USNJ2 Warehouse,18513540,**********************,PD,Y,2026-06-05T05:10:43Z
VASC000000292995,2026-06-05T13:51:58Z,VASC202412061826084,Winit 尾程询价服务,OUTBOUND,USNJ2,USNJ2 Warehouse,18513540,**********************,PD,Y,2026-06-04T23:24:13Z
VASC000000292998,2026-06-04T15:58:17Z,VASC202411192250069,库内非标增值（特批）,INHOUSE,US0001,USWC Warehouse,12198028,*********,PD,Y,2026-06-04T14:50:50Z
VASC000000293022,2026-06-04T16:36:50Z,VASC202411192246131,入庫非標增值（特批）,UNUSUAL,USWC2,USWC2 Warehouse,17806402,*****************************,CD,NULL,NULL
VASC000000293031,2026-06-04T18:13:55Z,VASC202411192253186,出库非标增值（特批）,OUTBOUND,UKTW,UKTW Warehouse,16003101,******************************,PD,Y,2026-06-04T18:04:01Z
VASC000000293079,2026-06-04T14:46:08Z,VASC202412171855563,出库非标增值（Anker）,OUTBOUND,DENW3,DENW3 Warehouse,16758605,****************************,PD,NULL,NULL
VASC000000293082,2026-06-04T14:59:40Z,VASC202411192229072,库内非标增值（免审核）,INHOUSE,UKTW,UKTW Warehouse,1001475,***************************************,PD,NULL,NULL
VASC000000293091,2026-06-05T14:50:02Z,VASC202411192250069,库内非标增值（特批）,INHOUSE,USNJ2,USNJ2 Warehouse,18513540,**********************,PD,Y,2026-06-04T15:03:47Z
VASC000000293094,2026-06-04T16:04:32Z,VASC202411192250069,库内非标增值（特批）,INHOUSE,EWD,AU Warehouse,18778484,**************************,PD,Y,2026-06-04T16:01:29Z
VASC000000293139,2026-06-04T15:27:12Z,VASC202412061826084,Winit 尾程询价服务,OUTBOUND,USKY3,USKY3 Warehouse,19011452,*******************,CD,NULL,NULL
VASC000000293157,2026-06-04T15:30:36Z,VASC202412061826084,Winit 尾程询价服务,OUTBOUND,USKY3,USKY3 Warehouse,19011452,*******************,CD,Y,2026-06-04T23:42:35Z
VASC000000293172,2026-06-04T15:33:58Z,VASC202412061826084,Winit 尾程询价服务,OUTBOUND,USKY3,USKY3 Warehouse,19011452,*******************,CD,Y,2026-06-05T00:04:10Z
VASC000000293178,2026-06-04T15:35:00Z,VASC202412061826084,Winit 尾程询价服务,OUTBOUND,USKY3,USKY3 Warehouse,19011452,*******************,CD,Y,2026-06-05T00:01:09Z
VASC000000293181,2026-06-04T15:35:58Z,VASC202412061826084,Winit 尾程询价服务,OUTBOUND,USKY3,USKY3 Warehouse,19011452,*******************,CD,Y,2026-06-04T23:52:35Z
VASC000000293184,2026-06-04T15:36:48Z,VASC202412061826084,Winit 尾程询价服务,OUTBOUND,USKY3,USKY3 Warehouse,19011452,*******************,CD,Y,2026-06-04T23:49:28Z
VASC000000293190,2026-06-04T15:41:57Z,VASC202411192246131,入库非标增值（特批）,UNUSUAL,USGA,USGA Warehouse,18870935,************,CD,N,2026-06-05T16:03:55Z
VASC000000293214,2026-06-04T16:12:20Z,VASC202510151802079,审核出库单,OUTBOUND,EWD,AU Warehouse,18778484,**************************,PD,NULL,NULL
VASC000000293217,2026-06-04T16:12:42Z,VASC202510151802079,审核出库单,OUTBOUND,EWD,AU Warehouse,18778484,**************************,PD,NULL,NULL
VASC000000293235,2026-06-04T16:25:29Z,VASC202512051923357,出库非标增值（Aiper）,OUTBOUND,USNJ2,USNJ2 Warehouse,18513540,**********************,PD,NULL,NULL
VASC000000293238,2026-06-04T16:33:06Z,VASC202411192246131,入庫非標增值（特批）,UNUSUAL,USWC2,USWC2 Warehouse,17806402,*****************************,CD,NULL,NULL
VASC000000293268,2026-06-04T16:53:03Z,VASC202510151802079,审核出库单,OUTBOUND,DEBR2,DEBR2 Warehouse,16757165,****************************,PD,NULL,NULL
VASC000000293274,2026-06-04T17:34:15Z,VASC202411271721537,入库非标拍照或提供视频,INBOUND,UKTW,UKTW Warehouse,19978440,*********************************,PD,NULL,NULL
VASC000000293277,2026-06-05T08:57:54Z,VASC202411192250069,库内非标增值（特批）,INHOUSE,DEBR2,DEBR2 Warehouse,1000036,******************************,PD,Y,2026-06-04T22:20:14Z
VASC000000293304,2026-06-04T17:18:47Z,VASC202411271721537,入库非标拍照或提供视频,INBOUND,USKY3,USKY3 Warehouse,18307037,*************************,PD,NULL,NULL
VASC000000293307,2026-06-09T09:55:41Z,VASC202412061826084,Winit 尾程询价服务,OUTBOUND,UKGF,UKGF Warehouse,16643472,**************************,PD,Y,2026-06-04T19:28:08Z
VASC000000293325,2026-06-04T17:26:38Z,VASC202411192250069,库内非标增值（特批）,INHOUSE,UKGF,UKGF Warehouse,16643472,**************************,CD,N,2026-06-05T16:52:37Z
VASC000000293346,2026-06-04T17:37:24Z,VASC202412171855563,出库非标增值（Anker）,OUTBOUND,DENW3,DENW3 Warehouse,16758605,****************************,PD,NULL,NULL
VASC000000293364,2026-06-04T17:48:51Z,VASC202412171855563,出库非标增值（Anker）,OUTBOUND,DENW3,DENW3 Warehouse,16758605,****************************,PD,NULL,NULL
VASC000000293370,2026-06-05T10:35:18Z,VASC202412061826084,Winit 尾程询价服务,OUTBOUND,EWD,AU Warehouse,17285872,************************************************,PD,Y,2026-06-05T08:52:26Z
VASC000000293376,2026-06-04T17:59:51Z,VASC202412171855563,出库非标增值（Anker）,OUTBOUND,DENW3,DENW3 Warehouse,16758605,****************************,PD,NULL,NULL
VASC000000293379,2026-06-04T18:18:33Z,VASC202411192253186,出库非标增值（特批）,OUTBOUND,US0001,USWC Warehouse,19104098,***************,PD,Y,2026-06-04T18:09:22Z
VASC000000293397,2026-06-04T18:24:47Z,VASC202412061826084,Winit 尾程询价服务,OUTBOUND,USNJ2,USNJ2 Warehouse,19118186,************************,CD,Y,2026-06-04T23:01:55Z
VASC000000293436,2026-06-08T19:07:19Z,VASC202605251438175,代理清关(非标),OUTBOUND,DEBR2,DEBR2 Warehouse,16958250,*************,PD,Y,2026-06-08T19:07:19Z
VASC000000293457,2026-06-04T19:24:03Z,VASC202411192250069,庫內非標增值（特批）,INHOUSE,USKY3,USKY3 Warehouse,17872346,**********************,CD,N,2026-06-04T22:13:48Z
VASC000000293475,2026-06-08T15:43:44Z,VASC202411192250069,库内非标增值（特批）,INHOUSE,USKY3,USKY3 Warehouse,19011452,*******************,PD,Y,2026-06-06T20:19:49Z
VASC000000293481,2026-06-08T10:27:22Z,VASC202411192253186,出库非标增值（特批）,OUTBOUND,USKY3,USKY3 Warehouse,19011452,*******************,PD,Y,2026-06-05T17:27:29Z
VASC000000293490,2026-06-09T16:42:55Z,VASC202412061826084,Winit 尾程询价服务,OUTBOUND,DEBR2,DEBR2 Warehouse,19227270,********************************,PD,Y,2026-06-04T23:13:53Z
VASC000000293493,2026-06-04T23:13:11Z,VASC202510151802079,审核出库单,OUTBOUND,US0001,USWC Warehouse,12198028,*********,PD,NULL,NULL
VASC000000293583,2026-06-05T10:57:50Z,VASC202412111838036,非标收费,INHOUSE,UKGF,UKGF Warehouse,16643472,**************************,PD,Y,2026-06-05T10:57:49Z
VASC000000293598,2026-06-05T10:52:22Z,VASC202411192250069,库内非标增值（特批）,INHOUSE,USKY3,USKY3 Warehouse,17816203,************************,CD,N,2026-06-09T16:55:58Z
VASC000000293640,2026-06-05T11:59:53Z,VASC202412061826084,Winit 尾程询价服务,OUTBOUND,USKY3,USKY3 Warehouse,18085257,*********,CD,Y,2026-06-06T05:05:54Z
VASC000000293646,2026-06-05T11:51:38Z,VASC202412171855563,出库非标增值（Anker）,OUTBOUND,DENW3,DENW3 Warehouse,16758605,****************************,PD,NULL,NULL
VASC000000293649,2026-06-05T12:02:59Z,VASC202412171855563,出库非标增值（Anker）,OUTBOUND,DENW3,DENW3 Warehouse,16758605,****************************,PD,NULL,NULL
VASC000000293655,2026-06-05T12:11:02Z,VASC202412111836315,库内非标增值（需审核）,INHOUSE,DEBR2,DEBR2 Warehouse,19177001,***************************************,CD,NULL,NULL
VASC000000293658,2026-06-06T20:14:31Z,VASC202412111836315,库内非标增值（需审核）,INHOUSE,DEBR2,DEBR2 Warehouse,19177001,***************************************,PD,Y,2026-06-06T20:14:30Z
VASC000000293661,2026-06-05T13:25:32Z,VASC202411271721537,入库非标拍照或提供视频,INBOUND,USGA,USGA Warehouse,17853735,***************************************,OD,NULL,NULL
VASC000000293676,2026-06-05T13:28:07Z,VASC202411271721537,入库非标拍照或提供视频,INBOUND,USGA,USGA Warehouse,17853735,***************************************,ES,NULL,NULL
VASC000000293715,2026-06-05T13:49:40Z,VASC202412061826084,Winit 尾程询价服务,OUTBOUND,USNJ2,USNJ2 Warehouse,18513540,**********************,CD,Y,2026-06-08T22:51:28Z
VASC000000293844,2026-06-05T14:53:55Z,VASC202412171855563,出库非标增值（Anker）,OUTBOUND,DE0001,DE Warehouse,16758605,****************************,PD,NULL,NULL
VASC000000293850,2026-06-05T14:55:07Z,VASC202412171855563,出库非标增值（Anker）,OUTBOUND,DENW3,DENW3 Warehouse,16758605,****************************,PD,NULL,NULL
VASC000000293862,2026-06-05T15:00:19Z,VASC202411192253186,出库非标增值（特批）,OUTBOUND,USKY3,USKY3 Warehouse,19011452,*******************,CD,Y,2026-06-05T17:34:10Z
VASC000000293892,2026-06-05T15:22:39Z,VASC202411192229072,库内非标增值（免审核）,INHOUSE,USKY3,USKY3 Warehouse,17160881,******************************,PD,NULL,NULL
VASC000000293895,2026-06-06T12:00:53Z,VASC202411192250069,库内非标增值（特批）,INHOUSE,USGA,USGA Warehouse,11934046,***************************************,PD,Y,2026-06-05T18:21:46Z
VASC000000293904,2026-06-05T15:24:41Z,VASC202411192229072,库内非标增值（免审核）,INHOUSE,USWC2,USWC2 Warehouse,17160881,******************************,PD,NULL,NULL
VASC000000293910,2026-06-05T15:36:56Z,VASC202603131537445,彩盒外箱出库加贴UPC标签,OUTBOUND,USGA,USGA Warehouse,18513540,**********************,PD,NULL,NULL
VASC000000293940,2026-06-05T20:06:27Z,VASC202411192246131,入库非标增值（特批）,INBOUND,USKY5,USKY5 Warehouse,19687263,*********************************,PD,Y,2026-06-05T17:27:42Z
VASC000000294003,2026-06-05T16:31:34Z,VASC202412171855563,出库非标增值（Anker）,OUTBOUND,DENW3,DENW3 Warehouse,16758605,****************************,PD,NULL,NULL
VASC000000294009,2026-06-06T10:05:13Z,VASC202411192250069,库内非标增值（特批）,INHOUSE,DEBR2,DEBR2 Warehouse,17933875,******,PD,Y,2026-06-05T17:20:14Z
VASC000000294012,2026-06-05T16:58:16Z,VASC202411192250069,库内非标增值（特批）,INHOUSE,USGA,USGA Warehouse,19539912,*********,CD,N,2026-06-10T15:26:38Z
VASC000000294024,2026-06-05T17:07:53Z,VASC202412171855563,出库非标增值（Anker）,OUTBOUND,DENW3,DENW3 Warehouse,16758605,****************************,PD,NULL,NULL
VASC000000294099,2026-06-05T18:02:03Z,VASC202412061826084,Winit 尾程询价服务,OUTBOUND,DEBR2,DEBR2 Warehouse,18513540,**********************,CD,N,2026-06-08T15:00:27Z
VASC000000294102,2026-06-05T18:30:07Z,VASC202411192246131,入库非标增值（特批）,INBOUND,USTX,USTX Warehouse,19046105,******************************,CD,N,2026-06-08T14:12:54Z
VASC000000294114,2026-06-05T18:24:21Z,VASC202411192250069,库内非标增值（特批）,INHOUSE,DEBR2,DEBR2 Warehouse,16958250,*************,CD,NULL,NULL
VASC000000294117,2026-06-05T18:27:53Z,VASC202411192229072,库内非标增值（免审核）,INHOUSE,USTX,USTX Warehouse,18510153,**************,PD,NULL,NULL
VASC000000294129,2026-06-08T10:12:10Z,VASC202412061826084,Winit 尾程询价服务,OUTBOUND,USKY3,USKY3 Warehouse,19011452,*******************,CD,Y,2026-06-06T04:59:16Z
VASC000000294135,2026-06-08T10:25:13Z,VASC202412061826084,Winit 尾程询价服务,OUTBOUND,USKY3,USKY3 Warehouse,19011452,*******************,CD,Y,2026-06-06T04:54:49Z
VASC000000294138,2026-06-06T17:41:07Z,VASC202412061826084,Winit 尾程询价服务,OUTBOUND,USKY3,USKY3 Warehouse,18170180,************************,PD,Y,2026-06-06T05:39:18Z
VASC000000294144,2026-06-08T10:24:41Z,VASC202412061826084,Winit 尾程询价服务,OUTBOUND,USKY3,USKY3 Warehouse,19011452,*******************,CD,Y,2026-06-06T04:24:15Z
VASC000000294147,2026-06-09T14:04:48Z,VASC202411192246131,入库非标增值（特批）,INBOUND,DEBR2,DEBR2 Warehouse,18170180,************************,PD,Y,2026-06-08T15:25:34Z
VASC000000294150,2026-06-08T10:13:29Z,VASC202412061826084,Winit 尾程询价服务,OUTBOUND,USKY3,USKY3 Warehouse,19011452,*******************,CD,Y,2026-06-05T23:53:30Z
VASC000000294153,2026-06-08T10:12:57Z,VASC202412061826084,Winit 尾程询价服务,OUTBOUND,USKY3,USKY3 Warehouse,19011452,*******************,CD,Y,2026-06-05T23:48:16Z
VASC000000294156,2026-06-08T16:20:32Z,VASC202411192250069,庫內非標增值（特批）,INHOUSE,USKY3,USKY3 Warehouse,17872346,**********************,PD,Y,2026-06-06T20:44:32Z
VASC000000294159,2026-06-05T18:52:17Z,VASC202412171855563,出库非标增值（Anker）,OUTBOUND,DEBR2,DEBR2 Warehouse,16757165,****************************,PD,NULL,NULL
VASC000000294162,2026-06-05T19:04:30Z,VASC202504071528233,入库清除标签,INBOUND,US0001,USWC Warehouse,19702756,*********************************************************,ES,NULL,NULL
VASC000000294168,2026-06-05T19:49:47Z,VASC202412171855563,出库非标增值（Anker）,OUTBOUND,DE0001,DE Warehouse,16758605,****************************,PD,NULL,NULL
VASC000000294171,2026-06-05T19:59:35Z,VASC202412171855563,出库非标增值（Anker）,OUTBOUND,DENW3,DENW3 Warehouse,16758605,****************************,PD,NULL,NULL
VASC000000294237,2026-06-08T23:28:21Z,VASC202411192250069,库内非标增值（特批）,INHOUSE,USKY5,USKY5 Warehouse,19304963,*****************,PD,Y,2026-06-08T11:40:03Z
VASC000000294252,2026-06-06T07:12:35Z,VASC202412061826084,Winit 手續詢價服務,OUTBOUND,USWC2,USWC2 Warehouse,17806402,*****************************,CD,N,2026-06-06T09:31:22Z
VASC000000294276,2026-06-06T09:44:51Z,VASC202412061826084,Winit 手續詢價服務,OUTBOUND,USWC2,USWC2 Warehouse,17806402,*****************************,CD,Y,2026-06-06T10:10:14Z
VASC000000294312,2026-06-06T11:04:52Z,VASC202411192250069,库内非标增值（特批）,INHOUSE,USKY3,USKY3 Warehouse,18155335,*********************************,CD,NULL,NULL
VASC000000294321,2026-06-06T11:10:26Z,VASC202411192250069,库内非标增值（特批）,INHOUSE,USKY3,USKY3 Warehouse,18155335,*********************************,CD,N,2026-06-10T15:25:44Z
VASC000000294324,2026-06-06T11:19:02Z,VASC202411192250069,库内非标增值（特批）,INHOUSE,USKY3,USKY3 Warehouse,18155335,*********************************,CD,N,2026-06-10T15:25:31Z
VASC000000294330,2026-06-06T11:21:14Z,VASC202411192250069,库内非标增值（特批）,INHOUSE,USKY3,USKY3 Warehouse,18155335,*********************************,CD,N,2026-06-10T15:25:16Z
VASC000000294345,2026-06-06T14:26:05Z,VASC202411271721537,入库非标拍照或提供视频,INBOUND,USKY3,USKY3 Warehouse,18155335,*********************************,PD,NULL,NULL
VASC000000294417,2026-06-06T16:39:06Z,VASC202603131537445,彩盒外箱出库加贴UPC标签,OUTBOUND,USNJ2,USNJ2 Warehouse,18513540,**********************,CD,NULL,NULL
VASC000000294420,2026-06-06T16:41:43Z,VASC202603131537445,彩盒外箱出库加贴UPC标签,OUTBOUND,USNJ2,USNJ2 Warehouse,18513540,**********************,PD,NULL,NULL
VASC000000294471,2026-06-09T09:40:27Z,VASC202412061826084,Winit 尾程询价服务,OUTBOUND,USKY3,USKY3 Warehouse,18085257,*********,PD,Y,2026-06-08T22:15:58Z
VASC000000294492,2026-06-09T09:11:21Z,VASC202412061826084,Winit 尾程询价服务,OUTBOUND,USKY3,USKY3 Warehouse,18170180,************************,PD,Y,2026-06-08T22:04:21Z
VASC000000294522,2026-06-08T09:48:36Z,VASC202411192240522,上架前自提,UNUSUAL,US0001,USWC Warehouse,13947840,********************,PD,NULL,NULL
VASC000000294543,2026-06-09T09:35:44Z,VASC202411192246131,入库非标增值（特批）,INBOUND,USKY5,USKY5 Warehouse,18743294,************************************,PD,Y,2026-06-08T16:14:06Z
VASC000000294570,2026-06-08T10:18:11Z,VASC202412171855563,出库非标增值（Anker）,OUTBOUND,DENW3,DENW3 Warehouse,16758605,****************************,PD,NULL,NULL
VASC000000294573,2026-06-10T17:56:05Z,VASC202411192253186,出库非标增值（特批）,OUTBOUND,DENW3,DENW3 Warehouse,16758605,****************************,PD,Y,2026-06-09T11:40:38Z
VASC000000294594,2026-06-08T10:34:34Z,VASC202504071528233,入库清除标签,INBOUND,US0001,USWC Warehouse,13947840,********************,PD,NULL,NULL
VASC000000294609,2026-06-09T17:15:56Z,VASC202411192253186,出库非标增值（特批）,OUTBOUND,DENW3,DENW3 Warehouse,16758605,****************************,PD,Y,2026-06-08T20:19:04Z
VASC000000294618,2026-06-09T09:29:17Z,VASC202411192250069,庫內非標增值（特批）,INHOUSE,DE0001,DE Warehouse,19685407,*************************************,PD,Y,2026-06-08T19:08:08Z
VASC000000294621,2026-06-09T09:29:06Z,VASC202411192250069,庫內非標增值（特批）,INHOUSE,DEBR2,DEBR2 Warehouse,19685407,*************************************,PD,Y,2026-06-08T19:06:27Z
VASC000000294669,2026-06-08T16:33:03Z,VASC202411192246131,入庫非標增值（特批）,UNUSUAL,USWC2,USWC2 Warehouse,17806402,*****************************,PD,Y,2026-06-08T16:30:07Z
VASC000000294672,2026-06-09T08:16:01Z,VASC202411192250069,库内非标增值（特批）,INHOUSE,USKY3,USKY3 Warehouse,18155335,*********************************,PD,Y,2026-06-08T21:44:59Z
VASC000000294678,2026-06-10T17:39:03Z,VASC202411192250069,库内非标增值（特批）,INHOUSE,DE0001,DE Warehouse,11109517,************************************,PD,Y,2026-06-08T18:06:53Z
VASC000000294684,2026-06-08T16:41:46Z,VASC202411192246131,入庫非標增值（特批）,UNUSUAL,USWC2,USWC2 Warehouse,17806402,*****************************,PD,Y,2026-06-08T16:37:56Z
VASC000000294687,2026-06-10T17:38:51Z,VASC202411192250069,库内非标增值（特批）,INHOUSE,DEBR2,DEBR2 Warehouse,11109517,************************************,PD,Y,2026-06-08T18:05:42Z
VASC000000294693,2026-06-10T17:38:41Z,VASC202411192250069,库内非标增值（特批）,INHOUSE,EWD,AU Warehouse,11109517,************************************,PD,Y,2026-06-08T18:01:45Z
VASC000000294702,2026-06-08T11:38:13Z,VASC202411192250069,库内非标增值（特批）,INHOUSE,UKGF,UKGF Warehouse,11109517,************************************,CD,Y,2026-06-08T17:59:43Z
VASC000000294705,2026-06-08T11:39:10Z,VASC202411192250069,库内非标增值（特批）,INHOUSE,US0001,USWC Warehouse,11109517,************************************,CD,Y,2026-06-08T17:58:18Z
VASC000000294708,2026-06-09T21:57:09Z,VASC202411192250069,库内非标增值（特批）,INHOUSE,USNJ2,USNJ2 Warehouse,18513540,**********************,PD,Y,2026-06-09T19:39:24Z
VASC000000294765,2026-06-09T11:44:10Z,VASC202411192250069,库内非标增值（特批）,INHOUSE,USKY3,USKY3 Warehouse,11107087,****************************,PD,Y,2026-06-08T19:21:57Z
VASC000000294780,2026-06-08T20:12:33Z,VASC202411192250069,库内非标增值（特批）,INHOUSE,USGA,USGA Warehouse,19733794,******************************,CD,Y,2026-06-08T20:05:41Z
VASC000000294801,2026-06-09T10:48:23Z,VASC202412061826084,Winit 尾程询价服务,OUTBOUND,EWD,AU Warehouse,18778484,**************************,PD,Y,2026-06-09T07:55:44Z
VASC000000294807,2026-06-08T14:30:35Z,VASC202411192246131,入库非标增值（特批）,INBOUND,USKY3,USKY3 Warehouse,13816111,******************************,CD,NULL,NULL
VASC000000294813,2026-06-08T14:12:17Z,VASC202412061826084,Winit 尾程询价服务,OUTBOUND,DEBR2,DEBR2 Warehouse,18513540,**********************,CD,N,2026-06-08T15:00:21Z
VASC000000294834,2026-06-09T17:59:16Z,VASC202412061826084,Winit 尾程询价服务,OUTBOUND,UKTW,UKTW Warehouse,16573151,********************,PD,Y,2026-06-08T21:27:48Z
VASC000000294846,2026-06-08T21:45:34Z,VASC202411192246131,入库非标增值（特批）,INBOUND,USKY3,USKY3 Warehouse,13816111,******************************,PD,Y,2026-06-08T21:33:10Z
VASC000000294906,2026-06-08T16:47:22Z,VASC202411192253186,出库非标增值（特批）,OUTBOUND,USKY3,USKY3 Warehouse,19011452,*******************,PD,Y,2026-06-08T16:10:32Z
VASC000000294915,2026-06-10T11:09:54Z,VASC202412061826084,Winit 尾程询价服务,OUTBOUND,UKGF,UKGF Warehouse,19263669,******************************,PD,Y,2026-06-09T21:49:19Z
VASC000000294966,2026-06-09T11:03:52Z,VASC202412061826084,Winit 尾程询价服务,OUTBOUND,USKY3,USKY3 Warehouse,13816111,******************************,PD,Y,2026-06-08T21:54:13Z
VASC000000294984,2026-06-09T09:54:43Z,VASC202412061826084,Winit 尾程询价服务,OUTBOUND,UKTW,UKTW Warehouse,19226389,******************************,PD,Y,2026-06-08T21:24:45Z
VASC000000294987,2026-06-08T16:43:13Z,VASC202411192250069,库内非标增值（特批）,INHOUSE,EWD,AU Warehouse,10011506,***************************************,CD,NULL,NULL
VASC000000294993,2026-06-08T17:15:46Z,VASC202411192253186,出库非标增值（特批）,OUTBOUND,USNJ2,USNJ2 Warehouse,18513540,**********************,PD,Y,2026-06-08T17:12:08Z
VASC000000295020,2026-06-09T12:06:01Z,VASC202411192250069,库内非标增值（特批）,INHOUSE,EWD,AU Warehouse,10011506,***************************************,PD,Y,2026-06-09T11:25:43Z
VASC000000295032,2026-06-08T17:24:24Z,VASC202411192250069,库内非标增值（特批）,INHOUSE,UKTW,UKTW Warehouse,1003260,*********************************************,CD,NULL,NULL
VASC000000295044,2026-06-08T18:04:35Z,VASC202411192253186,出库非标增值（特批）,OUTBOUND,USGA,USGA Warehouse,18513540,**********************,PD,Y,2026-06-08T17:38:05Z
VASC000000295074,2026-06-09T15:06:32Z,VASC202411192250069,库内非标增值（特批）,INHOUSE,UKTW,UKTW Warehouse,1003260,*********************************************,PD,Y,2026-06-09T11:50:38Z
VASC000000295116,2026-06-08T22:48:18Z,VASC202411192250069,库内非标增值（特批）,INHOUSE,USTX,USTX Warehouse,19227270,********************************,PD,Y,2026-06-08T20:43:26Z
VASC000000295134,2026-06-17T18:46:20Z,VASC202412061826084,Winit 尾程询价服务,OUTBOUND,DEBR2,DEBR2 Warehouse,18513540,**********************,PD,Y,2026-06-17T17:56:25Z
VASC000000295137,2026-06-11T15:02:59Z,VASC202411192229072,库内非标增值（免审核）,INHOUSE,DEBR2,DEBR2 Warehouse,18778484,**************************,PD,NULL,NULL
VASC000000295146,2026-06-08T18:27:03Z,VASC202411192250069,库内非标增值（特批）,INHOUSE,USKY3,USKY3 Warehouse,19011452,*******************,CD,N,2026-06-09T17:09:54Z
VASC000000295155,2026-06-11T16:29:36Z,VASC202412061826084,Winit 尾程询价服务,OUTBOUND,UKGF,UKGF Warehouse,16643472,**************************,PD,Y,2026-06-09T00:32:01Z
VASC000000295158,2026-06-09T19:42:40Z,VASC202605251438175,代理清关(非标),OUTBOUND,DEBR2,DEBR2 Warehouse,16958250,*************,PD,Y,2026-06-09T19:42:40Z
VASC000000295161,2026-06-08T18:52:10Z,VASC202411192250069,库内非标增值（特批）,INHOUSE,USWC2,USWC2 Warehouse,19376789,*********************************,CD,N,2026-06-09T17:12:27Z
VASC000000295164,2026-06-08T18:44:19Z,VASC202412171855563,出库非标增值（Anker）,OUTBOUND,UKGF,UKGF Warehouse,16643472,**************************,PD,NULL,NULL
VASC000000295167,2026-06-08T19:30:00Z,VASC202412061826084,Winit 尾程询价服务,OUTBOUND,US0001,USWC Warehouse,18911574,***************************,CD,Y,2026-06-09T10:19:57Z
VASC000000295170,2026-06-08T18:58:47Z,VASC202412171855563,出库非标增值（Anker）,OUTBOUND,DENW3,DENW3 Warehouse,16758605,****************************,PD,NULL,NULL
VASC000000295191,2026-06-09T14:18:07Z,VASC202412061826084,Winit 尾程询价服务,OUTBOUND,US0001,USWC Warehouse,19173941,************************,PD,Y,2026-06-09T10:51:22Z
VASC000000295194,2026-06-11T19:12:08Z,VASC202412061826084,Winit 尾程询价服务,OUTBOUND,UKGF,UKGF Warehouse,16643472,**************************,PD,Y,2026-06-09T17:59:46Z
VASC000000295197,2026-06-08T20:08:48Z,VASC202412171855563,出库非标增值（Anker）,OUTBOUND,UKGF,UKGF Warehouse,16643472,**************************,PD,NULL,NULL
VASC000000295200,2026-06-08T20:25:49Z,VASC202412171855563,出库非标增值（Anker）,OUTBOUND,UKGF,UKGF Warehouse,16643472,**************************,PD,NULL,NULL
VASC000000295239,2026-06-09T22:45:21Z,VASC202411192246131,入库非标增值（特批）,UNUSUAL,DEBR2,DEBR2 Warehouse,19748221,************************************,CD,Y,2026-06-10T18:29:32Z
VASC000000295248,2026-06-12T11:28:26Z,VASC202412061826084,Winit 尾程询价服务,OUTBOUND,UKGF,UKGF Warehouse,19263669,******************************,PD,Y,2026-06-11T18:48:04Z
VASC000000295350,2026-06-09T13:41:09Z,VASC202411192250069,库内非标增值（特批）,INHOUSE,DEBR2,DEBR2 Warehouse,19223275,***************************************,CD,N,2026-06-09T17:19:39Z
VASC000000295353,2026-06-12T10:16:22Z,VASC202411192246131,入库非标增值（特批）,INBOUND,US0001,USWC Warehouse,13947840,********************,PD,Y,2026-06-11T21:24:26Z
VASC000000295383,2026-06-09T11:36:39Z,VASC202411192253186,出库非标增值（特批）,OUTBOUND,DEBR2,DEBR2 Warehouse,19177001,***************************************,CD,NULL,NULL
VASC000000295401,2026-06-10T10:56:09Z,VASC202411192246131,入库非标增值（特批）,INBOUND,US0001,USWC Warehouse,13947840,********************,PD,Y,2026-06-09T19:00:39Z
VASC000000295428,2026-06-11T11:42:15Z,VASC202411192240522,上架前自提,UNUSUAL,US0001,USWC Warehouse,19731877,******************************,PD,NULL,NULL
VASC000000295452,2026-06-09T11:27:14Z,VASC202411192250069,库内非标增值（特批）,INHOUSE,USKY5,USKY5 Warehouse,17688379,***********,CD,NULL,NULL
VASC000000295473,2026-06-09T11:27:32Z,VASC202412061826084,Winit 尾程询价服务,OUTBOUND,DEBR2,DEBR2 Warehouse,16757165,****************************,CD,N,2026-06-10T17:29:30Z
VASC000000295476,2026-06-09T11:28:34Z,VASC202412171855563,出库非标增值（Anker）,OUTBOUND,DEBR2,DEBR2 Warehouse,16757165,****************************,PD,NULL,NULL
VASC000000295491,2026-06-09T11:34:23Z,VASC202411192246131,入库非标增值（特批）,UNUSUAL,USWC2,USWC2 Warehouse,19733476,****************************************************,CD,N,2026-06-09T19:43:53Z
VASC000000295494,2026-06-09T14:46:28Z,VASC202411192250069,库内非标增值（特批）,INHOUSE,USKY3,USKY3 Warehouse,11107087,****************************,PD,Y,2026-06-09T12:26:21Z
VASC000000295500,2026-06-09T11:35:31Z,VASC202411192246131,入库非标增值（特批）,UNUSUAL,USWC2,USWC2 Warehouse,19733476,****************************************************,CD,N,2026-06-09T19:44:11Z
VASC000000295527,2026-06-09T12:03:44Z,VASC202510151802079,审核出库单,OUTBOUND,USTX,USTX Warehouse,19227270,********************************,PD,NULL,NULL
VASC000000295536,2026-06-09T14:08:10Z,VASC202412111838036,非标收费,INHOUSE,UKGF,UKGF Warehouse,16643472,**************************,PD,Y,2026-06-09T14:08:10Z
VASC000000295542,2026-06-09T13:33:03Z,VASC202510211517514,无主货找回,INHOUSE,USNJ2,USNJ2 Warehouse,19121991,************************************,PD,NULL,NULL
VASC000000295545,2026-06-09T15:30:05Z,VASC202411192250069,库内非标增值（特批）,INHOUSE,USKY3,USKY3 Warehouse,19011452,*******************,PD,Y,2026-06-09T14:25:10Z
VASC000000295572,2026-06-09T14:05:42Z,VASC202412061826084,Winit 尾程询价服务,OUTBOUND,DEBR2,DEBR2 Warehouse,16757165,****************************,CD,N,2026-06-09T23:12:22Z
VASC000000295578,2026-06-09T14:08:14Z,VASC202512051923357,出库非标增值（Aiper）,OUTBOUND,USNJ2,USNJ2 Warehouse,18513540,**********************,PD,NULL,NULL
VASC000000295584,2026-06-09T14:08:39Z,VASC202412171855563,出库非标增值（Anker）,OUTBOUND,DEBR2,DEBR2 Warehouse,16757165,****************************,PD,NULL,NULL
VASC000000295587,2026-06-09T15:54:12Z,VASC202411192250069,庫內非標增值（特批）,INHOUSE,USWC2,USWC2 Warehouse,18574822,*********************,CD,N,2026-06-11T14:52:21Z
VASC000000295599,2026-06-09T14:28:58Z,VASC202411192253186,出库非标增值（特批）,OUTBOUND,DE0001,DE Warehouse,16958250,*************,CD,N,2026-06-09T14:50:07Z
VASC000000295623,2026-06-09T21:06:23Z,VASC202411192250069,库内非标增值（特批）,INHOUSE,UKGF,UKGF Warehouse,16643472,**************************,PD,Y,2026-06-09T19:47:22Z
VASC000000295632,2026-06-09T16:10:26Z,VASC202411192253186,出库非标增值（特批）,OUTBOUND,DEBR2,DEBR2 Warehouse,19177001,***************************************,PD,Y,2026-06-09T16:03:21Z
VASC000000295644,2026-06-12T09:05:06Z,VASC202412061826084,Winit 尾程询价服务,OUTBOUND,DE0001,DE Warehouse,16958250,*************,PD,Y,2026-06-10T19:00:40Z
VASC000000295653,2026-06-09T15:27:28Z,VASC202412061826084,Winit 尾程询价服务,OUTBOUND,EWD,AU Warehouse,13219790,***********************************,CD,Y,2026-06-10T08:14:20Z
VASC000000295713,2026-06-10T21:21:45Z,VASC202411192253186,出库非标增值（特批）,OUTBOUND,USWC5,USWC5 Warehouse,19104098,***************,PD,Y,2026-06-09T16:36:20Z
VASC000000295722,2026-06-10T09:41:38Z,VASC202411192253186,出库非标增值（特批）,OUTBOUND,DEBR2,DEBR2 Warehouse,17207782,*********************************,CD,Y,2026-06-09T19:15:39Z
VASC000000295806,2026-06-09T17:09:54Z,VASC202412171855563,出库非标增值（Anker）,OUTBOUND,DENW3,DENW3 Warehouse,16758605,****************************,PD,NULL,NULL
VASC000000295827,2026-06-09T17:17:20Z,VASC202411192229072,库内非标增值（免审核）,INHOUSE,CATO,CATO Warehouse,16585492,**************************,PD,NULL,NULL
VASC000000295836,2026-06-09T17:21:12Z,VASC202412171855563,出库非标增值（Anker）,OUTBOUND,DE0001,DE Warehouse,16758605,****************************,PD,NULL,NULL
VASC000000295860,2026-06-09T20:39:24Z,VASC202411192246131,入库非标增值（特批）,UNUSUAL,USWC2,USWC2 Warehouse,19376789,*********************************,CD,NULL,NULL
VASC000000295887,2026-06-18T18:38:17Z,VASC202411192246131,入库非标增值（特批）,UNUSUAL,CATO,CATO Warehouse,19376789,*********************************,CD,NULL,NULL
VASC000000295902,2026-06-09T18:10:04Z,VASC202412171855563,出库非标增值（Anker）,OUTBOUND,DEBR2,DEBR2 Warehouse,16757165,****************************,PD,NULL,NULL
VASC000000295935,2026-06-09T18:32:26Z,VASC202411192246131,入库非标增值（特批）,INBOUND,CATO,CATO Warehouse,16573937,*********************,CD,N,2026-06-09T20:41:40Z
VASC000000295944,2026-06-09T18:47:11Z,VASC202412061826084,Winit 尾程询价服务,OUTBOUND,USKY3,USKY3 Warehouse,17566820,************************************,CD,Y,2026-06-10T01:00:31Z
VASC000000295977,2026-06-09T19:15:47Z,VASC202412171855563,出库非标增值（Anker）,OUTBOUND,DEBR2,DEBR2 Warehouse,16757165,****************************,PD,NULL,NULL
VASC000000295986,2026-06-09T19:22:47Z,VASC202411192250069,库内非标增值（特批）,INHOUSE,USWC2,USWC2 Warehouse,19376789,*********************************,CD,N,2026-06-09T20:32:33Z
VASC000000295992,2026-06-09T19:46:03Z,VASC202412171855563,出库非标增值（Anker）,OUTBOUND,UKGF,UKGF Warehouse,16643472,**************************,PD,NULL,NULL
VASC000000295995,2026-06-09T19:47:55Z,VASC202510151802079,审核出库单,OUTBOUND,UKGF,UKGF Warehouse,16643472,**************************,PD,NULL,NULL
VASC000000295998,2026-06-09T21:26:30Z,VASC202412061826084,Winit 尾程询价服务,OUTBOUND,USWC2,USWC2 Warehouse,18938219,*********,CD,Y,2026-06-10T05:34:15Z
VASC000000296046,2026-06-10T09:16:21Z,VASC202412061826084,Winit 尾程询价服务,OUTBOUND,DEBR2,DEBR2 Warehouse,18513540,**********************,CD,Y,2026-06-24T14:28:36Z
VASC000000296082,2026-06-10T18:10:50Z,VASC202412061826084,Winit 尾程询价服务,OUTBOUND,EWD,AU Warehouse,10011506,***************************************,PD,Y,2026-06-10T11:00:58Z
VASC000000296088,2026-06-10T18:10:19Z,VASC202412061826084,Winit 尾程询价服务,OUTBOUND,EWD,AU Warehouse,10011506,***************************************,PD,Y,2026-06-10T10:57:53Z
VASC000000296091,2026-06-10T11:26:10Z,VASC202510211517514,无主货找回,INHOUSE,USWC2,USWC2 Warehouse,18746488,*********,PD,NULL,NULL
VASC000000296127,2026-06-11T08:51:24Z,VASC202411192250069,库内非标增值（特批）,INHOUSE,USGA,USGA Warehouse,19733794,******************************,PD,Y,2026-06-10T14:27:51Z
VASC000000296172,2026-06-10T21:05:14Z,VASC202411192253186,出库非标增值（特批）,OUTBOUND,DEBR2,DEBR2 Warehouse,10006189,*****************************,CD,N,2026-06-10T21:06:34Z
VASC000000296175,2026-06-10T11:28:03Z,VASC202411192229072,库内非标增值（免审核）,INHOUSE,US0001,USWC Warehouse,17490845,*********************************,PD,NULL,NULL
VASC000000296202,2026-06-10T11:44:57Z,VASC202411192246131,入庫非標增值（特批）,UNUSUAL,CATO,CATO Warehouse,16573937,*********************,CD,NULL,NULL
VASC000000296205,2026-06-11T11:08:21Z,VASC202411192250069,库内非标增值（特批）,UNUSUAL,UKTW,UKTW Warehouse,1000083,************************************,PD,Y,2026-06-10T18:23:37Z
VASC000000296217,2026-06-11T11:49:54Z,VASC202411192246131,入庫非標增值（特批）,UNUSUAL,CATO,CATO Warehouse,16573937,*********************,PD,Y,2026-06-10T18:38:14Z
VASC000000296223,2026-06-10T12:18:55Z,VASC202411192253186,出库非标增值（特批）,OUTBOUND,US0001,USWC Warehouse,10006189,*****************************,CD,Y,2026-06-10T12:21:40Z
VASC000000296259,2026-06-12T10:55:50Z,VASC202605251438175,代理清关(非标),OUTBOUND,DEBR2,DEBR2 Warehouse,16958250,*************,PD,Y,2026-06-12T10:55:50Z
VASC000000296265,2026-06-12T10:56:34Z,VASC202605251438175,代理清关(非标),OUTBOUND,DEBR2,DEBR2 Warehouse,16958250,*************,PD,Y,2026-06-12T10:56:34Z
VASC000000296307,2026-06-10T15:14:36Z,VASC202411192250069,库内非标增值（特批）,INHOUSE,DEBR2,DEBR2 Warehouse,16958250,*************,PD,Y,2026-06-10T14:50:37Z
VASC000000296319,2026-06-11T11:04:46Z,VASC202411192246131,入库非标增值（特批）,UNUSUAL,USWC5,USWC5 Warehouse,19227270,********************************,PD,Y,2026-06-10T20:41:48Z
VASC000000296325,2026-06-11T10:21:49Z,VASC202411192246131,入库非标增值（特批）,UNUSUAL,USWC2,USWC2 Warehouse,19376789,*********************************,ES,Y,2026-06-10T21:53:56Z
VASC000000296337,2026-06-10T15:08:30Z,VASC202412061826084,Winit 尾程询价服务,OUTBOUND,USGA,USGA Warehouse,19638637,*********************************,CD,NULL,NULL
VASC000000296346,2026-06-10T14:53:26Z,VASC202412061826084,Winit 尾程询价服务,OUTBOUND,DEBR2,DEBR2 Warehouse,19226389,******************************,CD,N,2026-06-12T15:20:34Z
VASC000000296352,2026-06-10T15:02:48Z,VASC202411192246131,入库非标增值（特批）,UNUSUAL,USKY3,USKY3 Warehouse,11103694,***************************,CD,NULL,NULL
VASC000000296355,2026-06-10T15:09:26Z,VASC202411192229072,库内非标增值（免审核）,INHOUSE,USKY3,USKY3 Warehouse,16585492,**************************,PD,NULL,NULL
VASC000000296370,2026-06-11T13:37:23Z,VASC202411192246131,入库非标增值（特批）,UNUSUAL,USKY3,USKY3 Warehouse,11103694,***************************,PD,Y,2026-06-10T16:40:59Z
VASC000000296373,2026-06-12T16:47:03Z,VASC202412061826084,Winit 尾程询价服务,OUTBOUND,USGA,USGA Warehouse,19638637,*********************************,PD,Y,2026-06-11T02:09:27Z
VASC000000296406,2026-06-10T17:46:56Z,VASC202411192250069,库内非标增值（特批）,INHOUSE,USNJ2,USNJ2 Warehouse,18513540,**********************,PD,Y,2026-06-10T17:15:03Z
VASC000000296445,2026-06-11T10:54:02Z,VASC202411192253186,出库非标增值（特批）,OUTBOUND,US0001,USWC Warehouse,13947840,********************,PD,Y,2026-06-10T17:13:26Z
VASC000000296460,2026-06-10T17:12:08Z,VASC202412171855563,出库非标增值（Anker）,OUTBOUND,DENW3,DENW3 Warehouse,16758605,****************************,PD,NULL,NULL
VASC000000296463,2026-06-10T17:14:28Z,VASC202412171855563,出库非标增值（Anker）,OUTBOUND,DENW3,DENW3 Warehouse,16758605,****************************,PD,NULL,NULL
VASC000000296469,2026-06-10T17:16:22Z,VASC202510151802079,审核出库单,OUTBOUND,USNJ2,USNJ2 Warehouse,18513540,**********************,PD,NULL,NULL
VASC000000296481,2026-06-10T17:27:37Z,VASC202412171855563,出库非标增值（Anker）,OUTBOUND,UKGF,UKGF Warehouse,16643472,**************************,PD,NULL,NULL
VASC000000296493,2026-06-11T19:33:08Z,VASC202411192250069,库内非标增值（特批）,INHOUSE,UKGF,UKGF Warehouse,11109517,************************************,PD,Y,2026-06-10T21:02:54Z
VASC000000296499,2026-06-11T19:33:00Z,VASC202411192250069,库内非标增值（特批）,INHOUSE,US0001,USWC Warehouse,11109517,************************************,PD,Y,2026-06-10T21:02:11Z
VASC000000296517,2026-06-10T17:52:53Z,VASC202412171855563,出库非标增值（Anker）,OUTBOUND,DENW3,DENW3 Warehouse,16758605,****************************,PD,NULL,NULL
VASC000000296523,2026-06-10T17:59:13Z,VASC202510211517514,无主货找回,INHOUSE,USKY3,USKY3 Warehouse,10007198,*****************************,PD,NULL,NULL
VASC000000296529,2026-06-11T08:13:40Z,VASC202411192250069,库内非标增值（特批）,INHOUSE,USKY3,USKY3 Warehouse,18155335,*********************************,CD,N,2026-06-12T20:31:11Z
VASC000000296535,2026-06-10T18:02:01Z,VASC202412171855563,出库非标增值（Anker）,OUTBOUND,DENW3,DENW3 Warehouse,16758605,****************************,CD,NULL,NULL
VASC000000296538,2026-06-10T18:04:39Z,VASC202412171855563,出库非标增值（Anker）,OUTBOUND,DE0001,DE Warehouse,16758605,****************************,PD,NULL,NULL
VASC000000296541,2026-06-10T18:08:31Z,VASC202412171855563,出库非标增值（Anker）,OUTBOUND,DE0001,DE Warehouse,16758605,****************************,PD,NULL,NULL
VASC000000296547,2026-06-11T15:05:18Z,VASC202412061826084,Winit 尾程询价服务,OUTBOUND,EWD,AU Warehouse,10011506,***************************************,PD,Y,2026-06-11T12:35:38Z
VASC000000296562,2026-06-10T18:48:54Z,VASC202412171855563,出库非标增值（Anker）,OUTBOUND,DE0001,DE Warehouse,16758605,****************************,PD,NULL,NULL
VASC000000296583,2026-06-10T19:43:50Z,VASC202412171855563,出库非标增值（Anker）,OUTBOUND,UKGF,UKGF Warehouse,16643472,**************************,PD,NULL,NULL
VASC000000296586,2026-06-10T19:44:23Z,VASC202412171855563,出库非标增值（Anker）,OUTBOUND,UKGF,UKGF Warehouse,16643472,**************************,PD,NULL,NULL
VASC000000296589,2026-06-10T19:45:51Z,VASC202412171855563,出库非标增值（Anker）,OUTBOUND,UKGF,UKGF Warehouse,16643472,**************************,PD,NULL,NULL
VASC000000296592,2026-06-10T19:46:28Z,VASC202412171855563,出库非标增值（Anker）,OUTBOUND,UKGF,UKGF Warehouse,16643472,**************************,PD,NULL,NULL
VASC000000296598,2026-06-10T20:48:15Z,VASC202412171855563,出库非标增值（Anker）,OUTBOUND,DENW3,DENW3 Warehouse,16758605,****************************,CD,NULL,NULL
VASC000000296601,2026-06-10T21:08:10Z,VASC202412171855563,出库非标增值（Anker）,OUTBOUND,DE0001,DE Warehouse,16758605,****************************,PD,NULL,NULL
VASC000000296610,2026-06-10T21:29:48Z,VASC202411192246131,入库非标增值（特批）,INBOUND,US0001,USWC Warehouse,10006189,*****************************,CD,Y,2026-06-10T21:31:30Z
VASC000000296616,2026-06-11T08:39:39Z,VASC202412061826084,Winit 尾程询价服务,OUTBOUND,USTX,USTX Warehouse,19046105,******************************,PD,Y,2026-06-11T03:05:03Z
VASC000000296619,2026-06-11T08:39:22Z,VASC202412061826084,Winit 尾程询价服务,OUTBOUND,USTX,USTX Warehouse,19046105,******************************,PD,Y,2026-06-11T03:01:33Z
VASC000000296655,2026-06-12T09:19:14Z,VASC202411192250069,库内非标增值（特批）,INHOUSE,USWC2,USWC2 Warehouse,17019454,***************************************,PD,Y,2026-06-11T20:32:34Z
VASC000000296667,2026-06-11T09:43:46Z,VASC202411192250069,库内非标增值（特批）,INHOUSE,US0001,USWC Warehouse,18431848,***************************************,CD,NULL,NULL
VASC000000296694,2026-06-11T10:11:49Z,VASC202411271721537,入库非标拍照或提供视频,INBOUND,USWC2,USWC2 Warehouse,14081998,*********************,PD,NULL,NULL
VASC000000296703,2026-06-12T11:27:33Z,VASC202412061826084,Winit 尾程询价服务,OUTBOUND,USGA,USGA Warehouse,16585492,**************************,PD,Y,2026-06-12T04:45:50Z
VASC000000296724,2026-06-11T10:28:39Z,VASC202411192229072,库内非标增值（免审核）,INHOUSE,US0001,USWC Warehouse,12930397,******************************,PD,NULL,NULL
VASC000000296733,2026-06-15T11:28:12Z,VASC202411192250069,库内非标增值（特批）,INHOUSE,US0001,USWC Warehouse,19687866,**********************,PD,Y,2026-06-11T20:45:19Z
VASC000000296754,2026-06-11T10:45:55Z,VASC202504071528233,入库清除标签,INBOUND,US0001,USWC Warehouse,13947840,********************,PD,NULL,NULL
VASC000000296757,2026-06-11T11:04:34Z,VASC202412061826084,Winit 尾程询价服务,OUTBOUND,USGA,USGA Warehouse,18108031,******************************,CD,Y,2026-06-12T01:54:29Z
VASC000000296760,2026-06-12T10:16:13Z,VASC202411192246131,入库非标增值（特批）,INBOUND,US0001,USWC Warehouse,13947840,********************,PD,Y,2026-06-11T21:18:57Z
VASC000000296817,2026-06-11T11:22:28Z,VASC202510211517514,无主货找回,INHOUSE,USNJ2,USNJ2 Warehouse,19121991,************************************,CD,NULL,NULL
VASC000000296826,2026-06-11T11:38:35Z,VASC202411271721537,入库非标拍照或提供视频,UNUSUAL,DEBR2,DEBR2 Warehouse,16757165,****************************,PD,NULL,NULL
VASC000000296838,2026-06-30T16:22:08Z,VASC202411192250069,库内非标增值（特批）,INHOUSE,DEBR2,DEBR2 Warehouse,16958250,*************,PD,Y,2026-06-26T16:38:02Z
VASC000000296844,2026-06-11T16:39:34Z,VASC202411192253186,出库非标增值（特批）,OUTBOUND,DE0001,DE Warehouse,16758605,****************************,PD,Y,2026-06-11T16:02:35Z
VASC000000296847,2026-06-11T16:42:24Z,VASC202411192253186,出库非标增值（特批）,OUTBOUND,DENW3,DENW3 Warehouse,16758605,****************************,PD,Y,2026-06-11T15:59:05Z
VASC000000296862,2026-06-12T16:27:43Z,VASC202411192253186,出库非标增值（特批）,OUTBOUND,DEBR2,DEBR2 Warehouse,19227270,********************************,PD,Y,2026-06-11T20:27:15Z
VASC000000296865,2026-06-11T12:25:25Z,VASC202411192246131,入库非标增值（特批）,INBOUND,DENW3,DENW3 Warehouse,16758605,****************************,CD,N,2026-06-15T14:41:45Z
VASC000000296889,2026-06-11T15:45:16Z,VASC202411192240522,上架前自提,UNUSUAL,USWC2,USWC2 Warehouse,19733476,****************************************************,CD,NULL,NULL
VASC000000296913,2026-06-11T13:49:09Z,VASC202412171855563,出库非标增值（Anker）,OUTBOUND,DE0001,DE Warehouse,16758605,****************************,PD,NULL,NULL
VASC000000296922,2026-06-11T13:52:18Z,VASC202412171855563,出库非标增值（Anker）,OUTBOUND,DE0001,DE Warehouse,16758605,****************************,PD,NULL,NULL
VASC000000296934,2026-06-11T14:17:36Z,VASC202411192229072,In-house Non-standard Value-added (Non-audit),INHOUSE,DEBR2,DEBR2 Warehouse,11136042,*************,PD,NULL,NULL
VASC000000296937,2026-06-11T14:08:52Z,VASC202412171855563,出库非标增值（Anker）,OUTBOUND,DENW3,DENW3 Warehouse,16758605,****************************,PD,NULL,NULL
VASC000000296940,2026-06-11T15:52:47Z,VASC202411192253186,出库非标增值（特批）,OUTBOUND,DEBR2,DEBR2 Warehouse,10006189,*****************************,CD,N,2026-06-11T15:53:19Z
VASC000000296964,2026-06-11T14:28:22Z,VASC202412171855563,出库非标增值（Anker）,OUTBOUND,DE0001,DE Warehouse,16758605,****************************,PD,NULL,NULL
VASC000000296970,2026-06-12T16:02:39Z,VASC202411192250069,库内非标增值（特批）,INHOUSE,DEBR2,DEBR2 Warehouse,17933875,******,CD,N,2026-06-16T15:18:53Z
VASC000000297015,2026-06-11T15:29:10Z,VASC202411192246131,入库非标增值（特批）,UNUSUAL,USWC5,USWC5 Warehouse,19920521,*********************************************,CD,NULL,NULL
VASC000000297027,2026-06-12T15:22:57Z,VASC202411192250069,库内非标增值（特批）,INHOUSE,DEBR2,DEBR2 Warehouse,16620201,*****************************,PD,Y,2026-06-12T11:41:18Z
VASC000000297048,2026-06-11T16:27:04Z,VASC202411192250069,库内非标增值（特批）,INHOUSE,USNJ2,USNJ2 Warehouse,19176387,******************************,PD,Y,2026-06-11T15:53:12Z
VASC000000297057,2026-06-16T08:58:29Z,VASC202411192250069,库内非标增值（特批）,INHOUSE,EWD,AU Warehouse,19565767,*********************************,PD,Y,2026-06-15T21:39:19Z
VASC000000297099,2026-06-11T16:47:56Z,VASC202411192250069,庫內非標增值（特批）,INHOUSE,USWC2,USWC2 Warehouse,18574822,*********************,CD,Y,2026-06-11T21:59:03Z
VASC000000297108,2026-06-11T16:06:38Z,VASC202411192246131,入库非标增值（特批）,INBOUND,US0001,USWC Warehouse,18405099,***************************************,CD,Y,2026-06-12T20:33:22Z
VASC000000297111,2026-06-11T15:58:11Z,VASC202411192240522,上架前自提,UNUSUAL,USWC2,USWC2 Warehouse,19733476,****************************************************,PD,NULL,NULL
VASC000000297117,2026-06-11T15:58:58Z,VASC202411192240522,上架前自提,UNUSUAL,USWC2,USWC2 Warehouse,19733476,****************************************************,PD,NULL,NULL
VASC000000297120,2026-06-11T16:07:57Z,VASC202411192246131,入库非标增值（特批）,INBOUND,USKY5,USKY5 Warehouse,18405099,***************************************,CD,Y,2026-06-23T19:34:22Z
VASC000000297132,2026-06-11T16:21:44Z,VASC202412061826084,Winit 尾程询价服务,OUTBOUND,USKY3,USKY3 Warehouse,1004523,*********************************,CD,Y,2026-06-12T00:10:30Z
VASC000000297135,2026-06-17T08:58:01Z,VASC202411192246131,入库非标增值（特批）,UNUSUAL,USTX,USTX Warehouse,14753316,*********************************,CD,N,2026-06-17T18:03:24Z
VASC000000297141,2026-06-12T15:48:51Z,VASC202411192246131,入库非标增值（特批）,UNUSUAL,DEBR2,DEBR2 Warehouse,16757165,****************************,PD,Y,2026-06-12T10:59:03Z
VASC000000297171,2026-06-11T17:16:45Z,VASC202411192250069,库内非标增值（特批）,INHOUSE,USWC2,USWC2 Warehouse,19644489,******************************************,CD,Y,2026-06-11T22:02:58Z
VASC000000297177,2026-06-11T16:58:37Z,VASC202412171855563,出库非标增值（Anker）,OUTBOUND,DE0001,DE Warehouse,16758605,****************************,PD,NULL,NULL
VASC000000297189,2026-06-12T00:36:58Z,VASC202411192253186,出库非标增值（特批）,OUTBOUND,DEBR2,DEBR2 Warehouse,17207782,*********************************,PD,Y,2026-06-11T20:30:17Z
VASC000000297195,2026-06-11T17:27:28Z,VASC202412061826084,Winit 尾程询价服务,OUTBOUND,USKY5,USKY5 Warehouse,18935497,******,CD,Y,2026-06-12T07:15:41Z
VASC000000297198,2026-06-12T11:18:47Z,VASC202411192250069,库内非标增值（特批）,INHOUSE,UKTW,UKTW Warehouse,17225006,*********,PD,Y,2026-06-11T18:54:56Z
VASC000000297225,2026-06-11T22:47:42Z,VASC202411192250069,库内非标增值（特批）,INHOUSE,EWD,AU Warehouse,10011506,***************************************,PD,Y,2026-06-11T22:37:40Z
VASC000000297231,2026-06-12T09:18:56Z,VASC202412061826084,Winit 尾程询价服务,OUTBOUND,EWD,AU Warehouse,19531167,************************************,PD,Y,2026-06-12T08:47:53Z
VASC000000297234,2026-06-11T17:39:32Z,VASC202411192253186,出库非标增值（特批）,OUTBOUND,USKY3,USKY3 Warehouse,19011452,*******************,CD,NULL,NULL
VASC000000297237,2026-06-11T17:52:00Z,VASC202411192229072,库内非标增值（免审核）,INHOUSE,DEBR2,DEBR2 Warehouse,10002589,***************************************,CD,NULL,NULL
VASC000000297240,2026-06-11T17:46:52Z,VASC202411192253186,出库非标增值（特批）,OUTBOUND,USKY3,USKY3 Warehouse,19011452,*******************,CD,NULL,NULL
VASC000000297249,2026-06-11T17:46:55Z,VASC202412171855563,出库非标增值（Anker）,OUTBOUND,DEBR2,DEBR2 Warehouse,16757165,****************************,PD,NULL,NULL
VASC000000297261,2026-06-11T17:55:40Z,VASC202412061826084,Winit 尾程询价服务,OUTBOUND,USKY3,USKY3 Warehouse,17566820,************************************,CD,Y,2026-06-12T00:18:07Z
VASC000000297264,2026-06-12T00:07:15Z,VASC202411192246131,入库非标增值（特批）,INBOUND,USNJ2,USNJ2 Warehouse,18513540,**********************,PD,Y,2026-06-11T22:09:17Z
VASC000000297267,2026-06-12T10:29:18Z,VASC202411192246131,入库非标增值（特批）,INBOUND,USGA,USGA Warehouse,18513540,**********************,PD,Y,2026-06-11T22:06:28Z
VASC000000297270,2026-06-12T14:05:30Z,VASC202411192253186,出库非标增值（特批）,OUTBOUND,USKY3,USKY3 Warehouse,19011452,*******************,PD,Y,2026-06-11T20:35:10Z
VASC000000297273,2026-06-11T18:10:01Z,VASC202411192246131,入库非标增值（特批）,UNUSUAL,DEBR2,DEBR2 Warehouse,17922832,**********************,CD,NULL,NULL
VASC000000297282,2026-06-11T18:17:08Z,VASC202411192253186,出库非标增值（特批）,OUTBOUND,USWC2,USWC2 Warehouse,19255376,******************************,CD,NULL,NULL
VASC000000297288,2026-06-12T10:35:41Z,VASC202411192250069,库内非标增值（特批）,INHOUSE,US0001,USWC Warehouse,18542568,***************************,PD,Y,2026-06-11T22:50:10Z
VASC000000297312,2026-06-11T18:41:07Z,VASC202412171855563,出库非标增值（Anker）,OUTBOUND,UKGF,UKGF Warehouse,16643472,**************************,PD,NULL,NULL
VASC000000297318,2026-06-11T18:53:59Z,VASC202412171855563,出库非标增值（Anker）,OUTBOUND,DE0001,DE Warehouse,16758605,****************************,PD,NULL,NULL
VASC000000297336,2026-06-11T19:15:34Z,VASC202412171855563,出库非标增值（Anker）,OUTBOUND,DE0001,DE Warehouse,16758605,****************************,ES,NULL,NULL
VASC000000297339,2026-06-11T19:16:02Z,VASC202412171855563,出库非标增值（Anker）,OUTBOUND,DE0001,DE Warehouse,16758605,****************************,ES,NULL,NULL
VASC000000297351,2026-06-11T19:42:24Z,VASC202411192250069,库内非标增值（特批）,INHOUSE,USKY3,USKY3 Warehouse,17389989,**************************************,CD,N,2026-06-11T22:12:43Z
VASC000000297372,2026-06-11T22:50:35Z,VASC202510151802079,审核出库单,OUTBOUND,EWD,AU Warehouse,10011506,***************************************,PD,NULL,NULL
VASC000000297381,2026-06-16T10:33:16Z,VASC202412061826084,Winit 尾程询价服务,OUTBOUND,USTX,USTX Warehouse,19046105,******************************,PD,Y,2026-06-12T04:20:25Z
VASC000000297432,2026-06-12T09:14:01Z,VASC202412061826084,Winit 尾程询价服务,OUTBOUND,DEBR2,DEBR2 Warehouse,15917375,*********************************,CD,N,2026-06-12T15:09:59Z
VASC000000297489,2026-06-12T09:56:56Z,VASC202412171855563,出库非标增值（Anker）,OUTBOUND,UKGF,UKGF Warehouse,16643472,**************************,PD,NULL,NULL
VASC000000297498,2026-06-15T09:12:19Z,VASC202412061826084,Winit 尾程询价服务,OUTBOUND,USKY3,USKY3 Warehouse,17566820,************************************,PD,Y,2026-06-12T23:35:09Z
VASC000000297504,2026-06-12T11:26:42Z,VASC202411192246131,入庫非標增值（特批）,UNUSUAL,CATO,CATO Warehouse,16573937,*********************,CD,NULL,NULL
VASC000000297516,2026-06-12T10:15:01Z,VASC202504071528233,入库清除标签,INBOUND,US0001,USWC Warehouse,13947840,********************,PD,NULL,NULL
VASC000000297519,2026-06-12T10:16:07Z,VASC202504071528233,入库清除标签,INBOUND,US0001,USWC Warehouse,13947840,********************,PD,NULL,NULL
VASC000000297534,2026-06-12T11:06:08Z,VASC202411192250069,库内非标增值（特批）,INHOUSE,US0001,USWC Warehouse,17916113,*********,CD,N,2026-06-12T19:58:14Z
VASC000000297561,2026-06-12T11:01:10Z,VASC202411192250069,库内非标增值（特批）,INHOUSE,US0001,USWC Warehouse,16757165,****************************,CD,NULL,NULL
VASC000000297567,2026-06-16T09:05:44Z,VASC202411192246131,入库非标增值（特批）,UNUSUAL,US0001,USWC Warehouse,11177690,******************************,PD,Y,2026-06-15T15:03:45Z
VASC000000297582,2026-06-12T11:33:19Z,VASC202411192246131,入库非标增值（特批）,INBOUND,USKY3,USKY3 Warehouse,19449868,************************************,CD,N,2026-06-12T21:36:32Z
VASC000000297618,2026-06-23T15:15:05Z,VASC202411192246131,入库非标增值（特批）,UNUSUAL,DEBR2,DEBR2 Warehouse,17922832,**********************,PD,Y,2026-06-16T17:44:42Z
VASC000000297621,2026-06-12T12:07:06Z,VASC202411271721537,入库非标拍照或提供视频,INBOUND,USKY5,USKY5 Warehouse,17688379,***********,PD,NULL,NULL
VASC000000297624,2026-06-12T12:08:12Z,VASC202412171855563,出库非标增值（Anker）,OUTBOUND,DEBR2,DEBR2 Warehouse,16757165,****************************,PD,NULL,NULL
VASC000000297627,2026-06-22T11:41:05Z,VASC202411192250069,库内非标增值（特批）,INHOUSE,UKGF,UKGF Warehouse,19263669,******************************,PD,Y,2026-06-16T15:20:06Z
VASC000000297639,2026-06-15T10:49:50Z,VASC202411192253186,出库非标增值（特批）,OUTBOUND,USNJ2,USNJ2 Warehouse,19104098,***************,PD,Y,2026-06-12T14:10:11Z
VASC000000297642,2026-06-12T20:29:20Z,VASC202411192246131,入库非标增值（特批）,INBOUND,USWC5,USWC5 Warehouse,19412706,*****************,ES,Y,2026-06-12T20:27:15Z
VASC000000297660,2026-06-12T13:47:26Z,VASC202412171855563,出库非标增值（Anker）,OUTBOUND,DE0001,DE Warehouse,16758605,****************************,PD,NULL,NULL
VASC000000297678,2026-06-15T18:36:32Z,VASC202605251438175,代理清关(非标),OUTBOUND,DEBR2,DEBR2 Warehouse,16958250,*************,PD,Y,2026-06-15T18:36:32Z
VASC000000297681,2026-06-12T15:56:52Z,VASC202411192253186,出库非标增值（特批）,OUTBOUND,USNJ2,USNJ2 Warehouse,18513540,**********************,CD,Y,2026-06-12T15:36:30Z
VASC000000297714,2026-06-12T14:29:34Z,VASC202412171855563,出库非标增值（Anker）,OUTBOUND,DE0001,DE Warehouse,16758605,****************************,PD,NULL,NULL
VASC000000297723,2026-06-12T14:46:00Z,VASC202411271721537,入库非标拍照或提供视频,INBOUND,USKY3,USKY3 Warehouse,10007097,*********************************,PD,NULL,NULL
VASC000000297729,2026-06-12T14:50:16Z,VASC202412171855563,出库非标增值（Anker）,OUTBOUND,DENW3,DENW3 Warehouse,16758605,****************************,PD,NULL,NULL
VASC000000297738,2026-06-12T15:14:21Z,VASC202411192246131,入库非标增值（特批）,INBOUND,USKY3,USKY3 Warehouse,13816111,******************************,CD,NULL,NULL
VASC000000297741,2026-06-12T14:53:54Z,VASC202412171855563,出库非标增值（Anker）,OUTBOUND,DE0001,DE Warehouse,16758605,****************************,PD,NULL,NULL
VASC000000297744,2026-06-12T16:47:45Z,VASC202411192253186,出库非标增值（特批）,OUTBOUND,USKY5,USKY5 Warehouse,18935497,******,PD,Y,2026-06-12T16:10:56Z
VASC000000297750,2026-06-12T14:54:38Z,VASC202412171855563,出库非标增值（Anker）,OUTBOUND,DENW3,DENW3 Warehouse,16758605,****************************,PD,NULL,NULL
VASC000000297762,2026-06-12T15:10:33Z,VASC202412171855563,出库非标增值（Anker）,OUTBOUND,UKGF,UKGF Warehouse,16643472,**************************,PD,NULL,NULL
VASC000000297801,2026-06-12T16:10:28Z,VASC202411192250069,庫內非標增值（特批）,INHOUSE,USWC2,USWC2 Warehouse,18574822,*********************,PD,Y,2026-06-12T16:02:58Z
VASC000000297813,2026-06-12T16:17:41Z,VASC202411192229072,库内非标增值（免审核）,INHOUSE,DEBR2,DEBR2 Warehouse,10002474,*********************************,ES,NULL,NULL
VASC000000297816,2026-06-12T15:53:39Z,VASC202411271721537,入库非标拍照或提供视频,INBOUND,DEBR2,DEBR2 Warehouse,19227270,********************************,CD,NULL,NULL
VASC000000297861,2026-06-12T16:25:24Z,VASC202411192250069,库内非标增值（特批）,INHOUSE,USKY3,USKY3 Warehouse,17816203,************************,CD,N,2026-06-15T17:09:33Z
VASC000000297867,2026-06-15T16:28:33Z,VASC202412111836315,库内非标增值（需审核）,REVA,USGA,USGA Warehouse,11107087,****************************,ES,Y,2026-06-15T16:28:32Z
VASC000000297885,2026-06-12T16:19:49Z,VASC202412171855563,出库非标增值（Anker）,OUTBOUND,UKGF,UKGF Warehouse,16643472,**************************,PD,NULL,NULL
VASC000000297945,2026-06-12T16:25:49Z,VASC202510151802079,审核出库单,OUTBOUND,USWC2,USWC2 Warehouse,18574822,*********************,PD,NULL,NULL
VASC000000297972,2026-06-12T16:38:37Z,VASC202412171855563,出库非标增值（Anker）,OUTBOUND,UKGF,UKGF Warehouse,16643472,**************************,PD,NULL,NULL
VASC000000297990,2026-06-12T16:52:17Z,VASC202411192250069,库内非标增值（特批）,INHOUSE,DENW3,DENW3 Warehouse,20056441,****************,CD,N,2026-06-12T20:22:18Z
VASC000000298062,2026-06-18T12:00:58Z,VASC202411192250069,庫內非標增值（特批）,INHOUSE,USKY3,USKY3 Warehouse,17872346,**********************,PD,Y,2026-06-17T11:38:01Z
VASC000000298104,2026-06-12T18:08:22Z,VASC202411192246131,入库非标增值（特批）,INBOUND,USKY3,USKY3 Warehouse,13816111,******************************,CD,NULL,NULL
VASC000000298119,2026-06-15T14:41:16Z,VASC202411192246131,入库非标增值（特批）,INBOUND,USKY3,USKY3 Warehouse,13816111,******************************,PD,Y,2026-06-15T14:07:31Z
VASC000000298122,2026-06-12T18:22:26Z,VASC202411192250069,库内非标增值（特批）,INHOUSE,USKY3,USKY3 Warehouse,19011452,*******************,CD,N,2026-06-15T18:16:35Z
VASC000000298125,2026-06-12T18:41:40Z,VASC202411192246131,入库非标增值（特批）,UNUSUAL,USKY3,USKY3 Warehouse,13816111,******************************,CD,NULL,NULL
VASC000000298137,2026-06-12T18:47:55Z,VASC202412171855563,出库非标增值（Anker）,OUTBOUND,DE0001,DE Warehouse,16758605,****************************,PD,NULL,NULL
VASC000000298146,2026-06-15T16:44:39Z,VASC202411192246131,入库非标增值（特批）,UNUSUAL,USWC2,USWC2 Warehouse,19376789,*********************************,ES,Y,2026-06-15T14:59:41Z
VASC000000298164,2026-06-12T19:46:57Z,VASC202412061826084,Winit 尾程询价服务,OUTBOUND,US0001,USWC Warehouse,19173941,************************,CD,Y,2026-06-13T10:35:01Z
VASC000000298167,2026-06-12T20:33:30Z,VASC202412171855563,出库非标增值（Anker）,OUTBOUND,UKGF,UKGF Warehouse,16643472,**************************,PD,NULL,NULL
VASC000000298206,2026-06-13T00:01:27Z,VASC202412171855563,出库非标增值（Anker）,OUTBOUND,UKGF,UKGF Warehouse,16643472,**************************,PD,NULL,NULL
VASC000000298209,2026-06-13T00:02:18Z,VASC202412171855563,出库非标增值（Anker）,OUTBOUND,UKGF,UKGF Warehouse,16643472,**************************,PD,NULL,NULL
VASC000000298212,2026-06-13T00:18:40Z,VASC202412171855563,出库非标增值（Anker）,OUTBOUND,UKGF,UKGF Warehouse,16643472,**************************,PD,NULL,NULL
VASC000000298233,2026-06-13T08:18:01Z,VASC202411192250069,库内非标增值（特批）,INHOUSE,USKY3,USKY3 Warehouse,18155335,*********************************,CD,N,2026-06-15T17:50:30Z
VASC000000298245,2026-06-17T11:28:35Z,VASC202411192250069,库内非标增值（特批）,INHOUSE,USKY3,USKY3 Warehouse,18742573,*********,ES,Y,2026-06-15T17:55:46Z
VASC000000298272,2026-06-13T11:20:17Z,VASC202411271721537,入库非标拍照或提供视频,INBOUND,USKY3,USKY3 Warehouse,19238010,*****************************************,PD,NULL,NULL
VASC000000298527,2026-06-15T10:42:56Z,VASC202411271721537,入庫非標拍照或提供視頻,INBOUND,DEBR2,DEBR2 Warehouse,17615733,**************************************,ES,NULL,NULL
VASC000000298551,2026-06-16T17:51:08Z,VASC202605251438175,代理清关(非标),OUTBOUND,DEBR2,DEBR2 Warehouse,16958250,*************,PD,Y,2026-06-16T17:51:07Z
VASC000000298557,2026-06-16T09:06:36Z,VASC202411192250069,库内非标增值（特批）,INHOUSE,US0001,USWC Warehouse,13947840,********************,PD,Y,2026-06-15T21:14:18Z
VASC000000298569,2026-06-15T14:29:00Z,VASC202411192246131,入庫非標增值（特批）,UNUSUAL,CATO,CATO Warehouse,16573937,*********************,PD,Y,2026-06-15T14:25:41Z
VASC000000298575,2026-06-15T11:17:18Z,VASC202411192250069,库内非标增值（特批）,INHOUSE,DEBR2,DEBR2 Warehouse,16757165,****************************,CD,NULL,NULL
VASC000000298581,2026-06-15T11:20:32Z,VASC202412061826084,Winit 尾程询价服务,OUTBOUND,EWD,AU Warehouse,13219790,***********************************,CD,Y,2026-06-15T12:31:35Z
VASC000000298584,2026-06-15T11:27:41Z,VASC202411192253186,出库非标增值（特批）,OUTBOUND,EWD,AU Warehouse,13219790,***********************************,CD,NULL,NULL
VASC000000298593,2026-06-15T11:26:06Z,VASC202411192250069,库内非标增值（特批）,INHOUSE,DEBR2,DEBR2 Warehouse,16757165,****************************,CD,NULL,NULL
VASC000000298599,2026-06-16T15:02:08Z,VASC202411192250069,库内非标增值（特批）,INHOUSE,DEBR2,DEBR2 Warehouse,16757165,****************************,ES,Y,2026-06-15T21:53:25Z
VASC000000298614,2026-06-15T17:31:54Z,VASC202411192246131,入库非标增值（特批）,UNUSUAL,USWC5,USWC5 Warehouse,19104098,***************,PD,Y,2026-06-15T15:31:22Z
VASC000000298617,2026-06-16T08:59:57Z,VASC202411192246131,入库非标增值（特批）,UNUSUAL,USKY3,USKY3 Warehouse,13816111,******************************,PD,Y,2026-06-15T18:00:49Z
VASC000000298623,2026-06-15T18:30:12Z,VASC202411192253186,出库非标增值（特批）,OUTBOUND,DENW3,DENW3 Warehouse,16758605,****************************,PD,Y,2026-06-15T17:18:41Z
VASC000000298632,2026-06-16T11:41:40Z,VASC202411192246131,入库非标增值（特批）,UNUSUAL,DEBR2,DEBR2 Warehouse,19263669,******************************,PD,Y,2026-06-15T18:16:29Z
VASC000000298641,2026-06-15T14:34:54Z,VASC202411192246131,入库非标增值（特批）,UNUSUAL,DEBR2,DEBR2 Warehouse,11103701,*********************************,CD,Y,2026-06-16T15:07:47Z
VASC000000298650,2026-06-16T17:38:11Z,VASC202411192250069,库内非标增值（特批）,INHOUSE,DENW3,DENW3 Warehouse,20056441,****************,PD,Y,2026-06-16T17:13:34Z
VASC000000298689,2026-06-15T23:15:42Z,VASC202412061826084,Winit 尾程询价服务,OUTBOUND,USNJ2,USNJ2 Warehouse,18513540,**********************,PD,Y,2026-06-15T23:11:13Z
VASC000000298770,2026-06-26T10:23:18Z,VASC202412061826084,Winit 手續詢價服務,OUTBOUND,USKY3,USKY3 Warehouse,18650546,************************************,PD,Y,2026-06-15T21:52:18Z
VASC000000298782,2026-06-17T15:46:11Z,VASC202411192246131,入庫非標增值（特批）,INBOUND,USKY5,USKY5 Warehouse,17898465,************************************,OD,Y,2026-06-17T12:38:34Z
VASC000000298797,2026-06-15T16:07:28Z,VASC202412171855563,出库非标增值（Anker）,OUTBOUND,DE0001,DE Warehouse,16758605,****************************,PD,NULL,NULL
VASC000000298815,2026-06-23T17:05:27Z,VASC202412061826084,Winit 尾程询价服务,OUTBOUND,DEBR2,DEBR2 Warehouse,15917375,*********************************,PD,Y,2026-06-23T16:12:14Z
VASC000000298821,2026-06-18T10:18:13Z,VASC202412061826084,Winit 尾程询价服务,OUTBOUND,EWD,AU Warehouse,13219790,***********************************,PD,Y,2026-06-16T08:48:57Z
VASC000000298845,2026-06-15T16:41:17Z,VASC202411192250069,库内非标增值（特批）,INHOUSE,USWC2,USWC2 Warehouse,19832102,*********************************,CD,Y,2026-06-15T18:06:15Z
VASC000000298866,2026-06-15T16:59:52Z,VASC202412171855563,出库非标增值（Anker）,OUTBOUND,DENW3,DENW3 Warehouse,16758605,****************************,PD,NULL,NULL
VASC000000298872,2026-06-15T17:11:32Z,VASC202411192253186,出库非标增值（特批）,OUTBOUND,US0001,USWC Warehouse,18431848,***************************************,PD,Y,2026-06-15T17:10:51Z
VASC000000298878,2026-06-15T17:06:57Z,VASC202411192253186,出库非标增值（特批）,OUTBOUND,US0001,USWC Warehouse,18431848,***************************************,CD,NULL,NULL
VASC000000298884,2026-06-16T10:49:18Z,VASC202411192250069,库内非标增值（特批）,INHOUSE,UKTW,UKTW Warehouse,1000083,************************************,PD,Y,2026-06-16T10:37:33Z
VASC000000298890,2026-06-15T17:20:42Z,VASC202411192250069,库内非标增值（特批）,INHOUSE,DEBR2,DEBR2 Warehouse,17225006,*********,CD,N,2026-06-17T20:33:00Z
VASC000000298929,2026-06-15T18:29:41Z,VASC202411192246131,入库非标增值（特批）,INBOUND,DENW3,DENW3 Warehouse,16758605,****************************,PD,Y,2026-06-15T18:23:00Z
VASC000000298941,2026-06-15T18:39:00Z,VASC202411271721537,入库非标拍照或提供视频,INBOUND,US0001,USWC Warehouse,13947840,********************,PD,NULL,NULL
VASC000000298962,2026-06-15T18:51:22Z,VASC202411271721537,入库非标拍照或提供视频,INBOUND,DEBR2,DEBR2 Warehouse,10005835,**********************,PD,NULL,NULL
VASC000000298971,2026-06-15T19:17:26Z,VASC202411192253186,出库非标增值（特批）,OUTBOUND,USKY3,USKY3 Warehouse,18926919,***************************************,CD,N,2026-06-15T19:56:57Z
VASC000000298974,2026-06-15T19:20:29Z,VASC202412171855563,出库非标增值（Anker）,OUTBOUND,DE0001,DE Warehouse,16758605,****************************,PD,NULL,NULL
VASC000000298977,2026-06-15T19:31:13Z,VASC202412171855563,出库非标增值（Anker）,OUTBOUND,DE0001,DE Warehouse,16758605,****************************,PD,NULL,NULL
VASC000000298980,2026-06-15T19:39:40Z,VASC202412171855563,出库非标增值（Anker）,OUTBOUND,DE0001,DE Warehouse,16758605,****************************,PD,NULL,NULL
VASC000000298986,2026-06-15T19:55:11Z,VASC202412171855563,出库非标增值（Anker）,OUTBOUND,DE0001,DE Warehouse,16758605,****************************,PD,NULL,NULL
VASC000000298989,2026-06-15T20:04:43Z,VASC202412171855563,出库非标增值（Anker）,OUTBOUND,DE0001,DE Warehouse,16758605,****************************,ES,NULL,NULL
VASC000000298992,2026-06-15T20:13:24Z,VASC202412171855563,出库非标增值（Anker）,OUTBOUND,DE0001,DE Warehouse,16758605,****************************,PD,NULL,NULL
VASC000000299013,2026-06-16T23:45:05Z,VASC202411192246131,入库非标增值（特批）,INBOUND,USKY5,USKY5 Warehouse,19606505,*****************,PD,Y,2026-06-16T14:53:23Z
VASC000000299055,2026-06-16T23:44:42Z,VASC202411192246131,入库非标增值（特批）,INBOUND,USKY5,USKY5 Warehouse,19606505,*****************,CD,Y,2026-06-16T14:58:47Z
VASC000000299106,2026-06-16T10:04:40Z,VASC202510211517514,无主货找回,INHOUSE,USNJ2,USNJ2 Warehouse,19121991,************************************,CD,NULL,NULL
VASC000000299166,2026-06-16T21:32:06Z,VASC202411192246131,入库非标增值（特批）,UNUSUAL,USWC2,USWC2 Warehouse,19376789,*********************************,PD,Y,2026-06-16T21:04:26Z
VASC000000299169,2026-06-16T10:25:11Z,VASC202411192240522,上架前自提,UNUSUAL,DEBR2,DEBR2 Warehouse,16757165,****************************,PD,NULL,NULL
VASC000000299175,2026-06-17T11:29:04Z,VASC202411192250069,库内非标增值（特批）,INHOUSE,US0001,USWC Warehouse,13947840,********************,PD,Y,2026-06-16T22:02:50Z
VASC000000299178,2026-06-16T18:54:27Z,VASC202411192250069,库内非标增值（特批）,INHOUSE,USKY3,USKY3 Warehouse,19011452,*******************,PD,Y,2026-06-16T18:49:36Z
VASC000000299187,2026-06-17T09:13:50Z,VASC202411192250069,库内非标增值（特批）,INHOUSE,USKY3,USKY3 Warehouse,17816203,************************,ES,Y,2026-06-16T20:32:09Z
VASC000000299193,2026-06-16T14:13:06Z,VASC202411192253186,出库非标增值（特批）,OUTBOUND,DE0001,DE Warehouse,16758605,****************************,PD,Y,2026-06-16T10:57:27Z
VASC000000299199,2026-06-16T20:17:11Z,VASC202411192246131,入库非标增值（特批）,UNUSUAL,DEBR2,DEBR2 Warehouse,16757165,****************************,PD,Y,2026-06-16T18:45:03Z
VASC000000299223,2026-06-17T09:28:42Z,VASC202411192250069,库内非标增值（特批）,INHOUSE,US0001,USWC Warehouse,17916113,*********,PD,Y,2026-06-16T20:57:01Z
VASC000000299241,2026-06-23T15:32:43Z,VASC202411192253186,出库非标增值（特批）,OUTBOUND,US0001,USWC Warehouse,13947840,********************,PD,Y,2026-06-16T16:23:34Z
VASC000000299256,2026-06-16T11:25:50Z,VASC202411271721537,入库非标拍照或提供视频,INBOUND,USKY3,USKY3 Warehouse,11103694,***************************,PD,NULL,NULL
VASC000000299262,2026-06-16T18:51:18Z,VASC202411192246131,入库非标增值（特批）,UNUSUAL,US0001,USWC Warehouse,13947840,********************,PD,Y,2026-06-16T15:21:49Z
VASC000000299286,2026-06-17T11:03:39Z,VASC202411192246131,入库非标增值（特批）,INBOUND,US0001,USWC Warehouse,13947840,********************,PD,Y,2026-06-16T20:29:34Z
VASC000000299289,2026-06-16T14:05:09Z,VASC202411192253186,出库非标增值（特批）,OUTBOUND,USWC5,USWC5 Warehouse,19227270,********************************,CD,NULL,NULL
VASC000000299292,2026-06-16T11:49:04Z,VASC202412111831129,新单上架（客户提供预报单）,UNUSUAL,DEBR2,DEBR2 Warehouse,20019356,************************,PD,NULL,NULL
VASC000000299298,2026-06-22T17:31:26Z,VASC202412111838036,非标收费,INHOUSE,UKGF,UKGF Warehouse,16643472,**************************,PD,Y,2026-06-22T17:31:26Z
VASC000000299301,2026-06-18T12:05:59Z,VASC202411192246131,入库非标增值（特批）,UNUSUAL,US0001,USWC Warehouse,13947840,********************,PD,Y,2026-06-17T20:13:52Z
VASC000000299328,2026-06-17T12:00:31Z,VASC202411192246131,入库非标增值（特批）,UNUSUAL,DE0001,DE Warehouse,16758605,****************************,PD,Y,2026-06-16T20:31:57Z
VASC000000299343,2026-06-16T13:17:24Z,VASC202411192246131,入庫非標增值（特批）,UNUSUAL,USKY5,USKY5 Warehouse,19748858,******************************,CD,N,2026-06-17T16:12:42Z
VASC000000299358,2026-06-17T18:46:25Z,VASC202605251438175,代理清关(非标),OUTBOUND,DEBR2,DEBR2 Warehouse,16958250,*************,PD,Y,2026-06-17T18:46:25Z
VASC000000299361,2026-06-17T10:47:59Z,VASC202411192253186,出库非标增值（特批）,OUTBOUND,USGA,USGA Warehouse,17707712,************************************,PD,Y,2026-06-16T16:13:04Z
VASC000000299373,2026-06-17T10:47:49Z,VASC202411192253186,出库非标增值（特批）,OUTBOUND,USGA,USGA Warehouse,17707712,************************************,PD,Y,2026-06-16T16:14:13Z
VASC000000299376,2026-06-17T10:47:39Z,VASC202411192253186,出库非标增值（特批）,OUTBOUND,USGA,USGA Warehouse,17707712,************************************,PD,Y,2026-06-16T16:15:21Z
VASC000000299382,2026-06-17T10:47:30Z,VASC202411192253186,出库非标增值（特批）,OUTBOUND,USGA,USGA Warehouse,17707712,************************************,PD,Y,2026-06-16T16:16:36Z
VASC000000299391,2026-06-17T10:47:20Z,VASC202411192253186,出库非标增值（特批）,OUTBOUND,USGA,USGA Warehouse,17707712,************************************,PD,Y,2026-06-16T16:17:38Z
VASC000000299394,2026-06-17T09:26:12Z,VASC202411192250069,库内非标增值（特批）,INHOUSE,UKTW,UKTW Warehouse,1000036,******************************,PD,Y,2026-06-16T21:03:53Z
VASC000000299397,2026-06-16T14:16:57Z,VASC202412171855563,出库非标增值（Anker）,OUTBOUND,DE0001,DE Warehouse,16758605,****************************,PD,NULL,NULL
VASC000000299415,2026-06-16T14:22:14Z,VASC202411192250069,库内非标增值（特批）,INHOUSE,US0001,USWC Warehouse,11851264,*******************,CD,N,2026-06-16T21:16:47Z
VASC000000299421,2026-06-16T14:30:52Z,VASC202412171855563,出库非标增值（Anker）,OUTBOUND,DE0001,DE Warehouse,16758605,****************************,PD,NULL,NULL
VASC000000299424,2026-06-16T14:37:08Z,VASC202412171855563,出库非标增值（Anker）,OUTBOUND,DE0001,DE Warehouse,16758605,****************************,PD,NULL,NULL
VASC000000299430,2026-06-16T19:00:07Z,VASC202411192246131,入库非标增值（特批）,UNUSUAL,USWC5,USWC5 Warehouse,20091793,****************************************,CD,N,2026-06-16T20:54:39Z
VASC000000299439,2026-06-16T14:51:15Z,VASC202510211517514,无主货找回,INHOUSE,USKY3,USKY3 Warehouse,18604542,******,PD,NULL,NULL
VASC000000299448,2026-06-16T17:35:37Z,VASC202411192253186,出库非标增值（特批）,OUTBOUND,DEBR2,DEBR2 Warehouse,19177001,***************************************,CD,Y,2026-06-16T17:26:13Z
VASC000000299487,2026-06-17T00:06:41Z,VASC202411192253186,出库非标增值（特批）,OUTBOUND,USKY3,USKY3 Warehouse,18926919,***************************************,PD,Y,2026-06-16T16:10:21Z
VASC000000299514,2026-06-22T17:35:04Z,VASC202412061826084,Winit 尾程询价服务,OUTBOUND,DE0001,DE Warehouse,16958250,*************,PD,Y,2026-06-16T20:40:26Z
VASC000000299517,2026-06-16T20:13:23Z,VASC202411192250069,库内非标增值（特批）,INHOUSE,USNJ2,USNJ2 Warehouse,18513540,**********************,ES,Y,2026-06-16T19:57:28Z
VASC000000299541,2026-06-16T17:26:31Z,VASC202412111831129,新单上架（客户提供预报单）,UNUSUAL,USWC5,USWC5 Warehouse,19920521,*********************************************,PD,NULL,NULL
VASC000000299556,2026-06-18T11:41:15Z,VASC202412061826084,Winit 尾程询价服务,OUTBOUND,UKGF,UKGF Warehouse,16643472,**************************,PD,Y,2026-06-16T17:31:18Z
VASC000000299568,2026-06-16T16:39:57Z,VASC202412171855563,出库非标增值（Anker）,OUTBOUND,UKGF,UKGF Warehouse,16643472,**************************,PD,NULL,NULL
VASC000000299574,2026-06-17T08:48:46Z,VASC202412061826084,Winit 尾程询价服务,OUTBOUND,EWD,AU Warehouse,18778484,**************************,PD,Y,2026-06-17T08:09:53Z
VASC000000299589,2026-06-16T17:09:19Z,VASC202411192229072,库内非标增值（免审核）,INHOUSE,DEBR2,DEBR2 Warehouse,1001475,***************************************,PD,NULL,NULL
VASC000000299595,2026-06-16T18:29:10Z,VASC202411192253186,出库非标增值（特批）,OUTBOUND,USNJ2,USNJ2 Warehouse,18513540,**********************,PD,Y,2026-06-16T18:07:38Z
VASC000000299607,2026-06-16T17:28:39Z,VASC202411192250069,库内非标增值（特批）,INHOUSE,USKY3,USKY3 Warehouse,15960776,***************************************,CD,N,2026-06-17T16:18:44Z
VASC000000299610,2026-06-16T17:24:12Z,VASC202411192253186,出库非标增值（特批）,OUTBOUND,USKY3,USKY3 Warehouse,19011452,*******************,CD,NULL,NULL
VASC000000299613,2026-06-16T17:24:39Z,VASC202411192250069,库内非标增值（特批）,INHOUSE,USNJ2,USNJ2 Warehouse,18513540,**********************,CD,N,2026-06-16T18:25:04Z
VASC000000299622,2026-06-16T17:16:41Z,VASC202412171855563,出库非标增值（Anker）,OUTBOUND,DE0001,DE Warehouse,16758605,****************************,PD,NULL,NULL
VASC000000299631,2026-06-17T13:41:19Z,VASC202411192246131,入库非标增值（特批）,UNUSUAL,USNJ2,USNJ2 Warehouse,19296066,******************************,PD,Y,2026-06-17T11:57:37Z
VASC000000299646,2026-06-16T17:30:17Z,VASC202412171855563,出库非标增值（Anker）,OUTBOUND,DENW3,DENW3 Warehouse,16758605,****************************,PD,NULL,NULL
VASC000000299661,2026-06-16T18:36:06Z,VASC202411192229072,库内非标增值（免审核）,INHOUSE,USKY5,USKY5 Warehouse,19275842,***********************,PD,NULL,NULL
VASC000000299667,2026-06-22T17:32:09Z,VASC202412111838036,非标收费,INHOUSE,UKGF,UKGF Warehouse,16643472,**************************,PD,Y,2026-06-22T17:32:09Z
VASC000000299670,2026-06-16T17:42:44Z,VASC202411192253186,出库非标增值（特批）,OUTBOUND,USWC5,USWC5 Warehouse,19227270,********************************,CD,NULL,NULL
VASC000000299688,2026-06-16T18:20:54Z,VASC202411192253186,出库非标增值（特批）,OUTBOUND,DEBR2,DEBR2 Warehouse,19177001,***************************************,PD,Y,2026-06-16T18:10:24Z
VASC000000299697,2026-06-16T18:08:31Z,VASC202411192253186,出库非标增值（特批）,OUTBOUND,USWC5,USWC5 Warehouse,19227270,********************************,CD,NULL,NULL
VASC000000299703,2026-06-16T18:49:18Z,VASC202411192250069,库内非标增值（特批）,INHOUSE,USWC5,USWC5 Warehouse,19227270,********************************,PD,Y,2026-06-16T18:43:41Z
VASC000000299709,2026-06-22T14:43:00Z,VASC202412111836315,库内非标增值（需审核）,INHOUSE,USGA,USGA Warehouse,18870935,************,CD,NULL,NULL
VASC000000299715,2026-06-16T20:22:01Z,VASC202411192253186,出库非标增值（特批）,OUTBOUND,USKY3,USKY3 Warehouse,19011452,*******************,PD,Y,2026-06-16T20:00:16Z
VASC000000299727,2026-06-17T10:30:44Z,VASC202411192253186,出库非标增值（特批）,OUTBOUND,USKY3,USKY3 Warehouse,18272155,******************************************,PD,Y,2026-06-16T18:34:14Z
VASC000000299730,2026-06-16T20:19:52Z,VASC202411192253186,出库非标增值（特批）,OUTBOUND,USKY3,USKY3 Warehouse,19011452,*******************,PD,Y,2026-06-16T20:01:18Z
VASC000000299733,2026-06-16T20:17:24Z,VASC202411192253186,出库非标增值（特批）,OUTBOUND,USKY3,USKY3 Warehouse,19011452,*******************,PD,Y,2026-06-16T20:02:16Z
VASC000000299754,2026-06-16T19:06:01Z,VASC202412171855563,出库非标增值（Anker）,OUTBOUND,DE0001,DE Warehouse,16758605,****************************,PD,NULL,NULL
VASC000000299757,2026-06-16T19:24:52Z,VASC202412061826084,Winit 尾程询价服务,OUTBOUND,DEBR2,DEBR2 Warehouse,19227270,********************************,CD,N,2026-06-17T15:08:53Z
VASC000000299760,2026-06-16T19:46:40Z,VASC202411192253186,出库非标增值（特批）,OUTBOUND,DEBR2,DEBR2 Warehouse,19227270,********************************,CD,NULL,NULL
VASC000000299763,2026-06-16T19:48:46Z,VASC202411192250069,库内非标增值（特批）,INHOUSE,DEBR2,DEBR2 Warehouse,16958250,*************,CD,Y,2026-06-16T21:31:04Z
VASC000000299766,2026-06-16T19:53:23Z,VASC202411192250069,库内非标增值（特批）,INHOUSE,DEBR2,DEBR2 Warehouse,16958250,*************,CD,N,2026-06-17T20:31:29Z
VASC000000299769,2026-06-16T20:18:06Z,VASC202411192253186,出库非标增值（特批）,OUTBOUND,DEBR2,DEBR2 Warehouse,19227270,********************************,PD,Y,2026-06-16T20:17:45Z
VASC000000299772,2026-06-16T19:53:30Z,VASC202510151802079,审核出库单,OUTBOUND,USWC5,USWC5 Warehouse,19227270,********************************,PD,NULL,NULL
VASC000000299775,2026-06-16T19:58:00Z,VASC202510151802079,审核出库单,OUTBOUND,USNJ2,USNJ2 Warehouse,18513540,**********************,PD,NULL,NULL
VASC000000299796,2026-06-17T01:00:55Z,VASC202411192246131,入库非标增值（特批）,INBOUND,USKY5,USKY5 Warehouse,19606505,*****************,CD,NULL,NULL
VASC000000299799,2026-06-17T03:07:46Z,VASC202411192246131,入库非标增值（特批）,INBOUND,USKY5,USKY5 Warehouse,19606505,*****************,CD,NULL,NULL
VASC000000299805,2026-06-17T05:47:38Z,VASC202411192246131,入库非标增值（特批）,INBOUND,USKY5,USKY5 Warehouse,19606505,*****************,CD,NULL,NULL
VASC000000299826,2026-06-17T20:43:07Z,VASC202411192253186,出库非标增值（特批）,OUTBOUND,USWC2,USWC2 Warehouse,19255376,******************************,ES,Y,2026-06-17T19:30:35Z
VASC000000299850,2026-06-17T14:58:10Z,VASC202411192246131,入库非标增值（特批）,INBOUND,USWC5,USWC5 Warehouse,19934454,*********************************************,ES,Y,2026-06-17T10:50:11Z
VASC000000299886,2026-06-17T10:38:28Z,VASC202411192250069,库内非标增值（特批）,INHOUSE,USNJ2,USNJ2 Warehouse,18513540,**********************,CD,NULL,NULL
VASC000000299892,2026-06-17T10:41:09Z,VASC202510151802079,审核出库单,OUTBOUND,DEBR2,DEBR2 Warehouse,16757165,****************************,PD,NULL,NULL
VASC000000299895,2026-06-17T10:41:37Z,VASC202510151802079,审核出库单,OUTBOUND,DEBR2,DEBR2 Warehouse,16757165,****************************,PD,NULL,NULL
VASC000000299913,2026-06-17T11:13:47Z,VASC202412061826084,Winit 尾程询价服务,OUTBOUND,EWD,AU Warehouse,18778484,**************************,PD,Y,2026-06-17T11:08:23Z
VASC000000299937,2026-06-22T09:32:54Z,VASC202412061826084,Winit 尾程询价服务,OUTBOUND,AUME,AUME Warehouse,18356222,************************************,PD,Y,2026-06-19T12:32:10Z
VASC000000299949,2026-06-22T17:33:14Z,VASC202412111838036,非标收费,INHOUSE,UKGF,UKGF Warehouse,16643472,**************************,PD,Y,2026-06-22T17:33:14Z
VASC000000299982,2026-06-17T11:33:09Z,VASC202411192250069,库内非标增值（特批）,INHOUSE,US0001,USWC Warehouse,11101154,*********************************************,CD,Y,2026-06-17T11:37:07Z
VASC000000300030,2026-06-18T15:49:31Z,VASC202412061826084,Winit 尾程询价服务,OUTBOUND,UKTW,UKTW Warehouse,18087443,**************************,PD,Y,2026-06-17T16:50:48Z
VASC000000300039,2026-06-18T17:48:57Z,VASC202605251438175,代理清关(非标),OUTBOUND,DEBR2,DEBR2 Warehouse,16958250,*************,PD,Y,2026-06-18T17:48:57Z
VASC000000300042,2026-06-18T17:47:24Z,VASC202605251438175,代理清关(非标),OUTBOUND,DEBR2,DEBR2 Warehouse,16958250,*************,PD,Y,2026-06-18T17:47:24Z
VASC000000300045,2026-06-18T17:46:20Z,VASC202605251438175,代理清关(非标),OUTBOUND,DEBR2,DEBR2 Warehouse,16958250,*************,PD,Y,2026-06-18T17:46:20Z
VASC000000300048,2026-06-22T11:18:06Z,VASC202605251438175,代理清关(非标),OUTBOUND,DEBR2,DEBR2 Warehouse,16958250,*************,PD,Y,2026-06-22T11:18:05Z
VASC000000300051,2026-06-18T17:45:26Z,VASC202605251438175,代理清关(非标),OUTBOUND,DEBR2,DEBR2 Warehouse,16958250,*************,PD,Y,2026-06-18T17:45:25Z
VASC000000300075,2026-06-18T17:42:41Z,VASC202605251438175,代理清关(非标),OUTBOUND,DEBR2,DEBR2 Warehouse,16958250,*************,PD,Y,2026-06-18T17:42:40Z
VASC000000300099,2026-06-17T14:13:04Z,VASC202411271721537,入库非标拍照或提供视频,UNUSUAL,DEBR2,DEBR2 Warehouse,16757165,****************************,CD,NULL,NULL
VASC000000300114,2026-06-18T18:04:30Z,VASC202412061826084,Winit 尾程询价服务,OUTBOUND,USKY5,USKY5 Warehouse,19037596,*************,PD,Y,2026-06-18T02:06:54Z
VASC000000300117,2026-06-18T15:47:22Z,VASC202411192246131,入库非标增值（特批）,UNUSUAL,US0001,USWC Warehouse,19687866,**********************,CD,NULL,NULL
VASC000000300135,2026-06-17T21:12:31Z,VASC202411192250069,库内非标增值（特批）,INHOUSE,USNJ2,USNJ2 Warehouse,19606995,************,PD,Y,2026-06-17T21:06:34Z
VASC000000300144,2026-06-17T15:13:05Z,VASC202412061826084,Winit 尾程询价服务,OUTBOUND,USWC2,USWC2 Warehouse,18734384,*********,CD,Y,2026-06-18T09:25:05Z
VASC000000300162,2026-06-17T15:13:54Z,VASC202412171855563,出库非标增值（Anker）,OUTBOUND,DE0001,DE Warehouse,16758605,****************************,PD,NULL,NULL
VASC000000300168,2026-06-23T11:52:17Z,VASC202412061826084,Winit 尾程询价服务,OUTBOUND,EWD,AU Warehouse,18917913,*********,PD,Y,2026-06-18T12:24:13Z
VASC000000300192,2026-06-17T15:32:22Z,VASC202412171855563,出库非标增值（Anker）,OUTBOUND,DENW3,DENW3 Warehouse,16758605,****************************,PD,NULL,NULL
VASC000000300207,2026-06-17T15:32:30Z,VASC202412061826084,Winit 尾程询价服务,OUTBOUND,USWC2,USWC2 Warehouse,19037596,*************,CD,NULL,NULL
VASC000000300213,2026-06-18T14:44:21Z,VASC202411192250069,库内非标增值（特批）,INHOUSE,EWD,AU Warehouse,16877181,*********************************,PD,Y,2026-06-17T17:53:00Z
VASC000000300234,2026-06-18T10:36:54Z,VASC202412061826084,Winit 尾程询价服务,OUTBOUND,UKTW,UKTW Warehouse,19226389,******************************,PD,Y,2026-06-17T16:55:20Z
VASC000000300270,2026-06-17T16:35:18Z,VASC202412061826084,Winit 尾程询价服务,OUTBOUND,USTX,USTX Warehouse,19227270,********************************,CD,Y,2026-06-18T01:59:09Z
VASC000000300297,2026-06-17T17:15:19Z,VASC202412171855563,出库非标增值（Anker）,OUTBOUND,UKGF,UKGF Warehouse,16643472,**************************,PD,NULL,NULL
VASC000000300300,2026-06-17T21:11:51Z,VASC202411192250069,库内非标增值（特批）,INHOUSE,USGA,USGA Warehouse,19606995,************,PD,Y,2026-06-17T20:59:15Z
VASC000000300303,2026-06-17T17:22:28Z,VASC202412171855563,出库非标增值（Anker）,OUTBOUND,DENW3,DENW3 Warehouse,16758605,****************************,PD,NULL,NULL
VASC000000300306,2026-06-22T16:36:01Z,VASC202411271721537,入库非标拍照或提供视频,INBOUND,UKTW,UKTW Warehouse,19742882,***************************************,PD,NULL,NULL
VASC000000300309,2026-06-17T17:41:40Z,VASC202412061826084,Winit 尾程询价服务,OUTBOUND,DEBR2,DEBR2 Warehouse,19227270,********************************,CD,NULL,NULL
VASC000000300318,2026-06-17T18:03:12Z,VASC202411192250069,库内非标增值（特批）,INHOUSE,USNJ2,USNJ2 Warehouse,18513540,**********************,CD,NULL,NULL
VASC000000300333,2026-06-17T18:49:40Z,VASC202412171855563,出库非标增值（Anker）,OUTBOUND,DENW3,DENW3 Warehouse,16758605,****************************,PD,NULL,NULL
VASC000000300336,2026-06-17T20:19:13Z,VASC202411192250069,库内非标增值（特批）,INHOUSE,USNJ2,USNJ2 Warehouse,18513540,**********************,PD,Y,2026-06-17T20:03:05Z
VASC000000300360,2026-06-23T11:35:11Z,VASC202411192250069,库内非标增值（特批）,INHOUSE,DENW3,DENW3 Warehouse,16758605,****************************,PD,Y,2026-06-17T19:58:04Z
VASC000000300384,2026-06-17T19:40:43Z,VASC202412171855563,出库非标增值（Anker）,OUTBOUND,DEBR2,DEBR2 Warehouse,16757165,****************************,PD,NULL,NULL
VASC000000300390,2026-06-17T20:03:37Z,VASC202412171855563,出库非标增值（Anker）,OUTBOUND,DE0001,DE Warehouse,16758605,****************************,PD,NULL,NULL
VASC000000300393,2026-06-17T20:13:32Z,VASC202412171855563,出库非标增值（Anker）,OUTBOUND,DE0001,DE Warehouse,16758605,****************************,CD,NULL,NULL
VASC000000300396,2026-06-18T12:11:48Z,VASC202411192250069,库内非标增值（特批）,INHOUSE,USKY3,USKY3 Warehouse,10012206,***************************************,PD,Y,2026-06-18T11:39:16Z
VASC000000300402,2026-06-17T20:32:42Z,VASC202412171855563,出库非标增值（Anker）,OUTBOUND,DE0001,DE Warehouse,16758605,****************************,PD,NULL,NULL
VASC000000300405,2026-06-17T20:39:48Z,VASC202412171855563,出库非标增值（Anker）,OUTBOUND,DE0001,DE Warehouse,16758605,****************************,PD,NULL,NULL
VASC000000300408,2026-06-17T21:41:35Z,VASC202412171855563,出库非标增值（Anker）,OUTBOUND,DENW3,DENW3 Warehouse,16758605,****************************,PD,NULL,NULL
VASC000000300423,2026-06-18T23:23:29Z,VASC202411192246131,入库非标增值（特批）,INBOUND,USKY5,USKY5 Warehouse,19606505,*****************,PD,Y,2026-06-18T10:45:43Z
VASC000000300504,2026-06-18T13:00:34Z,VASC202510211517514,无主货找回,INHOUSE,DEBR2,DEBR2 Warehouse,19669906,*********************************************,PD,NULL,NULL
VASC000000300534,2026-06-18T11:05:05Z,VASC202411192246131,入库非标增值（特批）,INBOUND,USWC5,USWC5 Warehouse,19412706,*****************,PD,Y,2026-06-18T11:00:43Z
VASC000000300540,2026-06-22T10:32:41Z,VASC202411192246131,入库非标增值（特批）,UNUSUAL,CATO,CATO Warehouse,17225006,*********,PD,Y,2026-06-18T18:46:48Z
VASC000000300672,2026-06-18T11:39:47Z,VASC202411192229072,库内非标增值（免审核）,INHOUSE,USGA,USGA Warehouse,11107087,****************************,CD,NULL,NULL
VASC000000300678,2026-06-18T11:43:58Z,VASC202411192229072,库内非标增值（免审核）,INHOUSE,USGA,USGA Warehouse,11107087,****************************,PD,NULL,NULL
VASC000000300714,2026-06-18T11:55:13Z,VASC202411192250069,库内非标增值（特批）,INHOUSE,USGA,USGA Warehouse,11107087,****************************,CD,NULL,NULL
VASC000000300729,2026-06-22T10:18:33Z,VASC202411192250069,库内非标增值（特批）,INHOUSE,UKTW,UKTW Warehouse,1000036,******************************,PD,Y,2026-06-18T18:21:40Z
VASC000000300759,2026-06-22T08:43:00Z,VASC202411192250069,库内非标增值（特批）,INHOUSE,USWC2,USWC2 Warehouse,19255376,******************************,PD,Y,2026-06-18T18:47:26Z
VASC000000300828,2026-06-18T14:00:18Z,VASC202411192250069,库内非标增值（特批）,INHOUSE,US0001,USWC Warehouse,18589123,******************************,CD,N,2026-06-22T19:37:15Z
VASC000000300837,2026-06-18T15:43:08Z,VASC202411192246131,入库非标增值（特批）,UNUSUAL,USKY5,USKY5 Warehouse,19937931,*************,PD,Y,2026-06-18T15:15:29Z
VASC000000300840,2026-06-22T10:51:27Z,VASC202412061826084,Winit 尾程询价服务,OUTBOUND,USKY3,USKY3 Warehouse,17242458,*************************************,PD,Y,2026-06-19T08:08:39Z
VASC000000300846,2026-06-19T17:03:26Z,VASC202412061826084,Winit 尾程询价服务,OUTBOUND,USWC5,USWC5 Warehouse,19733476,****************************************************,PD,Y,2026-06-19T10:46:04Z
VASC000000300849,2026-06-19T18:05:58Z,VASC202411192246131,入库非标增值（特批）,UNUSUAL,USKY5,USKY5 Warehouse,19937931,*************,PD,Y,2026-06-19T17:27:41Z
VASC000000300858,2026-06-22T11:12:13Z,VASC202605251438175,代理清关(非标),OUTBOUND,DEBR2,DEBR2 Warehouse,16958250,*************,PD,Y,2026-06-22T11:12:12Z
VASC000000300861,2026-06-22T11:15:15Z,VASC202605251438175,代理清关(非标),OUTBOUND,DEBR2,DEBR2 Warehouse,16958250,*************,PD,Y,2026-06-22T11:15:14Z
VASC000000300864,2026-06-22T11:14:01Z,VASC202605251438175,代理清关(非标),OUTBOUND,DEBR2,DEBR2 Warehouse,16958250,*************,PD,Y,2026-06-22T11:14:01Z
VASC000000300867,2026-06-18T15:16:34Z,VASC202411271721537,入库非标拍照或提供视频,INBOUND,DEBR2,DEBR2 Warehouse,16620201,*****************************,ES,NULL,NULL
VASC000000300870,2026-06-22T11:16:15Z,VASC202605251438175,代理清关(非标),OUTBOUND,DEBR2,DEBR2 Warehouse,16958250,*************,PD,Y,2026-06-22T11:16:14Z
VASC000000300876,2026-06-22T11:17:18Z,VASC202605251438175,代理清关(非标),OUTBOUND,DEBR2,DEBR2 Warehouse,16958250,*************,PD,Y,2026-06-22T11:17:18Z
VASC000000300879,2026-06-18T14:17:12Z,VASC202412061826084,Winit 尾程询价服务,OUTBOUND,DEBR2,DEBR2 Warehouse,20056441,****************,CD,N,2026-06-19T14:22:14Z
VASC000000300882,2026-06-22T11:13:03Z,VASC202605251438175,代理清关(非标),OUTBOUND,DEBR2,DEBR2 Warehouse,16958250,*************,PD,Y,2026-06-22T11:13:03Z
VASC000000300885,2026-06-22T17:04:27Z,VASC202411192250069,库内非标增值（特批）,INHOUSE,USKY5,USKY5 Warehouse,17830621,************************,PD,Y,2026-06-22T16:24:54Z
VASC000000300912,2026-06-23T17:54:44Z,VASC202411192250069,库内非标增值（特批）,INHOUSE,DENW3,DENW3 Warehouse,16758605,****************************,PD,Y,2026-06-18T15:49:00Z
VASC000000300915,2026-06-18T15:14:06Z,VASC202411192246131,入库非标增值（特批）,UNUSUAL,USKY5,USKY5 Warehouse,19663935,***************************************,CD,Y,2026-06-18T18:01:36Z
VASC000000300924,2026-06-18T16:17:32Z,VASC202411192250069,库内非标增值（特批）,INHOUSE,USNJ2,USNJ2 Warehouse,18513540,**********************,PD,Y,2026-06-18T15:37:31Z
VASC000000300960,2026-06-18T15:48:51Z,VASC202411192246131,入库非标增值（特批）,UNUSUAL,US0001,USWC Warehouse,19687866,**********************,CD,NULL,NULL
VASC000000300966,2026-06-23T17:47:12Z,VASC202411192240522,上架前自提,UNUSUAL,UKTW,UKTW Warehouse,18087443,**************************,PD,NULL,NULL
VASC000000300969,2026-06-18T15:55:29Z,VASC202412171855563,出库非标增值（Anker）,OUTBOUND,DE0001,DE Warehouse,16758605,****************************,PD,NULL,NULL
VASC000000300993,2026-06-23T17:00:15Z,VASC202411192250069,库内非标增值（特批）,INHOUSE,DEBR2,DEBR2 Warehouse,17294590,***********************,ES,Y,2026-06-22T16:50:57Z
VASC000000300996,2026-06-18T16:34:48Z,VASC202412171855563,出库非标增值（Anker）,OUTBOUND,DE0001,DE Warehouse,16758605,****************************,PD,NULL,NULL
VASC000000301008,2026-06-18T16:44:26Z,VASC202412171855563,出库非标增值（Anker）,OUTBOUND,DE0001,DE Warehouse,16758605,****************************,PD,NULL,NULL
VASC000000301050,2026-06-22T17:42:18Z,VASC202411192250069,库内非标增值（特批）,INHOUSE,US0001,USWC Warehouse,12198028,*********,PD,Y,2026-06-22T17:10:33Z
VASC000000301062,2026-06-22T11:14:38Z,VASC202412061826084,Winit 尾程询价服务,OUTBOUND,USKY3,USKY3 Warehouse,13337619,*********************************,CD,Y,2026-06-19T08:06:37Z
VASC000000301071,2026-06-22T17:45:15Z,VASC202411192250069,库内非标增值（特批）,INHOUSE,DEBR2,DEBR2 Warehouse,16958250,*************,PD,Y,2026-06-22T17:27:59Z
VASC000000301080,2026-06-22T17:05:26Z,VASC202411192250069,库内非标增值（特批）,INHOUSE,DEBR2,DEBR2 Warehouse,16958250,*************,PD,Y,2026-06-18T19:21:49Z
VASC000000301086,2026-06-18T17:23:52Z,VASC202412171855563,出库非标增值（Anker）,OUTBOUND,DE0001,DE Warehouse,16758605,****************************,PD,NULL,NULL
VASC000000301089,2026-06-18T17:24:15Z,VASC202412111831129,新单上架（客户提供预报单）,UNUSUAL,USKY3,USKY3 Warehouse,20019356,************************,PD,NULL,NULL
VASC000000301092,2026-06-18T18:22:41Z,VASC202411192246131,入库非标增值（特批）,UNUSUAL,USTX,USTX Warehouse,14753316,*********************************,PD,Y,2026-06-18T18:16:00Z
VASC000000301101,2026-06-18T17:51:16Z,VASC202411192229072,庫內非標增值（免審核）,INHOUSE,USKY5,USKY5 Warehouse,17425382,***********************************************,PD,NULL,NULL
VASC000000301113,2026-06-18T17:51:10Z,VASC202411192229072,库内非标增值（免审核）,INHOUSE,USKY3,USKY3 Warehouse,18714232,******,PD,NULL,NULL
VASC000000301119,2026-06-18T17:48:21Z,VASC202412171855563,出库非标增值（Anker）,OUTBOUND,DE0001,DE Warehouse,16758605,****************************,ES,NULL,NULL
VASC000000301122,2026-06-23T10:29:17Z,VASC202412061826084,Winit 尾程询价服务,OUTBOUND,USGA,USGA Warehouse,16585492,**************************,PD,Y,2026-06-19T04:16:37Z
VASC000000301125,2026-06-18T17:54:37Z,VASC202412171855563,出库非标增值（Anker）,OUTBOUND,DENW3,DENW3 Warehouse,16758605,****************************,PD,NULL,NULL
VASC000000301149,2026-06-18T18:10:42Z,VASC202411192229072,庫內非標增值（免審核）,INHOUSE,USNJ2,USNJ2 Warehouse,18955123,*********************************************,PD,NULL,NULL
VASC000000301152,2026-06-18T20:18:55Z,VASC202411192253186,出库非标增值（特批）,OUTBOUND,DE0001,DE Warehouse,16758605,****************************,ES,Y,2026-06-18T18:50:18Z
VASC000000301164,2026-06-18T18:32:10Z,VASC202412171855563,出库非标增值（Anker）,OUTBOUND,UKGF,UKGF Warehouse,16643472,**************************,PD,NULL,NULL
VASC000000301194,2026-06-18T18:41:45Z,VASC202412171855563,出库非标增值（Anker）,OUTBOUND,DE0001,DE Warehouse,16758605,****************************,ES,NULL,NULL
VASC000000301218,2026-06-22T18:59:33Z,VASC202411192246131,入库非标增值（特批）,INBOUND,US0001,USWC Warehouse,18272155,******************************************,PD,Y,2026-06-22T17:32:59Z
VASC000000301257,2026-06-18T22:56:44Z,VASC202411192246131,入库非标增值（特批）,UNUSUAL,DEBR2,DEBR2 Warehouse,19376789,*********************************,CD,N,2026-06-22T17:44:36Z
VASC000000301524,2026-06-19T21:01:51Z,VASC202412061826084,Winit 尾程询价服务,OUTBOUND,DEBR2,DEBR2 Warehouse,19227270,********************************,CD,Y,2026-06-23T18:51:28Z
VASC000000301527,2026-06-19T21:15:33Z,VASC202412061826084,Winit 尾程询价服务,OUTBOUND,DEBR2,DEBR2 Warehouse,19227270,********************************,CD,NULL,NULL
VASC000000301533,2026-06-19T22:34:26Z,VASC202411192253186,出库非标增值（特批）,OUTBOUND,DE0001,DE Warehouse,18513540,**********************,CD,NULL,NULL
VASC000000301536,2026-06-19T22:36:30Z,VASC202512051923357,出库非标增值（Aiper）,OUTBOUND,DE0001,DE Warehouse,18513540,**********************,CD,NULL,NULL
VASC000000301629,2026-06-20T11:35:54Z,VASC202411192246131,入库非标增值（特批）,UNUSUAL,US0001,USWC Warehouse,11177690,******************************,CD,N,2026-06-22T17:48:19Z
VASC000000301635,2026-06-20T12:04:26Z,VASC202411192246131,入库非标增值（特批）,UNUSUAL,US0001,USWC Warehouse,19814650,******************************,CD,N,2026-06-22T18:18:55Z
VASC000000301812,2026-06-23T10:22:29Z,VASC202411192246131,入库非标增值（特批）,INBOUND,USWC5,USWC5 Warehouse,19412706,*****************,PD,Y,2026-06-22T18:32:57Z
VASC000000301842,2026-06-22T15:46:26Z,VASC202412111836315,库内非标增值（需审核）,INHOUSE,USGA,USGA Warehouse,11107087,****************************,PD,Y,2026-06-22T15:46:25Z
VASC000000302964,2026-06-23T10:02:06Z,VASC202412061826084,Winit 尾程询价服务,OUTBOUND,USNJ2,USNJ2 Warehouse,19227270,********************************,PD,Y,2026-06-23T04:17:53Z
VASC000000302973,2026-06-22T18:19:09Z,VASC202411192246131,入库非标增值（特批）,INBOUND,USWC5,USWC5 Warehouse,19934454,*********************************************,PD,Y,2026-06-22T18:16:49Z
VASC000000303027,2026-06-22T15:56:47Z,VASC202411192246131,入库非标增值（特批）,UNUSUAL,DEBR2,DEBR2 Warehouse,17780933,******************************************,CD,N,2026-06-22T19:53:59Z
VASC000000303063,2026-06-23T20:52:28Z,VASC202605251438175,代理清关(非标),OUTBOUND,DEBR2,DEBR2 Warehouse,16958250,*************,PD,Y,2026-06-23T20:52:27Z
VASC000000303066,2026-06-23T20:51:33Z,VASC202605251438175,代理清关(非标),OUTBOUND,DEBR2,DEBR2 Warehouse,16958250,*************,PD,Y,2026-06-23T20:51:33Z
VASC000000303072,2026-06-23T20:48:40Z,VASC202605251438175,代理清关(非标),OUTBOUND,DEBR2,DEBR2 Warehouse,16958250,*************,PD,Y,2026-06-23T20:48:40Z
VASC000000303075,2026-06-23T20:50:41Z,VASC202605251438175,代理清关(非标),OUTBOUND,DEBR2,DEBR2 Warehouse,16958250,*************,PD,Y,2026-06-23T20:50:41Z
VASC000000303078,2026-06-23T20:47:21Z,VASC202605251438175,代理清关(非标),OUTBOUND,DEBR2,DEBR2 Warehouse,16958250,*************,PD,Y,2026-06-23T20:47:20Z
VASC000000303081,2026-06-23T20:49:49Z,VASC202605251438175,代理清关(非标),OUTBOUND,DEBR2,DEBR2 Warehouse,16958250,*************,PD,Y,2026-06-23T20:49:49Z
VASC000000303084,2026-06-24T17:16:34Z,VASC202605251438175,代理清关(非标),OUTBOUND,DEBR2,DEBR2 Warehouse,16958250,*************,PD,Y,2026-06-24T17:16:34Z
VASC000000303087,2026-06-23T20:53:28Z,VASC202605251438175,代理清关(非标),OUTBOUND,DEBR2,DEBR2 Warehouse,16958250,*************,PD,Y,2026-06-23T20:53:27Z
VASC000000303090,2026-06-23T20:46:28Z,VASC202605251438175,代理清关(非标),OUTBOUND,DEBR2,DEBR2 Warehouse,16958250,*************,PD,Y,2026-06-23T20:46:27Z
VASC000000303093,2026-06-23T20:45:33Z,VASC202605251438175,代理清关(非标),OUTBOUND,DEBR2,DEBR2 Warehouse,16958250,*************,PD,Y,2026-06-23T20:45:33Z
VASC000000303096,2026-06-23T20:44:43Z,VASC202605251438175,代理清关(非标),OUTBOUND,DEBR2,DEBR2 Warehouse,16958250,*************,PD,Y,2026-06-23T20:44:43Z
VASC000000303099,2026-06-24T10:21:29Z,VASC202605251438175,代理清关(非标),OUTBOUND,DEBR2,DEBR2 Warehouse,16958250,*************,PD,Y,2026-06-24T10:21:29Z
VASC000000303165,2026-06-23T11:02:10Z,VASC202411192250069,库内非标增值（特批）,INHOUSE,US0001,USWC Warehouse,13947840,********************,PD,Y,2026-06-22T20:56:00Z
VASC000000303171,2026-06-23T17:52:58Z,VASC202411192246131,入库非标增值（特批）,INBOUND,DE0001,DE Warehouse,16758605,****************************,PD,Y,2026-06-22T18:40:23Z
VASC000000303174,2026-06-23T17:53:17Z,VASC202411192246131,入库非标增值（特批）,INBOUND,DE0001,DE Warehouse,16758605,****************************,PD,Y,2026-06-22T18:42:50Z
VASC000000303177,2026-06-23T17:53:28Z,VASC202411192246131,入库非标增值（特批）,INBOUND,DE0001,DE Warehouse,16758605,****************************,PD,Y,2026-06-22T18:45:12Z
VASC000000303213,2026-06-22T14:14:10Z,VASC202411192246131,入库非标增值（特批）,UNUSUAL,USKY5,USKY5 Warehouse,19885684,******************************,CD,N,2026-06-22T19:55:45Z
VASC000000303219,2026-06-22T13:56:51Z,VASC202411192229072,库内非标增值（免审核）,INHOUSE,UKTW,UKTW Warehouse,1003260,*********************************************,PD,NULL,NULL
VASC000000303234,2026-06-22T14:01:17Z,VASC202412171855563,出库非标增值（Anker）,OUTBOUND,DEBR2,DEBR2 Warehouse,16757165,****************************,PD,NULL,NULL
VASC000000303237,2026-06-22T14:01:45Z,VASC202412171855563,出库非标增值（Anker）,OUTBOUND,DEBR2,DEBR2 Warehouse,16757165,****************************,PD,NULL,NULL
VASC000000303240,2026-06-22T14:02:11Z,VASC202412171855563,出库非标增值（Anker）,OUTBOUND,DEBR2,DEBR2 Warehouse,16757165,****************************,PD,NULL,NULL
VASC000000303243,2026-06-22T14:02:39Z,VASC202412171855563,出库非标增值（Anker）,OUTBOUND,DEBR2,DEBR2 Warehouse,16757165,****************************,PD,NULL,NULL
VASC000000303246,2026-06-22T14:03:48Z,VASC202412171855563,出库非标增值（Anker）,OUTBOUND,DEBR2,DEBR2 Warehouse,16757165,****************************,PD,NULL,NULL
VASC000000303252,2026-06-22T14:04:16Z,VASC202412171855563,出库非标增值（Anker）,OUTBOUND,DEBR2,DEBR2 Warehouse,16757165,****************************,PD,NULL,NULL
VASC000000303255,2026-06-22T14:04:42Z,VASC202412171855563,出库非标增值（Anker）,OUTBOUND,DEBR2,DEBR2 Warehouse,16757165,****************************,PD,NULL,NULL
VASC000000303258,2026-06-22T14:05:06Z,VASC202412171855563,出库非标增值（Anker）,OUTBOUND,DEBR2,DEBR2 Warehouse,16757165,****************************,PD,NULL,NULL
VASC000000303264,2026-06-22T14:05:35Z,VASC202412171855563,出库非标增值（Anker）,OUTBOUND,DEBR2,DEBR2 Warehouse,16757165,****************************,PD,NULL,NULL
VASC000000303267,2026-06-22T14:06:57Z,VASC202412171855563,出库非标增值（Anker）,OUTBOUND,DEBR2,DEBR2 Warehouse,16757165,****************************,PD,NULL,NULL
VASC000000303270,2026-06-22T14:07:37Z,VASC202412171855563,出库非标增值（Anker）,OUTBOUND,DEBR2,DEBR2 Warehouse,16757165,****************************,PD,NULL,NULL
VASC000000303273,2026-06-22T14:08:57Z,VASC202412171855563,出库非标增值（Anker）,OUTBOUND,DEBR2,DEBR2 Warehouse,16757165,****************************,PD,NULL,NULL
VASC000000303279,2026-06-22T14:10:09Z,VASC202412171855563,出库非标增值（Anker）,OUTBOUND,DEBR2,DEBR2 Warehouse,16757165,****************************,PD,NULL,NULL
VASC000000303282,2026-06-22T14:10:44Z,VASC202412171855563,出库非标增值（Anker）,OUTBOUND,DEBR2,DEBR2 Warehouse,16757165,****************************,PD,NULL,NULL
VASC000000303285,2026-06-22T14:11:54Z,VASC202412171855563,出库非标增值（Anker）,OUTBOUND,DEBR2,DEBR2 Warehouse,16757165,****************************,PD,NULL,NULL
VASC000000303288,2026-06-22T14:12:49Z,VASC202412171855563,出库非标增值（Anker）,OUTBOUND,DEBR2,DEBR2 Warehouse,16757165,****************************,PD,NULL,NULL
VASC000000303291,2026-06-22T14:13:48Z,VASC202412171855563,出库非标增值（Anker）,OUTBOUND,DEBR2,DEBR2 Warehouse,16757165,****************************,PD,NULL,NULL
VASC000000303294,2026-06-22T14:14:13Z,VASC202412171855563,出库非标增值（Anker）,OUTBOUND,DEBR2,DEBR2 Warehouse,16757165,****************************,PD,NULL,NULL
VASC000000303297,2026-06-22T14:14:46Z,VASC202412171855563,出库非标增值（Anker）,OUTBOUND,DEBR2,DEBR2 Warehouse,16757165,****************************,PD,NULL,NULL
VASC000000303300,2026-06-22T14:15:39Z,VASC202412171855563,出库非标增值（Anker）,OUTBOUND,DEBR2,DEBR2 Warehouse,16757165,****************************,PD,NULL,NULL
VASC000000303321,2026-06-24T14:15:50Z,VASC202412061826084,Winit 尾程询价服务,OUTBOUND,DEBR2,DEBR2 Warehouse,20056441,****************,PD,Y,2026-06-23T18:46:40Z
VASC000000303327,2026-06-22T14:43:11Z,VASC202411192246131,入库非标增值（特批）,UNUSUAL,USKY3,USKY3 Warehouse,13816111,******************************,CD,N,2026-06-22T20:02:49Z
VASC000000303378,2026-06-24T10:08:00Z,VASC202412061826084,Winit 尾程询价服务,OUTBOUND,USGA,USGA Warehouse,16585492,**************************,PD,Y,2026-06-23T21:08:00Z
VASC000000303390,2026-06-24T10:06:57Z,VASC202412061826084,Winit 尾程询价服务,OUTBOUND,USGA,USGA Warehouse,16585492,**************************,PD,Y,2026-06-23T21:09:15Z
VASC000000303411,2026-06-22T15:43:25Z,VASC202412171855563,出库非标增值（Anker）,OUTBOUND,DE0001,DE Warehouse,16758605,****************************,PD,NULL,NULL
VASC000000303426,2026-06-22T15:59:11Z,VASC202412171855563,出库非标增值（Anker）,OUTBOUND,DE0001,DE Warehouse,16758605,****************************,PD,NULL,NULL
VASC000000303444,2026-06-23T21:50:54Z,VASC202411192246131,入库非标增值（特批）,UNUSUAL,CATO,CATO Warehouse,19376789,*********************************,PD,Y,2026-06-23T21:49:34Z
VASC000000303453,2026-06-22T18:07:13Z,VASC202411192250069,库内非标增值（特批）,INHOUSE,USGA,USGA Warehouse,19118186,************************,PD,Y,2026-06-22T18:03:55Z
VASC000000303468,2026-06-22T18:49:39Z,VASC202411192253186,出库非标增值（特批）,OUTBOUND,USKY3,USKY3 Warehouse,19011452,*******************,PD,Y,2026-06-22T18:17:52Z
VASC000000303471,2026-06-22T16:28:17Z,VASC202411192250069,库内非标增值（特批）,INHOUSE,UKGF,UKGF Warehouse,16643472,**************************,CD,N,2026-06-22T19:45:09Z
VASC000000303486,2026-06-22T16:38:09Z,VASC202411192250069,库内非标增值（特批）,INHOUSE,EWD,AU Warehouse,12113560,******************************,CD,Y,2026-06-22T18:11:38Z
VASC000000303522,2026-06-22T16:56:20Z,VASC202412061826084,Winit 尾程询价服务,OUTBOUND,CATO,CATO Warehouse,16573937,*********************,CD,N,2026-06-22T22:04:25Z
VASC000000303600,2026-06-24T11:00:50Z,VASC202412061826084,Winit 尾程询价服务,OUTBOUND,CATO,CATO Warehouse,16573937,*********************,PD,Y,2026-06-22T21:55:02Z
VASC000000303612,2026-06-22T18:01:51Z,VASC202412061826084,Winit 尾程询价服务,OUTBOUND,UKTW,UKTW Warehouse,19226389,******************************,CD,Y,2026-06-22T21:10:04Z
VASC000000303621,2026-06-22T20:45:23Z,VASC202411192250069,库内非标增值（特批）,INHOUSE,DEBR2,DEBR2 Warehouse,17933875,******,PD,Y,2026-06-22T20:18:51Z
VASC000000303630,2026-06-22T18:04:45Z,VASC202510151802079,审核出库单,OUTBOUND,US0001,USWC Warehouse,12198028,*********,PD,NULL,NULL
VASC000000303633,2026-06-22T18:06:08Z,VASC202411192246131,入库非标增值（特批）,INBOUND,US0001,USWC Warehouse,13947840,********************,CD,NULL,NULL
VASC000000303654,2026-06-22T18:12:25Z,VASC202510151802079,审核出库单,OUTBOUND,USGA,USGA Warehouse,19118186,************************,PD,NULL,NULL
VASC000000303660,2026-06-22T18:18:28Z,VASC202411192250069,库内非标增值（特批）,INHOUSE,US0001,USWC Warehouse,19173941,************************,CD,N,2026-06-22T19:34:49Z
VASC000000303690,2026-06-23T10:06:56Z,VASC202411192250069,库内非标增值（特批）,INHOUSE,USGA,USGA Warehouse,18870935,************,PD,Y,2026-06-22T19:30:10Z
VASC000000303729,2026-06-22T18:56:31Z,VASC202412171855563,出库非标增值（Anker）,OUTBOUND,DEBR2,DEBR2 Warehouse,16757165,****************************,PD,NULL,NULL
VASC000000303732,2026-06-22T19:04:44Z,VASC202411271751445,出库非标增值（免审核）,OUTBOUND,DE0001,DE Warehouse,11109517,************************************,CD,NULL,NULL
VASC000000303738,2026-06-24T09:13:40Z,VASC202411192246131,入库非标增值（特批）,UNUSUAL,USGA,USGA Warehouse,19104098,***************,PD,Y,2026-06-23T16:30:23Z
VASC000000303759,2026-06-23T10:41:57Z,VASC202411192246131,入库非标增值（特批）,INBOUND,US0001,USWC Warehouse,19173941,************************,PD,Y,2026-06-22T21:37:12Z
VASC000000303765,2026-06-23T10:29:18Z,VASC202411192240522,上架前自提,UNUSUAL,UKTW,UKTW Warehouse,18087443,**************************,PD,NULL,NULL
VASC000000303912,2026-06-23T09:29:40Z,VASC202411192250069,库内非标增值（特批）,INHOUSE,USKY5,USKY5 Warehouse,18935497,******,CD,N,2026-06-24T10:41:51Z
VASC000000303981,2026-06-23T09:57:54Z,VASC202411192250069,库内非标增值（特批）,INHOUSE,US0001,USWC Warehouse,11177690,******************************,CD,N,2026-06-23T16:07:46Z
VASC000000304053,2026-06-23T19:21:16Z,VASC202411192246131,入库非标增值（特批）,INBOUND,USGA,USGA Warehouse,19412706,*****************,PD,Y,2026-06-23T19:19:34Z
VASC000000304056,2026-06-23T10:27:17Z,VASC202510151802079,审核出库单,OUTBOUND,USGA,USGA Warehouse,18870935,************,PD,NULL,NULL
VASC000000304083,2026-06-23T18:15:39Z,VASC202411192246131,入库非标增值（特批）,INBOUND,US0001,USWC Warehouse,13947840,********************,PD,Y,2026-06-23T16:53:07Z
VASC000000304167,2026-06-23T18:15:28Z,VASC202411192250069,库内非标增值（特批）,INHOUSE,US0001,USWC Warehouse,13947840,********************,PD,Y,2026-06-23T16:42:55Z
VASC000000304203,2026-06-23T11:22:07Z,VASC202412061826084,Winit 尾程询价服务,OUTBOUND,DEBR2,DEBR2 Warehouse,19227270,********************************,CD,Y,2026-06-23T20:37:07Z
VASC000000304206,2026-06-23T11:26:06Z,VASC202412061826084,Winit 尾程询价服务,OUTBOUND,US0001,USWC Warehouse,19687866,**********************,CD,Y,2026-06-24T08:26:21Z
VASC000000304263,2026-06-23T12:24:58Z,VASC202412061826084,Winit 尾程询价服务,OUTBOUND,DEBR2,DEBR2 Warehouse,19227270,********************************,CD,Y,2026-06-24T19:15:23Z
VASC000000304353,2026-06-30T15:53:13Z,VASC202412061826084,Winit 尾程询价服务,OUTBOUND,CATO,CATO Warehouse,18475933,******************,PD,Y,2026-06-29T22:51:26Z
VASC000000304383,2026-06-23T14:07:05Z,VASC202411192250069,库内非标增值（特批）,INHOUSE,US0001,USWC Warehouse,18589123,******************************,CD,Y,2026-06-23T19:15:03Z
VASC000000304395,2026-06-23T14:29:50Z,VASC202412061826084,Winit 尾程询价服务,OUTBOUND,DEBR2,DEBR2 Warehouse,19227270,********************************,CD,Y,2026-06-24T23:33:35Z
VASC000000304404,2026-06-23T14:39:30Z,VASC202411192253186,出庫非標增值（特批）,OUTBOUND,USKY3,USKY3 Warehouse,19969470,************************,CD,NULL,NULL
VASC000000304413,2026-07-06T12:03:21Z,VASC202412111838036,非标收费,INHOUSE,UKGF,UKGF Warehouse,16643472,**************************,PD,Y,2026-07-06T12:03:21Z
VASC000000304422,2026-07-06T12:02:44Z,VASC202412111838036,非标收费,INHOUSE,UKGF,UKGF Warehouse,16643472,**************************,PD,Y,2026-07-06T12:02:43Z
VASC000000304425,2026-06-24T09:25:37Z,VASC202411192246131,入库非标增值（特批）,UNUSUAL,USKY3,USKY3 Warehouse,13816111,******************************,PD,Y,2026-06-23T20:56:23Z
VASC000000304431,2026-07-06T12:02:07Z,VASC202412111838036,非标收费,INHOUSE,UKGF,UKGF Warehouse,16643472,**************************,PD,Y,2026-07-06T12:02:07Z
VASC000000304434,2026-07-06T12:01:27Z,VASC202412111838036,非标收费,INHOUSE,UKGF,UKGF Warehouse,16643472,**************************,PD,Y,2026-07-06T12:01:27Z
VASC000000304437,2026-07-06T12:00:54Z,VASC202412111838036,非标收费,INHOUSE,UKGF,UKGF Warehouse,16643472,**************************,PD,Y,2026-07-06T12:00:53Z
VASC000000304440,2026-07-06T12:00:19Z,VASC202412111838036,非标收费,INHOUSE,UKGF,UKGF Warehouse,16643472,**************************,PD,Y,2026-07-06T12:00:17Z
VASC000000304443,2026-06-23T14:57:20Z,VASC202411192250069,库内非标增值（特批）,INHOUSE,USKY3,USKY3 Warehouse,17916113,*********,CD,N,2026-06-24T16:04:57Z
VASC000000304461,2026-06-23T18:20:32Z,VASC202411192250069,库内非标增值（特批）,INHOUSE,USNJ2,USNJ2 Warehouse,19176387,******************************,PD,Y,2026-06-23T15:58:18Z
VASC000000304464,2026-06-23T15:10:09Z,VASC202412171855563,出库非标增值（Anker）,OUTBOUND,DE0001,DE Warehouse,16758605,****************************,PD,NULL,NULL
VASC000000304470,2026-06-23T15:13:10Z,VASC202412061826084,Winit 尾程询价服务,OUTBOUND,EWD,AU Warehouse,17433087,***************************************,CD,Y,2026-06-24T07:42:46Z
VASC000000304494,2026-06-30T11:06:21Z,VASC202411192250069,库内非标增值（特批）,INHOUSE,DEBR2,DEBR2 Warehouse,17294590,***********************,ES,Y,2026-06-23T20:59:29Z
VASC000000304497,2026-06-23T15:30:30Z,VASC202412171855563,出库非标增值（Anker）,OUTBOUND,DE0001,DE Warehouse,16758605,****************************,PD,NULL,NULL
VASC000000304500,2026-06-23T17:55:34Z,VASC202411192253186,出库非标增值（特批）,OUTBOUND,DE0001,DE Warehouse,16758605,****************************,PD,Y,2026-06-23T16:27:09Z
VASC000000304509,2026-06-24T10:11:41Z,VASC202412061826084,Winit 尾程询价服务,OUTBOUND,UKTW,UKTW Warehouse,19226389,******************************,PD,Y,2026-06-23T20:30:28Z
VASC000000304512,2026-06-23T15:58:06Z,VASC202411192253186,出库非标增值（特批）,OUTBOUND,US0001,USWC Warehouse,19104098,***************,CD,NULL,NULL
VASC000000304536,2026-06-23T17:08:10Z,VASC202411192250069,库内非标增值（特批）,INHOUSE,USKY3,USKY3 Warehouse,16191336,************************************,CD,NULL,NULL
VASC000000304551,2026-06-23T17:35:12Z,VASC202411192246131,入庫非標增值（特批）,UNUSUAL,USWC2,USWC2 Warehouse,17806402,*****************************,PD,Y,2026-06-23T17:23:48Z
VASC000000304563,2026-06-23T16:50:32Z,VASC202605152038312,非标线下尾程服务,INHOUSE,DEBR2,DEBR2 Warehouse,19263669,******************************,CD,NULL,NULL
VASC000000304569,2026-06-23T16:52:39Z,VASC202412171855563,出库非标增值（Anker）,OUTBOUND,UKGF,UKGF Warehouse,16643472,**************************,PD,NULL,NULL
VASC000000304581,2026-06-23T17:55:28Z,VASC202411192250069,库内非标增值（特批）,INHOUSE,UKGF,UKGF Warehouse,16643472,**************************,PD,Y,2026-06-23T17:40:06Z
VASC000000304590,2026-06-23T21:07:59Z,VASC202411192250069,库内非标增值（特批）,INHOUSE,USGA,USGA Warehouse,19733794,******************************,PD,Y,2026-06-23T20:41:00Z
VASC000000304614,2026-07-06T11:59:42Z,VASC202412111838036,非标收费,INHOUSE,UKGF,UKGF Warehouse,16643472,**************************,PD,Y,2026-07-06T11:59:42Z
VASC000000304626,2026-06-24T08:05:36Z,VASC202411192250069,库内非标增值（特批）,INHOUSE,USKY3,USKY3 Warehouse,16191336,************************************,PD,Y,2026-06-23T19:31:42Z
VASC000000304641,2026-06-23T17:44:57Z,VASC202411192250069,库内非标增值（特批）,INHOUSE,EWD,AU Warehouse,16585492,**************************,CD,N,2026-06-23T21:03:30Z
VASC000000304644,2026-06-23T17:38:03Z,VASC202412061826084,Winit 尾程询价服务,OUTBOUND,USNJ2,USNJ2 Warehouse,18513540,**********************,CD,Y,2026-06-23T23:13:51Z
VASC000000304647,2026-06-23T18:14:24Z,VASC202411192253186,出库非标增值（特批）,OUTBOUND,USNJ2,USNJ2 Warehouse,18513540,**********************,PD,Y,2026-06-23T18:05:46Z
VASC000000304650,2026-06-24T09:32:56Z,VASC202411192250069,库内非标增值（特批）,INHOUSE,USKY5,USKY5 Warehouse,19586305,******************************************,PD,Y,2026-06-23T21:12:38Z
VASC000000304653,2026-06-23T18:02:06Z,VASC202510211517514,無主貨找回,INHOUSE,USKY3,USKY3 Warehouse,17857675,******,CD,NULL,NULL
VASC000000304671,2026-06-23T18:33:31Z,VASC202411192253186,出库非标增值（特批）,OUTBOUND,USWC5,USWC5 Warehouse,19606995,************,CD,NULL,NULL
VASC000000304677,2026-06-23T18:23:04Z,VASC202510211517514,無主貨找回,INHOUSE,USKY3,USKY3 Warehouse,17857675,******,PD,NULL,NULL
VASC000000304680,2026-06-24T18:37:19Z,VASC202411192246131,入库非标增值（特批）,UNUSUAL,US0001,USWC Warehouse,13947840,********************,PD,Y,2026-06-24T14:46:23Z
VASC000000304692,2026-06-23T18:41:22Z,VASC202510211517514,無主貨找回,INHOUSE,USKY3,USKY3 Warehouse,17857675,******,PD,NULL,NULL
VASC000000304695,2026-06-24T09:22:58Z,VASC202411192246131,入库非标增值（特批）,INBOUND,USGA,USGA Warehouse,18513540,**********************,PD,Y,2026-06-23T19:48:20Z
VASC000000304701,2026-06-24T09:13:34Z,VASC202411192246131,入库非标增值（特批）,UNUSUAL,USWC5,USWC5 Warehouse,19104098,***************,PD,Y,2026-06-23T20:22:09Z
VASC000000304707,2026-06-24T09:13:27Z,VASC202411192246131,入库非标增值（特批）,UNUSUAL,USWC5,USWC5 Warehouse,19104098,***************,PD,Y,2026-06-23T20:26:01Z
VASC000000304737,2026-06-23T19:09:59Z,VASC202411192253186,出库非标增值（特批）,OUTBOUND,USKY3,USKY3 Warehouse,13337619,*********************************,CD,N,2026-06-23T19:34:19Z
VASC000000304740,2026-06-23T19:32:48Z,VASC202411192253186,出库非标增值（特批）,OUTBOUND,USWC5,USWC5 Warehouse,19606995,************,PD,Y,2026-06-23T19:31:18Z
VASC000000304749,2026-06-23T19:33:35Z,VASC202412171855563,出库非标增值（Anker）,OUTBOUND,DE0001,DE Warehouse,16758605,****************************,PD,NULL,NULL
VASC000000304752,2026-06-23T19:45:34Z,VASC202412171855563,出库非标增值（Anker）,OUTBOUND,DE0001,DE Warehouse,16758605,****************************,PD,NULL,NULL
VASC000000304755,2026-06-23T19:53:04Z,VASC202412171855563,出库非标增值（Anker）,OUTBOUND,DE0001,DE Warehouse,16758605,****************************,PD,NULL,NULL
VASC000000304758,2026-06-23T20:14:07Z,VASC202412171855563,出库非标增值（Anker）,OUTBOUND,DE0001,DE Warehouse,16758605,****************************,PD,NULL,NULL
VASC000000304761,2026-06-23T20:31:03Z,VASC202412171855563,出库非标增值（Anker）,OUTBOUND,DE0001,DE Warehouse,16758605,****************************,PD,NULL,NULL
VASC000000304767,2026-06-23T20:39:33Z,VASC202412171855563,出库非标增值（Anker）,OUTBOUND,DE0001,DE Warehouse,16758605,****************************,PD,NULL,NULL
VASC000000305367,2026-06-24T10:30:52Z,VASC202411192246131,入库非标增值（特批）,UNUSUAL,USKY3,USKY3 Warehouse,17225006,*********,CD,Y,2026-06-24T15:18:29Z
VASC000000305379,2026-06-24T15:15:13Z,VASC202411192250069,库内非标增值（特批）,INHOUSE,DE0001,DE Warehouse,16877181,*********************************,ES,Y,2026-06-24T11:07:08Z
VASC000000305385,2026-06-24T10:03:37Z,VASC202510211517514,无主货找回,INHOUSE,DE0001,DE Warehouse,15197591,******************************,PD,NULL,NULL
VASC000000305403,2026-06-24T10:14:02Z,VASC202411192253186,出库非标增值（特批）,OUTBOUND,USKY3,USKY3 Warehouse,13337619,*********************************,CD,N,2026-06-24T11:02:02Z
VASC000000305418,2026-06-30T09:17:06Z,VASC202411192253186,出库非标增值（特批）,OUTBOUND,USKY5,USKY5 Warehouse,18696643,************************************,PD,Y,2026-06-24T11:16:06Z
VASC000000305430,2026-06-25T11:39:32Z,VASC202411192246131,入库非标增值（特批）,INBOUND,USTX,USTX Warehouse,17598640,**************************************,PD,Y,2026-06-24T17:32:07Z
VASC000000305433,2026-06-24T10:29:44Z,VASC202411192246131,入库非标增值（特批）,UNUSUAL,USKY3,USKY3 Warehouse,17225006,*********,CD,Y,2026-06-24T15:20:20Z
VASC000000305439,2026-06-24T10:48:50Z,VASC202411192250069,库内非标增值（特批）,INHOUSE,USKY5,USKY5 Warehouse,1006076,************************,CD,NULL,NULL
VASC000000305448,2026-06-24T11:18:10Z,VASC202412061826084,Winit 尾程询价服务,OUTBOUND,USKY3,USKY3 Warehouse,13545755,***************************************,CD,NULL,NULL
VASC000000305451,2026-06-24T11:36:53Z,VASC202412061826084,Winit 尾程询价服务,OUTBOUND,EWD,AU Warehouse,18778484,**************************,PD,Y,2026-06-24T11:33:00Z
VASC000000305454,2026-06-24T11:03:35Z,VASC202510151802079,审核出库单,OUTBOUND,USKY5,USKY5 Warehouse,19586305,******************************************,PD,NULL,NULL
VASC000000305487,2026-06-30T10:27:32Z,VASC202412061826084,Winit 尾程询价服务,OUTBOUND,USKY3,USKY3 Warehouse,13545755,***************************************,PD,Y,2026-06-24T23:41:40Z
VASC000000305493,2026-06-24T11:35:11Z,VASC202412171855563,出库非标增值（Anker）,OUTBOUND,DEBR2,DEBR2 Warehouse,16757165,****************************,PD,NULL,NULL
VASC000000305508,2026-06-25T15:48:51Z,VASC202411192250069,库内非标增值（特批）,INHOUSE,USWC5,USWC5 Warehouse,17830621,************************,CD,Y,2026-06-25T20:52:22Z
VASC000000305517,2026-06-24T11:57:58Z,VASC202411192253186,出库非标增值（特批）,OUTBOUND,USKY3,USKY3 Warehouse,13337619,*********************************,CD,NULL,NULL
VASC000000305526,2026-06-24T12:16:01Z,VASC202412171855563,出库非标增值（Anker）,OUTBOUND,DE0001,DE Warehouse,16758605,****************************,PD,NULL,NULL
VASC000000305529,2026-06-24T12:17:19Z,VASC202412171855563,出库非标增值（Anker）,OUTBOUND,DE0001,DE Warehouse,16758605,****************************,PD,NULL,NULL
VASC000000305550,2026-06-24T14:20:07Z,VASC202411192246131,入库非标增值（特批）,UNUSUAL,UKTW,UKTW Warehouse,18446379,*******************,CD,N,2026-06-24T18:25:13Z
VASC000000305556,2026-06-25T09:04:36Z,VASC202411192246131,入库非标增值（特批）,INBOUND,US0001,USWC Warehouse,11177690,******************************,PD,Y,2026-06-24T17:00:30Z
VASC000000305562,2026-06-24T13:53:48Z,VASC202412171855563,出库非标增值（Anker）,OUTBOUND,DE0001,DE Warehouse,16758605,****************************,PD,NULL,NULL
VASC000000305565,2026-06-24T13:54:33Z,VASC202412171855563,出库非标增值（Anker）,OUTBOUND,DE0001,DE Warehouse,16758605,****************************,PD,NULL,NULL
VASC000000305607,2026-06-24T14:07:47Z,VASC202411192253186,出库非标增值（特批）,OUTBOUND,USKY3,USKY3 Warehouse,13337619,*********************************,CD,N,2026-06-26T17:46:24Z
VASC000000305616,2026-06-24T14:15:39Z,VASC202411192250069,库内非标增值（特批）,INHOUSE,USKY3,USKY3 Warehouse,17816203,************************,CD,N,2026-06-24T17:03:56Z
VASC000000305619,2026-06-25T17:57:22Z,VASC202411192253186,出库非标增值（特批）,OUTBOUND,USKY5,USKY5 Warehouse,18099855,************************************,ES,Y,2026-06-24T18:20:57Z
VASC000000305634,2026-06-25T09:04:56Z,VASC202411192246131,入库非标增值（特批）,INBOUND,US0001,USWC Warehouse,11177690,******************************,PD,Y,2026-06-24T17:02:30Z
VASC000000305649,2026-06-24T14:22:22Z,VASC202412171855563,出库非标增值（Anker）,OUTBOUND,DE0001,DE Warehouse,16758605,****************************,PD,NULL,NULL
VASC000000305655,2026-06-25T19:54:48Z,VASC202605251438175,代理清关(非标),OUTBOUND,DEBR2,DEBR2 Warehouse,16958250,*************,PD,Y,2026-06-25T19:54:47Z
VASC000000305658,2026-06-26T17:37:23Z,VASC202605251438175,代理清关(非标),OUTBOUND,DEBR2,DEBR2 Warehouse,16958250,*************,PD,Y,2026-06-26T17:37:23Z
VASC000000305661,2026-06-25T20:01:20Z,VASC202605251438175,代理清关(非标),OUTBOUND,DEBR2,DEBR2 Warehouse,16958250,*************,PD,Y,2026-06-25T20:01:20Z
VASC000000305664,2026-06-26T19:00:39Z,VASC202605251438175,代理清关(非标),OUTBOUND,DEBR2,DEBR2 Warehouse,16958250,*************,PD,Y,2026-06-26T19:00:39Z
VASC000000305670,2026-06-25T19:58:23Z,VASC202605251438175,代理清关(非标),OUTBOUND,DEBR2,DEBR2 Warehouse,16958250,*************,PD,Y,2026-06-25T19:58:22Z
VASC000000305673,2026-06-25T19:56:08Z,VASC202605251438175,代理清关(非标),OUTBOUND,DEBR2,DEBR2 Warehouse,16958250,*************,PD,Y,2026-06-25T19:56:08Z
VASC000000305676,2026-06-25T20:15:00Z,VASC202605251438175,代理清关(非标),OUTBOUND,DEBR2,DEBR2 Warehouse,16958250,*************,PD,Y,2026-06-25T20:15:00Z
VASC000000305679,2026-06-26T19:01:53Z,VASC202605251438175,代理清关(非标),OUTBOUND,DEBR2,DEBR2 Warehouse,16958250,*************,PD,Y,2026-06-26T19:01:53Z
VASC000000305682,2026-06-26T17:35:53Z,VASC202605251438175,代理清关(非标),OUTBOUND,DEBR2,DEBR2 Warehouse,16958250,*************,PD,Y,2026-06-26T17:35:53Z
VASC000000305688,2026-06-25T20:13:57Z,VASC202605251438175,代理清关(非标),OUTBOUND,DEBR2,DEBR2 Warehouse,16958250,*************,PD,Y,2026-06-25T20:13:56Z
VASC000000305691,2026-06-25T19:59:42Z,VASC202605251438175,代理清关(非标),OUTBOUND,DEBR2,DEBR2 Warehouse,16958250,*************,PD,Y,2026-06-25T19:59:42Z
VASC000000305694,2026-06-25T19:57:18Z,VASC202605251438175,代理清关(非标),OUTBOUND,DEBR2,DEBR2 Warehouse,16958250,*************,PD,Y,2026-06-25T19:57:17Z
VASC000000305697,2026-06-25T20:15:58Z,VASC202605251438175,代理清关(非标),OUTBOUND,DEBR2,DEBR2 Warehouse,16958250,*************,PD,Y,2026-06-25T20:15:58Z
VASC000000305700,2026-06-25T20:18:06Z,VASC202605251438175,代理清关(非标),OUTBOUND,DEBR2,DEBR2 Warehouse,16958250,*************,PD,Y,2026-06-25T20:18:06Z
VASC000000305703,2026-06-24T14:36:48Z,VASC202411192250069,库内非标增值（特批）,INHOUSE,USKY3,USKY3 Warehouse,18155335,*********************************,CD,N,2026-06-25T14:35:10Z
VASC000000305706,2026-06-25T15:03:14Z,VASC202411192246131,入库非标增值（特批）,UNUSUAL,USKY5,USKY5 Warehouse,19937931,*************,PD,Y,2026-06-25T14:49:46Z
VASC000000305715,2026-06-24T14:38:35Z,VASC202412171855563,出库非标增值（Anker）,OUTBOUND,DE0001,DE Warehouse,16758605,****************************,PD,NULL,NULL
VASC000000305763,2026-06-25T09:23:06Z,VASC202411192246131,入库非标增值（特批）,INBOUND,USWC5,USWC5 Warehouse,19336615,************************************,PD,Y,2026-06-24T20:31:56Z
VASC000000305775,2026-06-24T17:22:44Z,VASC202411192250069,庫內非標增值（特批）,INHOUSE,EWD,AU Warehouse,19641733,********************************,PD,Y,2026-06-24T16:51:08Z
VASC000000305778,2026-06-27T18:49:54Z,VASC202411192250069,庫內非標增值（特批）,INHOUSE,DE0001,DE Warehouse,19641733,********************************,PD,Y,2026-06-24T17:47:22Z
VASC000000305781,2026-06-29T20:49:35Z,VASC202411192246131,入库非标增值（特批）,UNUSUAL,US0001,USWC Warehouse,19687866,**********************,PD,Y,2026-06-24T18:09:55Z
VASC000000305787,2026-06-25T08:44:30Z,VASC202411192246131,入库非标增值（特批）,UNUSUAL,USKY3,USKY3 Warehouse,13816111,******************************,PD,Y,2026-06-24T20:26:49Z
VASC000000305796,2026-06-24T16:05:14Z,VASC202411192250069,库内非标增值（特批）,INHOUSE,EWD,AU Warehouse,16585492,**************************,PD,Y,2026-06-24T16:03:36Z
VASC000000305802,2026-06-24T15:18:21Z,VASC202412171855563,出库非标增值（Anker）,OUTBOUND,DE0001,DE Warehouse,16758605,****************************,PD,NULL,NULL
VASC000000305805,2026-06-24T15:18:38Z,VASC202411192246131,入库非标增值（特批）,INBOUND,DEBR2,DEBR2 Warehouse,17225006,*********,CD,Y,2026-06-24T15:44:39Z
VASC000000305829,2026-06-25T16:18:48Z,VASC202411192240522,上架前自提,UNUSUAL,DEBR2,DEBR2 Warehouse,18058586,***********,PD,NULL,NULL
VASC000000305832,2026-06-24T16:16:30Z,VASC202411192246131,入库非标增值（特批）,UNUSUAL,EWD,AU Warehouse,1000173,*********************************,CD,NULL,NULL
VASC000000305862,2026-06-24T15:47:08Z,VASC202411192250069,库内非标增值（特批）,INHOUSE,UKGF,UKGF Warehouse,12278929,****************,CD,NULL,NULL
VASC000000305874,2026-06-30T14:37:44Z,VASC202412061826084,Winit 尾程询价服务,OUTBOUND,USGA,USGA Warehouse,18513540,**********************,PD,Y,2026-06-25T06:24:14Z
VASC000000305886,2026-06-24T17:08:00Z,VASC202411192246131,入库非标增值（特批）,INBOUND,DEBR2,DEBR2 Warehouse,17225006,*********,PD,Y,2026-06-24T16:05:49Z
VASC000000305889,2026-06-24T17:53:26Z,VASC202411192246131,入库非标增值（特批）,INBOUND,UKGF,UKGF Warehouse,12278929,****************,PD,Y,2026-06-24T16:20:10Z
VASC000000305892,2026-06-24T17:53:19Z,VASC202411192246131,入库非标增值（特批）,INBOUND,UKGF,UKGF Warehouse,12278929,****************,PD,Y,2026-06-24T16:18:36Z
VASC000000305916,2026-06-24T16:22:37Z,VASC202411192246131,入库非标增值（特批）,UNUSUAL,EWD,AU Warehouse,1000173,*********************************,CD,N,2026-06-24T21:01:48Z
VASC000000306000,2026-06-24T17:16:24Z,VASC202411192250069,库内非标增值（特批）,INHOUSE,USKY5,USKY5 Warehouse,1006076,************************,CD,Y,2026-06-24T18:39:36Z
VASC000000306003,2026-06-24T17:09:51Z,VASC202412111831129,新单上架（客户提供预报单）,UNUSUAL,UKGF,UKGF Warehouse,16643472,**************************,PD,NULL,NULL
VASC000000306012,2026-06-29T14:28:30Z,VASC202411192250069,库内非标增值（特批）,UNUSUAL,DEBR2,DEBR2 Warehouse,16757165,****************************,PD,Y,2026-06-24T20:22:23Z
VASC000000306015,2026-06-24T17:16:49Z,VASC202412061826084,Winit 尾程询价服务,OUTBOUND,CATO,CATO Warehouse,18630087,******************************,CD,NULL,NULL
VASC000000306018,2026-06-25T09:27:50Z,VASC202411192250069,库内非标增值（特批）,INHOUSE,USKY3,USKY3 Warehouse,17916113,*********,PD,Y,2026-06-24T21:07:33Z
VASC000000306024,2026-06-24T17:28:09Z,VASC202412171855563,出库非标增值（Anker）,OUTBOUND,DE0001,DE Warehouse,16758605,****************************,PD,NULL,NULL
VASC000000306033,2026-06-24T17:53:18Z,VASC202412171855563,出库非标增值（Anker）,OUTBOUND,DEBR2,DEBR2 Warehouse,16757165,****************************,PD,NULL,NULL
VASC000000306039,2026-06-25T15:25:24Z,VASC202411192246131,入库非标增值（特批）,UNUSUAL,EWD,AU Warehouse,18778484,**************************,CD,NULL,NULL
VASC000000306099,2026-06-25T14:24:09Z,VASC202411192250069,库内非标增值（特批）,INHOUSE,USKY3,USKY3 Warehouse,19011452,*******************,PD,Y,2026-06-24T20:30:11Z
VASC000000306102,2026-06-24T18:47:45Z,VASC202411192253186,出库非标增值（特批）,OUTBOUND,US0001,USWC Warehouse,11107532,************************************************,CD,NULL,NULL
VASC000000306111,2026-06-24T20:55:24Z,VASC202411192253186,出库非标增值（特批）,OUTBOUND,USKY3,USKY3 Warehouse,18272155,******************************************,PD,Y,2026-06-24T20:50:22Z
VASC000000306126,2026-06-24T18:57:05Z,VASC202411271721537,入库非标拍照或提供视频,INBOUND,USKY3,USKY3 Warehouse,19011452,*******************,PD,NULL,NULL
VASC000000306180,2026-06-24T20:08:56Z,VASC202412171855563,出库非标增值（Anker）,OUTBOUND,UKGF,UKGF Warehouse,16643472,**************************,PD,NULL,NULL
VASC000000306189,2026-06-24T21:04:33Z,VASC202412061826084,Winit 尾程询价服务,OUTBOUND,EWD,AU Warehouse,10006189,*****************************,CD,NULL,NULL
VASC000000306243,2026-06-25T09:11:20Z,VASC202411192229072,库内非标增值（免审核）,INHOUSE,USKY3,USKY3 Warehouse,19238010,*****************************************,PD,NULL,NULL
VASC000000306255,2026-06-25T09:20:51Z,VASC202411192229072,库内非标增值（免审核）,INHOUSE,DEBR2,DEBR2 Warehouse,19238010,*****************************************,PD,NULL,NULL
VASC000000306258,2026-06-25T09:22:30Z,VASC202411192229072,库内非标增值（免审核）,INHOUSE,UKTW,UKTW Warehouse,19238010,*****************************************,PD,NULL,NULL
VASC000000306264,2026-06-25T09:24:01Z,VASC202411192229072,库内非标增值（免审核）,INHOUSE,CATO,CATO Warehouse,19238010,*****************************************,PD,NULL,NULL
VASC000000306267,2026-06-25T09:25:53Z,VASC202411192229072,库内非标增值（免审核）,INHOUSE,EWD,AU Warehouse,19238010,*****************************************,PD,NULL,NULL
VASC000000306303,2026-06-25T11:47:32Z,VASC202411192229072,库内非标增值（免审核）,INHOUSE,UKTW,UKTW Warehouse,1003260,*********************************************,PD,NULL,NULL
VASC000000306318,2026-06-25T10:19:38Z,VASC202412061826084,Winit 尾程询价服务,OUTBOUND,CATO,CATO Warehouse,18630087,******************************,CD,Y,2026-06-29T22:49:44Z
VASC000000306324,2026-06-25T13:02:45Z,VASC202411192246131,入库非标增值（特批）,INBOUND,USTX,USTX Warehouse,19220548,************************************,CD,Y,2026-06-25T12:09:15Z
VASC000000306330,2026-06-25T10:50:08Z,VASC202411192253186,出库非标增值（特批）,OUTBOUND,US0001,USWC Warehouse,11107532,************************************************,CD,NULL,NULL
VASC000000306333,2026-06-25T18:42:48Z,VASC202411192246131,入库非标增值（特批）,INBOUND,US0001,USWC Warehouse,13947840,********************,PD,Y,2026-06-25T16:34:44Z
VASC000000306336,2026-06-26T10:38:34Z,VASC202411192250069,库内非标增值（特批）,INHOUSE,DEBR2,DEBR2 Warehouse,16877181,*********************************,PD,Y,2026-06-25T14:56:30Z
VASC000000306339,2026-06-25T13:51:34Z,VASC202412061826084,Winit 尾程询价服务,OUTBOUND,EWD,AU Warehouse,18778484,**************************,PD,Y,2026-06-25T13:43:05Z
VASC000000306363,2026-06-25T11:20:56Z,VASC202411192246131,入库非标增值（特批）,INBOUND,EWD,AU Warehouse,1000173,*********************************,CD,NULL,NULL
VASC000000306384,2026-06-25T17:58:06Z,VASC202411192246131,入库非标增值（特批）,INBOUND,EWD,AU Warehouse,1000173,*********************************,PD,Y,2026-06-25T11:43:21Z
VASC000000306420,2026-06-25T14:14:44Z,VASC202411192250069,库内非标增值（特批）,INHOUSE,EWD,AU Warehouse,16877181,*********************************,CD,Y,2026-06-26T17:22:41Z
VASC000000306432,2026-06-26T18:59:17Z,VASC202605251438175,代理清关(非标),OUTBOUND,DEBR2,DEBR2 Warehouse,16958250,*************,PD,Y,2026-06-26T18:59:17Z
VASC000000306438,2026-06-26T17:34:45Z,VASC202605251438175,代理清关(非标),OUTBOUND,DE0001,DE Warehouse,16958250,*************,PD,Y,2026-06-26T17:34:44Z
VASC000000306444,2026-06-25T13:52:21Z,VASC202412171855563,出库非标增值（Anker）,OUTBOUND,DEBR2,DEBR2 Warehouse,16757165,****************************,PD,NULL,NULL
VASC000000306447,2026-06-25T13:53:05Z,VASC202412171855563,出库非标增值（Anker）,OUTBOUND,DEBR2,DEBR2 Warehouse,16757165,****************************,PD,NULL,NULL
VASC000000306453,2026-06-25T13:54:21Z,VASC202412171855563,出库非标增值（Anker）,OUTBOUND,DEBR2,DEBR2 Warehouse,16757165,****************************,PD,NULL,NULL
VASC000000306456,2026-06-25T13:55:20Z,VASC202412171855563,出库非标增值（Anker）,OUTBOUND,DEBR2,DEBR2 Warehouse,16757165,****************************,PD,NULL,NULL
VASC000000306459,2026-06-25T13:55:53Z,VASC202412171855563,出库非标增值（Anker）,OUTBOUND,DEBR2,DEBR2 Warehouse,16757165,****************************,PD,NULL,NULL
VASC000000306480,2026-06-25T14:37:05Z,VASC202411192250069,库内非标增值（特批）,INHOUSE,USWC5,USWC5 Warehouse,19832102,*********************************,CD,Y,2026-06-25T15:30:48Z
VASC000000306492,2026-06-25T19:34:16Z,VASC202411192250069,库内非标增值（特批）,INHOUSE,EWD,AU Warehouse,12076353,*********************************,PD,Y,2026-06-25T15:34:45Z
VASC000000306498,2026-06-25T14:33:42Z,VASC202412171855563,出库非标增值（Anker）,OUTBOUND,DE0001,DE Warehouse,16758605,****************************,CD,NULL,NULL
VASC000000306513,2026-06-25T15:57:19Z,VASC202411271721537,入库非标拍照或提供视频,UNUSUAL,USNJ2,USNJ2 Warehouse,19893882,***************************************,CD,NULL,NULL
VASC000000306525,2026-06-25T14:47:46Z,VASC202412171855563,出库非标增值（Anker）,OUTBOUND,DE0001,DE Warehouse,16758605,****************************,PD,NULL,NULL
VASC000000306555,2026-06-29T11:32:10Z,VASC202412061826084,Winit 尾程询价服务,OUTBOUND,EWD,AU Warehouse,10011506,***************************************,PD,Y,2026-06-26T17:55:30Z
VASC000000306585,2026-06-25T15:38:18Z,VASC202411271721537,入庫非標拍照或提供視頻,INBOUND,UKTW,UKTW Warehouse,17736937,********************************,PD,NULL,NULL
VASC000000306612,2026-06-25T15:47:35Z,VASC202411192240522,上架前自提,UNUSUAL,US0001,USWC Warehouse,11103694,***************************,PD,NULL,NULL
VASC000000306633,2026-06-25T16:37:45Z,VASC202411192229072,库内非标增值（免审核）,INHOUSE,UKGF,UKGF Warehouse,19873041,*********************************************,PD,NULL,NULL
VASC000000306639,2026-06-25T16:16:13Z,VASC202411192246131,入库非标增值（特批）,UNUSUAL,UKTW,UKTW Warehouse,18446379,*******************,CD,N,2026-06-25T21:10:57Z
VASC000000306696,2026-06-25T19:11:39Z,VASC202411192246131,入库非标增值（特批）,INBOUND,EWD,AU Warehouse,18778484,**************************,PD,Y,2026-06-25T17:19:25Z
VASC000000306708,2026-06-25T17:10:56Z,VASC202411192253186,出库非标增值（特批）,OUTBOUND,USKY3,USKY3 Warehouse,16585492,**************************,CD,Y,2026-06-25T18:00:24Z
VASC000000306714,2026-06-29T14:09:18Z,VASC202411192250069,库内非标增值（特批）,INHOUSE,USKY5,USKY5 Warehouse,19275842,***********************,PD,Y,2026-06-25T20:46:43Z
VASC000000306717,2026-06-25T17:19:58Z,VASC202412171855563,出库非标增值（Anker）,OUTBOUND,DE0001,DE Warehouse,16758605,****************************,PD,NULL,NULL
VASC000000306729,2026-06-25T17:30:03Z,VASC202412171855563,出库非标增值（Anker）,OUTBOUND,DE0001,DE Warehouse,16758605,****************************,PD,NULL,NULL
VASC000000306747,2026-06-25T17:43:42Z,VASC202412171855563,出库非标增值（Anker）,OUTBOUND,DE0001,DE Warehouse,16758605,****************************,PD,NULL,NULL
VASC000000306750,2026-06-25T17:44:54Z,VASC202412061826084,Winit 尾程询价服务,OUTBOUND,USWC5,USWC5 Warehouse,16573151,********************,CD,Y,2026-06-26T14:52:44Z
VASC000000306759,2026-06-25T17:52:46Z,VASC202412171855563,出库非标增值（Anker）,OUTBOUND,DE0001,DE Warehouse,16758605,****************************,PD,NULL,NULL
VASC000000306765,2026-06-25T17:53:43Z,VASC202412061826084,Winit 尾程询价服务,OUTBOUND,USWC5,USWC5 Warehouse,19017058,*******************************************,CD,Y,2026-06-26T14:57:31Z
VASC000000306774,2026-06-25T18:07:47Z,VASC202412171855563,出库非标增值（Anker）,OUTBOUND,DE0001,DE Warehouse,16758605,****************************,PD,NULL,NULL
VASC000000306780,2026-06-26T18:34:47Z,VASC202412061826084,Winit 尾程询价服务,OUTBOUND,EWD,AU Warehouse,18778484,**************************,PD,Y,2026-06-26T17:54:40Z
VASC000000306825,2026-06-25T19:27:52Z,VASC202412171855563,出库非标增值（Anker）,OUTBOUND,DE0001,DE Warehouse,16758605,****************************,PD,NULL,NULL
VASC000000306831,2026-06-25T19:50:28Z,VASC202412061826084,Winit 尾程询价服务,OUTBOUND,USKY3,USKY3 Warehouse,17184055,*********************************,CD,Y,2026-06-25T23:18:41Z
VASC000000306837,2026-06-25T20:03:03Z,VASC202412171855563,出库非标增值（Anker）,OUTBOUND,DE0001,DE Warehouse,16758605,****************************,PD,NULL,NULL
VASC000000306840,2026-07-02T11:03:05Z,VASC202411192250069,库内非标增值（特批）,INHOUSE,US0001,USWC Warehouse,19173941,************************,PD,Y,2026-06-25T21:17:22Z
VASC000000306843,2026-06-26T10:18:23Z,VASC202411192250069,库内非标增值（特批）,INHOUSE,USWC5,USWC5 Warehouse,17830621,************************,CD,Y,2026-06-25T21:11:18Z
VASC000000306849,2026-06-29T18:22:04Z,VASC202412061826084,Winit 尾程询价服务,OUTBOUND,UKGF,UKGF Warehouse,16643472,**************************,PD,Y,2026-06-25T23:05:29Z
VASC000000306852,2026-06-29T18:24:13Z,VASC202412061826084,Winit 尾程询价服务,OUTBOUND,UKGF,UKGF Warehouse,16643472,**************************,PD,Y,2026-06-25T22:59:49Z
VASC000000306897,2026-06-26T23:32:20Z,VASC202411192246131,入库非标增值（特批）,INBOUND,USKY5,USKY5 Warehouse,19606505,*****************,PD,Y,2026-06-26T17:38:25Z
VASC000000306900,2026-06-29T08:31:58Z,VASC202411192246131,入库非标增值（特批）,INBOUND,UKTW,UKTW Warehouse,18446379,*******************,PD,Y,2026-06-26T18:12:35Z
VASC000000306939,2026-06-26T09:28:53Z,VASC202411192229072,库内非标增值（免审核）,INHOUSE,UKTW,UKTW Warehouse,1003260,*********************************************,ES,NULL,NULL
VASC000000306975,2026-06-26T09:48:14Z,VASC202411192246131,入库非标增值（特批）,UNUSUAL,USKY3,USKY3 Warehouse,17225006,*********,CD,NULL,NULL
VASC000000306987,2026-06-26T10:01:17Z,VASC202411192246131,入库非标增值（特批）,INBOUND,EWD,AU Warehouse,1000173,*********************************,CD,NULL,NULL
VASC000000306996,2026-06-29T18:25:11Z,VASC202412061826084,Winit 尾程询价服务,OUTBOUND,UKGF,UKGF Warehouse,16643472,**************************,PD,Y,2026-06-26T16:39:12Z
VASC000000306999,2026-06-26T10:20:46Z,VASC202504071528233,入库清除标签,INBOUND,US0001,USWC Warehouse,13947840,********************,PD,NULL,NULL
VASC000000307002,2026-06-30T09:22:13Z,VASC202411192250069,库内非标增值（特批）,INHOUSE,USKY3,USKY3 Warehouse,17816203,************************,PD,Y,2026-06-29T15:43:02Z
VASC000000307008,2026-06-26T10:22:10Z,VASC202504071528233,入库清除标签,INBOUND,US0001,USWC Warehouse,13947840,********************,PD,NULL,NULL
VASC000000307017,2026-06-29T10:11:13Z,VASC202411192246131,入库非标增值（特批）,INBOUND,US0001,USWC Warehouse,13947840,********************,PD,Y,2026-06-26T19:59:59Z
VASC000000307038,2026-06-26T10:45:12Z,VASC202411192250069,库内非标增值（特批）,INHOUSE,USWC5,USWC5 Warehouse,17830621,************************,PD,Y,2026-06-26T10:40:04Z
VASC000000307053,2026-06-26T10:40:25Z,VASC202412061826084,Winit 尾程询价服务,OUTBOUND,USKY3,USKY3 Warehouse,17184055,*********************************,CD,Y,2026-06-26T23:47:45Z
VASC000000307077,2026-06-26T11:04:10Z,VASC202411192250069,库内非标增值（特批）,INHOUSE,USKY5,USKY5 Warehouse,18961852,************************,CD,N,2026-06-26T20:03:23Z
VASC000000307101,2026-06-29T15:06:03Z,VASC202411192253186,出库非标增值（特批）,OUTBOUND,DE0001,DE Warehouse,16758605,****************************,PD,Y,2026-06-26T17:39:52Z
VASC000000307116,2026-06-26T11:49:30Z,VASC202411271721537,入库非标拍照或提供视频,UNUSUAL,USNJ2,USNJ2 Warehouse,19893882,***************************************,PD,NULL,NULL
VASC000000307152,2026-07-02T11:32:57Z,VASC202412061826084,Winit 尾程询价服务,OUTBOUND,UKGF,UKGF Warehouse,16643472,**************************,PD,Y,2026-06-29T17:38:30Z
VASC000000307155,2026-06-29T10:09:32Z,VASC202411192250069,库内非标增值（特批）,INHOUSE,USNJ2,USNJ2 Warehouse,19227270,********************************,ES,Y,2026-06-26T19:08:13Z
VASC000000307176,2026-06-29T17:59:56Z,VASC202605251438175,代理清关(非标),OUTBOUND,DEBR2,DEBR2 Warehouse,16958250,*************,PD,Y,2026-06-29T17:59:56Z
VASC000000307179,2026-06-29T18:04:00Z,VASC202605251438175,代理清关(非标),OUTBOUND,DEBR2,DEBR2 Warehouse,16958250,*************,PD,Y,2026-06-29T18:04:00Z
VASC000000307182,2026-06-29T18:03:01Z,VASC202605251438175,代理清关(非标),OUTBOUND,DEBR2,DEBR2 Warehouse,16958250,*************,PD,Y,2026-06-29T18:03:01Z
VASC000000307185,2026-07-01T09:47:17Z,VASC202412061826084,Winit 尾程询价服务,OUTBOUND,UKGF,UKGF Warehouse,16643472,**************************,PD,Y,2026-06-29T17:40:43Z
VASC000000307188,2026-06-29T18:01:10Z,VASC202605251438175,代理清关(非标),OUTBOUND,DEBR2,DEBR2 Warehouse,16958250,*************,PD,Y,2026-06-29T18:01:10Z
VASC000000307191,2026-06-26T11:44:01Z,VASC202412061826084,Winit 尾程询价服务,OUTBOUND,DEBR2,DEBR2 Warehouse,16958250,*************,CD,N,2026-06-29T19:20:08Z
VASC000000307209,2026-07-02T11:31:09Z,VASC202412061826084,Winit 尾程询价服务,OUTBOUND,UKGF,UKGF Warehouse,16643472,**************************,PD,Y,2026-06-29T17:44:54Z
VASC000000307218,2026-06-26T12:03:28Z,VASC202411192253186,出库非标增值（特批）,OUTBOUND,US0001,USWC Warehouse,11107532,************************************************,CD,NULL,NULL
VASC000000307224,2026-07-02T21:21:31Z,VASC202412061826084,Winit 尾程询价服务,OUTBOUND,UKGF,UKGF Warehouse,16643472,**************************,PD,Y,2026-06-29T17:48:14Z
VASC000000307227,2026-06-26T14:18:57Z,VASC202411192253186,出库非标增值（特批）,OUTBOUND,US0001,USWC Warehouse,11107532,************************************************,PD,Y,2026-06-26T14:18:11Z
VASC000000307230,2026-07-02T21:21:05Z,VASC202412061826084,Winit 尾程询价服务,OUTBOUND,UKGF,UKGF Warehouse,16643472,**************************,PD,Y,2026-06-29T17:50:32Z
VASC000000307317,2026-06-26T16:48:39Z,VASC202510211517514,无主货找回,INHOUSE,USKY3,USKY3 Warehouse,1000083,************************************,PD,NULL,NULL
VASC000000307347,2026-06-30T19:05:34Z,VASC202605251438175,代理清关(非标),OUTBOUND,DE0001,DE Warehouse,16958250,*************,PD,Y,2026-06-30T19:05:34Z
VASC000000307377,2026-06-29T11:47:57Z,VASC202411192246131,入库非标增值（特批）,UNUSUAL,USKY3,USKY3 Warehouse,13816111,******************************,PD,Y,2026-06-26T18:49:39Z
VASC000000307383,2026-06-29T10:37:04Z,VASC202411192246131,入库非标增值（特批）,UNUSUAL,USKY5,USKY5 Warehouse,17225006,*********,PD,Y,2026-06-26T19:20:31Z
VASC000000307389,2026-06-29T18:27:50Z,VASC202412061826084,Winit 尾程询价服务,OUTBOUND,UKGF,UKGF Warehouse,16643472,**************************,PD,Y,2026-06-26T16:41:35Z
VASC000000307392,2026-06-26T15:36:42Z,VASC202412061826084,Winit 尾程询价服务,OUTBOUND,USKY5,USKY5 Warehouse,19722654,************************************,CD,Y,2026-06-27T03:18:13Z
VASC000000307404,2026-06-26T16:10:38Z,VASC202411192229072,库内非标增值（免审核）,INHOUSE,EWD,AU Warehouse,12665521,*********************************************,CD,NULL,NULL
VASC000000307407,2026-06-26T16:00:11Z,VASC202510211517514,无主货找回,INHOUSE,USKY3,USKY3 Warehouse,11107926,***************************************,PD,NULL,NULL
VASC000000307419,2026-06-26T16:08:23Z,VASC202412171855563,出库非标增值（Anker）,OUTBOUND,DE0001,DE Warehouse,16758605,****************************,PD,NULL,NULL
VASC000000307425,2026-06-29T16:36:15Z,VASC202412061826084,Winit 尾程询价服务,OUTBOUND,UKGF,UKGF Warehouse,19263669,******************************,PD,Y,2026-06-29T16:18:15Z
VASC000000307437,2026-06-26T16:37:17Z,VASC202411271721537,入库非标拍照或提供视频,UNUSUAL,USKY3,USKY3 Warehouse,10005185,*********************************,PD,NULL,NULL
VASC000000307440,2026-06-26T16:46:09Z,VASC202411192229072,库内非标增值（免审核）,INHOUSE,USKY3,USKY3 Warehouse,15139548,*********,PD,NULL,NULL
VASC000000307452,2026-06-26T16:37:22Z,VASC202411192250069,库内非标增值（特批）,UNUSUAL,DEBR2,DEBR2 Warehouse,16757165,****************************,CD,N,2026-06-29T17:22:57Z
VASC000000307461,2026-06-26T16:54:27Z,VASC202412171855563,出库非标增值（Anker）,OUTBOUND,DE0001,DE Warehouse,16758605,****************************,PD,NULL,NULL
VASC000000307473,2026-06-26T17:16:06Z,VASC202510211517514,无主货找回,INHOUSE,USKY3,USKY3 Warehouse,17685268,******************************************,PD,NULL,NULL
VASC000000307491,2026-06-26T17:15:02Z,VASC202510211517514,无主货找回,INHOUSE,DE0001,DE Warehouse,1006076,************************,PD,NULL,NULL
VASC000000307506,2026-06-30T17:36:19Z,VASC202411192246131,入库非标增值（特批）,UNUSUAL,DEBR2,DEBR2 Warehouse,16758605,****************************,PD,Y,2026-06-29T21:18:31Z
VASC000000307530,2026-06-26T17:58:53Z,VASC202411192246131,入库非标增值（特批）,UNUSUAL,DEBR2,DEBR2 Warehouse,19376789,*********************************,CD,N,2026-06-26T19:37:20Z
VASC000000307542,2026-06-29T17:23:00Z,VASC202411192250069,库内非标增值（特批）,INHOUSE,USKY3,USKY3 Warehouse,16629417,*********************************************,PD,Y,2026-06-29T16:44:14Z
VASC000000307545,2026-06-26T18:34:23Z,VASC202411192246131,入库非标增值（特批）,INBOUND,USKY3,USKY3 Warehouse,17225006,*********,PD,Y,2026-06-26T18:27:37Z
VASC000000307554,2026-06-30T10:28:23Z,VASC202411192250069,库内非标增值（特批）,UNUSUAL,USNJ2,USNJ2 Warehouse,18513540,**********************,PD,Y,2026-06-29T15:51:15Z
VASC000000307560,2026-06-26T21:07:24Z,VASC202412061826084,Winit 尾程询价服务,OUTBOUND,UKGF,UKGF Warehouse,16643472,**************************,PD,Y,2026-06-26T20:21:02Z
VASC000000307566,2026-06-26T18:57:33Z,VASC202412171855563,出库非标增值（Anker）,OUTBOUND,DE0001,DE Warehouse,16758605,****************************,PD,NULL,NULL
VASC000000307572,2026-06-26T19:26:21Z,VASC202412171855563,出库非标增值（Anker）,OUTBOUND,DENW3,DENW3 Warehouse,16758605,****************************,PD,NULL,NULL
VASC000000307587,2026-06-26T19:53:05Z,VASC202412061826084,Winit 尾程询价服务,OUTBOUND,US0001,USWC Warehouse,1000019,********************************************************,CD,Y,2026-06-26T19:52:16Z
VASC000000307590,2026-06-26T20:01:18Z,VASC202412061826084,Winit 尾程询价服务,OUTBOUND,US0001,USWC Warehouse,10006189,*****************************,CD,Y,2026-06-26T20:01:11Z
VASC000000307599,2026-07-02T21:20:45Z,VASC202412061826084,Winit 尾程询价服务,OUTBOUND,UKGF,UKGF Warehouse,16643472,**************************,PD,Y,2026-06-29T23:08:14Z
VASC000000307635,2026-06-26T22:09:19Z,VASC202412061826084,Winit 尾程询价服务,OUTBOUND,USKY3,USKY3 Warehouse,19238010,*****************************************,CD,Y,2026-06-26T23:42:51Z
VASC000000307647,2026-06-27T00:46:53Z,VASC202412061826084,Winit 尾程询价服务,OUTBOUND,USTX,USTX Warehouse,19046105,******************************,CD,Y,2026-06-27T04:53:24Z
VASC000000307722,2026-06-29T11:05:51Z,VASC202411192253186,出库非标增值（特批）,OUTBOUND,US0001,USWC Warehouse,19173941,************************,ES,Y,2026-06-29T10:51:18Z
VASC000000307746,2026-06-29T14:09:14Z,VASC202412061826084,Winit 尾程询价服务,OUTBOUND,USKY3,USKY3 Warehouse,13514073,******************************,PD,Y,2026-06-27T20:57:14Z
VASC000000307998,2026-06-29T18:02:55Z,VASC202411192250069,库内非标增值（特批）,INHOUSE,US0001,USWC Warehouse,19173941,************************,PD,Y,2026-06-29T17:59:16Z
VASC000000308097,2026-06-30T10:14:12Z,VASC202411192246131,入库非标增值（特批）,UNUSUAL,USKY5,USKY5 Warehouse,19937931,*************,PD,Y,2026-06-29T15:35:19Z
VASC000000308103,2026-06-30T11:20:51Z,VASC202411192246131,入库非标增值（特批）,UNUSUAL,USKY5,USKY5 Warehouse,19937931,*************,CD,Y,2026-06-30T17:23:23Z
VASC000000308142,2026-06-30T09:12:49Z,VASC202412061826084,Winit 尾程询价服务,OUTBOUND,EWD,AU Warehouse,18778484,**************************,PD,Y,2026-06-30T07:21:48Z
VASC000000308154,2026-06-30T09:29:26Z,VASC202411192250069,库内非标增值（特批）,INHOUSE,USWC5,USWC5 Warehouse,19722230,********************************,PD,Y,2026-06-29T20:12:25Z
VASC000000308160,2026-06-30T09:12:52Z,VASC202412061826084,Winit 尾程询价服务,OUTBOUND,EWD,AU Warehouse,18778484,**************************,PD,Y,2026-06-30T07:22:40Z
VASC000000308163,2026-06-29T17:03:40Z,VASC202411192246131,入库非标增值（特批）,UNUSUAL,USNJ2,USNJ2 Warehouse,19673358,***************************************,CD,N,2026-07-02T20:31:27Z
VASC000000308169,2026-06-29T09:36:49Z,VASC202411192250069,库内非标增值（特批）,INHOUSE,USKY5,USKY5 Warehouse,18961852,************************,CD,Y,2026-07-01T11:35:04Z
VASC000000308187,2026-06-29T10:09:57Z,VASC202411192246131,入库非标增值（特批）,INBOUND,US0001,USWC Warehouse,11177690,******************************,CD,N,2026-06-29T16:05:03Z
VASC000000308229,2026-06-29T10:53:14Z,VASC202411192250069,库内非标增值（特批）,INHOUSE,USKY3,USKY3 Warehouse,18155335,*********************************,CD,N,2026-07-02T21:44:48Z
VASC000000308238,2026-06-29T10:57:09Z,VASC202412171855563,出库非标增值（Anker）,OUTBOUND,DENW3,DENW3 Warehouse,16758605,****************************,PD,NULL,NULL
VASC000000308241,2026-06-29T10:57:04Z,VASC202510151802079,审核出库单,OUTBOUND,USNJ2,USNJ2 Warehouse,19227270,********************************,PD,NULL,NULL
VASC000000308268,2026-06-30T11:05:02Z,VASC202411192253186,出库非标增值（特批）,OUTBOUND,DEBR2,DEBR2 Warehouse,16757165,****************************,CD,Y,2026-06-29T18:19:52Z
VASC000000308274,2026-06-30T13:40:55Z,VASC202411192250069,库内非标增值（特批）,INHOUSE,EWD,AU Warehouse,16188441,*********************************************,ES,Y,2026-06-30T11:25:13Z
VASC000000308295,2026-06-30T17:43:10Z,VASC202411192246131,入库非标增值（特批）,UNUSUAL,EWD,AU Warehouse,18778484,**************************,PD,Y,2026-06-30T17:38:13Z
VASC000000308313,2026-06-29T17:28:44Z,VASC202411192246131,入库非标增值（特批）,UNUSUAL,USWC5,USWC5 Warehouse,19104098,***************,PD,Y,2026-06-29T15:51:20Z
VASC000000308316,2026-06-29T17:28:37Z,VASC202411192246131,入库非标增值（特批）,UNUSUAL,USWC5,USWC5 Warehouse,19104098,***************,PD,Y,2026-06-29T15:53:44Z
VASC000000308373,2026-06-29T15:36:42Z,VASC202411192250069,库内非标增值（特批）,INHOUSE,USKY5,USKY5 Warehouse,20056103,************************************,PD,Y,2026-06-29T15:35:23Z
VASC000000308391,2026-06-30T12:10:03Z,VASC202411192250069,库内非标增值（特批）,UNUSUAL,DEBR2,DEBR2 Warehouse,16757165,****************************,PD,Y,2026-06-29T17:57:48Z
VASC000000308403,2026-07-02T09:35:05Z,VASC202411192250069,库内非标增值（特批）,INHOUSE,DEBR2,DEBR2 Warehouse,17306226,************************,PD,Y,2026-07-01T21:28:14Z
VASC000000308412,2026-06-30T12:10:28Z,VASC202411192250069,库内非标增值（特批）,UNUSUAL,DEBR2,DEBR2 Warehouse,16757165,****************************,PD,Y,2026-06-29T18:34:03Z
VASC000000308415,2026-06-30T19:17:05Z,VASC202605251438175,代理清关(非标),OUTBOUND,DEBR2,DEBR2 Warehouse,16958250,*************,PD,Y,2026-06-30T19:17:04Z
VASC000000308418,2026-06-30T19:06:50Z,VASC202605251438175,代理清关(非标),OUTBOUND,DEBR2,DEBR2 Warehouse,16958250,*************,PD,Y,2026-06-30T19:06:50Z
VASC000000308424,2026-07-06T11:59:09Z,VASC202412111838036,非标收费,INHOUSE,UKGF,UKGF Warehouse,16643472,**************************,PD,Y,2026-07-06T11:59:09Z
VASC000000308427,2026-06-30T19:14:24Z,VASC202605251438175,代理清关(非标),OUTBOUND,DEBR2,DEBR2 Warehouse,16958250,*************,PD,Y,2026-06-30T19:14:24Z
VASC000000308430,2026-06-30T19:18:13Z,VASC202605251438175,代理清关(非标),OUTBOUND,DEBR2,DEBR2 Warehouse,16958250,*************,PD,Y,2026-06-30T19:18:13Z
VASC000000308457,2026-06-29T15:55:48Z,VASC202412061826084,Winit 尾程询价服务,OUTBOUND,DEBR2,DEBR2 Warehouse,18513540,**********************,CD,Y,2026-06-29T19:03:06Z
VASC000000308469,2026-07-02T11:04:59Z,VASC202412061826084,Winit 尾程询价服务,OUTBOUND,UKGF,UKGF Warehouse,19263669,******************************,PD,Y,2026-07-02T03:44:19Z
VASC000000308472,2026-06-30T19:16:13Z,VASC202605251438175,代理清关(非标),OUTBOUND,DEBR2,DEBR2 Warehouse,16958250,*************,PD,Y,2026-06-30T19:16:13Z
VASC000000308475,2026-06-30T19:07:40Z,VASC202605251438175,代理清关(非标),OUTBOUND,DEBR2,DEBR2 Warehouse,16958250,*************,PD,Y,2026-06-30T19:07:40Z
VASC000000308478,2026-06-30T19:15:21Z,VASC202605251438175,代理清关(非标),OUTBOUND,DEBR2,DEBR2 Warehouse,16958250,*************,PD,Y,2026-06-30T19:15:21Z
VASC000000308481,2026-06-30T17:24:52Z,VASC202605251438175,代理清关(非标),OUTBOUND,DEBR2,DEBR2 Warehouse,16958250,*************,PD,Y,2026-06-30T17:24:52Z
VASC000000308490,2026-06-29T15:32:13Z,VASC202412171855563,出库非标增值（Anker）,OUTBOUND,DE0001,DE Warehouse,16758605,****************************,PD,NULL,NULL
VASC000000308493,2026-07-06T11:58:31Z,VASC202412111838036,非标收费,INHOUSE,UKGF,UKGF Warehouse,16643472,**************************,PD,Y,2026-07-06T11:58:31Z
VASC000000308496,2026-06-30T09:31:48Z,VASC202412061826084,Winit 尾程询价服务,OUTBOUND,USKY5,USKY5 Warehouse,18473076,*********,PD,Y,2026-06-30T03:14:07Z
VASC000000308532,2026-07-02T17:06:38Z,VASC202411192246131,入庫非標增值（特批）,INBOUND,USKY5,USKY5 Warehouse,17898465,************************************,ES,Y,2026-06-30T21:07:05Z
VASC000000308556,2026-06-29T16:05:52Z,VASC202412061826084,Winit 尾程询价服务,OUTBOUND,DEBR2,DEBR2 Warehouse,18778484,**************************,CD,N,2026-06-29T19:06:17Z
VASC000000308577,2026-06-29T16:23:04Z,VASC202603131537445,彩盒外箱出库加贴UPC标签,OUTBOUND,USNJ2,USNJ2 Warehouse,18513540,**********************,ES,NULL,NULL
VASC000000308589,2026-06-29T18:27:44Z,VASC202411192250069,库内非标增值（特批）,INHOUSE,USNJ2,USNJ2 Warehouse,18513540,**********************,ES,Y,2026-06-29T18:23:40Z
VASC000000308613,2026-06-29T18:30:47Z,VASC202411192250069,库内非标增值（特批）,INHOUSE,USNJ2,USNJ2 Warehouse,18513540,**********************,ES,Y,2026-06-29T18:29:01Z
VASC000000308625,2026-06-29T16:47:06Z,VASC202412171855563,出库非标增值（Anker）,OUTBOUND,UKGF,UKGF Warehouse,16643472,**************************,PD,NULL,NULL
VASC000000308628,2026-07-02T17:07:19Z,VASC202411192246131,入庫非標增值（特批）,INBOUND,USKY5,USKY5 Warehouse,17898465,************************************,ES,Y,2026-06-30T21:04:11Z
VASC000000308631,2026-06-29T16:56:21Z,VASC202412061826084,Winit 尾程询价服务,OUTBOUND,USKY5,USKY5 Warehouse,18961852,************************,CD,Y,2026-06-30T03:07:10Z
VASC000000308634,2026-06-29T16:51:36Z,VASC202411192253186,出库非标增值（特批）,OUTBOUND,DEBR2,DEBR2 Warehouse,10005847,******,CD,N,2026-06-29T20:02:53Z
VASC000000308655,2026-06-29T17:06:33Z,VASC202412171855563,出库非标增值（Anker）,OUTBOUND,DENW3,DENW3 Warehouse,16758605,****************************,PD,NULL,NULL
VASC000000308661,2026-06-30T12:27:47Z,VASC202411192250069,库内非标增值（特批）,INHOUSE,DEBR2,DEBR2 Warehouse,16757165,****************************,PD,Y,2026-06-29T18:37:13Z
VASC000000308664,2026-06-29T17:09:03Z,VASC202510151802079,审核出库单,OUTBOUND,USKY5,USKY5 Warehouse,20056103,************************************,PD,NULL,NULL
VASC000000308694,2026-06-29T17:26:45Z,VASC202412171855563,出库非标增值（Anker）,OUTBOUND,DE0001,DE Warehouse,16758605,****************************,PD,NULL,NULL
VASC000000308697,2026-07-02T17:07:06Z,VASC202411192246131,入庫非標增值（特批）,INBOUND,USKY5,USKY5 Warehouse,17898465,************************************,ES,Y,2026-06-30T21:00:01Z
VASC000000308709,2026-07-01T14:57:50Z,VASC202411192250069,库内非标增值（特批）,UNUSUAL,EWD,AU Warehouse,17285872,************************************************,PD,Y,2026-06-30T20:33:37Z
VASC000000308724,2026-06-29T17:52:06Z,VASC202412171855563,出库非标增值（Anker）,OUTBOUND,DE0001,DE Warehouse,16758605,****************************,PD,NULL,NULL
VASC000000308754,2026-06-29T20:47:21Z,VASC202510211517514,无主货找回,INHOUSE,DE0001,DE Warehouse,19376789,*********************************,CD,NULL,NULL
VASC000000308757,2026-06-29T21:05:37Z,VASC202510211517514,无主货找回,INHOUSE,DE0001,DE Warehouse,19376789,*********************************,PD,NULL,NULL
VASC000000308781,2026-06-30T23:39:25Z,VASC202411192246131,入库非标增值（特批）,INBOUND,USKY5,USKY5 Warehouse,19606505,*****************,PD,Y,2026-06-30T17:43:53Z
VASC000000308955,2026-06-30T10:06:37Z,VASC202411271721537,入庫非標拍照或提供視頻,INBOUND,DEBR2,DEBR2 Warehouse,17615733,**************************************,PD,NULL,NULL
VASC000000308964,2026-06-30T10:27:34Z,VASC202411192246131,入库非标增值（特批）,INBOUND,USNJ2,USNJ2 Warehouse,18513540,**********************,CD,NULL,NULL
VASC000000308991,2026-06-30T10:21:40Z,VASC202411192246131,入库非标增值（特批）,INBOUND,US0001,USWC Warehouse,13947840,********************,CD,NULL,NULL
VASC000000308997,2026-07-01T15:06:58Z,VASC202411192246131,入库非标增值（特批）,INBOUND,US0001,USWC Warehouse,13947840,********************,PD,Y,2026-06-30T20:20:09Z
VASC000000309030,2026-06-30T10:41:37Z,VASC202510211517514,无主货找回,INHOUSE,DE0001,DE Warehouse,15197591,******************************,PD,NULL,NULL
VASC000000309039,2026-07-01T18:08:05Z,VASC202411192250069,库内非标增值（特批）,INHOUSE,DE0001,DE Warehouse,16758605,****************************,PD,Y,2026-07-01T17:37:22Z
VASC000000309042,2026-06-30T11:04:50Z,VASC202411192250069,库内非标增值（特批）,INHOUSE,USNJ2,USNJ2 Warehouse,18513540,**********************,PD,Y,2026-06-30T11:00:12Z
VASC000000309048,2026-06-30T11:05:09Z,VASC202411192250069,库内非标增值（特批）,INHOUSE,USNJ2,USNJ2 Warehouse,18513540,**********************,PD,Y,2026-06-30T10:56:37Z
VASC000000309057,2026-06-30T10:48:35Z,VASC202411192240522,上架前自提,UNUSUAL,US0001,USWC Warehouse,13947840,********************,PD,NULL,NULL
VASC000000309078,2026-06-30T11:07:35Z,VASC202510151802079,审核出库单,OUTBOUND,USNJ2,USNJ2 Warehouse,18513540,**********************,PD,NULL,NULL
VASC000000309081,2026-06-30T13:03:08Z,VASC202411192246131,入库非标增值（特批）,INBOUND,USNJ2,USNJ2 Warehouse,19220548,************************************,ES,Y,2026-06-30T11:53:20Z
VASC000000309084,2026-06-30T11:08:22Z,VASC202510151802079,审核出库单,OUTBOUND,USNJ2,USNJ2 Warehouse,18513540,**********************,PD,NULL,NULL
VASC000000309117,2026-06-30T11:28:06Z,VASC202412061826084,Winit 尾程询价服务,OUTBOUND,CATO,CATO Warehouse,18630087,******************************,CD,Y,2026-07-01T05:21:01Z
VASC000000309132,2026-07-02T09:51:15Z,VASC202411192246131,入库非标增值（特批）,UNUSUAL,DEBR2,DEBR2 Warehouse,1000275,************************,PD,Y,2026-07-01T22:01:42Z
VASC000000309138,2026-06-30T14:47:06Z,VASC202411192253186,出库非标增值（特批）,OUTBOUND,DEBR2,DEBR2 Warehouse,16757165,****************************,PD,Y,2026-06-30T12:06:17Z
VASC000000309168,2026-07-01T09:38:43Z,VASC202411192246131,入库非标增值（特批）,UNUSUAL,DEBR2,DEBR2 Warehouse,19884444,*********************************,ES,Y,2026-06-30T22:31:06Z
VASC000000309171,2026-07-01T09:38:34Z,VASC202411192246131,入库非标增值（特批）,UNUSUAL,UKGF,UKGF Warehouse,19884444,*********************************,ES,Y,2026-06-30T18:07:53Z
VASC000000309174,2026-07-01T11:02:20Z,VASC202412111836315,库内非标增值（需审核）,INHOUSE,UKTW,UKTW Warehouse,1003260,*********************************************,PD,Y,2026-07-01T11:02:20Z
VASC000000309228,2026-06-30T14:21:18Z,VASC202411271721537,入库非标拍照或提供视频,INBOUND,US0001,USWC Warehouse,16614417,********************************,PD,NULL,NULL
VASC000000309246,2026-07-01T09:28:26Z,VASC202411192246131,入库非标增值（特批）,UNUSUAL,USNJ2,USNJ2 Warehouse,18513540,**********************,ES,Y,2026-06-30T22:44:32Z
VASC000000309252,2026-06-30T14:58:53Z,VASC202411192250069,库内非标增值（特批）,INHOUSE,USNJ2,USNJ2 Warehouse,18513540,**********************,CD,NULL,NULL
VASC000000309255,2026-06-30T15:16:16Z,VASC202510211517514,无主货找回,INHOUSE,UKGF,UKGF Warehouse,19430090,*********************************,PD,NULL,NULL
VASC000000309261,2026-07-01T12:47:56Z,VASC202411192246131,入库非标增值（特批）,INBOUND,USGA,USGA Warehouse,19412706,*****************,PD,Y,2026-06-30T18:56:55Z
VASC000000309267,2026-06-30T16:04:41Z,VASC202411192250069,库内非标增值（特批）,INHOUSE,EWD,AU Warehouse,16188441,*********************************************,PD,Y,2026-06-30T16:01:49Z
VASC000000309276,2026-07-02T09:52:17Z,VASC202412061826084,Winit 尾程询价服务,OUTBOUND,USKY3,USKY3 Warehouse,13337619,*********************************,PD,Y,2026-06-30T23:28:23Z
VASC000000309288,2026-07-01T09:36:57Z,VASC202411192250069,库内非标增值（特批）,UNUSUAL,DEBR2,DEBR2 Warehouse,11104738,******************************,PD,Y,2026-06-30T17:29:07Z
VASC000000309300,2026-06-30T15:38:22Z,VASC202411192246131,入库非标增值（特批）,UNUSUAL,UKTW,UKTW Warehouse,18087443,**************************,CD,NULL,NULL
VASC000000309306,2026-06-30T15:58:20Z,VASC202411192250069,库内非标增值（特批）,INHOUSE,USNJ2,USNJ2 Warehouse,18513540,**********************,CD,NULL,NULL
VASC000000309315,2026-06-30T15:54:55Z,VASC202510211517514,无主货找回,INHOUSE,DE0001,DE Warehouse,12226562,*************,PD,NULL,NULL
VASC000000309321,2026-07-01T09:29:57Z,VASC202411192253186,出库非标增值（特批）,OUTBOUND,USNJ2,USNJ2 Warehouse,19104098,***************,PD,Y,2026-06-30T17:31:49Z
VASC000000309324,2026-06-30T15:54:04Z,VASC202412171855563,出库非标增值（Anker）,OUTBOUND,DE0001,DE Warehouse,16758605,****************************,PD,NULL,NULL
VASC000000309330,2026-07-01T09:29:48Z,VASC202411192253186,出库非标增值（特批）,OUTBOUND,USGA,USGA Warehouse,19104098,***************,PD,Y,2026-06-30T17:34:23Z
VASC000000309336,2026-06-30T15:56:42Z,VASC202412171855563,出库非标增值（Anker）,OUTBOUND,DE0001,DE Warehouse,16758605,****************************,PD,NULL,NULL
VASC000000309342,2026-06-30T16:01:43Z,VASC202411192253186,出库非标增值（特批）,OUTBOUND,DEBR2,DEBR2 Warehouse,10005847,******,CD,NULL,NULL
VASC000000309351,2026-06-30T15:59:39Z,VASC202411192253186,出库非标增值（特批）,OUTBOUND,DE0001,DE Warehouse,16758605,****************************,CD,NULL,NULL
VASC000000309372,2026-06-30T16:17:42Z,VASC202411192250069,库内非标增值（特批）,INHOUSE,USNJ2,USNJ2 Warehouse,18513540,**********************,CD,Y,2026-06-30T20:40:15Z
VASC000000309381,2026-07-01T09:29:40Z,VASC202411192253186,出库非标增值（特批）,OUTBOUND,USWC5,USWC5 Warehouse,19104098,***************,PD,Y,2026-06-30T17:36:01Z
VASC000000309384,2026-06-30T16:32:14Z,VASC202411271721537,入库非标拍照或提供视频,INBOUND,USGA,USGA Warehouse,19296066,******************************,CD,NULL,NULL
VASC000000309387,2026-07-01T09:29:31Z,VASC202411192253186,出库非标增值（特批）,OUTBOUND,US0001,USWC Warehouse,19104098,***************,PD,Y,2026-06-30T17:37:37Z
VASC000000309390,2026-07-01T20:33:12Z,VASC202411192250069,库内非标增值（特批）,INHOUSE,USKY3,USKY3 Warehouse,19754924,****************************,PD,Y,2026-07-01T19:34:13Z
VASC000000309402,2026-06-30T16:58:27Z,VASC202411192250069,库内非标增值（特批）,INHOUSE,USKY5,USKY5 Warehouse,16194961,******************************,CD,Y,2026-07-01T12:09:23Z
VASC000000309408,2026-06-30T16:52:48Z,VASC202411271721537,入库非标拍照或提供视频,INBOUND,USKY5,USKY5 Warehouse,17688379,***********,PD,NULL,NULL
VASC000000309426,2026-07-01T11:38:13Z,VASC202411192246131,入库非标增值（特批）,UNUSUAL,DEBR2,DEBR2 Warehouse,19376789,*********************************,PD,Y,2026-07-01T11:34:38Z
VASC000000309429,2026-06-30T17:15:44Z,VASC202411271721537,入库非标拍照或提供视频,INBOUND,USGA,USGA Warehouse,19296066,******************************,PD,NULL,NULL
VASC000000309435,2026-07-01T21:34:58Z,VASC202411192246131,入库非标增值（特批）,UNUSUAL,USWC2,USWC2 Warehouse,19754924,****************************,ES,Y,2026-07-01T19:39:08Z
VASC000000309438,2026-06-30T17:20:12Z,VASC202412171855563,出库非标增值（Anker）,OUTBOUND,DE0001,DE Warehouse,16758605,****************************,PD,NULL,NULL
VASC000000309444,2026-06-30T17:28:11Z,VASC202411271721537,入庫非標拍照或提供視頻,INBOUND,DEBR2,DEBR2 Warehouse,17615733,**************************************,PD,NULL,NULL
VASC000000309447,2026-06-30T17:29:19Z,VASC202412061826084,Winit 尾程询价服务,OUTBOUND,USGA,USGA Warehouse,19638637,*********************************,CD,Y,2026-07-01T01:41:04Z
VASC000000309450,2026-06-30T17:31:26Z,VASC202411271721537,入庫非標拍照或提供視頻,INBOUND,DEBR2,DEBR2 Warehouse,17615733,**************************************,PD,NULL,NULL
VASC000000309453,2026-06-30T17:33:12Z,VASC202411271721537,入庫非標拍照或提供視頻,INBOUND,DEBR2,DEBR2 Warehouse,17615733,**************************************,PD,NULL,NULL
VASC000000309456,2026-06-30T17:36:51Z,VASC202412171855563,出库非标增值（Anker）,OUTBOUND,UKGF,UKGF Warehouse,16643472,**************************,CD,NULL,NULL
VASC000000309459,2026-06-30T17:43:24Z,VASC202412171855563,出库非标增值（Anker）,OUTBOUND,UKGF,UKGF Warehouse,16643472,**************************,PD,NULL,NULL
VASC000000309474,2026-07-01T18:21:40Z,VASC202411192250069,库内非标增值（特批）,INHOUSE,USKY5,USKY5 Warehouse,19978270,******************,ES,Y,2026-06-30T22:23:35Z
VASC000000309480,2026-07-01T17:14:40Z,VASC202412061826084,Winit 尾程询价服务,OUTBOUND,USKY3,USKY3 Warehouse,17184055,*********************************,PD,Y,2026-06-30T23:42:38Z
VASC000000309483,2026-06-30T18:11:15Z,VASC202603131537445,彩盒外箱出库加贴UPC标签,OUTBOUND,USNJ2,USNJ2 Warehouse,18513540,**********************,PD,NULL,NULL
VASC000000309489,2026-06-30T18:31:23Z,VASC202411192253186,出库非标增值（特批）,OUTBOUND,DEBR2,DEBR2 Warehouse,11103701,*********************************,CD,NULL,NULL
VASC000000309492,2026-07-01T18:42:43Z,VASC202411192250069,库内非标增值（特批）,INHOUSE,USNJ2,USNJ2 Warehouse,18513540,**********************,ES,Y,2026-07-01T17:50:20Z
VASC000000309495,2026-07-01T18:21:15Z,VASC202411192250069,库内非标增值（特批）,INHOUSE,US0001,USWC Warehouse,19978270,******************,PD,Y,2026-06-30T21:29:38Z
VASC000000309504,2026-07-01T18:42:24Z,VASC202411192250069,库内非标增值（特批）,INHOUSE,USNJ2,USNJ2 Warehouse,18513540,**********************,PD,Y,2026-07-01T17:46:03Z
VASC000000309507,2026-06-30T18:31:23Z,VASC202412171855563,出库非标增值（Anker）,OUTBOUND,UKGF,UKGF Warehouse,16643472,**************************,PD,NULL,NULL
VASC000000309510,2026-07-01T18:42:05Z,VASC202411192250069,库内非标增值（特批）,INHOUSE,USNJ2,USNJ2 Warehouse,18513540,**********************,PD,Y,2026-07-01T17:47:40Z
VASC000000309513,2026-07-01T18:41:36Z,VASC202411192250069,库内非标增值（特批）,INHOUSE,USNJ2,USNJ2 Warehouse,18513540,**********************,PD,Y,2026-07-01T17:43:33Z
VASC000000309516,2026-07-01T18:40:53Z,VASC202411192250069,库内非标增值（特批）,INHOUSE,USNJ2,USNJ2 Warehouse,18513540,**********************,PD,Y,2026-07-01T18:03:33Z
VASC000000309519,2026-07-01T18:37:41Z,VASC202411192250069,库内非标增值（特批）,INHOUSE,USNJ2,USNJ2 Warehouse,18513540,**********************,PD,Y,2026-07-01T18:00:51Z
VASC000000309711,2026-07-01T02:52:32Z,VASC202411192246131,入库非标增值（特批）,INBOUND,USKY3,USKY3 Warehouse,1000019,********************************************************,CD,NULL,NULL
VASC000000309732,2026-07-01T09:31:36Z,VASC202411192240522,上架前自提,UNUSUAL,USKY3,USKY3 Warehouse,11103694,***************************,PD,NULL,NULL
VASC000000309747,2026-07-01T09:45:03Z,VASC202411192229072,库内非标增值（免审核）,INHOUSE,UKTW,UKTW Warehouse,16640414,************************,PD,NULL,NULL
VASC000000309771,2026-07-01T10:35:36Z,VASC202411192246131,入库非标增值（特批）,UNUSUAL,EWD,AU Warehouse,12851667,***************************************,CD,NULL,NULL
VASC000000309774,2026-07-01T10:39:28Z,VASC202411192250069,库内非标增值（特批）,INHOUSE,USKY3,USKY3 Warehouse,10009582,************************************,CD,N,2026-07-01T14:43:25Z
VASC000000309810,2026-07-01T13:05:48Z,VASC202411192246131,入库非标增值（特批）,UNUSUAL,DEBR2,DEBR2 Warehouse,19884444,*********************************,PD,Y,2026-07-01T10:47:18Z
VASC000000309822,2026-07-01T10:42:53Z,VASC202510211517514,无主货找回,INHOUSE,DEBR2,DEBR2 Warehouse,17534761,******************************,PD,NULL,NULL
VASC000000309864,2026-07-02T17:28:20Z,VASC202411192250069,库内非标增值（特批）,INHOUSE,USNJ2,USNJ2 Warehouse,18513540,**********************,PD,Y,2026-07-02T16:59:22Z
VASC000000309870,2026-07-01T11:29:12Z,VASC202411271721537,入库非标拍照或提供视频,INBOUND,USKY3,USKY3 Warehouse,16616919,******************************************,PD,NULL,NULL
VASC000000309873,2026-07-02T15:34:17Z,VASC202412061826084,Winit 尾程询价服务,OUTBOUND,USGA,USGA Warehouse,19638637,*********************************,CD,Y,2026-07-02T01:19:38Z
VASC000000309900,2026-07-06T14:19:06Z,VASC202411192250069,库内非标增值（特批）,INHOUSE,USKY5,USKY5 Warehouse,16437609,******************************,PD,Y,2026-07-06T11:08:38Z
VASC000000309912,2026-07-01T11:42:30Z,VASC202512051923357,出库非标增值（Aiper）,OUTBOUND,USNJ2,USNJ2 Warehouse,18513540,**********************,PD,NULL,NULL
VASC000000309939,2026-07-01T12:13:49Z,VASC202412171855563,出库非标增值（Anker）,OUTBOUND,DE0001,DE Warehouse,16758605,****************************,PD,NULL,NULL
VASC000000309966,2026-07-01T15:37:34Z,VASC202411192246131,入库非标增值（特批）,INBOUND,USNJ2,USNJ2 Warehouse,18513540,**********************,PD,Y,2026-07-01T15:27:22Z
VASC000000309978,2026-07-01T14:05:36Z,VASC202411192250069,库内非标增值（特批）,INHOUSE,EWD,AU Warehouse,16877181,*********************************,CD,NULL,NULL
VASC000000309993,2026-07-02T19:41:15Z,VASC202605251438175,代理清关(非标),OUTBOUND,DEBR2,DEBR2 Warehouse,16958250,*************,PD,Y,2026-07-02T19:41:14Z
VASC000000309996,2026-07-02T19:27:02Z,VASC202605251438175,代理清关(非标),OUTBOUND,DEBR2,DEBR2 Warehouse,16958250,*************,PD,Y,2026-07-02T19:27:02Z
VASC000000309999,2026-07-02T19:27:49Z,VASC202605251438175,代理清关(非标),OUTBOUND,DEBR2,DEBR2 Warehouse,16958250,*************,PD,Y,2026-07-02T19:27:49Z
VASC000000310035,2026-07-03T11:38:08Z,VASC202411192250069,库内非标增值（特批）,INHOUSE,EWD,AU Warehouse,16877181,*********************************,PD,Y,2026-07-01T17:56:39Z
VASC000000310038,2026-07-02T09:43:03Z,VASC202411192246131,入库非标增值（特批）,UNUSUAL,CATO,CATO Warehouse,19227270,********************************,PD,Y,2026-07-01T20:43:22Z
VASC000000310044,2026-07-01T14:50:30Z,VASC202411192250069,库内非标增值（特批）,INHOUSE,US0001,USWC Warehouse,18720032,*********************************,CD,N,2026-07-01T16:45:51Z
VASC000000310080,2026-07-01T15:20:22Z,VASC202411192250069,库内非标增值（特批）,INHOUSE,USWC5,USWC5 Warehouse,19733476,****************************************************,CD,NULL,NULL
VASC000000310137,2026-07-01T15:56:53Z,VASC202411192246131,入库非标增值（特批）,INBOUND,USWC2,USWC2 Warehouse,19376789,*********************************,CD,N,2026-07-02T21:20:05Z
VASC000000310140,2026-07-08T11:05:38Z,VASC202411192250069,库内非标增值（特批）,INHOUSE,UKGF,UKGF Warehouse,17806402,*****************************,PD,Y,2026-07-08T10:53:24Z
VASC000000310146,2026-07-01T16:03:22Z,VASC202412171855563,出库非标增值（Anker）,OUTBOUND,UKGF,UKGF Warehouse,16643472,**************************,PD,NULL,NULL
VASC000000310152,2026-07-01T16:10:47Z,VASC202412061826084,Winit 尾程询价服务,OUTBOUND,DEBR2,DEBR2 Warehouse,18778484,**************************,CD,N,2026-07-02T16:24:55Z
VASC000000310155,2026-07-01T16:18:23Z,VASC202412171855563,出库非标增值（Anker）,OUTBOUND,DENW3,DENW3 Warehouse,16758605,****************************,PD,NULL,NULL
VASC000000310161,2026-07-01T16:19:35Z,VASC202412171855563,出库非标增值（Anker）,OUTBOUND,DENW3,DENW3 Warehouse,16758605,****************************,PD,NULL,NULL
VASC000000310173,2026-07-01T16:43:16Z,VASC202412171855563,出库非标增值（Anker）,OUTBOUND,DENW3,DENW3 Warehouse,16758605,****************************,PD,NULL,NULL
VASC000000310185,2026-07-01T16:51:25Z,VASC202412171855563,出库非标增值（Anker）,OUTBOUND,DENW3,DENW3 Warehouse,16758605,****************************,PD,NULL,NULL
VASC000000310188,2026-07-01T18:10:55Z,VASC202411192250069,库内非标增值（特批）,INHOUSE,USNJ2,USNJ2 Warehouse,18513540,**********************,PD,Y,2026-07-01T17:44:07Z
VASC000000310194,2026-07-01T17:03:41Z,VASC202412171855563,出库非标增值（Anker）,OUTBOUND,DENW3,DENW3 Warehouse,16758605,****************************,PD,NULL,NULL
VASC000000310203,2026-07-06T17:49:07Z,VASC202411192250069,库内非标增值（特批）,INHOUSE,DEBR2,DEBR2 Warehouse,16958250,*************,PD,Y,2026-07-02T17:07:28Z
VASC000000310212,2026-07-01T17:23:05Z,VASC202411192240522,上架前自提,UNUSUAL,UKTW,UKTW Warehouse,18087443,**************************,PD,NULL,NULL
VASC000000310245,2026-07-02T10:00:36Z,VASC202411192246131,入库非标增值（特批）,UNUSUAL,USKY3,USKY3 Warehouse,13816111,******************************,PD,Y,2026-07-01T20:54:57Z
VASC000000310248,2026-07-02T15:25:38Z,VASC202412061826084,Winit 尾程询价服务,OUTBOUND,EWD,AU Warehouse,18778484,**************************,PD,Y,2026-07-02T12:00:19Z
VASC000000310263,2026-07-03T09:47:21Z,VASC202411192246131,入库非标增值（特批）,INBOUND,UKTW,UKTW Warehouse,1005274,*********************************,PD,Y,2026-07-01T21:14:28Z
VASC000000310275,2026-07-02T11:44:38Z,VASC202411192246131,入库非标增值（特批）,UNUSUAL,US0001,USWC Warehouse,13947840,********************,PD,Y,2026-07-01T21:47:31Z
VASC000000310320,2026-07-01T19:28:35Z,VASC202411192253186,出库非标增值（特批）,OUTBOUND,USKY3,USKY3 Warehouse,18266001,*********,CD,N,2026-07-02T17:37:29Z
VASC000000310323,2026-07-01T19:32:14Z,VASC202411192253186,出库非标增值（特批）,OUTBOUND,USKY3,USKY3 Warehouse,18266001,*********,CD,N,2026-07-02T17:37:52Z
VASC000000310335,2026-07-03T18:42:13Z,VASC202411271721537,入库非标拍照或提供视频,INBOUND,UKTW,UKTW Warehouse,17225006,*********,PD,NULL,NULL
VASC000000310365,2026-07-01T19:55:08Z,VASC202412061826084,Winit 尾程询价服务,OUTBOUND,USWC5,USWC5 Warehouse,19606995,************,CD,Y,2026-07-02T13:20:07Z
VASC000000310374,2026-07-01T20:43:42Z,VASC202510151802079,审核出库单,OUTBOUND,DE0001,DE Warehouse,16758605,****************************,PD,NULL,NULL
VASC000000310383,2026-07-03T09:11:16Z,VASC202411192246131,入库非标增值（特批）,UNUSUAL,USNJ2,USNJ2 Warehouse,19104098,***************,PD,Y,2026-07-02T17:17:33Z
VASC000000310386,2026-07-03T09:11:09Z,VASC202411192246131,入库非标增值（特批）,UNUSUAL,USWC5,USWC5 Warehouse,19104098,***************,PD,Y,2026-07-02T17:20:06Z
VASC000000310392,2026-07-02T00:18:31Z,VASC202412061826084,Winit 尾程询价服务,OUTBOUND,UKGF,UKGF Warehouse,14012056,**************************************,CD,Y,2026-07-06T18:11:33Z
VASC000000310395,2026-07-02T21:00:59Z,VASC202411192246131,入庫非標增值（特批）,UNUSUAL,USKY3,USKY3 Warehouse,17806402,*****************************,CD,NULL,NULL
VASC000000310398,2026-07-02T03:29:24Z,VASC202411271751445,出库非标增值（免审核）,OUTBOUND,USKY5,USKY5 Warehouse,19707546,************************************,CD,NULL,NULL
VASC000000310452,2026-07-02T10:11:21Z,VASC202411192229072,库内非标增值（免审核）,INHOUSE,USKY5,USKY5 Warehouse,19722654,************************************,CD,NULL,NULL
VASC000000310524,2026-07-06T11:52:30Z,VASC202412061826084,Winit 尾程询价服务,OUTBOUND,UKGF,UKGF Warehouse,16643472,**************************,PD,Y,2026-07-02T18:51:05Z
VASC000000310530,2026-07-02T09:53:50Z,VASC202412171855563,出库非标增值（Anker）,OUTBOUND,UKGF,UKGF Warehouse,16643472,**************************,PD,NULL,NULL
VASC000000310542,2026-07-06T16:36:02Z,VASC202412061826084,Winit 尾程询价服务,OUTBOUND,UKGF,UKGF Warehouse,16643472,**************************,PD,Y,2026-07-02T18:54:03Z
VASC000000310545,2026-07-02T10:44:35Z,VASC202411192246131,入库非标增值（特批）,UNUSUAL,UKGF,UKGF Warehouse,19884444,*********************************,CD,NULL,NULL
VASC000000310554,2026-07-08T15:17:37Z,VASC202412061826084,Winit 尾程询价服务,OUTBOUND,UKGF,UKGF Warehouse,16643472,**************************,PD,Y,2026-07-02T18:56:05Z
VASC000000310557,2026-07-02T14:21:24Z,VASC202411192246131,入库非标增值（特批）,INBOUND,USTX,USTX Warehouse,19220548,************************************,PD,Y,2026-07-02T14:10:05Z
VASC000000310560,2026-07-03T14:08:07Z,VASC202411192250069,库内非标增值（特批）,INHOUSE,US0001,USWC Warehouse,19045607,******************************************,PD,Y,2026-07-02T20:32:27Z
VASC000000310575,2026-07-07T09:56:06Z,VASC202412061826084,Winit 尾程询价服务,OUTBOUND,UKGF,UKGF Warehouse,16643472,**************************,PD,Y,2026-07-02T18:58:31Z
VASC000000310587,2026-07-02T14:35:46Z,VASC202412111836315,库内非标增值（需审核）,INHOUSE,US0001,USWC Warehouse,19173941,************************,CD,NULL,NULL
VASC000000310593,2026-07-02T12:50:52Z,VASC202411192246131,入库非标增值（特批）,UNUSUAL,UKGF,UKGF Warehouse,19884444,*********************************,PD,Y,2026-07-02T12:02:17Z
VASC000000310605,2026-07-07T09:56:56Z,VASC202412061826084,Winit 尾程询价服务,OUTBOUND,UKGF,UKGF Warehouse,16643472,**************************,PD,Y,2026-07-02T19:00:46Z
VASC000000310608,2026-07-02T11:02:22Z,VASC202412171855563,出库非标增值（Anker）,OUTBOUND,UKGF,UKGF Warehouse,16643472,**************************,PD,NULL,NULL
VASC000000310617,2026-07-02T12:04:50Z,VASC202411192246131,入库非标增值（特批）,UNUSUAL,USWC2,USWC2 Warehouse,19754924,****************************,PD,Y,2026-07-02T11:52:59Z
VASC000000310656,2026-07-02T11:43:35Z,VASC202411271721537,入库非标拍照或提供视频,INBOUND,USWC5,USWC5 Warehouse,19296066,******************************,CD,NULL,NULL
VASC000000310671,2026-07-02T15:25:44Z,VASC202412061826084,Winit 尾程询价服务,OUTBOUND,EWD,AU Warehouse,18778484,**************************,PD,Y,2026-07-02T11:59:21Z
VASC000000310710,2026-07-02T12:30:29Z,VASC202411192250069,库内非标增值（特批）,INHOUSE,DEBR2,DEBR2 Warehouse,10002589,***************************************,CD,Y,2026-07-06T11:50:26Z
VASC000000310770,2026-07-02T14:24:54Z,VASC202411192246131,入库非标增值（特批）,UNUSUAL,USWC2,USWC2 Warehouse,10011861,*********,CD,NULL,NULL
VASC000000310773,2026-07-03T18:11:58Z,VASC202605251438175,代理清关(非标),OUTBOUND,DEBR2,DEBR2 Warehouse,16958250,*************,PD,Y,2026-07-03T18:11:58Z
VASC000000310776,2026-07-03T18:17:31Z,VASC202605251438175,代理清关(非标),OUTBOUND,DEBR2,DEBR2 Warehouse,16958250,*************,PD,Y,2026-07-03T18:17:31Z
VASC000000310779,2026-07-03T18:16:30Z,VASC202605251438175,代理清关(非标),OUTBOUND,DEBR2,DEBR2 Warehouse,16958250,*************,PD,Y,2026-07-03T18:16:30Z
VASC000000310782,2026-07-03T18:13:10Z,VASC202605251438175,代理清关(非标),OUTBOUND,DEBR2,DEBR2 Warehouse,16958250,*************,PD,Y,2026-07-03T18:13:09Z
VASC000000310788,2026-07-03T18:14:09Z,VASC202605251438175,代理清关(非标),OUTBOUND,DEBR2,DEBR2 Warehouse,16958250,*************,PD,Y,2026-07-03T18:14:08Z
VASC000000310791,2026-07-03T18:15:20Z,VASC202605251438175,代理清关(非标),OUTBOUND,DEBR2,DEBR2 Warehouse,16958250,*************,PD,Y,2026-07-03T18:15:20Z
VASC000000310803,2026-07-02T15:21:43Z,VASC202411192246131,入库非标增值（特批）,UNUSUAL,DEBR2,DEBR2 Warehouse,19263669,******************************,CD,NULL,NULL
VASC000000310821,2026-07-06T10:54:49Z,VASC202412111836315,库内非标增值（需审核）,INHOUSE,US0001,USWC Warehouse,19173941,************************,CD,Y,2026-07-06T10:54:48Z
VASC000000310824,2026-07-03T09:12:25Z,VASC202412061826084,Winit 尾程询价服务,OUTBOUND,USKY3,USKY3 Warehouse,17566820,************************************,PD,Y,2026-07-03T00:39:02Z
VASC000000310827,2026-07-02T15:23:32Z,VASC202412061826084,Winit 尾程询价服务,OUTBOUND,DEBR2,DEBR2 Warehouse,19177001,***************************************,CD,NULL,NULL
VASC000000310833,2026-07-03T16:24:25Z,VASC202411192250069,库内非标增值（特批）,INHOUSE,US0001,USWC Warehouse,13947840,********************,PD,Y,2026-07-03T10:56:40Z
VASC000000310836,2026-07-02T15:27:38Z,VASC202412171855563,出库非标增值（Anker）,OUTBOUND,DEBR2,DEBR2 Warehouse,16757165,****************************,PD,NULL,NULL
VASC000000310854,2026-07-02T18:10:00Z,VASC202411192250069,库内非标增值（特批）,INHOUSE,UKTW,UKTW Warehouse,17225006,*********,PD,Y,2026-07-02T17:18:41Z
VASC000000310863,2026-07-02T17:05:18Z,VASC202411192229072,库内非标增值（免审核）,INHOUSE,USNJ2,USNJ2 Warehouse,12068688,************************************,PD,NULL,NULL
VASC000000310866,2026-07-02T16:02:12Z,VASC202411192229072,库内非标增值（免审核）,INHOUSE,UKTW,UKTW Warehouse,1001475,***************************************,PD,NULL,NULL
VASC000000310872,2026-07-02T16:00:19Z,VASC202412061826084,Winit 尾程询价服务,OUTBOUND,UKGF,UKGF Warehouse,19263669,******************************,CD,NULL,NULL
VASC000000310881,2026-07-03T16:56:36Z,VASC202411192246131,入库非标增值（特批）,UNUSUAL,DE0001,DE Warehouse,16758605,****************************,PD,Y,2026-07-02T20:08:35Z
VASC000000310911,2026-07-07T13:54:35Z,VASC202412061826084,Winit 尾程询价服务,OUTBOUND,UKGF,UKGF Warehouse,19263669,******************************,PD,Y,2026-07-06T22:48:41Z
VASC000000310920,2026-07-07T13:54:44Z,VASC202412061826084,Winit 尾程询价服务,OUTBOUND,UKGF,UKGF Warehouse,19263669,******************************,PD,Y,2026-07-06T22:46:39Z
VASC000000310923,2026-07-02T17:28:23Z,VASC202411192246131,入库非标增值（特批）,UNUSUAL,USKY3,USKY3 Warehouse,19376789,*********************************,CD,NULL,NULL
VASC000000310935,2026-07-08T15:39:53Z,VASC202412061826084,Winit 尾程询价服务,OUTBOUND,UKGF,UKGF Warehouse,16643472,**************************,PD,Y,2026-07-06T18:32:34Z
VASC000000310938,2026-07-02T17:00:41Z,VASC202412171855563,出库非标增值（Anker）,OUTBOUND,UKGF,UKGF Warehouse,16643472,**************************,PD,NULL,NULL
VASC000000310944,2026-07-03T15:58:31Z,VASC202411192250069,库内非标增值（特批）,INHOUSE,DEBR2,DEBR2 Warehouse,16757165,****************************,ES,Y,2026-07-03T15:55:41Z
VASC000000310956,2026-07-08T15:45:49Z,VASC202412061826084,Winit 尾程询价服务,OUTBOUND,UKGF,UKGF Warehouse,16643472,**************************,PD,Y,2026-07-02T19:02:41Z
VASC000000310968,2026-07-07T21:55:56Z,VASC202411192240522,上架前自提,UNUSUAL,UKGF,UKGF Warehouse,16176995,******************************,ES,NULL,NULL
VASC000000310977,2026-07-03T09:12:42Z,VASC202412061826084,Winit 尾程询价服务,OUTBOUND,USKY3,USKY3 Warehouse,17566820,************************************,PD,Y,2026-07-03T00:35:54Z
VASC000000311001,2026-07-02T17:40:26Z,VASC202411192246131,入库非标增值（特批）,UNUSUAL,USKY3,USKY3 Warehouse,19376789,*********************************,CD,N,2026-07-02T20:21:50Z
VASC000000311031,2026-07-04T23:26:39Z,VASC202411192246131,入库非标增值（特批）,INBOUND,USWC2,USWC2 Warehouse,10011861,*********,PD,Y,2026-07-02T19:38:52Z
VASC000000311076,2026-07-03T09:12:58Z,VASC202412061826084,Winit 尾程询价服务,OUTBOUND,USWC2,USWC2 Warehouse,17566820,************************************,PD,Y,2026-07-03T06:59:12Z
VASC000000311088,2026-07-02T18:44:24Z,VASC202412061826084,Winit 尾程询价服务,OUTBOUND,USGA,USGA Warehouse,18513540,**********************,CD,Y,2026-07-07T00:37:09Z
VASC000000311118,2026-07-02T19:00:57Z,VASC202411192240522,上架前自提,UNUSUAL,UKTW,UKTW Warehouse,18087443,**************************,PD,NULL,NULL
VASC000000311121,2026-07-03T09:10:58Z,VASC202411192246131,入库非标增值（特批）,UNUSUAL,USWC5,USWC5 Warehouse,19104098,***************,PD,Y,2026-07-02T20:49:15Z
VASC000000311127,2026-07-02T20:09:04Z,VASC202411192246131,入庫非標增值（特批）,UNUSUAL,UKGF,UKGF Warehouse,17806402,*****************************,CD,NULL,NULL
VASC000000311130,2026-07-02T23:49:08Z,VASC202411192250069,库内非标增值（特批）,INHOUSE,USNJ2,USNJ2 Warehouse,19227270,********************************,ES,Y,2026-07-02T22:00:59Z
VASC000000311133,2026-07-02T20:24:56Z,VASC202412171855563,出库非标增值（Anker）,OUTBOUND,DE0001,DE Warehouse,16758605,****************************,PD,NULL,NULL
VASC000000311136,2026-07-02T20:46:14Z,VASC202411192246131,入库非标增值（特批）,INBOUND,UKGF,UKGF Warehouse,17806402,*****************************,PD,Y,2026-07-02T20:43:45Z
VASC000000311148,2026-07-02T21:40:56Z,VASC202411192246131,入庫非標增值（特批）,UNUSUAL,USKY3,USKY3 Warehouse,17806402,*****************************,PD,Y,2026-07-02T21:38:25Z
VASC000000311229,2026-07-03T11:01:12Z,VASC202412061826084,Winit 尾程询价服务,OUTBOUND,USKY3,USKY3 Warehouse,19197404,*********************************,CD,Y,2026-07-03T21:32:06Z
VASC000000311244,2026-07-03T10:52:23Z,VASC202411192229072,库内非标增值（免审核）,INHOUSE,USGA,USGA Warehouse,11107087,****************************,PD,NULL,NULL
VASC000000311247,2026-07-03T15:55:39Z,VASC202411192246131,入库非标增值（特批）,UNUSUAL,USWC5,USWC5 Warehouse,19104098,***************,PD,Y,2026-07-03T15:12:38Z
VASC000000311265,2026-07-07T13:54:15Z,VASC202412061826084,Winit 尾程询价服务,OUTBOUND,UKGF,UKGF Warehouse,19263669,******************************,PD,Y,2026-07-06T22:44:11Z
VASC000000311268,2026-07-03T20:31:16Z,VASC202411192250069,库内非标增值（特批）,INHOUSE,USNJ2,USNJ2 Warehouse,19227270,********************************,PD,Y,2026-07-03T16:24:20Z
VASC000000311271,2026-07-07T11:32:01Z,VASC202411192250069,库内非标增值（特批）,INHOUSE,USKY3,USKY3 Warehouse,19139365,*********,PD,Y,2026-07-03T16:40:02Z
VASC000000311286,2026-07-06T11:57:27Z,VASC202412111838036,非标收费,INHOUSE,UKGF,UKGF Warehouse,16643472,**************************,PD,Y,2026-07-06T11:57:26Z
VASC000000311298,2026-07-03T11:30:17Z,VASC202510151802079,审核出库单,OUTBOUND,USNJ2,USNJ2 Warehouse,18513540,**********************,PD,NULL,NULL
VASC000000311304,2026-07-03T12:15:42Z,VASC202411192246131,入库非标增值（特批）,UNUSUAL,DEBR2,DEBR2 Warehouse,19263669,******************************,CD,NULL,NULL
VASC000000311325,2026-07-03T12:04:51Z,VASC202412171855563,出库非标增值（Anker）,OUTBOUND,DEBR2,DEBR2 Warehouse,16757165,****************************,PD,NULL,NULL
VASC000000311328,2026-07-03T12:07:55Z,VASC202411192253186,出库非标增值（特批）,OUTBOUND,USGA,USGA Warehouse,18064599,*********************************,CD,N,2026-07-03T17:45:10Z
VASC000000311337,2026-07-03T15:27:25Z,VASC202411192246131,入库非标增值（特批）,UNUSUAL,DEBR2,DEBR2 Warehouse,19263669,******************************,PD,Y,2026-07-03T15:17:44Z
VASC000000311352,2026-07-03T16:08:52Z,VASC202411192246131,入库非标增值（特批）,INBOUND,USTX,USTX Warehouse,19220548,************************************,PD,Y,2026-07-03T15:47:52Z
VASC000000311376,2026-07-03T16:08:43Z,VASC202411192246131,入库非标增值（特批）,INBOUND,USNJ2,USNJ2 Warehouse,19220548,************************************,PD,Y,2026-07-03T15:54:19Z
VASC000000311394,2026-07-03T16:08:32Z,VASC202411192246131,入库非标增值（特批）,INBOUND,USGA,USGA Warehouse,19220548,************************************,PD,Y,2026-07-03T15:52:48Z
VASC000000311403,2026-07-06T19:46:33Z,VASC202605251438175,代理清关(非标),OUTBOUND,DEBR2,DEBR2 Warehouse,16958250,*************,PD,Y,2026-07-06T19:46:33Z
VASC000000311406,2026-07-06T19:51:10Z,VASC202605251438175,代理清关(非标),OUTBOUND,DEBR2,DEBR2 Warehouse,16958250,*************,PD,Y,2026-07-06T19:51:09Z
VASC000000311409,2026-07-06T19:50:01Z,VASC202605251438175,代理清关(非标),OUTBOUND,DEBR2,DEBR2 Warehouse,16958250,*************,PD,Y,2026-07-06T19:50:01Z
VASC000000311412,2026-07-06T19:48:15Z,VASC202605251438175,代理清关(非标),OUTBOUND,DEBR2,DEBR2 Warehouse,16958250,*************,PD,Y,2026-07-06T19:48:14Z
VASC000000311415,2026-07-06T19:59:28Z,VASC202605251438175,代理清关(非标),OUTBOUND,DEBR2,DEBR2 Warehouse,16958250,*************,PD,Y,2026-07-06T19:59:27Z
VASC000000311418,2026-07-06T19:45:29Z,VASC202605251438175,代理清关(非标),OUTBOUND,DEBR2,DEBR2 Warehouse,16958250,*************,PD,Y,2026-07-06T19:45:28Z
VASC000000311427,2026-07-06T17:48:54Z,VASC202411192250069,库内非标增值（特批）,INHOUSE,DEBR2,DEBR2 Warehouse,16958250,*************,PD,Y,2026-07-03T15:40:02Z
VASC000000311445,2026-07-03T14:42:56Z,VASC202412061826084,Winit 尾程询价服务,OUTBOUND,DEBR2,DEBR2 Warehouse,19177001,***************************************,CD,Y,2026-07-08T17:16:31Z
VASC000000311448,2026-07-03T14:45:14Z,VASC202510211517514,无主货找回,INHOUSE,USKY5,USKY5 Warehouse,19966664,*********,CD,NULL,NULL
VASC000000311469,2026-07-03T14:57:01Z,VASC202510211517514,无主货找回,INHOUSE,USKY5,USKY5 Warehouse,19966664,*********,PD,NULL,NULL
VASC000000311478,2026-07-03T15:11:04Z,VASC202411192246131,入库非标增值（特批）,INBOUND,USGA,USGA Warehouse,18108031,******************************,CD,NULL,NULL
VASC000000311481,2026-07-03T15:02:53Z,VASC202412061826084,Winit 尾程询价服务,OUTBOUND,DEBR2,DEBR2 Warehouse,19177001,***************************************,CD,Y,2026-07-08T17:17:41Z
VASC000000311493,2026-07-03T15:24:24Z,VASC202412061826084,Winit 尾程询价服务,OUTBOUND,DEBR2,DEBR2 Warehouse,19177001,***************************************,CD,Y,2026-07-08T17:19:37Z
VASC000000311505,2026-07-07T13:22:29Z,VASC202411192246131,入库非标增值（特批）,UNUSUAL,USNJ2,USNJ2 Warehouse,19673358,***************************************,ES,Y,2026-07-03T16:10:49Z
VASC000000311517,2026-07-03T15:45:58Z,VASC202411192229072,库内非标增值（免审核）,INHOUSE,USKY5,USKY5 Warehouse,19722654,************************************,PD,NULL,NULL
VASC000000311520,2026-07-03T16:08:10Z,VASC202411192246131,入库非标增值（特批）,INBOUND,USGA,USGA Warehouse,18108031,******************************,CD,Y,2026-07-03T16:54:16Z
VASC000000311535,2026-07-03T16:15:10Z,VASC202411192246131,入库非标增值（特批）,UNUSUAL,USKY5,USKY5 Warehouse,20128549,*********,CD,N,2026-07-06T17:51:13Z
VASC000000311592,2026-07-03T16:13:57Z,VASC202412061826084,Winit 尾程询价服务,OUTBOUND,DEBR2,DEBR2 Warehouse,17225006,*********,CD,N,2026-07-03T17:07:54Z
VASC000000311604,2026-07-07T16:22:21Z,VASC202412061826084,Winit 尾程询价服务,OUTBOUND,UKGF,UKGF Warehouse,16643472,**************************,PD,Y,2026-07-03T23:07:55Z
VASC000000311607,2026-07-07T16:22:09Z,VASC202412061826084,Winit 尾程询价服务,OUTBOUND,UKGF,UKGF Warehouse,16643472,**************************,PD,Y,2026-07-03T23:10:52Z
VASC000000311610,2026-07-03T16:32:18Z,VASC202412171855563,出库非标增值（Anker）,OUTBOUND,UKGF,UKGF Warehouse,16643472,**************************,PD,NULL,NULL
VASC000000311613,2026-07-03T16:37:06Z,VASC202412061826084,Winit 尾程询价服务,OUTBOUND,DEBR2,DEBR2 Warehouse,18719607,***************************************,CD,Y,2026-07-03T20:06:47Z
VASC000000311619,2026-07-03T16:34:14Z,VASC202412171855563,出库非标增值（Anker）,OUTBOUND,UKGF,UKGF Warehouse,16643472,**************************,PD,NULL,NULL
VASC000000311625,2026-07-03T17:23:27Z,VASC202412111831129,新单上架（客户提供预报单）,UNUSUAL,USKY3,USKY3 Warehouse,19751128,*********,PD,NULL,NULL
VASC000000311628,2026-07-07T16:21:53Z,VASC202412061826084,Winit 尾程询价服务,OUTBOUND,UKGF,UKGF Warehouse,16643472,**************************,PD,Y,2026-07-03T23:09:38Z
VASC000000311631,2026-07-03T16:41:29Z,VASC202412171855563,出库非标增值（Anker）,OUTBOUND,UKGF,UKGF Warehouse,16643472,**************************,CD,NULL,NULL
VASC000000311634,2026-07-03T16:58:07Z,VASC202411271721537,入库非标拍照或提供视频,UNUSUAL,USWC5,USWC5 Warehouse,19937304,*********,PD,NULL,NULL
VASC000000311649,2026-07-06T11:03:09Z,VASC202411192250069,库内非标增值（特批）,UNUSUAL,USKY3,USKY3 Warehouse,16585492,**************************,CD,Y,2026-07-03T18:00:12Z
VASC000000311652,2026-07-07T09:50:18Z,VASC202411192246131,入库非标增值（特批）,INBOUND,DEBR2,DEBR2 Warehouse,20039606,*********,PD,Y,2026-07-06T22:12:24Z
VASC000000311664,2026-07-03T16:59:41Z,VASC202412171855563,出库非标增值（Anker）,OUTBOUND,DE0001,DE Warehouse,16758605,****************************,PD,NULL,NULL
VASC000000311682,2026-07-07T12:12:39Z,VASC202412111838036,非标收费,INHOUSE,DE0001,DE Warehouse,16758605,****************************,PD,Y,2026-07-07T12:12:39Z
VASC000000311694,2026-07-07T11:06:33Z,VASC202411192253186,出库非标增值（特批）,OUTBOUND,US0001,USWC Warehouse,11106073,***************************************,PD,Y,2026-07-07T10:58:49Z
VASC000000311697,2026-07-03T17:38:44Z,VASC202411192250069,库内非标增值（特批）,INHOUSE,USWC2,USWC2 Warehouse,19754924,****************************,PD,Y,2026-07-03T17:31:50Z
VASC000000311709,2026-07-03T17:28:06Z,VASC202412061826084,Winit 尾程询价服务,OUTBOUND,USWC2,USWC2 Warehouse,19626778,***************************************,CD,Y,2026-07-04T05:17:21Z
VASC000000311718,2026-07-03T17:39:24Z,VASC202412171855563,出库非标增值（Anker）,OUTBOUND,DE0001,DE Warehouse,16758605,****************************,PD,NULL,NULL
VASC000000311730,2026-07-03T17:56:42Z,VASC202411192250069,库内非标增值（特批）,INHOUSE,DE0001,DE Warehouse,1006177,***************************************,CD,N,2026-07-06T14:32:46Z
VASC000000311733,2026-07-08T17:45:59Z,VASC202411192250069,库内非标增值（特批）,INHOUSE,DEBR2,DEBR2 Warehouse,17294590,***********************,PD,Y,2026-07-07T17:06:38Z
VASC000000311748,2026-07-03T18:28:34Z,VASC202412061826084,Winit 尾程询价服务,OUTBOUND,UKGF,UKGF Warehouse,16643472,**************************,PD,Y,2026-07-03T18:15:41Z
VASC000000311763,2026-07-03T18:23:09Z,VASC202412171855563,出库非标增值（Anker）,OUTBOUND,DE0001,DE Warehouse,16758605,****************************,CD,NULL,NULL
VASC000000311778,2026-07-03T18:47:43Z,VASC202412171855563,出库非标增值（Anker）,OUTBOUND,UKGF,UKGF Warehouse,16643472,**************************,PD,NULL,NULL
VASC000000311787,2026-07-06T10:00:30Z,VASC202412061826084,Winit 尾程询价服务,OUTBOUND,EWD,AU Warehouse,18778484,**************************,PD,Y,2026-07-06T07:08:09Z
VASC000000311808,2026-07-03T20:28:40Z,VASC202412171855563,出库非标增值（Anker）,OUTBOUND,UKGF,UKGF Warehouse,16643472,**************************,PD,NULL,NULL
VASC000000311814,2026-07-03T20:47:16Z,VASC202412171855563,出库非标增值（Anker）,OUTBOUND,UKGF,UKGF Warehouse,16643472,**************************,PD,NULL,NULL
VASC000000311820,2026-07-03T20:57:29Z,VASC202412061826084,Winit 尾程询价服务,OUTBOUND,UKGF,UKGF Warehouse,16643472,**************************,CD,Y,2026-07-04T00:42:07Z
VASC000000311826,2026-07-03T20:59:13Z,VASC202412171855563,出库非标增值（Anker）,OUTBOUND,UKGF,UKGF Warehouse,16643472,**************************,PD,NULL,NULL
VASC000000311850,2026-07-03T21:24:08Z,VASC202412061826084,Winit 尾程询价服务,OUTBOUND,UKGF,UKGF Warehouse,16643472,**************************,CD,Y,2026-07-06T18:29:28Z
VASC000000312108,2026-07-04T17:39:59Z,VASC202412061826084,Winit 尾程询价服务,OUTBOUND,US0001,USWC Warehouse,17916113,*********,PD,Y,2026-07-04T12:25:10Z
VASC000000312144,2026-07-06T18:31:21Z,VASC202411192246131,入库非标增值（特批）,UNUSUAL,USWC5,USWC5 Warehouse,19949116,***************************************,PD,Y,2026-07-06T18:16:21Z
VASC000000312162,2026-07-07T09:58:00Z,VASC202412061826084,Winit 尾程询价服务,OUTBOUND,UKGF,UKGF Warehouse,16643472,**************************,PD,Y,2026-07-06T18:18:51Z
VASC000000312165,2026-07-04T19:43:54Z,VASC202412171855563,出库非标增值（Anker）,OUTBOUND,UKGF,UKGF Warehouse,16643472,**************************,PD,NULL,NULL
VASC000000312357,2026-07-06T11:26:38Z,VASC202412171855563,出库非标增值（Anker）,OUTBOUND,DENW3,DENW3 Warehouse,16758605,****************************,PD,NULL,NULL
VASC000000312378,2026-07-06T11:59:58Z,VASC202411271721537,入库非标拍照或提供视频,INBOUND,USWC2,USWC2 Warehouse,13620929,************************************************,PD,NULL,NULL
VASC000000312402,2026-07-06T16:10:47Z,VASC202411192246131,入库非标增值（特批）,UNUSUAL,USKY5,USKY5 Warehouse,19937931,*************,CD,Y,2026-07-06T18:10:43Z
VASC000000312441,2026-07-06T14:05:41Z,VASC202510211517514,无主货找回,INHOUSE,UKGF,UKGF Warehouse,19873041,*********************************************,PD,NULL,NULL
VASC000000312498,2026-07-06T14:24:40Z,VASC202412171855563,出库非标增值（Anker）,OUTBOUND,DEBR2,DEBR2 Warehouse,16757165,****************************,PD,NULL,NULL
VASC000000312504,2026-07-07T09:34:37Z,VASC202411192246131,入库非标增值（特批）,INBOUND,USGA,USGA Warehouse,19733794,******************************,PD,Y,2026-07-06T18:34:16Z
VASC000000312543,2026-07-10T15:24:50Z,VASC202412061826084,Winit 尾程询价服务,OUTBOUND,CATO,CATO Warehouse,18475933,******************,PD,Y,2026-07-07T23:43:43Z
VASC000000312546,2026-07-06T16:12:15Z,VASC202411192229072,库内非标增值（免审核）,INHOUSE,US0001,USWC Warehouse,10010268,*********************************,ES,NULL,NULL
VASC000000312579,2026-07-07T17:25:06Z,VASC202411192250069,库内非标增值（特批）,UNUSUAL,USGA,USGA Warehouse,18513540,**********************,PD,Y,2026-07-07T16:56:58Z
VASC000000312600,2026-07-06T15:46:42Z,VASC202411192253186,出庫非標增值（特批）,OUTBOUND,US0001,USWC Warehouse,19771798,******************************************,CD,N,2026-07-06T20:13:43Z
VASC000000312603,2026-07-06T16:47:10Z,VASC202411192250069,库内非标增值（特批）,INHOUSE,DENW3,DENW3 Warehouse,16758605,****************************,CD,Y,2026-07-06T16:45:21Z
VASC000000312615,2026-07-06T16:13:57Z,VASC202411192250069,库内非标增值（特批）,INHOUSE,DEBR2,DEBR2 Warehouse,10002589,***************************************,PD,Y,2026-07-06T15:50:39Z
VASC000000312618,2026-07-06T19:26:43Z,VASC202411192250069,库内非标增值（特批）,INHOUSE,DEBR2,DEBR2 Warehouse,16757165,****************************,PD,Y,2026-07-06T19:24:47Z
VASC000000312624,2026-07-06T16:01:28Z,VASC202412171855563,出库非标增值（Anker）,OUTBOUND,DE0001,DE Warehouse,16758605,****************************,CD,NULL,NULL
VASC000000312630,2026-07-09T13:16:04Z,VASC202412061826084,Winit 尾程询价服务,OUTBOUND,USNJ2,USNJ2 Warehouse,19638637,*********************************,PD,Y,2026-07-07T02:16:49Z
VASC000000312636,2026-07-20T17:08:36Z,VASC202412111838036,非标收费,INHOUSE,UKGF,UKGF Warehouse,16643472,**************************,PD,Y,2026-07-20T17:08:36Z
VASC000000312645,2026-07-06T16:21:48Z,VASC202412171855563,出库非标增值（Anker）,OUTBOUND,DE0001,DE Warehouse,16758605,****************************,PD,NULL,NULL
VASC000000312663,2026-07-06T17:34:10Z,VASC202411192250069,库内非标增值（特批）,INHOUSE,USNJ2,USNJ2 Warehouse,18513540,**********************,PD,Y,2026-07-06T17:20:32Z
VASC000000312678,2026-07-08T16:14:53Z,VASC202411192250069,库内非标增值（特批）,INHOUSE,DENW3,DENW3 Warehouse,16758605,****************************,PD,Y,2026-07-06T16:57:22Z
VASC000000312681,2026-07-06T17:01:39Z,VASC202510151802079,审核出库单,OUTBOUND,DENW3,DENW3 Warehouse,16758605,****************************,PD,NULL,NULL
VASC000000312684,2026-07-06T17:02:06Z,VASC202510151802079,审核出库单,OUTBOUND,DENW3,DENW3 Warehouse,16758605,****************************,PD,NULL,NULL
VASC000000312687,2026-07-06T17:03:22Z,VASC202510151802079,审核出库单,OUTBOUND,DENW3,DENW3 Warehouse,16758605,****************************,PD,NULL,NULL
VASC000000312690,2026-07-06T17:11:42Z,VASC202510151802079,审核出库单,OUTBOUND,DEBR2,DEBR2 Warehouse,17306226,************************,PD,NULL,NULL
VASC000000312693,2026-07-06T17:23:39Z,VASC202503241851333,出库商品拆包取配件服务,OUTBOUND,DEBR2,DEBR2 Warehouse,17227353,***********************,PD,NULL,NULL
VASC000000312699,2026-07-06T17:45:04Z,VASC202412061826084,Winit 尾程询价服务,OUTBOUND,USNJ2,USNJ2 Warehouse,19638637,*********************************,CD,Y,2026-07-07T02:15:40Z
VASC000000312708,2026-07-06T17:52:14Z,VASC202510151802079,审核出库单,OUTBOUND,USNJ2,USNJ2 Warehouse,18513540,**********************,PD,NULL,NULL
VASC000000312735,2026-07-06T18:10:42Z,VASC202412061826084,Winit 尾程询价服务,OUTBOUND,USKY3,USKY3 Warehouse,16585492,**************************,CD,Y,2026-07-06T23:31:16Z
VASC000000312738,2026-07-06T18:18:30Z,VASC202412061826084,Winit 尾程询价服务,OUTBOUND,USNJ2,USNJ2 Warehouse,19638637,*********************************,CD,Y,2026-07-07T02:19:24Z
VASC000000312741,2026-07-07T09:22:14Z,VASC202411192246131,入库非标增值（特批）,UNUSUAL,USGA,USGA Warehouse,17707712,************************************,PD,Y,2026-07-06T19:06:57Z
VASC000000312744,2026-07-06T18:26:11Z,VASC202411192246131,入库非标增值（特批）,UNUSUAL,USKY3,USKY3 Warehouse,19376789,*********************************,CD,Y,2026-07-08T15:17:18Z
VASC000000312747,2026-07-06T18:29:22Z,VASC202412171855563,出库非标增值（Anker）,OUTBOUND,DE0001,DE Warehouse,16758605,****************************,PD,NULL,NULL
VASC000000312750,2026-07-06T18:30:42Z,VASC202412171855563,出库非标增值（Anker）,OUTBOUND,DE0001,DE Warehouse,16758605,****************************,PD,NULL,NULL
VASC000000312753,2026-07-06T18:30:49Z,VASC202412061826084,Winit 尾程询价服务,OUTBOUND,USNJ2,USNJ2 Warehouse,19638637,*********************************,CD,Y,2026-07-07T02:01:55Z
VASC000000312759,2026-07-07T09:21:33Z,VASC202411192246131,入库非标增值（特批）,UNUSUAL,USGA,USGA Warehouse,17707712,************************************,PD,Y,2026-07-06T19:12:53Z
VASC000000312774,2026-07-06T19:32:42Z,VASC202510151802079,审核出库单,OUTBOUND,DEBR2,DEBR2 Warehouse,16757165,****************************,PD,NULL,NULL
VASC000000312810,2026-07-09T18:46:14Z,VASC202411192240522,上架前自提,UNUSUAL,DE0001,DE Warehouse,17615733,**************************************,PD,NULL,NULL
VASC000000312993,2026-07-07T06:26:50Z,VASC202411192253186,出库非标增值（特批）,OUTBOUND,US0001,USWC Warehouse,12285520,*********,CD,N,2026-07-07T14:10:24Z
VASC000000313041,2026-07-08T11:00:06Z,VASC202411192250069,库内非标增值（特批）,INHOUSE,DEBR2,DEBR2 Warehouse,16958250,*************,PD,Y,2026-07-07T15:32:01Z
VASC000000313050,2026-07-07T10:03:26Z,VASC202411192250069,库内非标增值（特批）,INHOUSE,UKTW,UKTW Warehouse,16176995,******************************,CD,N,2026-07-08T15:19:55Z
VASC000000313104,2026-07-08T09:21:11Z,VASC202411192246131,入库非标增值（特批）,INBOUND,US0001,USWC Warehouse,13947840,********************,PD,Y,2026-07-07T20:01:19Z
VASC000000313119,2026-07-07T10:49:19Z,VASC202411271721537,入库非标拍照或提供视频,INBOUND,DEBR2,DEBR2 Warehouse,11109517,************************************,ES,NULL,NULL
VASC000000313131,2026-07-07T11:07:57Z,VASC202412171855563,出库非标增值（Anker）,OUTBOUND,DE0001,DE Warehouse,16758605,****************************,PD,NULL,NULL
VASC000000313170,2026-07-07T11:21:54Z,VASC202412171855563,出库非标增值（Anker）,OUTBOUND,DE0001,DE Warehouse,16758605,****************************,PD,NULL,NULL
VASC000000313179,2026-07-08T16:31:23Z,VASC202412061826084,Winit 尾程询价服务,OUTBOUND,EWD,AU Warehouse,10011506,***************************************,PD,Y,2026-07-07T12:20:29Z
VASC000000313182,2026-07-07T11:45:57Z,VASC202411192246131,入库非标增值（特批）,UNUSUAL,USKY3,USKY3 Warehouse,19376789,*********************************,CD,Y,2026-07-08T15:02:41Z
VASC000000313200,2026-07-08T13:19:30Z,VASC202411192246131,入库非标增值（特批）,UNUSUAL,DEBR2,DEBR2 Warehouse,19884444,*********************************,PD,Y,2026-07-07T17:54:30Z
VASC000000313224,2026-07-08T14:12:45Z,VASC202411192246131,入库非标增值（特批）,UNUSUAL,DEBR2,DEBR2 Warehouse,16758605,****************************,PD,Y,2026-07-07T20:05:55Z
VASC000000313236,2026-07-07T13:45:30Z,VASC202411192253186,出库非标增值（特批）,OUTBOUND,DEBR2,DEBR2 Warehouse,17922832,**********************,CD,NULL,NULL
VASC000000313260,2026-07-08T17:49:56Z,VASC202605251438175,代理清关(非标),OUTBOUND,DEBR2,DEBR2 Warehouse,16958250,*************,PD,Y,2026-07-08T17:49:55Z
VASC000000313293,2026-07-08T15:13:22Z,VASC202411192246131,入库非标增值（特批）,UNUSUAL,EWD,AU Warehouse,10003946,**********************,PD,Y,2026-07-07T18:13:18Z
VASC000000313296,2026-07-07T14:43:40Z,VASC202411192246131,入库非标增值（特批）,UNUSUAL,DEBR2,DEBR2 Warehouse,19263669,******************************,CD,NULL,NULL
VASC000000313320,2026-07-08T10:47:08Z,VASC202411192250069,库内非标增值（特批）,INHOUSE,USNJ2,USNJ2 Warehouse,18513540,**********************,CD,Y,2026-07-08T10:35:00Z
VASC000000313377,2026-07-09T09:03:16Z,VASC202411192246131,入库非标增值（特批）,UNUSUAL,DEBR2,DEBR2 Warehouse,19263669,******************************,PD,Y,2026-07-07T20:11:00Z
VASC000000313380,2026-07-08T09:21:35Z,VASC202411192246131,入库非标增值（特批）,INBOUND,DEBR2,DEBR2 Warehouse,1004082,***************************************,PD,Y,2026-07-07T20:46:10Z
VASC000000313383,2026-07-07T15:05:16Z,VASC202411192253186,出库非标增值（特批）,OUTBOUND,DEBR2,DEBR2 Warehouse,17922832,**********************,CD,NULL,NULL
VASC000000313416,2026-07-07T15:11:15Z,VASC202411192246131,入库非标增值（特批）,INBOUND,EWD,AU Warehouse,10003946,**********************,CD,Y,2026-07-08T20:35:02Z
VASC000000313431,2026-07-07T15:19:39Z,VASC202411192250069,库内非标增值（特批）,INHOUSE,USWC2,USWC2 Warehouse,19729300,******,CD,NULL,NULL
VASC000000313446,2026-07-07T15:33:32Z,VASC202412111838036,非标收费,INHOUSE,UKGF,UKGF Warehouse,16643472,**************************,PD,Y,2026-07-07T15:33:32Z
VASC000000313455,2026-07-07T18:48:37Z,VASC202411192246131,入库非标增值（特批）,UNUSUAL,USTX,USTX Warehouse,19104098,***************,ES,Y,2026-07-07T18:17:54Z
VASC000000313464,2026-07-07T16:07:54Z,VASC202411192246131,入库非标增值（特批）,UNUSUAL,USGA,USGA Warehouse,19296066,******************************,CD,N,2026-07-09T17:07:44Z
VASC000000313476,2026-07-07T15:52:13Z,VASC202411192250069,库内非标增值（特批）,INHOUSE,EWD,AU Warehouse,18996667,******************************,CD,N,2026-07-17T15:13:09Z
VASC000000313491,2026-07-07T16:50:08Z,VASC202412061826084,Winit 尾程询价服务,OUTBOUND,UKGF,UKGF Warehouse,16643472,**************************,PD,Y,2026-07-07T16:21:25Z
VASC000000313497,2026-07-08T14:28:00Z,VASC202411192250069,库内非标增值（特批）,INHOUSE,DENW3,DENW3 Warehouse,16758605,****************************,PD,Y,2026-07-08T10:13:42Z
VASC000000313506,2026-07-07T19:37:16Z,VASC202411192250069,库内非标增值（特批）,INHOUSE,US0001,USWC Warehouse,13947840,********************,ES,Y,2026-07-07T18:12:52Z
VASC000000313524,2026-07-07T16:33:38Z,VASC202411192253186,出库非标增值（特批）,OUTBOUND,DEBR2,DEBR2 Warehouse,18513540,**********************,CD,NULL,NULL
VASC000000313542,2026-07-08T14:12:21Z,VASC202411192246131,入库非标增值（特批）,UNUSUAL,DENW3,DENW3 Warehouse,16758605,****************************,PD,Y,2026-07-07T20:14:59Z
VASC000000313551,2026-07-07T16:40:06Z,VASC202411192250069,库内非标增值（特批）,INHOUSE,USWC2,USWC2 Warehouse,19729300,******,CD,Y,2026-07-08T15:16:40Z
VASC000000313572,2026-07-07T17:18:44Z,VASC202412061826084,Winit 尾程询价服务,OUTBOUND,UKGF,UKGF Warehouse,16643472,**************************,PD,Y,2026-07-07T17:17:49Z
VASC000000313629,2026-07-07T18:06:50Z,VASC202411192253186,出库非标增值（特批）,OUTBOUND,DEBR2,DEBR2 Warehouse,18513540,**********************,CD,NULL,NULL
VASC000000313632,2026-07-09T13:15:38Z,VASC202412061826084,Winit 尾程询价服务,OUTBOUND,USGA,USGA Warehouse,19638637,*********************************,PD,Y,2026-07-08T03:03:29Z
VASC000000313704,2026-07-07T18:07:10Z,VASC202412061826084,Winit 尾程询价服务,OUTBOUND,USKY3,USKY3 Warehouse,19084110,******,CD,Y,2026-07-07T23:24:12Z
VASC000000313716,2026-07-07T18:09:57Z,VASC202412171855563,出库非标增值（Anker）,OUTBOUND,DE0001,DE Warehouse,16758605,****************************,PD,NULL,NULL
VASC000000313725,2026-07-07T18:11:03Z,VASC202411192253186,出库非标增值（特批）,OUTBOUND,DEBR2,DEBR2 Warehouse,18513540,**********************,CD,NULL,NULL
VASC000000313734,2026-07-07T18:18:13Z,VASC202411192253186,出库非标增值（特批）,OUTBOUND,DEBR2,DEBR2 Warehouse,18513540,**********************,CD,Y,2026-07-07T20:22:37Z
VASC000000313740,2026-07-07T18:32:24Z,VASC202411192229072,库内非标增值（免审核）,INHOUSE,USKY3,USKY3 Warehouse,15771185,************************************,PD,NULL,NULL
VASC000000313746,2026-07-07T18:46:40Z,VASC202411192240522,上架前自提,UNUSUAL,UKTW,UKTW Warehouse,18087443,**************************,CD,NULL,NULL
VASC000000313752,2026-07-07T18:36:33Z,VASC202412171855563,出库非标增值（Anker）,OUTBOUND,DE0001,DE Warehouse,16758605,****************************,PD,NULL,NULL
VASC000000313758,2026-07-07T23:02:36Z,VASC202411192246131,入库非标增值（特批）,UNUSUAL,USWC2,USWC2 Warehouse,19754924,****************************,PD,Y,2026-07-07T19:11:15Z
VASC000000313770,2026-07-07T19:14:32Z,VASC202412171855563,出库非标增值（Anker）,OUTBOUND,DE0001,DE Warehouse,16758605,****************************,CD,NULL,NULL
VASC000000313773,2026-07-07T19:19:06Z,VASC202411192240522,上架前自提,UNUSUAL,UKTW,UKTW Warehouse,18087443,**************************,PD,NULL,NULL
VASC000000313776,2026-07-07T19:32:19Z,VASC202412171855563,出库非标增值（Anker）,OUTBOUND,DE0001,DE Warehouse,16758605,****************************,PD,NULL,NULL
VASC000000313779,2026-07-07T19:47:40Z,VASC202412171855563,出库非标增值（Anker）,OUTBOUND,DEBR2,DEBR2 Warehouse,16757165,****************************,PD,NULL,NULL
VASC000000313791,2026-07-08T15:54:39Z,VASC202411192250069,库内非标增值（特批）,INHOUSE,US0001,USWC Warehouse,19173941,************************,CD,Y,2026-07-07T21:02:25Z
VASC000000313803,2026-07-07T21:25:09Z,VASC202411192253186,出库非标增值（特批）,OUTBOUND,DEBR2,DEBR2 Warehouse,18513540,**********************,PD,Y,2026-07-07T20:44:15Z
VASC000000313899,2026-07-08T23:11:45Z,VASC202411192246131,入库非标增值（特批）,INBOUND,USKY5,USKY5 Warehouse,19606505,*****************,PD,Y,2026-07-08T19:32:40Z
VASC000000313908,2026-07-08T08:46:36Z,VASC202412061826084,Winit 尾程询价服务,OUTBOUND,USGA,USGA Warehouse,18108031,******************************,CD,Y,2026-07-08T23:24:53Z
VASC000000313911,2026-07-08T08:54:06Z,VASC202412061826084,Winit 尾程询价服务,OUTBOUND,USNJ2,USNJ2 Warehouse,18108031,******************************,CD,NULL,NULL
VASC000000313932,2026-07-08T09:41:38Z,VASC202411192240522,上架前自提,UNUSUAL,US0001,USWC Warehouse,13947840,********************,PD,NULL,NULL
VASC000000313947,2026-07-08T10:30:12Z,VASC202412171855563,出库非标增值（Anker）,OUTBOUND,DEBR2,DEBR2 Warehouse,16757165,****************************,PD,NULL,NULL
VASC000000313956,2026-07-08T11:08:33Z,VASC202411192229072,库内非标增值（免审核）,INHOUSE,USKY3,USKY3 Warehouse,14736138,******************************************,PD,NULL,NULL
VASC000000313959,2026-07-10T11:12:57Z,VASC202411192250069,库内非标增值（特批）,INHOUSE,UKGF,UKGF Warehouse,16643472,**************************,PD,Y,2026-07-08T21:24:38Z
VASC000000313962,2026-07-08T10:41:23Z,VASC202412171855563,出库非标增值（Anker）,OUTBOUND,UKGF,UKGF Warehouse,16643472,**************************,PD,NULL,NULL
VASC000000313965,2026-07-08T10:42:03Z,VASC202412171855563,出库非标增值（Anker）,OUTBOUND,UKGF,UKGF Warehouse,16643472,**************************,PD,NULL,NULL
VASC000000313974,2026-07-09T17:56:02Z,VASC202411192246131,入库非标增值（特批）,UNUSUAL,USKY3,USKY3 Warehouse,19418197,***************,PD,Y,2026-07-09T17:16:28Z
VASC000000313977,2026-07-08T10:56:37Z,VASC202504071528233,入库清除标签,INBOUND,US0001,USWC Warehouse,13947840,********************,PD,NULL,NULL
VASC000000313986,2026-07-09T18:35:39Z,VASC202411192246131,入库非标增值（特批）,INBOUND,US0001,USWC Warehouse,13947840,********************,PD,Y,2026-07-09T17:19:56Z
VASC000000314001,2026-07-08T11:56:50Z,VASC202411192250069,库内非标增值（特批）,INHOUSE,USNJ2,USNJ2 Warehouse,18513540,**********************,PD,Y,2026-07-08T11:44:22Z
VASC000000314004,2026-07-08T11:10:33Z,VASC202510151802079,审核出库单,OUTBOUND,UKGF,UKGF Warehouse,17806402,*****************************,PD,NULL,NULL
VASC000000314022,2026-07-09T18:16:22Z,VASC202411192250069,库内非标增值（特批）,INHOUSE,UKGF,UKGF Warehouse,16643472,**************************,PD,Y,2026-07-08T19:52:02Z
VASC000000314043,2026-07-08T11:38:40Z,VASC202411192246131,入库非标增值（特批）,INBOUND,UKGF,UKGF Warehouse,19814650,******************************,CD,NULL,NULL
VASC000000314055,2026-07-08T12:00:51Z,VASC202411192246131,入库非标增值（特批）,UNUSUAL,USKY3,USKY3 Warehouse,13816111,******************************,PD,Y,2026-07-08T11:58:07Z
VASC000000314058,2026-07-09T16:39:33Z,VASC202411192250069,库内非标增值（特批）,INHOUSE,USKY5,USKY5 Warehouse,19978270,******************,PD,Y,2026-07-08T17:44:16Z
VASC000000314061,2026-07-08T11:56:27Z,VASC202411192250069,库内非标增值（特批）,INHOUSE,US0001,USWC Warehouse,17963486,*****************************************,CD,Y,2026-07-08T17:48:08Z
VASC000000314064,2026-07-09T19:45:19Z,VASC202412061826084,Winit 尾程询价服务,OUTBOUND,UKGF,UKGF Warehouse,16643472,**************************,PD,Y,2026-07-09T00:40:44Z
VASC000000314079,2026-07-09T19:47:58Z,VASC202412061826084,Winit 尾程询价服务,OUTBOUND,UKGF,UKGF Warehouse,16643472,**************************,PD,Y,2026-07-09T01:02:14Z
VASC000000314094,2026-07-08T12:36:45Z,VASC202504071528233,入库清除标签,INBOUND,US0001,USWC Warehouse,13947840,********************,PD,NULL,NULL
VASC000000314100,2026-07-08T16:59:56Z,VASC202411192246131,入库非标增值（特批）,INBOUND,US0001,USWC Warehouse,10010644,******************************,PD,Y,2026-07-08T16:32:38Z
VASC000000314115,2026-07-08T13:47:43Z,VASC202412171855563,出库非标增值（Anker）,OUTBOUND,DE0001,DE Warehouse,16758605,****************************,PD,NULL,NULL
VASC000000314139,2026-07-08T14:04:01Z,VASC202411192250069,库内非标增值（特批）,INHOUSE,DENW3,DENW3 Warehouse,20056441,****************,CD,N,2026-07-08T21:20:37Z
VASC000000314145,2026-07-08T14:04:00Z,VASC202412171855563,出库非标增值（Anker）,OUTBOUND,DE0001,DE Warehouse,16758605,****************************,PD,NULL,NULL
VASC000000314154,2026-07-08T14:58:51Z,VASC202411192250069,库内非标增值（特批）,INHOUSE,EWD,AU Warehouse,16877181,*********************************,CD,NULL,NULL
VASC000000314169,2026-07-08T14:17:57Z,VASC202412171855563,出库非标增值（Anker）,OUTBOUND,DE0001,DE Warehouse,16758605,****************************,PD,NULL,NULL
VASC000000314187,2026-07-08T14:26:24Z,VASC202412171855563,出库非标增值（Anker）,OUTBOUND,DE0001,DE Warehouse,16758605,****************************,PD,NULL,NULL
VASC000000314190,2026-07-09T20:00:20Z,VASC202605251438175,代理清关(非标),OUTBOUND,DEBR2,DEBR2 Warehouse,16958250,*************,PD,Y,2026-07-09T20:00:19Z
VASC000000314193,2026-07-09T19:46:00Z,VASC202605251438175,代理清关(非标),OUTBOUND,DEBR2,DEBR2 Warehouse,16958250,*************,PD,Y,2026-07-09T19:46:00Z
VASC000000314196,2026-07-09T20:13:26Z,VASC202605251438175,代理清关(非标),OUTBOUND,DEBR2,DEBR2 Warehouse,16958250,*************,PD,Y,2026-07-09T20:13:25Z
VASC000000314199,2026-07-09T20:15:19Z,VASC202605251438175,代理清关(非标),OUTBOUND,DEBR2,DEBR2 Warehouse,16958250,*************,PD,Y,2026-07-09T20:15:19Z
VASC000000314202,2026-07-09T20:06:03Z,VASC202605251438175,代理清关(非标),OUTBOUND,DEBR2,DEBR2 Warehouse,16958250,*************,PD,Y,2026-07-09T20:06:03Z
VASC000000314205,2026-07-09T19:45:08Z,VASC202605251438175,代理清关(非标),OUTBOUND,DEBR2,DEBR2 Warehouse,16958250,*************,PD,Y,2026-07-09T19:45:07Z
VASC000000314208,2026-07-09T19:44:14Z,VASC202605251438175,代理清关(非标),OUTBOUND,DEBR2,DEBR2 Warehouse,16958250,*************,PD,Y,2026-07-09T19:44:14Z
VASC000000314223,2026-07-08T14:51:09Z,VASC202412171855563,出库非标增值（Anker）,OUTBOUND,UKGF,UKGF Warehouse,16643472,**************************,PD,NULL,NULL
VASC000000314238,2026-07-08T15:04:29Z,VASC202411192250069,库内非标增值（特批）,INHOUSE,EWD,AU Warehouse,16877181,*********************************,CD,Y,2026-07-08T21:15:13Z
VASC000000314274,2026-07-08T15:24:18Z,VASC202510151802079,审核出库单,OUTBOUND,DEBR2,DEBR2 Warehouse,16958250,*************,PD,NULL,NULL
VASC000000314277,2026-07-20T17:09:11Z,VASC202412111838036,非标收费,INHOUSE,UKGF,UKGF Warehouse,16643472,**************************,PD,Y,2026-07-20T17:09:11Z
VASC000000314280,2026-07-08T15:39:35Z,VASC202411271721537,入库非标拍照或提供视频,INBOUND,UKTW,UKTW Warehouse,16640156,******************************************,CD,NULL,NULL
VASC000000314289,2026-07-08T15:36:57Z,VASC202510151802079,审核出库单,OUTBOUND,DEBR2,DEBR2 Warehouse,16958250,*************,PD,NULL,NULL
VASC000000314343,2026-07-10T13:47:30Z,VASC202411192250069,库内非标增值（特批）,INHOUSE,DEBR2,DEBR2 Warehouse,17615733,**************************************,PD,Y,2026-07-09T20:52:26Z
VASC000000314355,2026-07-09T09:06:47Z,VASC202412061826084,Winit 尾程询价服务,OUTBOUND,EWD,AU Warehouse,18778484,**************************,PD,Y,2026-07-09T07:28:04Z
VASC000000314373,2026-07-10T09:48:21Z,VASC202411192250069,库内非标增值（特批）,INHOUSE,UKTW,UKTW Warehouse,16176995,******************************,PD,Y,2026-07-09T20:41:43Z
VASC000000314388,2026-07-10T15:08:34Z,VASC202412061826084,Winit 尾程询价服务,OUTBOUND,UKGF,UKGF Warehouse,19263669,******************************,PD,Y,2026-07-09T19:16:02Z
VASC000000314394,2026-07-10T15:12:38Z,VASC202412061826084,Winit 尾程询价服务,OUTBOUND,EWD,AU Warehouse,18778484,**************************,PD,Y,2026-07-10T07:17:11Z
VASC000000314427,2026-07-09T09:42:07Z,VASC202411192246131,入库非标增值（特批）,UNUSUAL,USTX,USTX Warehouse,19104098,***************,PD,Y,2026-07-08T18:21:33Z
VASC000000314445,2026-07-08T17:20:37Z,VASC202510211517514,无主货找回,INHOUSE,DE0001,DE Warehouse,17615733,**************************************,PD,NULL,NULL
VASC000000314457,2026-07-08T17:44:51Z,VASC202411192246131,入库非标增值（特批）,INBOUND,USKY3,USKY3 Warehouse,19376789,*********************************,PD,Y,2026-07-08T17:41:59Z
VASC000000314460,2026-07-09T14:08:07Z,VASC202411192246131,入庫非標增值（特批）,UNUSUAL,USKY3,USKY3 Warehouse,17806402,*****************************,PD,Y,2026-07-08T20:13:37Z
VASC000000314469,2026-07-10T15:06:23Z,VASC202412061826084,Winit 尾程询价服务,OUTBOUND,EWD,AU Warehouse,18475933,******************,PD,Y,2026-07-09T07:31:11Z
VASC000000314499,2026-07-08T18:43:04Z,VASC202411192246131,入庫非標增值（特批）,UNUSUAL,USKY3,USKY3 Warehouse,17806402,*****************************,CD,NULL,NULL
VASC000000314505,2026-07-09T19:45:49Z,VASC202412061826084,Winit 尾程询价服务,OUTBOUND,UKGF,UKGF Warehouse,16643472,**************************,PD,Y,2026-07-09T00:34:46Z
VASC000000314508,2026-07-08T18:03:28Z,VASC202412171855563,出库非标增值（Anker）,OUTBOUND,UKGF,UKGF Warehouse,16643472,**************************,PD,NULL,NULL
VASC000000314517,2026-07-09T12:26:10Z,VASC202411192246131,入库非标增值（特批）,INBOUND,UKGF,UKGF Warehouse,19814650,******************************,CD,NULL,NULL
VASC000000314520,2026-07-09T12:25:20Z,VASC202411192246131,入库非标增值（特批）,INBOUND,UKGF,UKGF Warehouse,19814650,******************************,CD,NULL,NULL
VASC000000314523,2026-07-09T12:24:38Z,VASC202411192246131,入库非标增值（特批）,INBOUND,UKGF,UKGF Warehouse,19814650,******************************,CD,NULL,NULL
VASC000000314538,2026-07-09T11:31:33Z,VASC202412061826084,Winit 尾程询价服务,OUTBOUND,UKTW,UKTW Warehouse,18087443,**************************,PD,Y,2026-07-08T20:27:00Z
VASC000000314544,2026-07-08T18:46:00Z,VASC202412171855563,出库非标增值（Anker）,OUTBOUND,DE0001,DE Warehouse,16758605,****************************,PD,NULL,NULL
VASC000000314550,2026-07-08T19:00:49Z,VASC202412171855563,出库非标增值（Anker）,OUTBOUND,DE0001,DE Warehouse,16758605,****************************,PD,NULL,NULL
VASC000000314553,2026-07-09T09:42:01Z,VASC202411192246131,入库非标增值（特批）,UNUSUAL,USWC5,USWC5 Warehouse,19104098,***************,PD,Y,2026-07-08T20:28:05Z
VASC000000314556,2026-07-08T19:02:24Z,VASC202412171855563,出库非标增值（Anker）,OUTBOUND,DE0001,DE Warehouse,16758605,****************************,CD,NULL,NULL
VASC000000314559,2026-07-08T19:08:16Z,VASC202412061826084,Winit 尾程询价服务,OUTBOUND,DEBR2,DEBR2 Warehouse,17922832,**********************,CD,N,2026-07-08T19:37:57Z
VASC000000314562,2026-07-08T19:08:39Z,VASC202412171855563,出库非标增值（Anker）,OUTBOUND,DE0001,DE Warehouse,16758605,****************************,PD,NULL,NULL
VASC000000314565,2026-07-08T19:19:06Z,VASC202412171855563,出库非标增值（Anker）,OUTBOUND,DENW3,DENW3 Warehouse,16758605,****************************,PD,NULL,NULL
VASC000000314571,2026-07-08T19:43:14Z,VASC202411192229072,库内非标增值（免审核）,INHOUSE,US0001,USWC Warehouse,13947840,********************,ES,NULL,NULL
VASC000000314628,2026-07-08T21:27:21Z,VASC202412111831129,新单上架（客户提供预报单）,UNUSUAL,USKY3,USKY3 Warehouse,16479229,******************************************,PD,NULL,NULL
VASC000000314631,2026-07-09T17:04:36Z,VASC202411192250069,库内非标增值（特批）,INHOUSE,EWD,AU Warehouse,16877181,*********************************,PD,Y,2026-07-08T21:31:44Z
VASC000000314643,2026-07-11T00:25:40Z,VASC202411192246131,入库非标增值（特批）,INBOUND,USKY5,USKY5 Warehouse,19606505,*****************,PD,Y,2026-07-10T10:45:07Z
VASC000000314688,2026-07-09T09:53:40Z,VASC202411271721537,入库非标拍照或提供视频,INBOUND,USKY3,USKY3 Warehouse,14081998,*********************,PD,NULL,NULL
VASC000000314691,2026-07-09T11:56:52Z,VASC202412061826084,Winit 尾程询价服务,OUTBOUND,USKY3,USKY3 Warehouse,16585492,**************************,PD,Y,2026-07-09T11:18:08Z
VASC000000314745,2026-07-09T10:21:13Z,VASC202510151802079,审核出库单,OUTBOUND,US0001,USWC Warehouse,19173941,************************,PD,NULL,NULL
VASC000000314760,2026-07-09T17:06:47Z,VASC202411192250069,库内非标增值（特批）,UNUSUAL,DEBR2,DEBR2 Warehouse,11106073,***************************************,PD,Y,2026-07-09T16:57:38Z
VASC000000314790,2026-07-09T10:42:33Z,VASC202412061826084,Winit 尾程询价服务,OUTBOUND,USNJ2,USNJ2 Warehouse,19638637,*********************************,CD,NULL,NULL
VASC000000314811,2026-07-09T10:54:27Z,VASC202411192250069,库内非标增值（特批）,INHOUSE,DEBR2,DEBR2 Warehouse,11934292,************************************,CD,N,2026-07-10T11:25:09Z
VASC000000314832,2026-07-10T10:54:36Z,VASC202411192250069,库内非标增值（特批）,UNUSUAL,US0001,USWC Warehouse,13947840,********************,PD,Y,2026-07-09T21:13:11Z
VASC000000314862,2026-07-09T11:07:56Z,VASC202411192246131,入库非标增值（特批）,INBOUND,USGA,USGA Warehouse,19220548,************************************,CD,NULL,NULL
VASC000000314886,2026-07-23T11:17:35Z,VASC202411192246131,入库非标增值（特批）,INBOUND,DENW3,DENW3 Warehouse,20056441,****************,PD,Y,2026-07-16T21:48:00Z
VASC000000314898,2026-07-10T15:08:40Z,VASC202412061826084,Winit 尾程询价服务,OUTBOUND,UKGF,UKGF Warehouse,19263669,******************************,PD,Y,2026-07-09T19:11:48Z
VASC000000314949,2026-07-09T12:05:34Z,VASC202411192246131,入库非标增值（特批）,UNUSUAL,DEBR2,DEBR2 Warehouse,19884444,************************************,CD,N,2026-07-16T21:45:05Z
VASC000000314955,2026-07-09T12:02:33Z,VASC202411192246131,入库非标增值（特批）,INBOUND,DEBR2,DEBR2 Warehouse,16757165,****************************,WA,NULL,NULL
VASC000000314976,2026-07-13T19:38:57Z,VASC202411192246131,入库非标增值（特批）,UNUSUAL,USWC2,USWC2 Warehouse,19376789,*********************************,PD,Y,2026-07-13T19:37:47Z
VASC000000314979,2026-07-13T19:44:46Z,VASC202411192246131,入库非标增值（特批）,UNUSUAL,USWC2,USWC2 Warehouse,19376789,*********************************,PD,Y,2026-07-13T19:41:21Z
VASC000000314988,2026-07-09T12:32:42Z,VASC202412171855563,出库非标增值（Anker）,OUTBOUND,DE0001,DE Warehouse,16758605,****************************,PD,NULL,NULL
VASC000000315000,2026-07-10T09:26:10Z,VASC202411192246131,入库非标增值（特批）,UNUSUAL,USWC5,USWC5 Warehouse,19104098,***************,PD,Y,2026-07-09T20:14:41Z
VASC000000315042,2026-07-09T15:03:41Z,VASC202411192246131,入库非标增值（特批）,UNUSUAL,USKY3,USKY3 Warehouse,19376789,*********************************,PD,Y,2026-07-09T14:38:36Z
VASC000000315048,2026-07-13T10:17:48Z,VASC202412061826084,Winit 尾程询价服务,OUTBOUND,USNJ2,USNJ2 Warehouse,19638637,*********************************,PD,Y,2026-07-10T23:03:07Z
VASC000000315054,2026-07-10T14:21:35Z,VASC202411192246131,入库非标增值（特批）,UNUSUAL,USWC2,USWC2 Warehouse,17100894,******************************,PD,Y,2026-07-09T20:24:55Z
VASC000000315057,2026-07-09T14:46:36Z,VASC202411192246131,入库非标增值（特批）,INBOUND,USWC5,USWC5 Warehouse,20100877,*********,CD,NULL,NULL
VASC000000315075,2026-07-10T18:25:17Z,VASC202605251438175,代理清关(非标),OUTBOUND,DEBR2,DEBR2 Warehouse,16958250,*************,PD,Y,2026-07-10T18:25:17Z
VASC000000315078,2026-07-10T18:05:41Z,VASC202605251438175,代理清关(非标),OUTBOUND,DEBR2,DEBR2 Warehouse,16958250,*************,PD,Y,2026-07-10T18:05:40Z
VASC000000315081,2026-07-10T20:38:36Z,VASC202411192240522,上架前自提,UNUSUAL,DENW3,DENW3 Warehouse,20056441,****************,CD,NULL,NULL
VASC000000315084,2026-07-10T18:26:22Z,VASC202605251438175,代理清关(非标),OUTBOUND,DEBR2,DEBR2 Warehouse,16958250,*************,PD,Y,2026-07-10T18:26:22Z
VASC000000315087,2026-07-10T18:27:25Z,VASC202605251438175,代理清关(非标),OUTBOUND,DEBR2,DEBR2 Warehouse,16958250,*************,PD,Y,2026-07-10T18:27:25Z
VASC000000315093,2026-07-09T14:53:38Z,VASC202412171855563,出库非标增值（Anker）,OUTBOUND,DE0001,DE Warehouse,16758605,****************************,PD,NULL,NULL
VASC000000315096,2026-07-09T14:58:58Z,VASC202411192253186,出库非标增值（特批）,OUTBOUND,USNJ2,USNJ2 Warehouse,18513540,**********************,CD,NULL,NULL
VASC000000315117,2026-07-09T15:08:47Z,VASC202411192229072,库内非标增值（免审核）,INHOUSE,USTX,USTX Warehouse,19118186,************************,PD,NULL,NULL
VASC000000315123,2026-07-09T15:03:16Z,VASC202412171855563,出库非标增值（Anker）,OUTBOUND,DE0001,DE Warehouse,16758605,****************************,PD,NULL,NULL
VASC000000315135,2026-07-09T15:41:58Z,VASC202411192246131,入库非标增值（特批）,UNUSUAL,USKY5,USKY5 Warehouse,19762641,************************************,CD,Y,2026-07-09T20:54:16Z
VASC000000315153,2026-07-09T15:26:13Z,VASC202411192240522,上架前自提,UNUSUAL,USGA,USGA Warehouse,19220548,************************************,CD,NULL,NULL
VASC000000315156,2026-07-09T15:54:59Z,VASC202411192250069,库内非标增值（特批）,INHOUSE,EWD,AU Warehouse,18778484,**************************,PD,Y,2026-07-09T15:25:08Z
VASC000000315159,2026-07-10T14:04:14Z,VASC202411192246131,入库非标增值（特批）,INBOUND,USKY3,USKY3 Warehouse,19376789,*********************************,PD,Y,2026-07-10T12:31:34Z
VASC000000315168,2026-07-09T15:31:17Z,VASC202411192240522,上架前自提,UNUSUAL,USGA,USGA Warehouse,19220548,************************************,CD,NULL,NULL
VASC000000315177,2026-07-09T16:01:18Z,VASC202411271721537,入库非标拍照或提供视频,INBOUND,DEBR2,DEBR2 Warehouse,12453418,************************************,PD,NULL,NULL
VASC000000315183,2026-07-09T15:39:47Z,VASC202411192240522,上架前自提,UNUSUAL,USGA,USGA Warehouse,19220548,************************************,PD,NULL,NULL
VASC000000315204,2026-07-09T15:45:17Z,VASC202411192253186,出库非标增值（特批）,OUTBOUND,USNJ2,USNJ2 Warehouse,18513540,**********************,CD,N,2026-07-09T21:15:56Z
VASC000000315240,2026-07-09T16:33:16Z,VASC202412111831129,新单上架（客户提供预报单）,UNUSUAL,USKY3,USKY3 Warehouse,10005835,**********************,PD,NULL,NULL
VASC000000315243,2026-07-09T16:01:16Z,VASC202411192246131,入库非标增值（特批）,UNUSUAL,DEBR2,DEBR2 Warehouse,16757165,****************************,CD,NULL,NULL
VASC000000315261,2026-07-09T19:22:21Z,VASC202411192246131,入库非标增值（特批）,UNUSUAL,USKY5,USKY5 Warehouse,19937931,*************,PD,Y,2026-07-09T16:48:12Z
VASC000000315264,2026-07-09T22:02:37Z,VASC202411192246131,入库非标增值（特批）,UNUSUAL,USKY5,USKY5 Warehouse,19937931,*************,PD,Y,2026-07-09T16:48:23Z
VASC000000315270,2026-07-09T16:16:58Z,VASC202412061826084,Winit 尾程询价服务,OUTBOUND,USNJ2,USNJ2 Warehouse,19083883,******************************,CD,NULL,NULL
VASC000000315309,2026-07-09T18:31:29Z,VASC202411192250069,库内非标增值（特批）,INHOUSE,USNJ2,USNJ2 Warehouse,19606995,************,CD,N,2026-07-15T17:48:16Z
VASC000000315321,2026-07-09T16:51:38Z,VASC202411271721537,入库非标拍照或提供视频,INBOUND,USKY5,USKY5 Warehouse,10005835,**********************,PD,NULL,NULL
VASC000000315327,2026-07-09T17:01:45Z,VASC202412171855563,出库非标增值（Anker）,OUTBOUND,DEBR2,DEBR2 Warehouse,16757165,****************************,PD,NULL,NULL
VASC000000315357,2026-07-09T17:33:58Z,VASC202411192246131,入库非标增值（特批）,INBOUND,USKY5,USKY5 Warehouse,19640850,******************************,CD,N,2026-07-10T15:24:41Z
VASC000000315363,2026-07-09T17:39:07Z,VASC202411192250069,库内非标增值（特批）,INHOUSE,USNJ2,USNJ2 Warehouse,18513540,**********************,CD,NULL,NULL
VASC000000315369,2026-07-09T17:39:38Z,VASC202411192229072,库内非标增值（免审核）,INHOUSE,DEBR2,DEBR2 Warehouse,18452537,*********************************,PD,NULL,NULL
VASC000000315372,2026-07-09T21:14:51Z,VASC202411192250069,库内非标增值（特批）,INHOUSE,USNJ2,USNJ2 Warehouse,18513540,**********************,PD,Y,2026-07-09T20:28:48Z
VASC000000315381,2026-07-09T17:59:09Z,VASC202411192250069,库内非标增值（特批）,INHOUSE,US0001,USWC Warehouse,11177690,******************************,CD,Y,2026-07-09T21:31:18Z
VASC000000315393,2026-07-10T09:50:29Z,VASC202411192253186,出库非标增值（特批）,OUTBOUND,EWD,AU Warehouse,16675027,************************,ES,Y,2026-07-09T19:28:38Z
VASC000000315396,2026-07-10T17:34:47Z,VASC202411192246131,入庫非標增值（特批）,UNUSUAL,USKY3,USKY3 Warehouse,17806402,*****************************,PD,Y,2026-07-09T21:35:58Z
VASC000000315432,2026-07-09T18:33:38Z,VASC202411192250069,库内非标增值（特批）,INHOUSE,USGA,USGA Warehouse,19606995,************,CD,N,2026-07-15T17:48:28Z
VASC000000315435,2026-07-09T18:39:11Z,VASC202411192250069,库内非标增值（特批）,INHOUSE,USNJ2,USNJ2 Warehouse,19606995,************,CD,Y,2026-07-13T20:24:13Z
VASC000000315450,2026-07-09T18:58:07Z,VASC202412171855563,出库非标增值（Anker）,OUTBOUND,DENW3,DENW3 Warehouse,16758605,****************************,PD,NULL,NULL
VASC000000315468,2026-07-09T19:39:30Z,VASC202411192250069,库内非标增值（特批）,INHOUSE,USTX,USTX Warehouse,19606995,************,CD,N,2026-07-15T17:47:59Z
VASC000000315477,2026-07-09T19:41:17Z,VASC202411192250069,库内非标增值（特批）,INHOUSE,USWC5,USWC5 Warehouse,19606995,************,CD,N,2026-07-15T17:47:40Z
VASC000000315483,2026-07-09T19:40:38Z,VASC202411192246131,入库非标增值（特批）,INBOUND,USWC2,USWC2 Warehouse,19376789,*********************************,CD,Y,2026-07-10T15:11:17Z
VASC000000315504,2026-07-09T23:27:56Z,VASC202510151802079,审核出库单,OUTBOUND,USNJ2,USNJ2 Warehouse,18513540,**********************,PD,NULL,NULL
VASC000000315510,2026-07-10T11:15:15Z,VASC202411192246131,入库非标增值（特批）,UNUSUAL,USKY3,USKY3 Warehouse,17207782,*********************************,CD,Y,2026-07-10T15:27:34Z
VASC000000315537,2026-07-10T10:21:44Z,VASC202411192246131,入库非标增值（特批）,UNUSUAL,USKY5,USKY5 Warehouse,19762641,************************************,CD,N,2026-07-13T18:34:21Z
VASC000000315591,2026-07-10T10:00:27Z,VASC202411192250069,库内非标增值（特批）,INHOUSE,USWC2,USWC2 Warehouse,19949204,************************************************,CD,N,2026-07-10T18:13:22Z
VASC000000315621,2026-07-10T11:28:34Z,VASC202411192246131,入库非标增值（特批）,UNUSUAL,USGA,USGA Warehouse,19296066,******************************,PD,Y,2026-07-10T11:23:20Z
VASC000000315630,2026-07-13T15:51:47Z,VASC202412061826084,Winit 尾程询价服务,OUTBOUND,UKTW,UKTW Warehouse,12734749,***************************************,PD,Y,2026-07-10T20:44:18Z
VASC000000315633,2026-07-11T14:44:13Z,VASC202412061826084,Winit 尾程询价服务,OUTBOUND,UKTW,UKTW Warehouse,19226389,******************************,PD,Y,2026-07-10T20:48:33Z
VASC000000315657,2026-07-10T12:02:15Z,VASC202411192246131,入库非标增值（特批）,INBOUND,DEBR2,DEBR2 Warehouse,16757165,****************************,ES,Y,2026-07-10T11:57:02Z
VASC000000315669,2026-07-13T10:50:07Z,VASC202411192250069,库内非标增值（特批）,INHOUSE,USKY3,USKY3 Warehouse,17060489,******************************************,PD,Y,2026-07-13T10:41:13Z
VASC000000315687,2026-07-20T17:09:48Z,VASC202412111838036,非标收费,INHOUSE,UKGF,UKGF Warehouse,16643472,**************************,PD,Y,2026-07-20T17:09:48Z
VASC000000315726,2026-07-10T14:41:40Z,VASC202411192246131,入库非标增值（特批）,INBOUND,USWC5,USWC5 Warehouse,20100877,*********,ES,Y,2026-07-10T14:35:56Z
VASC000000315744,2026-07-13T16:16:49Z,VASC202411192250069,库内非标增值（特批）,UNUSUAL,DEBR2,DEBR2 Warehouse,16757165,****************************,PD,Y,2026-07-10T21:06:04Z
VASC000000315750,2026-07-10T12:01:33Z,VASC202411192250069,库内非标增值（特批）,INHOUSE,US0001,USWC Warehouse,13947840,********************,CD,NULL,NULL
VASC000000315753,2026-07-10T12:04:40Z,VASC202411192250069,库内非标增值（特批）,INHOUSE,US0001,USWC Warehouse,13947840,********************,CD,N,2026-07-13T10:57:28Z
VASC000000315774,2026-07-14T11:47:10Z,VASC202411192246131,入库非标增值（特批）,UNUSUAL,USNJ2,USNJ2 Warehouse,19673358,***************************************,PD,Y,2026-07-14T10:40:14Z
VASC000000315777,2026-07-10T13:52:28Z,VASC202510211517514,无主货找回,INHOUSE,USWC5,USWC5 Warehouse,19937304,*********,PD,NULL,NULL
VASC000000315792,2026-07-10T13:49:55Z,VASC202412171855563,出库非标增值（Anker）,OUTBOUND,US0001,USWC Warehouse,13947840,********************,PD,NULL,NULL
VASC000000315798,2026-07-10T13:56:11Z,VASC202412171855563,出库非标增值（Anker）,OUTBOUND,US0001,USWC Warehouse,13947840,********************,PD,NULL,NULL
VASC000000315801,2026-07-10T13:59:40Z,VASC202412171855563,出库非标增值（Anker）,OUTBOUND,US0001,USWC Warehouse,13947840,********************,PD,NULL,NULL
VASC000000315807,2026-07-10T14:04:04Z,VASC202412171855563,出库非标增值（Anker）,OUTBOUND,US0001,USWC Warehouse,13947840,********************,PD,NULL,NULL
VASC000000315810,2026-07-10T14:15:37Z,VASC202411192229072,库内非标增值（免审核）,INHOUSE,US0001,USWC Warehouse,19494477,******,PD,NULL,NULL
VASC000000315813,2026-07-10T14:11:11Z,VASC202412171855563,出库非标增值（Anker）,OUTBOUND,US0001,USWC Warehouse,13947840,********************,PD,NULL,NULL
VASC000000315816,2026-07-10T14:09:27Z,VASC202510151802079,审核出库单,OUTBOUND,DEBR2,DEBR2 Warehouse,17615733,**************************************,PD,NULL,NULL
VASC000000315858,2026-07-10T14:52:56Z,VASC202411192229072,库内非标增值（免审核）,INHOUSE,USWC2,USWC2 Warehouse,19281698,*********,PD,NULL,NULL
VASC000000315888,2026-07-13T09:13:58Z,VASC202411192250069,库内非标增值（特批）,INHOUSE,US0001,USWC Warehouse,13947840,********************,PD,Y,2026-07-10T20:12:06Z
VASC000000315894,2026-07-10T14:59:05Z,VASC202411271721537,入库非标拍照或提供视频,INBOUND,USGA,USGA Warehouse,19893142,***************************************,PD,NULL,NULL
VASC000000315897,2026-07-11T12:17:37Z,VASC202411192246131,入库非标增值（特批）,INBOUND,UKGF,UKGF Warehouse,19814650,******************************,ES,Y,2026-07-10T15:51:41Z
VASC000000315906,2026-07-11T12:17:31Z,VASC202411192246131,入库非标增值（特批）,INBOUND,UKGF,UKGF Warehouse,19814650,******************************,ES,Y,2026-07-10T15:50:36Z
VASC000000315909,2026-07-13T14:49:40Z,VASC202411192250069,库内非标增值（特批）,INHOUSE,US0001,USWC Warehouse,19045607,******************************************,PD,Y,2026-07-13T10:53:34Z
VASC000000315915,2026-07-11T12:17:24Z,VASC202411192246131,入库非标增值（特批）,INBOUND,UKGF,UKGF Warehouse,19814650,******************************,ES,Y,2026-07-10T15:48:37Z
VASC000000315927,2026-07-10T15:17:06Z,VASC202412061826084,Winit 尾程询价服务,OUTBOUND,USGA,USGA Warehouse,19522635,*********************************************,CD,NULL,NULL
VASC000000315933,2026-07-13T14:20:37Z,VASC202411192253186,出库非标增值（特批）,OUTBOUND,USGA,USGA Warehouse,19522635,*********************************************,PD,Y,2026-07-10T17:37:28Z
VASC000000315993,2026-07-10T16:41:13Z,VASC202411192229072,库内非标增值（免审核）,INHOUSE,USNJ2,USNJ2 Warehouse,18513540,**********************,PD,NULL,NULL
VASC000000316017,2026-07-20T17:10:23Z,VASC202412111838036,非标收费,INHOUSE,UKGF,UKGF Warehouse,16643472,**************************,PD,Y,2026-07-20T17:10:23Z
VASC000000316026,2026-07-10T16:59:50Z,VASC202411192246131,入库非标增值（特批）,UNUSUAL,USKY5,USKY5 Warehouse,10005835,**********************,CD,NULL,NULL
VASC000000316029,2026-07-10T16:53:38Z,VASC202412111831129,新单上架（客户提供预报单）,UNUSUAL,DEBR2,DEBR2 Warehouse,1001475,***************************************,PD,NULL,NULL
VASC000000316035,2026-07-14T15:56:49Z,VASC202411192246131,入库非标增值（特批）,UNUSUAL,USKY5,USKY5 Warehouse,10005835,**********************,CD,Y,2026-07-14T18:21:32Z
VASC000000316047,2026-07-10T17:05:42Z,VASC202412061826084,Winit 尾程询价服务,OUTBOUND,DEBR2,DEBR2 Warehouse,19263669,******************************,CD,N,2026-07-10T17:41:29Z
VASC000000316050,2026-07-13T14:22:58Z,VASC202411192253186,出库非标增值（特批）,OUTBOUND,DEBR2,DEBR2 Warehouse,19263669,******************************,CD,Y,2026-07-13T14:18:02Z
VASC000000316053,2026-07-10T17:10:32Z,VASC202412171855563,出库非标增值（Anker）,OUTBOUND,DEBR2,DEBR2 Warehouse,16757165,****************************,PD,NULL,NULL
VASC000000316062,2026-07-10T17:12:10Z,VASC202412171855563,出库非标增值（Anker）,OUTBOUND,DEBR2,DEBR2 Warehouse,16757165,****************************,PD,NULL,NULL
VASC000000316068,2026-07-10T17:13:42Z,VASC202412171855563,出库非标增值（Anker）,OUTBOUND,DEBR2,DEBR2 Warehouse,16757165,****************************,PD,NULL,NULL
VASC000000316101,2026-07-10T17:49:09Z,VASC202411192246131,入库非标增值（特批）,INBOUND,USKY3,USKY3 Warehouse,10014262,************************************,CD,N,2026-07-10T21:15:07Z
VASC000000316107,2026-07-10T19:38:07Z,VASC202411192246131,入库非标增值（特批）,UNUSUAL,DEBR2,DEBR2 Warehouse,19669906,*********************************************,PD,Y,2026-07-10T19:34:22Z
VASC000000316131,2026-07-10T18:18:26Z,VASC202411192229072,库内非标增值（免审核）,INHOUSE,USKY3,USKY3 Warehouse,13816997,******************************,PD,NULL,NULL
VASC000000316143,2026-07-10T18:50:43Z,VASC202411192250069,库内非标增值（特批）,INHOUSE,US0001,USWC Warehouse,18170180,************************,CD,N,2026-07-13T15:20:02Z
VASC000000316146,2026-07-14T12:09:57Z,VASC202412061826084,Winit 尾程询价服务,OUTBOUND,UKGF,UKGF Warehouse,16643472,**************************,PD,Y,2026-07-12T18:57:10Z
VASC000000316149,2026-07-14T12:10:08Z,VASC202412061826084,Winit 尾程询价服务,OUTBOUND,UKGF,UKGF Warehouse,16643472,**************************,PD,Y,2026-07-12T18:59:24Z
VASC000000316152,2026-07-10T18:26:06Z,VASC202412061826084,Winit 尾程询价服务,OUTBOUND,DEBR2,DEBR2 Warehouse,19263669,******************************,CD,N,2026-07-10T21:18:11Z
VASC000000316170,2026-07-10T19:05:10Z,VASC202412171855563,出库非标增值（Anker）,OUTBOUND,DEBR2,DEBR2 Warehouse,16757165,****************************,PD,NULL,NULL
VASC000000316188,2026-07-10T19:46:56Z,VASC202411192246131,入库非标增值（特批）,UNUSUAL,US0001,USWC Warehouse,19173941,************************,CD,NULL,NULL
VASC000000316215,2026-07-13T10:36:38Z,VASC202412061826084,Winit 尾程询价服务,OUTBOUND,UKGF,UKGF Warehouse,16643472,**************************,PD,Y,2026-07-10T21:53:07Z
VASC000000316218,2026-07-10T20:32:05Z,VASC202411192250069,库内非标增值（特批）,INHOUSE,DENW3,DENW3 Warehouse,20056441,****************,CD,NULL,NULL
VASC000000316224,2026-07-13T10:38:15Z,VASC202412061826084,Winit 尾程询价服务,OUTBOUND,UKGF,UKGF Warehouse,16643472,**************************,PD,Y,2026-07-10T22:16:20Z
VASC000000316239,2026-07-14T17:11:08Z,VASC202412061826084,Winit 尾程询价服务,OUTBOUND,UKGF,UKGF Warehouse,16643472,**************************,PD,Y,2026-07-12T19:01:35Z
VASC000000316242,2026-07-10T20:40:33Z,VASC202411192240522,上架前自提,UNUSUAL,DENW3,DENW3 Warehouse,20056441,****************,CD,NULL,NULL
VASC000000316245,2026-07-14T16:59:06Z,VASC202412061826084,Winit 尾程询价服务,OUTBOUND,UKGF,UKGF Warehouse,16643472,**************************,PD,Y,2026-07-12T19:02:37Z
VASC000000316257,2026-07-10T20:46:55Z,VASC202411192240522,上架前自提,UNUSUAL,DENW3,DENW3 Warehouse,20056441,****************,CD,NULL,NULL
VASC000000316272,2026-07-14T16:48:35Z,VASC202412061826084,Winit 尾程询价服务,OUTBOUND,UKGF,UKGF Warehouse,16643472,**************************,PD,Y,2026-07-12T19:04:24Z
VASC000000316275,2026-07-10T21:05:34Z,VASC202412171855563,出库非标增值（Anker）,OUTBOUND,UKGF,UKGF Warehouse,16643472,**************************,PD,NULL,NULL
VASC000000316281,2026-07-10T21:16:15Z,VASC202411192250069,库内非标增值（特批）,INHOUSE,US0001,USWC Warehouse,1000019,********************************************************,CD,NULL,NULL
VASC000000316284,2026-07-13T10:53:55Z,VASC202412061826084,Winit 尾程询价服务,OUTBOUND,UKGF,UKGF Warehouse,16643472,**************************,PD,Y,2026-07-10T23:20:25Z
VASC000000316290,2026-07-10T21:13:38Z,VASC202412171855563,出库非标增值（Anker）,OUTBOUND,UKGF,UKGF Warehouse,16643472,**************************,PD,NULL,NULL
VASC000000316299,2026-07-13T10:42:36Z,VASC202412061826084,Winit 尾程询价服务,OUTBOUND,UKGF,UKGF Warehouse,16643472,**************************,PD,Y,2026-07-10T22:55:40Z
VASC000000316311,2026-07-13T18:21:44Z,VASC202412061826084,Winit 尾程询价服务,OUTBOUND,UKGF,UKGF Warehouse,16643472,**************************,PD,Y,2026-07-10T22:51:39Z
VASC000000316314,2026-07-13T10:32:47Z,VASC202412061826084,Winit 尾程询价服务,OUTBOUND,UKGF,UKGF Warehouse,16643472,**************************,PD,Y,2026-07-10T22:49:43Z
VASC000000316317,2026-07-13T10:32:33Z,VASC202412061826084,Winit 尾程询价服务,OUTBOUND,UKGF,UKGF Warehouse,16643472,**************************,PD,Y,2026-07-10T22:47:57Z
VASC000000316320,2026-07-13T10:32:14Z,VASC202412061826084,Winit 尾程询价服务,OUTBOUND,UKGF,UKGF Warehouse,16643472,**************************,PD,Y,2026-07-10T22:40:30Z
VASC000000316323,2026-07-13T10:31:54Z,VASC202412061826084,Winit 尾程询价服务,OUTBOUND,UKGF,UKGF Warehouse,16643472,**************************,PD,Y,2026-07-12T19:08:42Z
VASC000000316326,2026-07-13T10:31:40Z,VASC202412061826084,Winit 尾程询价服务,OUTBOUND,UKGF,UKGF Warehouse,16643472,**************************,PD,Y,2026-07-12T19:07:25Z
VASC000000316362,2026-07-11T10:02:29Z,VASC202411192250069,库内非标增值（特批）,INHOUSE,USWC2,USWC2 Warehouse,19949204,************************************************,CD,NULL,NULL
VASC000000316383,2026-07-11T11:01:15Z,VASC202411192250069,库内非标增值（特批）,INHOUSE,USKY5,USKY5 Warehouse,19269427,*********,CD,N,2026-07-13T12:01:30Z
VASC000000316386,2026-07-11T10:40:59Z,VASC202411192246131,入库非标增值（特批）,INBOUND,USKY3,USKY3 Warehouse,10014262,************************************,CD,Y,2026-07-13T18:55:33Z
VASC000000316395,2026-07-13T10:47:34Z,VASC202411192246131,入库非标增值（特批）,UNUSUAL,DEBR2,DEBR2 Warehouse,20039606,*********,PD,Y,2026-07-13T10:34:38Z
VASC000000316398,2026-07-11T11:15:42Z,VASC202411192229072,库内非标增值（免审核）,INHOUSE,EWD,AU Warehouse,12247086,************************,PD,NULL,NULL
VASC000000316434,2026-07-11T14:22:07Z,VASC202411192253186,出库非标增值（特批）,OUTBOUND,USKY3,USKY3 Warehouse,19165067,***************************************,CD,N,2026-07-13T11:03:34Z
VASC000000316440,2026-07-11T14:29:52Z,VASC202411192253186,出库非标增值（特批）,OUTBOUND,USKY3,USKY3 Warehouse,19165067,***************************************,CD,N,2026-07-13T11:03:49Z
VASC000000316452,2026-07-11T14:39:28Z,VASC202411192253186,出库非标增值（特批）,OUTBOUND,USKY3,USKY3 Warehouse,19165067,***************************************,CD,N,2026-07-13T11:03:58Z
VASC000000316467,2026-07-13T15:30:25Z,VASC202411192246131,入库非标增值（特批）,INBOUND,USWC5,USWC5 Warehouse,20100877,*********,PD,Y,2026-07-13T15:24:00Z
VASC000000316473,2026-07-11T18:22:39Z,VASC202411192246131,入库非标增值（特批）,UNUSUAL,US0001,USWC Warehouse,18487477,**************************,CD,N,2026-07-14T18:23:12Z
VASC000000316524,2026-07-12T20:58:12Z,VASC202411192253186,出库非标增值（特批）,OUTBOUND,USKY3,USKY3 Warehouse,18103442,******,CD,N,2026-07-13T11:06:14Z
VASC000000316545,2026-07-14T19:15:04Z,VASC202412061826084,Winit 尾程询价服务,OUTBOUND,CATO,CATO Warehouse,18630087,******************************,PD,Y,2026-07-14T04:24:38Z
VASC000000316575,2026-07-15T15:52:43Z,VASC202412061826084,Winit 尾程询价服务,OUTBOUND,UKGF,UKGF Warehouse,16643472,**************************,PD,Y,2026-07-15T15:32:48Z
VASC000000316584,2026-07-14T09:36:35Z,VASC202412061826084,Winit 尾程询价服务,OUTBOUND,USWC5,USWC5 Warehouse,16573151,********************,PD,Y,2026-07-14T08:25:27Z
VASC000000316635,2026-07-13T10:38:41Z,VASC202412061826084,Winit 尾程询价服务,OUTBOUND,USKY5,USKY5 Warehouse,10010644,******************************,CD,NULL,NULL
VASC000000316641,2026-07-13T10:41:24Z,VASC202411192253186,出库非标增值（特批）,OUTBOUND,USKY3,USKY3 Warehouse,17225006,*********,CD,NULL,NULL
VASC000000316644,2026-07-13T10:42:40Z,VASC202411192253186,出库非标增值（特批）,OUTBOUND,USKY3,USKY3 Warehouse,17225006,*********,CD,NULL,NULL
VASC000000316650,2026-07-17T09:12:02Z,VASC202411192250069,库内非标增值（特批）,INHOUSE,USWC2,USWC2 Warehouse,19949204,************************************************,PD,Y,2026-07-15T18:01:18Z
VASC000000316656,2026-07-13T13:41:51Z,VASC202510211517514,无主货找回,INHOUSE,DE0001,DE Warehouse,10005835,**********************,PD,NULL,NULL
VASC000000316665,2026-07-14T09:24:21Z,VASC202411192246131,入库非标增值（特批）,UNUSUAL,US0001,USWC Warehouse,13947840,********************,PD,Y,2026-07-13T19:07:34Z
VASC000000316677,2026-07-13T11:32:30Z,VASC202411192250069,库内非标增值（特批）,INHOUSE,DEBR2,DEBR2 Warehouse,1004082,***************************************,CD,N,2026-07-13T12:00:15Z
VASC000000316695,2026-07-13T11:35:51Z,VASC202510151802079,审核出库单,OUTBOUND,US0001,USWC Warehouse,13947840,********************,PD,NULL,NULL
VASC000000316707,2026-07-13T13:53:18Z,VASC202412061826084,Winit 尾程询价服务,OUTBOUND,EWD,AU Warehouse,11104738,******************************,PD,Y,2026-07-13T12:49:52Z
VASC000000316719,2026-07-28T09:21:20Z,VASC202411192246131,入库非标增值（特批）,UNUSUAL,USKY3,USKY3 Warehouse,19418197,***************,PD,Y,2026-07-27T20:30:46Z
VASC000000316731,2026-07-13T14:14:42Z,VASC202411192246131,入库非标增值（特批）,INBOUND,USWC2,USWC2 Warehouse,19376789,*********************************,PD,Y,2026-07-13T14:12:13Z
VASC000000316740,2026-07-13T13:15:55Z,VASC202411192250069,库内非标增值（特批）,INHOUSE,DEBR2,DEBR2 Warehouse,16958250,*************,CD,NULL,NULL
VASC000000316749,2026-07-14T16:23:08Z,VASC202411192250069,库内非标增值（特批）,INHOUSE,USKY5,USKY5 Warehouse,1006076,************************,ES,Y,2026-07-14T15:54:46Z
VASC000000316752,2026-07-13T14:11:14Z,VASC202411271721537,入库非标拍照或提供视频,INBOUND,UKTW,UKTW Warehouse,10008956,*********************************,PD,NULL,NULL
VASC000000316761,2026-07-13T15:48:22Z,VASC202411192246131,入库非标增值（特批）,UNUSUAL,USTX,USTX Warehouse,19296066,******************************,PD,Y,2026-07-13T15:46:39Z
VASC000000316791,2026-07-13T14:21:04Z,VASC202411271721537,入库非标拍照或提供视频,UNUSUAL,UKTW,UKTW Warehouse,10008956,*********************************,CD,NULL,NULL
VASC000000316797,2026-07-16T15:09:42Z,VASC202412061826084,Winit 尾程询价服务,OUTBOUND,USGA,USGA Warehouse,19522635,*********************************************,PD,Y,2026-07-16T01:56:02Z
VASC000000316806,2026-07-13T14:28:51Z,VASC202411271721537,入库非标拍照或提供视频,UNUSUAL,UKTW,UKTW Warehouse,10008956,*********************************,CD,NULL,NULL
VASC000000316809,2026-07-13T14:32:56Z,VASC202411271721537,入库非标拍照或提供视频,UNUSUAL,UKTW,UKTW Warehouse,10008956,*********************************,PD,NULL,NULL
VASC000000316827,2026-07-20T16:28:36Z,VASC202411192240522,上架前自提,UNUSUAL,US0001,USWC Warehouse,13947840,********************,PD,NULL,NULL
VASC000000316836,2026-07-13T14:55:26Z,VASC202411192240522,上架前自提,UNUSUAL,DENW3,DENW3 Warehouse,20056441,****************,PD,NULL,NULL
VASC000000316887,2026-07-13T15:50:10Z,VASC202510151802079,审核出库单,OUTBOUND,USKY5,USKY5 Warehouse,19045607,******************************************,PD,NULL,NULL
VASC000000316890,2026-07-13T15:50:41Z,VASC202510151802079,审核出库单,OUTBOUND,USWC2,USWC2 Warehouse,19045607,******************************************,PD,NULL,NULL
VASC000000316893,2026-07-13T15:51:07Z,VASC202510151802079,审核出库单,OUTBOUND,US0001,USWC Warehouse,19045607,******************************************,PD,NULL,NULL
VASC000000316902,2026-07-16T10:45:21Z,VASC202411192246131,入库非标增值（特批）,UNUSUAL,USWC5,USWC5 Warehouse,19876112,*********,PD,Y,2026-07-15T16:08:25Z
VASC000000316923,2026-07-13T16:25:14Z,VASC202411192229072,库内非标增值（免审核）,INHOUSE,CATO,CATO Warehouse,16585492,**************************,PD,NULL,NULL
VASC000000316938,2026-07-20T17:11:29Z,VASC202412111838036,非标收费,INHOUSE,UKGF,UKGF Warehouse,16643472,**************************,PD,Y,2026-07-20T17:11:29Z
VASC000000316950,2026-07-13T16:53:57Z,VASC202411192250069,库内非标增值（特批）,INHOUSE,US0001,USWC Warehouse,19173941,************************,PD,Y,2026-07-13T16:52:25Z
VASC000000316953,2026-07-14T11:46:41Z,VASC202411192246131,入库非标增值（特批）,UNUSUAL,USWC5,USWC5 Warehouse,19673358,***************************************,CD,N,2026-07-15T10:48:54Z
VASC000000316962,2026-07-13T16:36:08Z,VASC202411192229072,库内非标增值（免审核）,INHOUSE,US0001,USWC Warehouse,10008158,******************************************,CD,NULL,NULL
VASC000000316974,2026-07-13T21:23:37Z,VASC202411192246131,入库非标增值（特批）,INBOUND,USNJ2,USNJ2 Warehouse,18513540,**********************,PD,Y,2026-07-13T17:32:52Z
VASC000000316992,2026-07-13T17:01:04Z,VASC202411192246131,入库非标增值（特批）,INBOUND,USNJ2,USNJ2 Warehouse,18513540,**********************,CD,NULL,NULL
VASC000000317001,2026-07-14T10:00:53Z,VASC202411192253186,出库非标增值（特批）,OUTBOUND,DEBR2,DEBR2 Warehouse,19227270,********************************,PD,Y,2026-07-13T20:05:13Z
VASC000000317007,2026-07-13T17:22:01Z,VASC202412061826084,Winit 尾程询价服务,OUTBOUND,UKTW,UKTW Warehouse,12734749,***************************************,CD,Y,2026-07-13T21:17:27Z
VASC000000317040,2026-07-13T18:00:30Z,VASC202411192250069,库内非标增值（特批）,INHOUSE,US0001,USWC Warehouse,18720032,*********************************,CD,Y,2026-07-13T18:59:53Z
VASC000000317049,2026-07-13T18:01:42Z,VASC202411192250069,库内非标增值（特批）,INHOUSE,USKY3,USKY3 Warehouse,18720032,*********************************,CD,Y,2026-07-13T18:58:28Z
VASC000000317079,2026-07-13T19:47:01Z,VASC202412171855563,出库非标增值（Anker）,OUTBOUND,DE0001,DE Warehouse,16758605,****************************,PD,NULL,NULL
VASC000000317082,2026-07-13T19:52:46Z,VASC202411192253186,出库非标增值（特批）,OUTBOUND,USGA,USGA Warehouse,19606995,************,CD,NULL,NULL
VASC000000317085,2026-07-13T19:56:03Z,VASC202411192250069,库内非标增值（特批）,INHOUSE,US0001,USWC Warehouse,1000019,********************************************************,CD,NULL,NULL
VASC000000317088,2026-07-13T20:01:55Z,VASC202412171855563,出库非标增值（Anker）,OUTBOUND,DE0001,DE Warehouse,16758605,****************************,PD,NULL,NULL
VASC000000317091,2026-07-13T20:02:21Z,VASC202412171855563,出库非标增值（Anker）,OUTBOUND,DE0001,DE Warehouse,16758605,****************************,PD,NULL,NULL
VASC000000317103,2026-07-13T20:49:07Z,VASC202411192240522,上架前自提,UNUSUAL,UKGF,UKGF Warehouse,16176995,******************************,PD,NULL,NULL
VASC000000317148,2026-07-14T00:55:14Z,VASC202411192253186,出库非标增值（特批）,OUTBOUND,USGA,USGA Warehouse,1008855,******,CD,NULL,NULL
VASC000000317151,2026-07-14T01:10:56Z,VASC202411192253186,出库非标增值（特批）,OUTBOUND,USGA,USGA Warehouse,1008855,******,CD,N,2026-07-14T11:03:01Z
VASC000000317181,2026-07-14T09:27:14Z,VASC202510211517514,无主货找回,INHOUSE,EWD,AU Warehouse,1003260,*********************************************,PD,NULL,NULL
VASC000000317238,2026-07-15T09:26:15Z,VASC202411192246131,入库非标增值（特批）,UNUSUAL,UKTW,UKTW Warehouse,1000036,******************************,PD,Y,2026-07-14T19:38:01Z
VASC000000317244,2026-07-14T10:06:12Z,VASC202411192250069,库内非标增值（特批）,UNUSUAL,DEBR2,DEBR2 Warehouse,1000036,******************************,CD,Y,2026-07-15T11:18:44Z
VASC000000317295,2026-07-14T10:51:34Z,VASC202411271721537,入库非标拍照或提供视频,UNUSUAL,CATO,CATO Warehouse,19227270,********************************,CD,NULL,NULL
VASC000000317307,2026-07-14T10:54:17Z,VASC202411192246131,入库非标增值（特批）,INBOUND,DEBR2,DEBR2 Warehouse,16757165,****************************,CD,N,2026-07-14T19:21:39Z
VASC000000317322,2026-07-14T17:47:52Z,VASC202411192250069,库内非标增值（特批）,INHOUSE,USNJ2,USNJ2 Warehouse,19606995,************,PD,Y,2026-07-14T15:17:06Z
VASC000000317334,2026-07-14T11:14:46Z,VASC202412061826084,Winit 尾程询价服务,OUTBOUND,DEBR2,DEBR2 Warehouse,19227270,********************************,CD,Y,2026-07-16T20:42:05Z
VASC000000317355,2026-07-14T11:53:53Z,VASC202411192250069,库内非标增值（特批）,INHOUSE,USKY3,USKY3 Warehouse,19011452,*******************,CD,N,2026-07-15T10:25:53Z
VASC000000317364,2026-07-14T11:48:18Z,VASC202412061826084,Winit 尾程询价服务,OUTBOUND,DEBR2,DEBR2 Warehouse,19263669,******************************,CD,N,2026-07-14T16:29:36Z
VASC000000317382,2026-07-14T14:44:28Z,VASC202411192253186,出库非标增值（特批）,OUTBOUND,DEBR2,DEBR2 Warehouse,19263669,******************************,CD,Y,2026-07-14T14:42:11Z
VASC000000317394,2026-07-14T13:32:36Z,VASC202411192253186,出库非标增值（特批）,OUTBOUND,USKY3,USKY3 Warehouse,19165067,***************************************,CD,N,2026-07-14T14:47:35Z
VASC000000317397,2026-07-14T13:33:26Z,VASC202411192253186,出库非标增值（特批）,OUTBOUND,USKY3,USKY3 Warehouse,19165067,***************************************,CD,N,2026-07-14T14:47:23Z
VASC000000317415,2026-07-15T19:02:32Z,VASC202605251438175,代理清关(非标),OUTBOUND,DEBR2,DEBR2 Warehouse,16958250,*************,PD,Y,2026-07-15T19:02:32Z
VASC000000317418,2026-07-15T18:05:13Z,VASC202605251438175,代理清关(非标),OUTBOUND,DEBR2,DEBR2 Warehouse,16958250,*************,PD,Y,2026-07-15T18:05:13Z
VASC000000317421,2026-07-15T18:09:07Z,VASC202605251438175,代理清关(非标),OUTBOUND,DEBR2,DEBR2 Warehouse,16958250,*************,PD,Y,2026-07-15T18:09:07Z
VASC000000317424,2026-07-15T18:07:03Z,VASC202605251438175,代理清关(非标),OUTBOUND,DEBR2,DEBR2 Warehouse,16958250,*************,PD,Y,2026-07-15T18:07:03Z
VASC000000317430,2026-07-15T18:08:07Z,VASC202605251438175,代理清关(非标),OUTBOUND,DEBR2,DEBR2 Warehouse,16958250,*************,PD,Y,2026-07-15T18:08:07Z
VASC000000317451,2026-07-14T15:47:07Z,VASC202411192250069,库内非标增值（特批）,INHOUSE,USGA,USGA Warehouse,19606995,************,PD,Y,2026-07-14T15:23:12Z
VASC000000317466,2026-07-14T14:42:34Z,VASC202411271751445,出库非标增值（免审核）,OUTBOUND,USKY3,USKY3 Warehouse,18826580,******************************,ES,NULL,NULL
VASC000000317469,2026-07-14T14:26:11Z,VASC202412061826084,Winit 尾程询价服务,OUTBOUND,UKTW,UKTW Warehouse,19226389,******************************,CD,Y,2026-07-14T21:53:17Z
VASC000000317472,2026-07-14T14:24:07Z,VASC202412171855563,出库非标增值（Anker）,OUTBOUND,DE0001,DE Warehouse,16758605,****************************,PD,NULL,NULL
VASC000000317484,2026-07-14T22:57:29Z,VASC202411192246131,入库非标增值（特批）,INBOUND,UKTW,UKTW Warehouse,10012096,*********************************,CD,Y,2026-07-14T17:23:43Z
VASC000000317490,2026-07-14T14:32:49Z,VASC202412171855563,出库非标增值（Anker）,OUTBOUND,DENW3,DENW3 Warehouse,16758605,****************************,PD,NULL,NULL
VASC000000317499,2026-07-14T14:43:52Z,VASC202411271751445,出库非标增值（免审核）,OUTBOUND,USKY3,USKY3 Warehouse,18826580,******************************,ES,NULL,NULL
VASC000000317502,2026-07-14T14:47:55Z,VASC202412171855563,出库非标增值（Anker）,OUTBOUND,DE0001,DE Warehouse,16758605,****************************,PD,NULL,NULL
VASC000000317505,2026-07-20T17:12:13Z,VASC202412111838036,非标收费,INHOUSE,UKGF,UKGF Warehouse,16643472,**************************,PD,Y,2026-07-20T17:12:13Z
VASC000000317514,2026-07-14T14:55:17Z,VASC202412171855563,出库非标增值（Anker）,OUTBOUND,DENW3,DENW3 Warehouse,16758605,****************************,ES,NULL,NULL
VASC000000317529,2026-07-14T15:01:36Z,VASC202411192246131,入库非标增值（特批）,INBOUND,USKY5,USKY5 Warehouse,10005835,**********************,CD,NULL,NULL
VASC000000317556,2026-07-15T14:24:27Z,VASC202411192250069,库内非标增值（特批）,INHOUSE,EWD,AU Warehouse,12247086,************************,PD,Y,2026-07-14T20:23:41Z
VASC000000317604,2026-07-14T15:44:46Z,VASC202412061826084,Winit 尾程询价服务,OUTBOUND,DEBR2,DEBR2 Warehouse,19263669,******************************,CD,N,2026-07-14T16:30:10Z
VASC000000317616,2026-07-17T10:45:07Z,VASC202411192246131,入库非标增值（特批）,UNUSUAL,DEBR2,DEBR2 Warehouse,16757165,****************************,PD,Y,2026-07-15T14:18:48Z
VASC000000317631,2026-07-18T09:34:56Z,VASC202412061826084,Winit 尾程询价服务,OUTBOUND,UKGF,UKGF Warehouse,19263669,******************************,PD,Y,2026-07-16T19:42:55Z
VASC000000317634,2026-07-15T16:54:31Z,VASC202411192246131,入库非标增值（特批）,UNUSUAL,USKY5,USKY5 Warehouse,10005835,**********************,PD,Y,2026-07-14T19:49:42Z
VASC000000317640,2026-07-14T16:13:20Z,VASC202411192253186,出库非标增值（特批）,OUTBOUND,USWC2,USWC2 Warehouse,17806402,*****************************,CD,N,2026-07-14T16:25:00Z
VASC000000317649,2026-07-14T16:10:09Z,VASC202412061826084,Winit 尾程询价服务,OUTBOUND,DEBR2,DEBR2 Warehouse,19263669,******************************,CD,N,2026-07-14T16:30:39Z
VASC000000317652,2026-07-18T09:35:34Z,VASC202412061826084,Winit 尾程询价服务,OUTBOUND,UKGF,UKGF Warehouse,19263669,******************************,PD,Y,2026-07-16T20:46:55Z
VASC000000317673,2026-07-14T16:25:36Z,VASC202412061826084,Winit 尾程询价服务,OUTBOUND,CATO,CATO Warehouse,11103862,*********************************,CD,Y,2026-07-15T03:28:18Z
VASC000000317676,2026-07-14T16:27:38Z,VASC202412061826084,Winit 尾程询价服务,OUTBOUND,USKY5,USKY5 Warehouse,19431926,*********************************,CD,NULL,NULL
VASC000000317712,2026-07-15T15:59:46Z,VASC202411192246131,入库非标增值（特批）,UNUSUAL,EWD,AU Warehouse,1005176,*********************,PD,Y,2026-07-14T21:08:38Z
VASC000000317724,2026-07-15T10:25:35Z,VASC202411192253186,出库非标增值（特批）,OUTBOUND,DEBR2,DEBR2 Warehouse,19263669,******************************,CD,Y,2026-07-14T18:31:39Z
VASC000000317727,2026-07-14T16:50:28Z,VASC202412061826084,Winit 尾程询价服务,OUTBOUND,UKTW,UKTW Warehouse,1000083,************************************,CD,NULL,NULL
VASC000000317730,2026-07-14T16:58:23Z,VASC202411192253186,出庫非標增值（特批）,OUTBOUND,USWC2,USWC2 Warehouse,17425382,***********************************************,CD,NULL,NULL
VASC000000317748,2026-07-14T17:20:58Z,VASC202412061826084,Winit 尾程询价服务,OUTBOUND,EWD,AU Warehouse,18778484,**************************,CD,NULL,NULL
VASC000000317754,2026-07-15T14:21:39Z,VASC202411192250069,库内非标增值（特批）,UNUSUAL,DEBR2,DEBR2 Warehouse,16958250,*************,ES,Y,2026-07-14T17:58:18Z
VASC000000317763,2026-07-14T17:12:02Z,VASC202412061826084,Winit 尾程询价服务,OUTBOUND,UKTW,UKTW Warehouse,1000083,************************************,CD,NULL,NULL
VASC000000317766,2026-07-14T17:26:51Z,VASC202412061826084,Winit 尾程询价服务,OUTBOUND,DEBR2,DEBR2 Warehouse,18475933,******************,CD,N,2026-07-14T17:48:26Z
VASC000000317769,2026-07-17T11:31:59Z,VASC202411192253186,出库非标增值（特批）,OUTBOUND,US0001,USWC Warehouse,13947840,********************,PD,Y,2026-07-15T10:50:47Z
VASC000000317781,2026-07-15T08:55:41Z,VASC202412061826084,Winit 尾程询价服务,OUTBOUND,EWD,AU Warehouse,18778484,**************************,PD,Y,2026-07-15T08:20:52Z
VASC000000317790,2026-07-14T17:36:12Z,VASC202412061826084,Winit 尾程询价服务,OUTBOUND,UKTW,UKTW Warehouse,1000083,************************************,CD,Y,2026-07-14T22:03:28Z
VASC000000317799,2026-07-14T17:39:21Z,VASC202411192253186,出庫非標增值（特批）,OUTBOUND,USWC2,USWC2 Warehouse,17425382,***********************************************,CD,N,2026-07-15T10:59:28Z
VASC000000317805,2026-07-14T17:41:17Z,VASC202411192250069,库内非标增值（特批）,INHOUSE,DENW3,DENW3 Warehouse,16758605,****************************,CD,N,2026-07-14T18:18:43Z
VASC000000317823,2026-07-14T17:55:53Z,VASC202411192253186,出庫非標增值（特批）,OUTBOUND,USKY5,USKY5 Warehouse,17425382,***********************************************,CD,N,2026-07-15T10:59:47Z
VASC000000317826,2026-07-14T17:55:47Z,VASC202411271751445,出库非标增值（免审核）,OUTBOUND,UKTW,UKTW Warehouse,17534761,******************************,PD,NULL,NULL
VASC000000317829,2026-07-16T11:06:02Z,VASC202411192246131,入庫非標增值（特批）,INBOUND,DEBR2,DEBR2 Warehouse,17615733,**************************************,PD,Y,2026-07-15T20:09:05Z
VASC000000317841,2026-07-14T18:00:54Z,VASC202412171855563,出库非标增值（Anker）,OUTBOUND,DE0001,DE Warehouse,16758605,****************************,PD,NULL,NULL
VASC000000317856,2026-07-14T18:03:13Z,VASC202412171855563,出库非标增值（Anker）,OUTBOUND,DE0001,DE Warehouse,16758605,****************************,PD,NULL,NULL
VASC000000317859,2026-07-14T18:15:31Z,VASC202411192250069,库内非标增值（特批）,INHOUSE,EWD,AU Warehouse,18857334,***************************************,CD,Y,2026-07-15T16:50:36Z
VASC000000317868,2026-07-14T18:12:46Z,VASC202412171855563,出库非标增值（Anker）,OUTBOUND,DE0001,DE Warehouse,16758605,****************************,PD,NULL,NULL
VASC000000317901,2026-07-14T18:28:39Z,VASC202411192253186,出庫非標增值（特批）,OUTBOUND,USNJ2,USNJ2 Warehouse,18955123,*********************************************,CD,NULL,NULL
VASC000000317916,2026-07-14T18:41:33Z,VASC202412171855563,出库非标增值（Anker）,OUTBOUND,UKGF,UKGF Warehouse,16643472,**************************,PD,NULL,NULL
VASC000000317949,2026-07-14T19:31:54Z,VASC202412171855563,出库非标增值（Anker）,OUTBOUND,UKGF,UKGF Warehouse,16643472,**************************,PD,NULL,NULL
VASC000000317952,2026-07-14T19:32:27Z,VASC202412171855563,出库非标增值（Anker）,OUTBOUND,UKGF,UKGF Warehouse,16643472,**************************,PD,NULL,NULL
VASC000000317955,2026-07-14T19:32:59Z,VASC202412171855563,出库非标增值（Anker）,OUTBOUND,UKGF,UKGF Warehouse,16643472,**************************,PD,NULL,NULL
VASC000000318009,2026-07-16T13:46:18Z,VASC202411192246131,入库非标增值（特批）,UNUSUAL,US0001,USWC Warehouse,18487477,**************************,PD,Y,2026-07-15T20:21:24Z
VASC000000318012,2026-07-15T18:19:54Z,VASC202411192246131,入库非标增值（特批）,UNUSUAL,USWC2,USWC2 Warehouse,19376789,*********************************,ES,Y,2026-07-15T18:18:00Z
VASC000000318018,2026-07-15T00:10:57Z,VASC202412061826084,Winit 尾程询价服务,OUTBOUND,USKY5,USKY5 Warehouse,18961852,************************,CD,Y,2026-07-17T07:42:05Z
VASC000000318048,2026-07-15T11:35:22Z,VASC202412061826084,Winit 尾程询价服务,OUTBOUND,EWD,AU Warehouse,18778484,**************************,PD,Y,2026-07-15T09:38:55Z
VASC000000318057,2026-07-15T11:35:13Z,VASC202412061826084,Winit 尾程询价服务,OUTBOUND,EWD,AU Warehouse,18778484,**************************,PD,Y,2026-07-15T09:38:08Z
VASC000000318096,2026-07-21T10:16:52Z,VASC202411192246131,入库非标增值（特批）,UNUSUAL,US0001,USWC Warehouse,20109088,*********,CD,NULL,NULL
VASC000000318135,2026-07-15T10:22:12Z,VASC202412061826084,Winit 尾程询价服务,OUTBOUND,USKY5,USKY5 Warehouse,18961852,************************,CD,Y,2026-07-17T07:27:39Z
VASC000000318171,2026-07-15T10:36:38Z,VASC202412061826084,Winit 尾程询价服务,OUTBOUND,DEBR2,DEBR2 Warehouse,19227270,********************************,CD,NULL,NULL
VASC000000318189,2026-07-15T10:43:42Z,VASC202411192253186,出庫非標增值（特批）,OUTBOUND,USNJ2,USNJ2 Warehouse,18955123,*********************************************,CD,N,2026-07-15T11:00:39Z
VASC000000318204,2026-07-15T10:50:06Z,VASC202411192253186,出庫非標增值（特批）,OUTBOUND,USNJ2,USNJ2 Warehouse,18955123,*********************************************,CD,N,2026-07-15T11:01:00Z
VASC000000318213,2026-07-16T09:59:32Z,VASC202412061826084,Winit 尾程询价服务,OUTBOUND,US0001,USWC Warehouse,16443291,******************************************,PD,Y,2026-07-16T07:46:26Z
VASC000000318222,2026-07-15T11:30:25Z,VASC202411192250069,库内非标增值（特批）,INHOUSE,US0001,USWC Warehouse,12198028,*********,CD,N,2026-07-16T16:45:12Z
VASC000000318294,2026-07-17T11:36:41Z,VASC202411192250069,库内非标增值（特批）,INHOUSE,DENW3,DENW3 Warehouse,16758605,****************************,PD,Y,2026-07-16T18:21:41Z
VASC000000318324,2026-07-15T16:58:39Z,VASC202412061826084,Winit 尾程询价服务,OUTBOUND,EWD,AU Warehouse,10011506,***************************************,PD,Y,2026-07-15T13:04:06Z
VASC000000318330,2026-07-15T11:52:20Z,VASC202412061826084,Winit 尾程询价服务,OUTBOUND,DEBR2,DEBR2 Warehouse,19227270,********************************,CD,Y,2026-07-16T21:15:20Z
VASC000000318357,2026-07-15T12:09:06Z,VASC202412171855563,出库非标增值（Anker）,OUTBOUND,DE0001,DE Warehouse,16758605,****************************,PD,NULL,NULL
VASC000000318393,2026-07-16T10:32:03Z,VASC202411192253186,出库非标增值（特批）,OUTBOUND,DEBR2,DEBR2 Warehouse,19263669,******************************,PD,Y,2026-07-15T14:11:08Z
VASC000000318399,2026-07-16T12:39:11Z,VASC202412061826084,Winit 尾程询价服务,OUTBOUND,USKY3,USKY3 Warehouse,19165067,***************************************,PD,Y,2026-07-16T00:53:34Z
VASC000000318402,2026-07-16T10:32:15Z,VASC202411192253186,出库非标增值（特批）,OUTBOUND,DEBR2,DEBR2 Warehouse,19263669,******************************,PD,Y,2026-07-15T14:13:43Z
VASC000000318411,2026-07-17T11:04:10Z,VASC202605251438175,代理清关(非标),OUTBOUND,DEBR2,DEBR2 Warehouse,16958250,*************,PD,Y,2026-07-17T11:04:09Z
VASC000000318414,2026-07-17T10:57:27Z,VASC202605251438175,代理清关(非标),OUTBOUND,DEBR2,DEBR2 Warehouse,16958250,*************,PD,Y,2026-07-17T10:57:27Z
VASC000000318417,2026-07-17T10:59:32Z,VASC202605251438175,代理清关(非标),OUTBOUND,DEBR2,DEBR2 Warehouse,16958250,*************,PD,Y,2026-07-17T10:59:32Z
VASC000000318420,2026-07-15T13:57:35Z,VASC202605251438175,代理清关(非标),OUTBOUND,DEBR2,DEBR2 Warehouse,16958250,*************,CD,NULL,NULL
VASC000000318426,2026-07-17T11:00:36Z,VASC202605251438175,代理清关(非标),OUTBOUND,DEBR2,DEBR2 Warehouse,16958250,*************,PD,Y,2026-07-17T11:00:36Z
VASC000000318429,2026-07-17T11:01:38Z,VASC202605251438175,代理清关(非标),OUTBOUND,DEBR2,DEBR2 Warehouse,16958250,*************,PD,Y,2026-07-17T11:01:38Z
VASC000000318432,2026-07-17T11:02:39Z,VASC202605251438175,代理清关(非标),OUTBOUND,DEBR2,DEBR2 Warehouse,16958250,*************,PD,Y,2026-07-17T11:02:39Z
VASC000000318438,2026-07-17T10:58:25Z,VASC202605251438175,代理清关(非标),OUTBOUND,DEBR2,DEBR2 Warehouse,16958250,*************,PD,Y,2026-07-17T10:58:25Z
VASC000000318444,2026-07-17T11:05:11Z,VASC202605251438175,代理清关(非标),OUTBOUND,DEBR2,DEBR2 Warehouse,16958250,*************,PD,Y,2026-07-17T11:05:11Z
VASC000000318447,2026-07-16T10:32:24Z,VASC202411192253186,出库非标增值（特批）,OUTBOUND,DEBR2,DEBR2 Warehouse,19263669,******************************,PD,Y,2026-07-15T14:16:00Z
VASC000000318450,2026-07-15T16:20:03Z,VASC202411192253186,出庫非標增值（特批）,OUTBOUND,USKY5,USKY5 Warehouse,17425382,***********************************************,PD,Y,2026-07-15T15:15:43Z
VASC000000318474,2026-07-16T19:32:00Z,VASC202412061826084,Winit 尾程询价服务,OUTBOUND,UKGF,UKGF Warehouse,16643472,**************************,PD,Y,2026-07-16T15:50:31Z
VASC000000318477,2026-07-15T16:19:28Z,VASC202411192253186,出庫非標增值（特批）,OUTBOUND,USWC2,USWC2 Warehouse,17425382,***********************************************,PD,Y,2026-07-15T15:16:58Z
VASC000000318489,2026-07-15T14:26:24Z,VASC202411192250069,库内非标增值（特批）,UNUSUAL,US0001,USWC Warehouse,17963486,*****************************************,CD,NULL,NULL
VASC000000318492,2026-07-15T14:31:42Z,VASC202411192253186,出庫非標增值（特批）,OUTBOUND,USNJ2,USNJ2 Warehouse,18955123,*********************************************,CD,NULL,NULL
VASC000000318498,2026-07-15T16:25:56Z,VASC202411192253186,出庫非標增值（特批）,OUTBOUND,USNJ2,USNJ2 Warehouse,18955123,*********************************************,PD,Y,2026-07-15T15:13:23Z
VASC000000318501,2026-07-15T16:26:09Z,VASC202411192253186,出庫非標增值（特批）,OUTBOUND,USNJ2,USNJ2 Warehouse,18955123,*********************************************,PD,Y,2026-07-15T15:14:38Z
VASC000000318504,2026-07-16T12:39:01Z,VASC202412061826084,Winit 尾程询价服务,OUTBOUND,USKY3,USKY3 Warehouse,19165067,***************************************,PD,Y,2026-07-16T07:44:52Z
VASC000000318513,2026-07-16T19:32:14Z,VASC202412061826084,Winit 尾程询价服务,OUTBOUND,UKGF,UKGF Warehouse,16643472,**************************,PD,Y,2026-07-16T15:52:15Z
VASC000000318516,2026-07-15T14:59:21Z,VASC202411192229072,库内非标增值（免审核）,INHOUSE,US0001,USWC Warehouse,17904488,*********,ES,NULL,NULL
VASC000000318519,2026-07-20T17:12:49Z,VASC202412111838036,非标收费,INHOUSE,UKGF,UKGF Warehouse,16643472,**************************,PD,Y,2026-07-20T17:12:49Z
VASC000000318522,2026-07-15T15:31:55Z,VASC202411192246131,入库非标增值（特批）,UNUSUAL,USWC5,USWC5 Warehouse,19673358,***************************************,CD,N,2026-07-16T14:23:40Z
VASC000000318525,2026-07-16T20:32:10Z,VASC202412061826084,Winit 尾程询价服务,OUTBOUND,UKGF,UKGF Warehouse,16643472,**************************,PD,Y,2026-07-16T15:54:01Z
VASC000000318531,2026-07-15T15:03:34Z,VASC202411271721537,入库非标拍照或提供视频,INBOUND,UKTW,UKTW Warehouse,11101154,*********************************************,PD,NULL,NULL
VASC000000318543,2026-07-15T15:53:13Z,VASC202411192250069,库内非标增值（特批）,UNUSUAL,US0001,USWC Warehouse,17963486,*****************************************,PD,Y,2026-07-15T15:51:22Z
VASC000000318561,2026-07-15T15:29:11Z,VASC202411192250069,库内非标增值（特批）,INHOUSE,DEBR2,DEBR2 Warehouse,10005835,**********************,CD,Y,2026-07-20T14:05:11Z
VASC000000318582,2026-07-17T12:01:24Z,VASC202411192250069,库内非标增值（特批）,INHOUSE,USTX,USTX Warehouse,16585492,**************************,PD,Y,2026-07-16T18:26:05Z
VASC000000318585,2026-07-15T15:21:30Z,VASC202510211517514,无主货找回,INHOUSE,UKGF,UKGF Warehouse,19873041,*********************************************,ES,NULL,NULL
VASC000000318591,2026-07-15T15:17:45Z,VASC202510151802079,审核出库单,OUTBOUND,USWC2,USWC2 Warehouse,17425382,***********************************************,PD,NULL,NULL
VASC000000318606,2026-07-17T14:40:52Z,VASC202412061826084,Winit 尾程询价服务,OUTBOUND,UKGF,UKGF Warehouse,16643472,**************************,PD,Y,2026-07-16T15:55:41Z
VASC000000318609,2026-07-15T15:31:44Z,VASC202411192253186,出库非标增值（特批）,OUTBOUND,USKY3,USKY3 Warehouse,19351399,***************************************,CD,N,2026-07-16T19:57:25Z
VASC000000318612,2026-07-15T15:50:35Z,VASC202411192246131,入库非标增值（特批）,UNUSUAL,USKY5,USKY5 Warehouse,19937931,*************,CD,NULL,NULL
VASC000000318615,2026-07-15T15:55:18Z,VASC202411192246131,入库非标增值（特批）,UNUSUAL,USWC5,USWC5 Warehouse,19673358,***************************************,CD,N,2026-07-16T14:24:18Z
VASC000000318621,2026-07-15T15:37:16Z,VASC202411192253186,出库非标增值（特批）,OUTBOUND,USWC2,USWC2 Warehouse,18705182,***************************,CD,NULL,NULL
VASC000000318624,2026-07-17T14:43:23Z,VASC202412061826084,Winit 尾程询价服务,OUTBOUND,UKGF,UKGF Warehouse,16643472,**************************,PD,Y,2026-07-16T15:57:37Z
VASC000000318627,2026-07-15T15:36:36Z,VASC202510151802079,审核出库单,OUTBOUND,EWD,AU Warehouse,12247086,************************,PD,NULL,NULL
VASC000000318633,2026-07-15T16:19:25Z,VASC202411192246131,入库非标增值（特批）,UNUSUAL,USKY5,USKY5 Warehouse,19937931,*************,CD,NULL,NULL
VASC000000318636,2026-07-15T15:59:47Z,VASC202411192246131,入库非标增值（特批）,UNUSUAL,USWC5,USWC5 Warehouse,19673358,***************************************,CD,N,2026-07-16T14:23:53Z
VASC000000318639,2026-07-15T16:33:19Z,VASC202411192250069,库内非标增值（特批）,INHOUSE,USKY5,USKY5 Warehouse,19121545,************************************,CD,NULL,NULL
VASC000000318642,2026-07-15T16:04:11Z,VASC202411192246131,入库非标增值（特批）,INBOUND,DEBR2,DEBR2 Warehouse,1004082,***************************************,CD,N,2026-07-17T17:15:52Z
VASC000000318648,2026-07-15T19:19:01Z,VASC202411192246131,入库非标增值（特批）,UNUSUAL,DE0001,DE Warehouse,19227270,********************************,CD,NULL,NULL
VASC000000318654,2026-07-15T16:08:07Z,VASC202411192250069,库内非标增值（特批）,INHOUSE,USKY5,USKY5 Warehouse,10005835,**********************,CD,NULL,NULL
VASC000000318666,2026-07-15T16:10:10Z,VASC202411192246131,入库非标增值（特批）,UNUSUAL,USWC5,USWC5 Warehouse,19673358,***************************************,CD,N,2026-07-16T14:25:02Z
VASC000000318672,2026-07-21T16:12:24Z,VASC202411192250069,库内非标增值（特批）,INHOUSE,UKTW,UKTW Warehouse,10005835,**********************,CD,Y,2026-07-20T11:51:50Z
VASC000000318681,2026-07-15T16:36:10Z,VASC202411192250069,库内非标增值（特批）,INHOUSE,UKGF,UKGF Warehouse,16176995,******************************,PD,Y,2026-07-15T16:34:39Z
VASC000000318684,2026-07-15T16:26:01Z,VASC202411192246131,入库非标增值（特批）,UNUSUAL,USWC5,USWC5 Warehouse,19673358,***************************************,CD,N,2026-07-16T14:24:47Z
VASC000000318699,2026-07-15T16:37:03Z,VASC202411192246131,入库非标增值（特批）,UNUSUAL,USKY5,USKY5 Warehouse,19937931,*************,CD,NULL,NULL
VASC000000318702,2026-07-15T16:24:17Z,VASC202510211517514,无主货找回,INHOUSE,UKGF,UKGF Warehouse,19873041,*********************************************,PD,NULL,NULL
VASC000000318723,2026-07-15T16:40:50Z,VASC202411192250069,库内非标增值（特批）,INHOUSE,UKGF,UKGF Warehouse,16643472,**************************,CD,Y,2026-07-17T18:57:44Z
VASC000000318741,2026-07-15T20:56:46Z,VASC202411192250069,库内非标增值（特批）,INHOUSE,USKY5,USKY5 Warehouse,19121545,************************************,PD,Y,2026-07-15T18:08:31Z
VASC000000318747,2026-07-16T15:23:48Z,VASC202411192246131,入库非标增值（特批）,UNUSUAL,USKY5,USKY5 Warehouse,10005835,**********************,PD,Y,2026-07-15T21:33:30Z
VASC000000318753,2026-07-15T17:06:21Z,VASC202411192250069,库内非标增值（特批）,INHOUSE,USTX,USTX Warehouse,19610634,******,CD,N,2026-07-17T15:15:28Z
VASC000000318756,2026-07-16T15:45:16Z,VASC202411192250069,库内非标增值（特批）,INHOUSE,CATO,CATO Warehouse,16585492,**************************,PD,Y,2026-07-15T20:38:10Z
VASC000000318768,2026-07-15T17:58:03Z,VASC202411192250069,库内非标增值（特批）,INHOUSE,DE0001,DE Warehouse,10006683,************************************************,PD,Y,2026-07-15T17:46:59Z
VASC000000318792,2026-07-15T17:21:10Z,VASC202411192229072,库内非标增值（免审核）,INHOUSE,US0001,USWC Warehouse,10008158,******************************************,PD,NULL,NULL
VASC000000318804,2026-07-15T17:28:11Z,VASC202412171855563,出库非标增值（Anker）,OUTBOUND,DE0001,DE Warehouse,16758605,****************************,PD,NULL,NULL
VASC000000318813,2026-07-15T17:59:33Z,VASC202411192246131,入库非标增值（特批）,INBOUND,USKY5,USKY5 Warehouse,10010644,******************************,CD,NULL,NULL
VASC000000318816,2026-07-15T17:39:46Z,VASC202412171855563,出库非标增值（Anker）,OUTBOUND,DE0001,DE Warehouse,16758605,****************************,PD,NULL,NULL
VASC000000318831,2026-07-15T17:45:02Z,VASC202412171855563,出库非标增值（Anker）,OUTBOUND,DENW3,DENW3 Warehouse,16758605,****************************,PD,NULL,NULL
VASC000000318870,2026-07-15T18:00:38Z,VASC202412061826084,Winit 尾程询价服务,OUTBOUND,USKY3,USKY3 Warehouse,19011452,*******************,CD,Y,2026-07-16T07:42:17Z
VASC000000318888,2026-07-16T09:28:42Z,VASC202411192246131,入库非标增值（特批）,INBOUND,USKY5,USKY5 Warehouse,10010644,******************************,PD,Y,2026-07-15T21:50:41Z
VASC000000318894,2026-07-16T09:15:34Z,VASC202411192250069,库内非标增值（特批）,INHOUSE,EWD,AU Warehouse,10004685,******************************,PD,Y,2026-07-15T22:33:12Z
VASC000000318903,2026-07-15T18:18:57Z,VASC202411192246131,入库非标增值（特批）,UNUSUAL,UKTW,UKTW Warehouse,18087443,**************************,CD,NULL,NULL
VASC000000318906,2026-07-15T18:32:47Z,VASC202412171855563,出库非标增值（Anker）,OUTBOUND,UKGF,UKGF Warehouse,16643472,**************************,PD,NULL,NULL
VASC000000318909,2026-07-15T18:35:22Z,VASC202412171855563,出库非标增值（Anker）,OUTBOUND,UKGF,UKGF Warehouse,16643472,**************************,PD,NULL,NULL
VASC000000318930,2026-07-16T14:00:58Z,VASC202411192246131,入庫非標增值（特批）,UNUSUAL,USKY3,USKY3 Warehouse,17806402,*****************************,PD,Y,2026-07-16T11:56:17Z
VASC000000318939,2026-07-16T21:01:29Z,VASC202412061826084,Winit 尾程询价服务,OUTBOUND,UKGF,UKGF Warehouse,16643472,**************************,PD,Y,2026-07-16T15:59:15Z
VASC000000318942,2026-07-16T20:55:05Z,VASC202412061826084,Winit 尾程询价服务,OUTBOUND,UKGF,UKGF Warehouse,16643472,**************************,PD,Y,2026-07-16T16:00:49Z
VASC000000318945,2026-07-15T20:20:22Z,VASC202412171855563,出库非标增值（Anker）,OUTBOUND,UKGF,UKGF Warehouse,16643472,**************************,PD,NULL,NULL
VASC000000318951,2026-07-16T20:53:25Z,VASC202412061826084,Winit 尾程询价服务,OUTBOUND,UKGF,UKGF Warehouse,16643472,**************************,PD,Y,2026-07-16T16:02:29Z
VASC000000318954,2026-07-16T20:43:32Z,VASC202412061826084,Winit 尾程询价服务,OUTBOUND,UKGF,UKGF Warehouse,16643472,**************************,PD,Y,2026-07-16T16:04:19Z
VASC000000318957,2026-07-15T21:17:27Z,VASC202412171855563,出库非标增值（Anker）,OUTBOUND,DE0001,DE Warehouse,16758605,****************************,PD,NULL,NULL
VASC000000318969,2026-07-17T17:32:49Z,VASC202411192250069,库内非标增值（特批）,INHOUSE,EWD,AU Warehouse,19336680,***************************,PD,Y,2026-07-17T15:55:04Z
VASC000000318972,2026-07-15T22:32:01Z,VASC202411192246131,入库非标增值（特批）,INBOUND,US0001,USWC Warehouse,1000019,********************************************************,CD,Y,2026-07-15T22:33:12Z
VASC000000319035,2026-07-16T09:28:23Z,VASC202412171855563,出库非标增值（Anker）,OUTBOUND,DENW3,DENW3 Warehouse,16758605,****************************,PD,NULL,NULL
VASC000000319050,2026-07-16T10:13:13Z,VASC202510211517514,无主货找回,INHOUSE,DE0001,DE Warehouse,10008647,************************************,PD,NULL,NULL
VASC000000319101,2026-07-16T10:51:45Z,VASC202411271721537,入库非标拍照或提供视频,UNUSUAL,USKY5,USKY5 Warehouse,20128549,*********,PD,NULL,NULL
VASC000000319107,2026-07-16T11:30:01Z,VASC202411192246131,入库非标增值（特批）,UNUSUAL,USWC2,USWC2 Warehouse,17100894,******************************,CD,Y,2026-07-16T17:17:53Z
VASC000000319116,2026-07-16T18:32:13Z,VASC202411192246131,入库非标增值（特批）,INBOUND,US0001,USWC Warehouse,13947840,********************,PD,Y,2026-07-16T16:28:23Z
VASC000000319128,2026-07-16T10:41:08Z,VASC202411192246131,入库非标增值（特批）,UNUSUAL,UKTW,UKTW Warehouse,18087443,**************************,CD,N,2026-07-16T17:32:20Z
VASC000000319161,2026-07-16T11:14:32Z,VASC202411192240522,上架前自提,UNUSUAL,US0001,USWC Warehouse,13947840,********************,PD,NULL,NULL
VASC000000319170,2026-07-16T11:17:27Z,VASC202411192246131,入库非标增值（特批）,INBOUND,EWD,AU Warehouse,16460407,*********,CD,N,2026-07-16T15:06:43Z
VASC000000319173,2026-07-17T09:26:04Z,VASC202412061826084,Winit 尾程询价服务,OUTBOUND,USKY5,USKY5 Warehouse,11100450,************************************,PD,Y,2026-07-17T07:19:14Z
VASC000000319188,2026-07-16T11:30:40Z,VASC202411271721537,入庫非標拍照或提供視頻,INBOUND,DEBR2,DEBR2 Warehouse,17615733,**************************************,PD,NULL,NULL
VASC000000319209,2026-07-16T11:47:53Z,VASC202412061826084,Winit 尾程询价服务,OUTBOUND,USKY3,USKY3 Warehouse,17879219,*******************,CD,Y,2026-07-17T00:43:25Z
VASC000000319236,2026-07-16T12:08:01Z,VASC202412111831129,新单上架（客户提供预报单）,UNUSUAL,USKY3,USKY3 Warehouse,16479229,******************************************,PD,NULL,NULL
VASC000000319254,2026-07-17T10:31:20Z,VASC202412061826084,Winit 尾程询价服务,OUTBOUND,USKY3,USKY3 Warehouse,19165067,***************************************,PD,Y,2026-07-17T00:39:03Z
VASC000000319287,2026-07-17T19:10:18Z,VASC202605251438175,代理清关(非标),OUTBOUND,DEBR2,DEBR2 Warehouse,16958250,*************,PD,Y,2026-07-17T19:10:17Z
VASC000000319290,2026-07-17T19:06:31Z,VASC202605251438175,代理清关(非标),OUTBOUND,DEBR2,DEBR2 Warehouse,16958250,*************,PD,Y,2026-07-17T19:06:31Z
VASC000000319293,2026-07-17T19:11:04Z,VASC202605251438175,代理清关(非标),OUTBOUND,DEBR2,DEBR2 Warehouse,16958250,*************,PD,Y,2026-07-17T19:11:03Z
VASC000000319296,2026-07-20T19:28:47Z,VASC202605251438175,代理清关(非标),OUTBOUND,DEBR2,DEBR2 Warehouse,16958250,*************,PD,Y,2026-07-20T19:28:46Z
VASC000000319299,2026-07-17T19:05:30Z,VASC202605251438175,代理清关(非标),OUTBOUND,DEBR2,DEBR2 Warehouse,16958250,*************,PD,Y,2026-07-17T19:05:30Z
VASC000000319302,2026-07-17T14:41:29Z,VASC202412061826084,Winit 尾程询价服务,OUTBOUND,USNJ2,USNJ2 Warehouse,19638637,*********************************,PD,Y,2026-07-16T23:34:05Z
VASC000000319344,2026-07-20T13:27:06Z,VASC202411192246131,入库非标增值（特批）,UNUSUAL,USWC5,USWC5 Warehouse,19673358,***************************************,ES,Y,2026-07-17T18:41:34Z
VASC000000319362,2026-07-17T14:41:33Z,VASC202412061826084,Winit 尾程询价服务,OUTBOUND,USNJ2,USNJ2 Warehouse,19638637,*********************************,PD,Y,2026-07-16T23:59:27Z
VASC000000319377,2026-07-20T17:17:05Z,VASC202411192246131,入库非标增值（特批）,UNUSUAL,USWC5,USWC5 Warehouse,19673358,***************************************,ES,Y,2026-07-20T16:09:14Z
VASC000000319383,2026-07-17T11:34:44Z,VASC202411192246131,入库非标增值（特批）,INBOUND,DEBR2,DEBR2 Warehouse,16757165,****************************,PD,Y,2026-07-16T16:12:27Z
VASC000000319407,2026-07-16T16:23:53Z,VASC202411192240522,上架前自提,UNUSUAL,US0001,USWC Warehouse,19685220,*********,PD,NULL,NULL
VASC000000319410,2026-07-16T18:06:15Z,VASC202411192246131,入库非标增值（特批）,UNUSUAL,USWC2,USWC2 Warehouse,19376789,*********************************,ES,Y,2026-07-16T17:48:20Z
VASC000000319416,2026-07-16T15:37:00Z,VASC202411192246131,入库非标增值（特批）,UNUSUAL,DE0001,DE Warehouse,19227270,********************************,CD,NULL,NULL
VASC000000319452,2026-07-16T15:50:39Z,VASC202412171855563,出库非标增值（Anker）,OUTBOUND,DE0001,DE Warehouse,16758605,****************************,PD,NULL,NULL
VASC000000319458,2026-07-16T16:01:15Z,VASC202412171855563,出库非标增值（Anker）,OUTBOUND,DE0001,DE Warehouse,16758605,****************************,PD,NULL,NULL
VASC000000319467,2026-07-16T16:10:21Z,VASC202412061826084,Winit 尾程询价服务,OUTBOUND,UKTW,UKTW Warehouse,19226389,******************************,CD,NULL,NULL
VASC000000319470,2026-07-17T17:11:58Z,VASC202411271721537,入库非标拍照或提供视频,INBOUND,USKY5,USKY5 Warehouse,17688379,***********,PD,NULL,NULL
VASC000000319476,2026-07-16T16:22:01Z,VASC202510151802079,审核出库单,OUTBOUND,CATO,CATO Warehouse,16585492,**************************,PD,NULL,NULL
VASC000000319491,2026-07-16T16:39:31Z,VASC202412171855563,出库非标增值（Anker）,OUTBOUND,DE0001,DE Warehouse,16758605,****************************,PD,NULL,NULL
VASC000000319509,2026-07-16T17:22:37Z,VASC202411192250069,库内非标增值（特批）,INHOUSE,USGA,USGA Warehouse,11107087,****************************,CD,NULL,NULL
VASC000000319515,2026-07-18T11:39:53Z,VASC202411192250069,库内非标增值（特批）,INHOUSE,US0001,USWC Warehouse,12198028,*********,PD,Y,2026-07-16T22:42:26Z
VASC000000319527,2026-07-23T11:17:22Z,VASC202411192250069,库内非标增值（特批）,INHOUSE,DENW3,DENW3 Warehouse,20056441,********,PD,Y,2026-07-20T16:39:09Z
VASC000000319557,2026-07-17T10:34:29Z,VASC202412061826084,Winit 尾程询价服务,OUTBOUND,CATO,CATO Warehouse,11103862,*********************************,PD,Y,2026-07-17T05:10:57Z
VASC000000319560,2026-07-16T17:30:42Z,VASC202412061826084,Winit 尾程询价服务,OUTBOUND,UKGF,UKGF Warehouse,16643472,**************************,CD,NULL,NULL
VASC000000319569,2026-07-20T17:13:28Z,VASC202412111838036,非标收费,INHOUSE,UKGF,UKGF Warehouse,16643472,**************************,PD,Y,2026-07-20T17:13:28Z
VASC000000319575,2026-07-17T15:09:39Z,VASC202411192246131,入库非标增值（特批）,UNUSUAL,UKTW,UKTW Warehouse,18087443,**************************,CD,NULL,NULL
VASC000000319578,2026-07-17T09:41:31Z,VASC202412061826084,Winit 尾程询价服务,OUTBOUND,UKGF,UKGF Warehouse,16643472,**************************,PD,Y,2026-07-16T20:52:13Z
VASC000000319587,2026-07-16T17:38:22Z,VASC202412171855563,出库非标增值（Anker）,OUTBOUND,UKGF,UKGF Warehouse,16643472,**************************,PD,NULL,NULL
VASC000000319590,2026-07-16T17:40:38Z,VASC202510211517514,无主货找回,INHOUSE,DE0001,DE Warehouse,11109517,************************************,PD,NULL,NULL
VASC000000319593,2026-07-16T17:40:43Z,VASC202412111831129,新单上架（客户提供预报单）,UNUSUAL,USWC5,USWC5 Warehouse,19104098,***************,PD,NULL,NULL
VASC000000319608,2026-07-16T18:06:51Z,VASC202411192246131,入库非标增值（特批）,UNUSUAL,DEBR2,DEBR2 Warehouse,16758605,****************************,PD,Y,2026-07-16T18:05:39Z
VASC000000319617,2026-07-17T10:44:50Z,VASC202411192246131,入库非标增值（特批）,UNUSUAL,DEBR2,DEBR2 Warehouse,16757165,****************************,PD,Y,2026-07-16T21:13:38Z
VASC000000319620,2026-07-16T20:13:44Z,VASC202411192253186,出库非标增值（特批）,OUTBOUND,USWC5,USWC5 Warehouse,19104098,***************,PD,Y,2026-07-16T20:12:30Z
VASC000000319647,2026-07-17T09:17:16Z,VASC202411192246131,入库非标增值（特批）,UNUSUAL,USWC5,USWC5 Warehouse,19104098,***************,ES,Y,2026-07-16T21:16:43Z
VASC000000319650,2026-07-16T18:49:15Z,VASC202412111839195,库内盘点,INHOUSE,UKTW,UKTW Warehouse,10006189,*****************************,CD,NULL,NULL
VASC000000319656,2026-07-16T18:43:05Z,VASC202412061826084,Winit 尾程询价服务,OUTBOUND,EWD,AU Warehouse,18452537,*********************************,CD,Y,2026-07-17T11:45:50Z
VASC000000319704,2026-07-16T19:06:27Z,VASC202411192246131,入库非标增值（特批）,INBOUND,USKY3,USKY3 Warehouse,19011452,*******************,CD,N,2026-07-17T17:45:37Z
VASC000000319863,2026-07-16T20:21:16Z,VASC202412171855563,出库非标增值（Anker）,OUTBOUND,UKGF,UKGF Warehouse,16643472,**************************,PD,NULL,NULL
VASC000000319965,2026-07-18T01:31:25Z,VASC202411192246131,入库非标增值（特批）,INBOUND,USKY5,USKY5 Warehouse,19606505,*****************,PD,Y,2026-07-17T17:42:25Z
VASC000000319968,2026-07-18T01:30:53Z,VASC202411192246131,入库非标增值（特批）,INBOUND,USKY5,USKY5 Warehouse,19606505,*****************,PD,Y,2026-07-17T17:44:06Z
VASC000000320013,2026-07-17T11:19:03Z,VASC202411192246131,入库非标增值（特批）,UNUSUAL,DEBR2,DEBR2 Warehouse,19884444,*********************************,PD,Y,2026-07-17T10:38:31Z
VASC000000320028,2026-07-17T18:31:09Z,VASC202411192246131,入库非标增值（特批）,INBOUND,US0001,USWC Warehouse,13947840,********************,PD,Y,2026-07-17T17:51:16Z
VASC000000320055,2026-07-17T12:10:42Z,VASC202411192246131,入库非标增值（特批）,UNUSUAL,USWC5,USWC5 Warehouse,19227270,********************************,PD,Y,2026-07-17T12:06:22Z
VASC000000320073,2026-07-17T10:41:27Z,VASC202412171855563,出库非标增值（Anker）,OUTBOUND,DEBR2,DEBR2 Warehouse,16757165,****************************,PD,NULL,NULL
VASC000000320088,2026-07-17T13:34:05Z,VASC202411192250069,库内非标增值（特批）,INHOUSE,USKY5,USKY5 Warehouse,1006076,************************,PD,Y,2026-07-17T11:59:05Z
VASC000000320109,2026-07-21T11:39:23Z,VASC202411192250069,库内非标增值（特批）,INHOUSE,US0001,USWC Warehouse,18908456,******************************************,PD,Y,2026-07-21T11:24:33Z
VASC000000320124,2026-07-17T11:27:13Z,VASC202411192253186,出库非标增值（特批）,OUTBOUND,USKY3,USKY3 Warehouse,19351399,***************************************,CD,N,2026-07-20T11:01:30Z
VASC000000320142,2026-07-17T20:51:07Z,VASC202412061826084,Winit 尾程询价服务,OUTBOUND,UKGF,UKGF Warehouse,16643472,**************************,PD,Y,2026-07-17T18:58:59Z
VASC000000320145,2026-07-17T11:32:09Z,VASC202412171855563,出库非标增值（Anker）,OUTBOUND,UKGF,UKGF Warehouse,16643472,**************************,PD,NULL,NULL
VASC000000320148,2026-07-17T11:33:17Z,VASC202411192250069,库内非标增值（特批）,INHOUSE,USGA,USGA Warehouse,11107087,****************************,CD,NULL,NULL
VASC000000320160,2026-07-17T11:39:08Z,VASC202411192250069,库内非标增值（特批）,INHOUSE,USGA,USGA Warehouse,11107087,****************************,CD,Y,2026-07-17T15:11:28Z
VASC000000320166,2026-07-17T14:55:00Z,VASC202411192246131,入庫非標增值（特批）,INBOUND,USKY3,USKY3 Warehouse,17806402,*****************************,CD,NULL,NULL
VASC000000320169,2026-07-17T20:55:31Z,VASC202412061826084,Winit 尾程询价服务,OUTBOUND,UKGF,UKGF Warehouse,16643472,**************************,PD,Y,2026-07-17T19:02:07Z
VASC000000320181,2026-07-20T17:14:02Z,VASC202412111838036,非标收费,INHOUSE,UKGF,UKGF Warehouse,16643472,**************************,PD,Y,2026-07-20T17:14:02Z
VASC000000320187,2026-07-17T12:26:13Z,VASC202510151802079,审核出库单,OUTBOUND,USTX,USTX Warehouse,16585492,**************************,PD,NULL,NULL
VASC000000320205,2026-07-17T14:26:56Z,VASC202411192253186,出库非标增值（特批）,OUTBOUND,USWC5,USWC5 Warehouse,19357484,******************************,CD,Y,2026-07-17T14:25:14Z
VASC000000320217,2026-07-17T13:45:31Z,VASC202412061826084,Winit 尾程询价服务,OUTBOUND,EWD,AU Warehouse,16585492,**************************,CD,Y,2026-07-20T07:46:56Z
VASC000000320220,2026-07-20T17:07:43Z,VASC202411192250069,库内非标增值（特批）,INHOUSE,USKY5,USKY5 Warehouse,19545833,******************************,PD,Y,2026-07-20T16:37:36Z
VASC000000320232,2026-07-17T13:55:09Z,VASC202411271721537,入库非标拍照或提供视频,INBOUND,USKY5,USKY5 Warehouse,1006076,************************,PD,NULL,NULL
VASC000000320235,2026-07-20T19:18:18Z,VASC202605251438175,代理清关(非标),OUTBOUND,DEBR2,DEBR2 Warehouse,16958250,*************,PD,Y,2026-07-20T19:18:18Z
VASC000000320241,2026-07-17T19:04:28Z,VASC202605251438175,代理清关(非标),OUTBOUND,DEBR2,DEBR2 Warehouse,16958250,*************,PD,Y,2026-07-17T19:04:28Z
VASC000000320244,2026-07-20T17:07:28Z,VASC202411192250069,库内非标增值（特批）,INHOUSE,USWC2,USWC2 Warehouse,19545833,******************************,PD,Y,2026-07-20T16:35:12Z
VASC000000320256,2026-07-17T14:05:53Z,VASC202510151802079,审核出库单,OUTBOUND,USKY5,USKY5 Warehouse,1006076,************************,PD,NULL,NULL
VASC000000320265,2026-07-17T14:09:52Z,VASC202411271721537,入库非标拍照或提供视频,INBOUND,USKY5,USKY5 Warehouse,1006076,************************,PD,NULL,NULL
VASC000000320289,2026-07-17T14:35:13Z,VASC202411192246131,入库非标增值（特批）,INBOUND,EWD,AU Warehouse,19890973,*******************,PD,Y,2026-07-17T14:33:13Z
VASC000000320295,2026-07-20T11:28:44Z,VASC202412061826084,Winit 尾程询价服务,OUTBOUND,UKTW,UKTW Warehouse,18087443,**************************,PD,Y,2026-07-17T23:00:21Z
VASC000000320304,2026-07-20T16:15:38Z,VASC202412061826084,Winit 尾程询价服务,OUTBOUND,EWD,AU Warehouse,10011506,***************************************,PD,Y,2026-07-20T07:50:52Z
VASC000000320325,2026-07-17T14:56:09Z,VASC202411192246131,入库非标增值（特批）,UNUSUAL,UKTW,UKTW Warehouse,18087443,**************************,CD,NULL,NULL
VASC000000320328,2026-07-17T15:00:24Z,VASC202411192246131,入庫非標增值（特批）,INBOUND,USWC2,USWC2 Warehouse,17806402,*****************************,CD,NULL,NULL
VASC000000320334,2026-07-17T16:56:51Z,VASC202411192253186,出库非标增值（特批）,OUTBOUND,USKY3,USKY3 Warehouse,18272155,******************************************,PD,Y,2026-07-17T16:55:06Z
VASC000000320358,2026-07-17T18:25:05Z,VASC202411192246131,入库非标增值（特批）,INBOUND,USKY3,USKY3 Warehouse,17806402,*****************************,PD,Y,2026-07-17T18:08:09Z
VASC000000320373,2026-07-17T15:36:09Z,VASC202411192240522,上架前自提,UNUSUAL,USKY3,USKY3 Warehouse,13816111,******************************,PD,NULL,NULL
VASC000000320376,2026-07-17T16:11:17Z,VASC202411192250069,库内非标增值（特批）,UNUSUAL,UKTW,UKTW Warehouse,1001475,***************************************,CD,Y,2026-07-20T15:20:17Z
VASC000000320388,2026-07-17T18:24:48Z,VASC202411192246131,入库非标增值（特批）,INBOUND,USWC2,USWC2 Warehouse,17806402,*****************************,PD,Y,2026-07-17T18:10:28Z
VASC000000320394,2026-07-21T09:59:44Z,VASC202412061826084,Winit 尾程询价服务,OUTBOUND,EWD,AU Warehouse,18452537,*********************************,PD,Y,2026-07-20T08:14:57Z
VASC000000320403,2026-07-21T09:49:48Z,VASC202412061826084,Winit 尾程询价服务,OUTBOUND,EWD,AU Warehouse,18452537,*********************************,PD,Y,2026-07-20T07:42:38Z
VASC000000320412,2026-07-21T09:49:38Z,VASC202412061826084,Winit 尾程询价服务,OUTBOUND,EWD,AU Warehouse,18452537,*********************************,PD,Y,2026-07-20T07:38:33Z
VASC000000320421,2026-07-17T16:44:08Z,VASC202411192229072,库内非标增值（免审核）,INHOUSE,USKY5,USKY5 Warehouse,18801269,***************************************,PD,NULL,NULL
VASC000000320427,2026-07-21T09:49:25Z,VASC202412061826084,Winit 尾程询价服务,OUTBOUND,EWD,AU Warehouse,18452537,*********************************,PD,Y,2026-07-20T07:33:33Z
VASC000000320451,2026-07-17T16:35:38Z,VASC202411192250069,库内非标增值（特批）,INHOUSE,DEBR2,DEBR2 Warehouse,18028902,*********,CD,N,2026-07-21T19:24:42Z
VASC000000320454,2026-07-18T13:29:18Z,VASC202412061826084,Winit 尾程询价服务,OUTBOUND,UKGF,UKGF Warehouse,19263669,******************************,PD,Y,2026-07-17T22:29:36Z
VASC000000320457,2026-07-17T16:46:08Z,VASC202411192229072,库内非标增值（免审核）,UNUSUAL,EWD,AU Warehouse,16877181,*********************************,PD,NULL,NULL
VASC000000320463,2026-07-20T09:26:34Z,VASC202412061826084,Winit 尾程询价服务,OUTBOUND,EWD,AU Warehouse,18778484,**************************,PD,Y,2026-07-20T08:32:28Z
VASC000000320478,2026-07-21T09:15:46Z,VASC202411192250069,库内非标增值（特批）,INHOUSE,DEBR2,DEBR2 Warehouse,16958250,*************,PD,Y,2026-07-17T17:32:40Z
VASC000000320493,2026-07-17T17:15:36Z,VASC202411192250069,库内非标增值（特批）,INHOUSE,USGA,USGA Warehouse,11107087,****************************,ES,Y,2026-07-17T17:11:56Z
VASC000000320502,2026-07-17T17:21:17Z,VASC202510151802079,审核出库单,OUTBOUND,USGA,USGA Warehouse,11107087,****************************,PD,NULL,NULL
VASC000000320508,2026-07-20T09:26:23Z,VASC202412061826084,Winit 尾程询价服务,OUTBOUND,EWD,AU Warehouse,18778484,**************************,PD,Y,2026-07-20T07:27:25Z
VASC000000320523,2026-07-17T21:02:44Z,VASC202412061826084,Winit 尾程询价服务,OUTBOUND,UKGF,UKGF Warehouse,16643472,**************************,PD,Y,2026-07-17T18:56:56Z
VASC000000320535,2026-07-20T17:42:30Z,VASC202411192246131,入库非标增值（特批）,INBOUND,CATO,CATO Warehouse,19227270,********************************,PD,Y,2026-07-20T16:28:40Z
VASC000000320556,2026-07-17T20:01:06Z,VASC202411192253186,出库非标增值（特批）,OUTBOUND,USWC5,USWC5 Warehouse,19357484,******************************,PD,Y,2026-07-17T19:57:56Z
VASC000000320565,2026-07-17T19:35:27Z,VASC202411192246131,入库非标增值（特批）,UNUSUAL,USWC2,USWC2 Warehouse,19376789,*********************************,CD,NULL,NULL
VASC000000320568,2026-07-17T19:15:37Z,VASC202412061826084,Winit 尾程询价服务,OUTBOUND,DE0001,DE Warehouse,16757165,****************************,CD,NULL,NULL
VASC000000320574,2026-07-17T19:16:40Z,VASC202412061826084,Winit 尾程询价服务,OUTBOUND,DEBR2,DEBR2 Warehouse,16757165,****************************,CD,N,2026-07-20T22:04:39Z
VASC000000320598,2026-07-17T19:48:32Z,VASC202412061826084,Winit 尾程询价服务,OUTBOUND,DE0001,DE Warehouse,16757165,****************************,CD,Y,2026-07-20T20:46:07Z
VASC000000320613,2026-07-17T20:31:33Z,VASC202412171855563,出库非标增值（Anker）,OUTBOUND,DE0001,DE Warehouse,16758605,****************************,CD,NULL,NULL
VASC000000320616,2026-07-21T00:36:41Z,VASC202411192246131,入库非标增值（特批）,UNUSUAL,USKY5,USKY5 Warehouse,19937931,*************,PD,Y,2026-07-20T19:21:18Z
VASC000000320619,2026-07-21T00:36:26Z,VASC202411192246131,入库非标增值（特批）,UNUSUAL,USKY5,USKY5 Warehouse,19937931,*************,PD,Y,2026-07-20T19:30:24Z
VASC000000320622,2026-07-17T20:46:35Z,VASC202412171855563,出库非标增值（Anker）,OUTBOUND,DE0001,DE Warehouse,16758605,****************************,PD,NULL,NULL
VASC000000320625,2026-07-17T20:47:08Z,VASC202412171855563,出库非标增值（Anker）,OUTBOUND,DE0001,DE Warehouse,16758605,****************************,PD,NULL,NULL
VASC000000320643,2026-07-21T20:38:26Z,VASC202412061826084,Winit 尾程询价服务,OUTBOUND,UKGF,UKGF Warehouse,16643472,**************************,PD,Y,2026-07-21T19:32:55Z
VASC000000320649,2026-07-18T00:01:34Z,VASC202411192253186,出库非标增值（特批）,OUTBOUND,USKY5,USKY5 Warehouse,18961852,************************,CD,N,2026-07-22T12:29:36Z
VASC000000320742,2026-07-21T00:22:54Z,VASC202411192246131,入库非标增值（特批）,INBOUND,USTX,USTX Warehouse,20211848,*****************,PD,Y,2026-07-20T11:34:42Z
VASC000000320757,2026-07-21T11:02:57Z,VASC202411192246131,入库非标增值（特批）,UNUSUAL,UKGF,UKGF Warehouse,11102088,***************************************,PD,Y,2026-07-20T19:48:30Z
VASC000000320793,2026-07-18T10:24:51Z,VASC202411192229072,库内非标增值（免审核）,INHOUSE,US0001,USWC Warehouse,17904488,*********,PD,NULL,NULL
VASC000000320898,2026-07-18T23:18:53Z,VASC202411192253186,出库非标增值（特批）,OUTBOUND,USGA,USGA Warehouse,1008855,******,CD,NULL,NULL
VASC000000320901,2026-07-18T23:21:23Z,VASC202411192253186,出库非标增值（特批）,OUTBOUND,USGA,USGA Warehouse,1008855,******,CD,NULL,NULL
VASC000000320904,2026-07-18T23:26:52Z,VASC202411192253186,出库非标增值（特批）,OUTBOUND,USGA,USGA Warehouse,1008855,******,CD,N,2026-07-20T18:14:57Z
VASC000000320994,2026-07-20T10:09:06Z,VASC202412061826084,Winit 尾程询价服务,OUTBOUND,UKTW,UKTW Warehouse,1003260,*********************************************,CD,Y,2026-07-20T15:48:45Z
VASC000000321015,2026-07-20T10:17:21Z,VASC202504071528233,入库清除标签,INBOUND,US0001,USWC Warehouse,13947840,********************,PD,NULL,NULL
VASC000000321027,2026-07-20T10:28:27Z,VASC202411271721537,入库非标拍照或提供视频,INBOUND,USWC2,USWC2 Warehouse,14081998,*********************,PD,NULL,NULL
VASC000000321036,2026-07-20T17:33:23Z,VASC202411192240522,上架前自提,UNUSUAL,USNJ2,USNJ2 Warehouse,13256007,******************************,CD,NULL,NULL
VASC000000321045,2026-07-20T11:34:10Z,VASC202411192246131,入库非标增值（特批）,UNUSUAL,USKY3,USKY3 Warehouse,17184566,*************************,CD,NULL,NULL
VASC000000321054,2026-07-21T18:03:20Z,VASC202412061826084,Winit 尾程询价服务,OUTBOUND,UKTW,UKTW Warehouse,19226389,******************************,PD,Y,2026-07-21T15:23:26Z
VASC000000321060,2026-07-20T11:18:15Z,VASC202412061826084,Winit 尾程询价服务,OUTBOUND,USKY5,USKY5 Warehouse,11103862,*********************************,CD,Y,2026-07-22T09:26:32Z
VASC000000321072,2026-07-20T11:11:37Z,VASC202607162144407,出库补贴商品标签（免审）,OUTBOUND,USKY3,USKY3 Warehouse,10006189,*****************************,CD,NULL,NULL
VASC000000321075,2026-07-21T11:32:10Z,VASC202412061826084,Winit 尾程询价服务,OUTBOUND,EWD,AU Warehouse,17285872,************************************************,PD,Y,2026-07-20T12:43:08Z
VASC000000321099,2026-07-20T11:59:15Z,VASC202510211517514,无主货找回,INHOUSE,CATO,CATO Warehouse,19376789,*********************************,ES,NULL,NULL
VASC000000321105,2026-07-21T15:38:57Z,VASC202411192246131,入库非标增值（特批）,INBOUND,USKY5,USKY5 Warehouse,10010644,******************************,PD,Y,2026-07-20T20:01:37Z
VASC000000321108,2026-07-20T11:41:31Z,VASC202411192253186,出库非标增值（特批）,OUTBOUND,DEBR2,DEBR2 Warehouse,19832717,***********,CD,N,2026-07-20T18:17:38Z
VASC000000321138,2026-07-21T15:06:42Z,VASC202411192246131,入库非标增值（特批）,UNUSUAL,USWC5,USWC5 Warehouse,19000466,************************************,PD,Y,2026-07-21T11:25:21Z
VASC000000321147,2026-07-20T14:47:21Z,VASC202411192250069,库内非标增值（特批）,INHOUSE,UKGF,UKGF Warehouse,16643472,**************************,PD,Y,2026-07-20T14:22:34Z
VASC000000321180,2026-07-20T12:29:46Z,VASC202412171855563,出库非标增值（Anker）,OUTBOUND,UKGF,UKGF Warehouse,16643472,**************************,CD,NULL,NULL
VASC000000321183,2026-07-20T12:31:09Z,VASC202412171855563,出库非标增值（Anker）,OUTBOUND,UKGF,UKGF Warehouse,16643472,**************************,CD,NULL,NULL
VASC000000321186,2026-07-20T12:31:50Z,VASC202412171855563,出库非标增值（Anker）,OUTBOUND,UKGF,UKGF Warehouse,16643472,**************************,CD,NULL,NULL
VASC000000321189,2026-07-20T12:32:27Z,VASC202412171855563,出库非标增值（Anker）,OUTBOUND,UKGF,UKGF Warehouse,16643472,**************************,CD,NULL,NULL
VASC000000321210,2026-07-20T17:17:59Z,VASC202411192246131,入库非标增值（特批）,UNUSUAL,USWC5,USWC5 Warehouse,19673358,***************************************,ES,Y,2026-07-20T14:51:14Z
VASC000000321225,2026-07-20T14:26:54Z,VASC202411271721537,入库非标拍照或提供视频,UNUSUAL,USTX,USTX Warehouse,19986609,************************************,PD,NULL,NULL
VASC000000321231,2026-07-20T17:19:25Z,VASC202411192246131,入库非标增值（特批）,UNUSUAL,USWC5,USWC5 Warehouse,19673358,***************************************,ES,Y,2026-07-20T14:49:00Z
VASC000000321243,2026-07-20T17:30:29Z,VASC202411192246131,入库非标增值（特批）,UNUSUAL,USWC5,USWC5 Warehouse,19673358,***************************************,ES,Y,2026-07-20T14:44:12Z
VASC000000321333,2026-07-20T14:37:04Z,VASC202412171855563,出库非标增值（Anker）,OUTBOUND,UKGF,UKGF Warehouse,16643472,**************************,PD,NULL,NULL
VASC000000321336,2026-07-20T14:38:02Z,VASC202412171855563,出库非标增值（Anker）,OUTBOUND,UKGF,UKGF Warehouse,16643472,**************************,PD,NULL,NULL
VASC000000321342,2026-07-20T14:39:36Z,VASC202412171855563,出库非标增值（Anker）,OUTBOUND,UKGF,UKGF Warehouse,16643472,**************************,PD,NULL,NULL
VASC000000321345,2026-07-20T14:40:12Z,VASC202412171855563,出库非标增值（Anker）,OUTBOUND,UKGF,UKGF Warehouse,16643472,**************************,PD,NULL,NULL
VASC000000321378,2026-07-21T11:20:28Z,VASC202411192246131,入库非标增值（特批）,UNUSUAL,UKTW,UKTW Warehouse,18087443,**************************,PD,Y,2026-07-20T21:20:17Z
VASC000000321390,2026-07-23T12:06:42Z,VASC202412061826084,Winit 尾程询价服务,OUTBOUND,USWC2,USWC2 Warehouse,19014363,*************************,PD,Y,2026-07-21T05:38:52Z
VASC000000321393,2026-07-20T15:25:42Z,VASC202411271721537,入库非标拍照或提供视频,INBOUND,USKY5,USKY5 Warehouse,17688379,***********,CD,NULL,NULL
VASC000000321396,2026-07-20T15:26:52Z,VASC202411192246131,入库非标增值（特批）,UNUSUAL,UKTW,UKTW Warehouse,18087443,**************************,CD,NULL,NULL
VASC000000321402,2026-07-21T11:22:27Z,VASC202411192250069,库内非标增值（特批）,INHOUSE,DEBR2,DEBR2 Warehouse,12568164,***************************************,CD,Y,2026-07-21T11:18:31Z
VASC000000321411,2026-07-20T15:33:26Z,VASC202412171855563,出库非标增值（Anker）,OUTBOUND,DENW3,DENW3 Warehouse,16758605,****************************,PD,NULL,NULL
VASC000000321417,2026-07-21T15:06:37Z,VASC202411192246131,入库非标增值（特批）,UNUSUAL,USWC5,USWC5 Warehouse,19000466,************************************,PD,Y,2026-07-21T12:03:10Z
VASC000000321420,2026-07-20T20:41:17Z,VASC202411192246131,入库非标增值（特批）,UNUSUAL,USWC2,USWC2 Warehouse,19376789,*********************************,PD,Y,2026-07-20T20:09:14Z
VASC000000321450,2026-07-20T18:26:34Z,VASC202411192246131,入库非标增值（特批）,INBOUND,USGA,USGA Warehouse,18513540,**********************,PD,Y,2026-07-20T18:25:19Z
VASC000000321483,2026-07-20T16:26:52Z,VASC202411192246131,入库非标增值（特批）,INBOUND,DEBR2,DEBR2 Warehouse,11103701,*********************************,CD,N,2026-07-21T17:07:09Z
VASC000000321492,2026-07-20T16:27:17Z,VASC202412061826084,Winit 尾程询价服务,OUTBOUND,UKTW,UKTW Warehouse,1003260,*********************************************,CD,Y,2026-07-21T19:01:58Z
VASC000000321498,2026-07-21T13:30:12Z,VASC202411192246131,入库非标增值（特批）,UNUSUAL,DE0001,DE Warehouse,17615733,**************************************,PD,Y,2026-07-21T12:01:58Z
VASC000000321504,2026-07-20T16:40:26Z,VASC202411192250069,库内非标增值（特批）,INHOUSE,USKY5,USKY5 Warehouse,19530411,******************************,CD,NULL,NULL
VASC000000321516,2026-07-20T16:57:02Z,VASC202411192246131,入库非标增值（特批）,UNUSUAL,DEBR2,DEBR2 Warehouse,18181065,******************************,CD,NULL,NULL
VASC000000321519,2026-07-20T17:08:33Z,VASC202412111831129,新单上架（客户提供预报单）,UNUSUAL,USKY3,USKY3 Warehouse,17998691,************************,ES,NULL,NULL
VASC000000321522,2026-07-20T16:46:59Z,VASC202411192250069,库内非标增值（特批）,INHOUSE,USKY5,USKY5 Warehouse,19530411,******************************,CD,NULL,NULL
VASC000000321525,2026-07-20T19:09:30Z,VASC202411192253186,出库非标增值（特批）,OUTBOUND,US0001,USWC Warehouse,19687866,**********************,PD,Y,2026-07-20T18:50:07Z
VASC000000321528,2026-07-20T17:00:52Z,VASC202412061826084,Winit 尾程询价服务,OUTBOUND,CATO,CATO Warehouse,16573937,*********************,CD,Y,2026-07-20T23:04:12Z
VASC000000321534,2026-07-20T18:22:10Z,VASC202411192246131,入库非标增值（特批）,UNUSUAL,DEBR2,DEBR2 Warehouse,19227270,********************************,CD,NULL,NULL
VASC000000321537,2026-07-20T17:17:57Z,VASC202412061826084,Winit 尾程询价服务,OUTBOUND,CATO,CATO Warehouse,16573937,*********************,CD,Y,2026-07-20T23:07:50Z
VASC000000321543,2026-07-20T17:18:41Z,VASC202412061826084,Winit 尾程询价服务,OUTBOUND,EWD,AU Warehouse,18556663,******************************************,CD,Y,2026-07-21T14:19:10Z
VASC000000321546,2026-07-20T17:21:53Z,VASC202512051923357,出库非标增值（Aiper）,OUTBOUND,USNJ2,USNJ2 Warehouse,18513540,**********************,PD,NULL,NULL
VASC000000321552,2026-07-21T15:28:52Z,VASC202411192253186,出库非标增值（特批）,OUTBOUND,USNJ2,USNJ2 Warehouse,18513540,**********************,PD,Y,2026-07-20T19:29:31Z
VASC000000321573,2026-07-20T20:40:56Z,VASC202411271721537,入库非标拍照或提供视频,INBOUND,USWC2,USWC2 Warehouse,19376789,*********************************,PD,NULL,NULL
VASC000000321594,2026-07-21T09:17:41Z,VASC202411192246131,入库非标增值（特批）,UNUSUAL,USWC5,USWC5 Warehouse,19104098,***************,PD,Y,2026-07-20T18:22:57Z
VASC000000321606,2026-07-20T18:05:14Z,VASC202412061826084,Winit 尾程询价服务,OUTBOUND,CATO,CATO Warehouse,16573937,*********************,CD,Y,2026-07-20T23:12:13Z
VASC000000321636,2026-07-21T13:25:49Z,VASC202412061826084,Winit 尾程询价服务,OUTBOUND,USNJ2,USNJ2 Warehouse,19638637,*********************************,PD,Y,2026-07-21T03:37:27Z
VASC000000321642,2026-07-20T18:24:07Z,VASC202411271721537,入库非标拍照或提供视频,INBOUND,USKY3,USKY3 Warehouse,17806402,*****************************,ES,NULL,NULL
VASC000000321645,2026-07-21T11:50:12Z,VASC202411192246131,入库非标增值（特批）,UNUSUAL,DEBR2,DEBR2 Warehouse,19227270,********************************,ES,Y,2026-07-20T21:46:27Z
VASC000000321648,2026-07-20T18:43:32Z,VASC202412171855563,出库非标增值（Anker）,OUTBOUND,DE0001,DE Warehouse,16758605,****************************,PD,NULL,NULL
VASC000000321651,2026-07-20T18:58:48Z,VASC202412171855563,出库非标增值（Anker）,OUTBOUND,DE0001,DE Warehouse,16758605,****************************,CD,NULL,NULL
VASC000000321657,2026-07-20T19:12:08Z,VASC202412171855563,出库非标增值（Anker）,OUTBOUND,DENW3,DENW3 Warehouse,16758605,****************************,PD,NULL,NULL
VASC000000321660,2026-07-20T19:13:29Z,VASC202412171855563,出库非标增值（Anker）,OUTBOUND,DE0001,DE Warehouse,16758605,****************************,PD,NULL,NULL
VASC000000321666,2026-07-21T23:48:42Z,VASC202411192246131,入库非标增值（特批）,INBOUND,USKY5,USKY5 Warehouse,19606505,*****************,PD,Y,2026-07-21T17:00:12Z
VASC000000321669,2026-07-21T23:48:31Z,VASC202411192246131,入库非标增值（特批）,INBOUND,USKY5,USKY5 Warehouse,19606505,*****************,PD,Y,2026-07-21T17:02:19Z
VASC000000321696,2026-07-21T23:48:17Z,VASC202411192246131,入库非标增值（特批）,INBOUND,USKY5,USKY5 Warehouse,19606505,*****************,PD,Y,2026-07-21T17:04:06Z
VASC000000321699,2026-07-21T23:48:02Z,VASC202411192246131,入库非标增值（特批）,INBOUND,USKY5,USKY5 Warehouse,19606505,*****************,PD,Y,2026-07-21T17:05:51Z
VASC000000321726,2026-07-21T14:04:58Z,VASC202412061826084,Winit 尾程询价服务,OUTBOUND,US0001,USWC Warehouse,11103862,*********************************,PD,Y,2026-07-21T12:36:51Z
VASC000000321738,2026-07-21T10:03:50Z,VASC202411192246131,入库非标增值（特批）,UNUSUAL,US0001,USWC Warehouse,20109088,*********,CD,NULL,NULL
VASC000000321756,2026-07-21T10:12:33Z,VASC202411192246131,入库非标增值（特批）,UNUSUAL,US0001,USWC Warehouse,20109088,*********,CD,NULL,NULL
VASC000000321759,2026-07-21T14:05:10Z,VASC202412061826084,Winit 尾程询价服务,OUTBOUND,EWD,AU Warehouse,18778484,**************************,PD,Y,2026-07-21T13:03:55Z
VASC000000321768,2026-07-28T14:04:28Z,VASC202411192246131,入库非标增值（特批）,UNUSUAL,USWC5,USWC5 Warehouse,19227270,********************************,PD,Y,2026-07-23T20:50:55Z
VASC000000321777,2026-07-21T10:35:38Z,VASC202411192253186,出库非标增值（特批）,OUTBOUND,DEBR2,DEBR2 Warehouse,19832717,***********,CD,NULL,NULL
VASC000000321792,2026-07-22T15:20:22Z,VASC202411192253186,出库非标增值（特批）,OUTBOUND,DENW3,DENW3 Warehouse,16758605,****************************,PD,Y,2026-07-21T16:56:06Z
VASC000000321795,2026-07-22T15:19:51Z,VASC202411192253186,出库非标增值（特批）,OUTBOUND,DE0001,DE Warehouse,16758605,****************************,PD,Y,2026-07-21T16:59:47Z
VASC000000321813,2026-07-21T11:05:33Z,VASC202510151802079,审核出库单,OUTBOUND,US0001,USWC Warehouse,12198028,*********,PD,NULL,NULL
VASC000000321825,2026-07-21T11:10:17Z,VASC202411192240522,上架前自提,UNUSUAL,USNJ2,USNJ2 Warehouse,13256007,******************************,PD,NULL,NULL
VASC000000321855,2026-07-21T11:37:00Z,VASC202411192253186,出库非标增值（特批）,OUTBOUND,USWC2,USWC2 Warehouse,18632593,*********************************************,CD,NULL,NULL
VASC000000321861,2026-07-22T13:41:15Z,VASC202412061826084,Winit 尾程询价服务,OUTBOUND,CATO,CATO Warehouse,16573937,*********************,PD,Y,2026-07-21T21:52:27Z
VASC000000321891,2026-07-22T17:12:24Z,VASC202411192250069,库内非标增值（特批）,INHOUSE,DEBR2,DEBR2 Warehouse,12568164,***************************************,PD,Y,2026-07-22T17:01:40Z
VASC000000321903,2026-07-22T13:41:25Z,VASC202412061826084,Winit 尾程询价服务,OUTBOUND,CATO,CATO Warehouse,16573937,*********************,PD,Y,2026-07-21T21:54:33Z
VASC000000321930,2026-07-22T13:41:31Z,VASC202412061826084,Winit 尾程询价服务,OUTBOUND,CATO,CATO Warehouse,16573937,*********************,PD,Y,2026-07-21T21:56:20Z
VASC000000321948,2026-07-23T17:00:38Z,VASC202411192250069,库内非标增值（特批）,UNUSUAL,UKTW,UKTW Warehouse,1001475,***************************************,PD,Y,2026-07-23T16:54:15Z
VASC000000322008,2026-07-21T15:28:14Z,VASC202411192253186,出库非标增值（特批）,OUTBOUND,USWC5,USWC5 Warehouse,19501625,***************************************,CD,NULL,NULL
VASC000000322011,2026-07-23T14:10:07Z,VASC202411192250069,库内非标增值（特批）,INHOUSE,EWD,AU Warehouse,16877181,*********************************,PD,Y,2026-07-22T15:50:17Z
VASC000000322095,2026-07-21T15:35:17Z,VASC202411192250069,库内非标增值（特批）,INHOUSE,USKY5,USKY5 Warehouse,19530411,******************************,CD,Y,2026-07-21T19:58:37Z
VASC000000322098,2026-07-22T11:45:19Z,VASC202411192246131,入库非标增值（特批）,UNUSUAL,USKY5,USKY5 Warehouse,17688379,***********,CD,NULL,NULL
VASC000000322107,2026-07-22T17:55:24Z,VASC202412111836315,库内非标增值（需审核）,INHOUSE,USWC5,USWC5 Warehouse,17830621,************************,PD,Y,2026-07-22T17:55:24Z
VASC000000322113,2026-07-22T11:08:48Z,VASC202411192250069,库内非标增值（特批）,INHOUSE,DEBR2,DEBR2 Warehouse,10005835,**********************,PD,Y,2026-07-22T11:06:45Z
VASC000000322173,2026-07-21T16:38:21Z,VASC202411271721537,入库非标拍照或提供视频,UNUSUAL,DEBR2,DEBR2 Warehouse,19227270,********************************,PD,NULL,NULL
VASC000000322179,2026-07-21T16:50:46Z,VASC202411271721537,入库非标拍照或提供视频,INBOUND,UKTW,UKTW Warehouse,16727287,*********,PD,NULL,NULL
VASC000000322191,2026-07-22T09:51:51Z,VASC202411192246131,入库非标增值（特批）,UNUSUAL,DEBR2,DEBR2 Warehouse,18181065,******************************,PD,Y,2026-07-21T19:36:43Z
VASC000000322206,2026-07-21T16:59:14Z,VASC202412061826084,Winit 尾程询价服务,OUTBOUND,USGA,USGA Warehouse,19638637,*********************************,CD,NULL,NULL
VASC000000322215,2026-07-23T11:27:32Z,VASC202411192246131,入库非标增值（特批）,UNUSUAL,DEBR2,DEBR2 Warehouse,17922832,**********************,PD,Y,2026-07-22T16:40:33Z
VASC000000322227,2026-07-22T09:38:11Z,VASC202412061826084,Winit 尾程询价服务,OUTBOUND,USGA,USGA Warehouse,11103862,*********************************,CD,Y,2026-07-22T04:09:38Z
VASC000000322266,2026-07-21T17:38:08Z,VASC202412061826084,Winit 尾程询价服务,OUTBOUND,USGA,USGA Warehouse,19638637,*********************************,CD,Y,2026-07-23T00:51:56Z
VASC000000322272,2026-07-21T17:44:38Z,VASC202412061826084,Winit 尾程询价服务,OUTBOUND,USKY3,USKY3 Warehouse,10006189,*****************************,CD,NULL,NULL
VASC000000322278,2026-07-23T10:33:17Z,VASC202411192250069,库内非标增值（特批）,INHOUSE,US0001,USWC Warehouse,13947840,********************,PD,Y,2026-07-23T10:29:59Z
VASC000000322284,2026-07-24T14:45:52Z,VASC202411192250069,库内非标增值（特批）,UNUSUAL,DEBR2,DEBR2 Warehouse,16958250,*************,PD,Y,2026-07-23T17:56:19Z
VASC000000322320,2026-07-21T18:58:01Z,VASC202411192253186,出库非标增值（特批）,OUTBOUND,USNJ2,USNJ2 Warehouse,18870935,************,ES,Y,2026-07-21T18:56:14Z
VASC000000322353,2026-07-22T17:25:51Z,VASC202411192250069,库内非标增值（特批）,INHOUSE,UKGF,UKGF Warehouse,19263669,******************************,PD,Y,2026-07-22T17:21:13Z
VASC000000322389,2026-07-21T20:09:53Z,VASC202411192253186,出库非标增值（特批）,OUTBOUND,USNJ2,USNJ2 Warehouse,18870935,************,PD,Y,2026-07-21T20:07:17Z
VASC000000322392,2026-07-21T20:06:10Z,VASC202411192253186,出库非标增值（特批）,OUTBOUND,USNJ2,USNJ2 Warehouse,18870935,************,CD,NULL,NULL
VASC000000322410,2026-07-28T00:27:37Z,VASC202411192246131,入库非标增值（特批）,UNUSUAL,USKY5,USKY5 Warehouse,19937931,*************,PD,Y,2026-07-23T21:12:31Z
VASC000000322434,2026-07-22T02:08:54Z,VASC202510151802079,审核出库单,OUTBOUND,DENW3,DENW3 Warehouse,20056441,********,PD,NULL,NULL
VASC000000322437,2026-07-23T00:27:46Z,VASC202411192246131,入库非标增值（特批）,INBOUND,USKY5,USKY5 Warehouse,20153931,*****************,PD,Y,2026-07-22T10:52:56Z
VASC000000322440,2026-07-23T23:35:29Z,VASC202411192246131,入库非标增值（特批）,INBOUND,USKY5,USKY5 Warehouse,19606505,*****************,PD,Y,2026-07-22T10:57:22Z
VASC000000322443,2026-07-24T00:47:44Z,VASC202411192246131,入库非标增值（特批）,INBOUND,USKY5,USKY5 Warehouse,19606505,*****************,PD,Y,2026-07-22T10:54:42Z
VASC000000322446,2026-07-23T23:34:58Z,VASC202411192246131,入库非标增值（特批）,INBOUND,USKY5,USKY5 Warehouse,19606505,*****************,PD,Y,2026-07-22T11:00:51Z
VASC000000322449,2026-07-22T07:30:25Z,VASC202411192253186,出库非标增值（特批）,OUTBOUND,US0001,USWC Warehouse,12285520,*********,CD,N,2026-07-22T20:30:16Z
VASC000000322554,2026-07-24T09:52:12Z,VASC202411192250069,库内非标增值（特批）,INHOUSE,USKY5,USKY5 Warehouse,18908456,******************************************,PD,Y,2026-07-23T17:30:37Z
VASC000000322575,2026-07-22T10:08:33Z,VASC202412061826084,Winit 尾程询价服务,OUTBOUND,UKTW,UKTW Warehouse,19226389,******************************,CD,NULL,NULL
VASC000000322629,2026-07-22T17:53:59Z,VASC202411192246131,入库非标增值（特批）,UNUSUAL,USWC5,USWC5 Warehouse,19296066,******************************,PD,Y,2026-07-22T17:14:02Z
VASC000000322680,2026-07-23T17:17:41Z,VASC202412061826084,Winit 尾程询价服务,OUTBOUND,UKGF,UKGF Warehouse,16643472,**************************,PD,Y,2026-07-22T19:08:24Z
VASC000000322689,2026-07-24T10:33:39Z,VASC202411192246131,入库非标增值（特批）,UNUSUAL,USKY3,USKY3 Warehouse,17184566,*************************,PD,Y,2026-07-23T20:22:42Z
VASC000000322692,2026-07-23T17:17:20Z,VASC202412061826084,Winit 尾程询价服务,OUTBOUND,UKGF,UKGF Warehouse,16643472,**************************,PD,Y,2026-07-22T19:06:50Z
VASC000000322695,2026-07-23T11:59:06Z,VASC202411192240522,上架前自提,UNUSUAL,USKY3,USKY3 Warehouse,17872346,**********************,PD,NULL,NULL
VASC000000322701,2026-07-23T17:17:03Z,VASC202412061826084,Winit 尾程询价服务,OUTBOUND,UKGF,UKGF Warehouse,16643472,**************************,PD,Y,2026-07-22T22:28:15Z
VASC000000322707,2026-07-22T11:25:27Z,VASC202412171855563,出库非标增值（Anker）,OUTBOUND,UKGF,UKGF Warehouse,16643472,**************************,PD,NULL,NULL
VASC000000322716,2026-07-22T12:26:49Z,VASC202411192246131,入库非标增值（特批）,INBOUND,USWC2,USWC2 Warehouse,20137012,*********,CD,N,2026-07-23T20:04:07Z
VASC000000322719,2026-07-22T11:36:42Z,VASC202504071528233,入库清除标签,INBOUND,US0001,USWC Warehouse,13947840,********************,PD,NULL,NULL
VASC000000322752,2026-07-22T12:05:30Z,VASC202411192246131,入库非标增值（特批）,UNUSUAL,USKY5,USKY5 Warehouse,17688379,***********,CD,NULL,NULL
VASC000000322761,2026-07-22T12:13:16Z,VASC202411192246131,入库非标增值（特批）,UNUSUAL,USKY5,USKY5 Warehouse,17688379,***********,CD,N,2026-07-23T20:02:28Z
VASC000000322896,2026-07-22T14:53:12Z,VASC202411192229072,库内非标增值（免审核）,INHOUSE,UKTW,UKTW Warehouse,1006937,********************,PD,NULL,NULL
VASC000000322902,2026-07-23T15:12:38Z,VASC202411192250069,库内非标增值（特批）,INHOUSE,USKY3,USKY3 Warehouse,19855425,*********************************************************,CD,NULL,NULL
VASC000000322935,2026-07-22T15:13:36Z,VASC202411192250069,库内非标增值（特批）,INHOUSE,DEBR2,DEBR2 Warehouse,16757165,****************************,CD,N,2026-07-31T17:48:37Z
VASC000000322938,2026-07-22T15:23:11Z,VASC202411192250069,库内非标增值（特批）,INHOUSE,UKGF,UKGF Warehouse,19304817,************************,CD,Y,2026-07-24T11:03:34Z
VASC000000322959,2026-07-23T09:57:25Z,VASC202411192250069,库内非标增值（特批）,INHOUSE,DE0001,DE Warehouse,16758605,****************************,PD,Y,2026-07-22T18:07:34Z
VASC000000322965,2026-07-22T15:51:14Z,VASC202411192253186,出库非标增值（特批）,OUTBOUND,DEBR2,DEBR2 Warehouse,1000083,************************************,CD,NULL,NULL
VASC000000322995,2026-07-22T17:20:14Z,VASC202411192246131,入库非标增值（特批）,UNUSUAL,USKY3,USKY3 Warehouse,17688379,***********,CD,N,2026-07-22T18:02:13Z
VASC000000323001,2026-07-23T09:00:09Z,VASC202411192250069,库内非标增值（特批）,INHOUSE,USTX,USTX Warehouse,16585492,**************************,PD,Y,2026-07-22T19:51:33Z
VASC000000323010,2026-07-22T16:52:31Z,VASC202411192250069,库内非标增值（特批）,INHOUSE,DEBR2,DEBR2 Warehouse,17534761,******************************,CD,N,2026-07-22T19:57:34Z
VASC000000323067,2026-07-22T16:42:45Z,VASC202411192253186,出库非标增值（特批）,OUTBOUND,DEBR2,DEBR2 Warehouse,1000083,************************************,CD,NULL,NULL
VASC000000323076,2026-07-22T17:11:30Z,VASC202411192229072,库内非标增值（免审核）,INHOUSE,USKY5,USKY5 Warehouse,19478780,*********************************,PD,NULL,NULL
VASC000000323079,2026-07-22T16:53:04Z,VASC202411192246131,入库非标增值（特批）,INBOUND,US0001,USWC Warehouse,13947840,********************,CD,NULL,NULL
VASC000000323082,2026-07-22T17:05:32Z,VASC202411192250069,库内非标增值（特批）,UNUSUAL,USKY3,USKY3 Warehouse,11108712,******,CD,N,2026-07-23T16:49:23Z
VASC000000323097,2026-07-22T17:03:24Z,VASC202411192253186,出库非标增值（特批）,OUTBOUND,DEBR2,DEBR2 Warehouse,1000083,************************************,CD,NULL,NULL
VASC000000323106,2026-07-22T17:13:19Z,VASC202411192250069,库内非标增值（特批）,UNUSUAL,USKY3,USKY3 Warehouse,11108712,******,CD,N,2026-07-23T16:49:06Z
VASC000000323130,2026-07-23T14:10:53Z,VASC202412061826084,Winit 尾程询价服务,OUTBOUND,USGA,USGA Warehouse,16585492,**************************,PD,Y,2026-07-23T01:04:37Z
VASC000000323136,2026-07-23T14:10:16Z,VASC202412061826084,Winit 尾程询价服务,OUTBOUND,USGA,USGA Warehouse,16585492,**************************,PD,Y,2026-07-23T01:09:24Z
VASC000000323145,2026-07-23T14:09:35Z,VASC202412061826084,Winit 尾程询价服务,OUTBOUND,USGA,USGA Warehouse,16585492,**************************,PD,Y,2026-07-23T01:12:25Z
VASC000000323151,2026-07-23T14:09:05Z,VASC202412061826084,Winit 尾程询价服务,OUTBOUND,USGA,USGA Warehouse,16585492,**************************,PD,Y,2026-07-23T01:18:09Z
VASC000000323163,2026-07-23T14:08:14Z,VASC202412061826084,Winit 尾程询价服务,OUTBOUND,USGA,USGA Warehouse,16585492,**************************,PD,Y,2026-07-23T02:07:35Z
VASC000000323166,2026-07-23T08:48:08Z,VASC202412061826084,Winit 尾程询价服务,OUTBOUND,EWD,AU Warehouse,18778484,**************************,PD,Y,2026-07-23T06:55:21Z
VASC000000323169,2026-07-29T18:34:06Z,VASC202411192246131,入库非标增值（特批）,INBOUND,DENW3,DENW3 Warehouse,16758605,****************************,PD,Y,2026-07-29T18:15:14Z
VASC000000323172,2026-07-22T18:00:57Z,VASC202411192253186,出库非标增值（特批）,OUTBOUND,DEBR2,DEBR2 Warehouse,1000083,************************************,CD,NULL,NULL
VASC000000323175,2026-07-22T18:04:19Z,VASC202411192253186,出库非标增值（特批）,OUTBOUND,DEBR2,DEBR2 Warehouse,1000083,************************************,CD,NULL,NULL
VASC000000323178,2026-07-22T18:04:07Z,VASC202412171855563,出库非标增值（Anker）,OUTBOUND,DE0001,DE Warehouse,16758605,****************************,PD,NULL,NULL
VASC000000323181,2026-07-22T18:11:11Z,VASC202411192253186,出库非标增值（特批）,OUTBOUND,DEBR2,DEBR2 Warehouse,1000083,************************************,CD,N,2026-07-22T18:56:25Z
VASC000000323184,2026-07-22T18:12:10Z,VASC202411192253186,出库非标增值（特批）,OUTBOUND,DEBR2,DEBR2 Warehouse,1000083,************************************,CD,N,2026-07-22T18:56:56Z
VASC000000323187,2026-07-22T18:12:38Z,VASC202411192253186,出库非标增值（特批）,OUTBOUND,DEBR2,DEBR2 Warehouse,1000083,************************************,CD,Y,2026-07-22T18:53:07Z
VASC000000323190,2026-07-22T18:13:19Z,VASC202411192253186,出库非标增值（特批）,OUTBOUND,DEBR2,DEBR2 Warehouse,1000083,************************************,CD,Y,2026-07-22T18:52:19Z
VASC000000323193,2026-07-22T18:13:45Z,VASC202411192253186,出库非标增值（特批）,OUTBOUND,DEBR2,DEBR2 Warehouse,1000083,************************************,CD,N,2026-07-22T18:57:07Z
VASC000000323196,2026-07-22T18:14:23Z,VASC202411192253186,出库非标增值（特批）,OUTBOUND,DEBR2,DEBR2 Warehouse,1000083,************************************,CD,Y,2026-07-22T18:51:05Z
VASC000000323199,2026-07-22T18:14:50Z,VASC202411192253186,出库非标增值（特批）,OUTBOUND,DEBR2,DEBR2 Warehouse,1000083,************************************,CD,N,2026-07-22T18:57:22Z
VASC000000323202,2026-07-22T18:15:26Z,VASC202411192253186,出库非标增值（特批）,OUTBOUND,DEBR2,DEBR2 Warehouse,1000083,************************************,CD,Y,2026-07-22T18:49:53Z
VASC000000323205,2026-07-22T18:15:47Z,VASC202411192253186,出库非标增值（特批）,OUTBOUND,DEBR2,DEBR2 Warehouse,1000083,************************************,CD,N,2026-07-22T18:57:38Z
VASC000000323247,2026-07-22T20:25:53Z,VASC202412171855563,出库非标增值（Anker）,OUTBOUND,US0001,USWC Warehouse,13947840,********************,PD,NULL,NULL
VASC000000323250,2026-07-22T20:33:51Z,VASC202412171855563,出库非标增值（Anker）,OUTBOUND,US0001,USWC Warehouse,13947840,********************,PD,NULL,NULL
VASC000000323253,2026-07-22T20:39:20Z,VASC202412171855563,出库非标增值（Anker）,OUTBOUND,US0001,USWC Warehouse,13947840,********************,PD,NULL,NULL
VASC000000323256,2026-07-22T20:47:15Z,VASC202412171855563,出库非标增值（Anker）,OUTBOUND,US0001,USWC Warehouse,13947840,********************,PD,NULL,NULL
VASC000000323259,2026-07-22T20:57:33Z,VASC202412171855563,出库非标增值（Anker）,OUTBOUND,US0001,USWC Warehouse,13947840,********************,PD,NULL,NULL
VASC000000323265,2026-07-22T21:40:11Z,VASC202510151802079,审核出库单,OUTBOUND,DEBR2,DEBR2 Warehouse,12568164,***************************************,PD,NULL,NULL
VASC000000323271,2026-07-22T21:57:39Z,VASC202411192253186,出库非标增值（特批）,OUTBOUND,US0001,USWC Warehouse,18846891,*********,CD,NULL,NULL
VASC000000323334,2026-07-23T09:47:59Z,VASC202411192250069,库内非标增值（特批）,INHOUSE,USKY5,USKY5 Warehouse,19365951,*********************************,CD,Y,2026-07-23T12:03:50Z
VASC000000323355,2026-07-27T18:06:24Z,VASC202412061826084,Winit 尾程询价服务,OUTBOUND,DE0001,DE Warehouse,16757165,****************************,PD,Y,2026-07-23T14:37:33Z
VASC000000323364,2026-07-23T21:17:54Z,VASC202411192246131,入库非标增值（特批）,UNUSUAL,USWC2,USWC2 Warehouse,17100894,******************************,PD,Y,2026-07-23T20:52:33Z
VASC000000323391,2026-07-23T11:22:14Z,VASC202411192250069,库内非标增值（特批）,INHOUSE,UKGF,UKGF Warehouse,16929223,******************************,CD,Y,2026-07-24T11:06:25Z
VASC000000323394,2026-07-23T10:42:58Z,VASC202510151802079,审核出库单,OUTBOUND,US0001,USWC Warehouse,13947840,********************,PD,NULL,NULL
VASC000000323397,2026-07-23T10:52:01Z,VASC202510151802079,审核出库单,OUTBOUND,US0001,USWC Warehouse,13947840,********************,PD,NULL,NULL
VASC000000323403,2026-07-23T11:11:23Z,VASC202411192253186,出库非标增值（特批）,OUTBOUND,USKY5,USKY5 Warehouse,15701329,***************************************,CD,NULL,NULL
VASC000000323430,2026-07-23T11:13:09Z,VASC202412171855563,出库非标增值（Anker）,OUTBOUND,DE0001,DE Warehouse,16758605,****************************,PD,NULL,NULL
VASC000000323442,2026-07-23T11:27:55Z,VASC202411192253186,出库非标增值（特批）,OUTBOUND,USKY5,USKY5 Warehouse,15701329,***************************************,CD,N,2026-07-23T17:39:52Z
VASC000000323454,2026-07-23T11:34:26Z,VASC202504071528233,入库清除标签,INBOUND,US0001,USWC Warehouse,13947840,********************,PD,NULL,NULL
VASC000000323463,2026-07-27T16:13:08Z,VASC202412061826084,Winit 尾程询价服务,OUTBOUND,DEBR2,DEBR2 Warehouse,19177001,***************************************,PD,Y,2026-07-23T19:15:52Z
VASC000000323472,2026-07-23T12:07:18Z,VASC202411192246131,入库非标增值（特批）,INBOUND,USKY3,USKY3 Warehouse,19418197,***************,CD,NULL,NULL
VASC000000323490,2026-07-23T14:58:19Z,VASC202411192240522,上架前自提,UNUSUAL,USKY3,USKY3 Warehouse,17688379,***********,PD,NULL,NULL
VASC000000323493,2026-07-23T12:05:20Z,VASC202412061826084,Winit 尾程询价服务,OUTBOUND,DEBR2,DEBR2 Warehouse,19177001,***************************************,CD,Y,2026-07-23T19:18:25Z
VASC000000323499,2026-07-23T14:22:19Z,VASC202607222148551,增值补收费（非标）,INHOUSE,UKTW,UKTW Warehouse,10006189,*****************************,PD,Y,2026-07-23T14:21:47Z
VASC000000323505,2026-07-23T13:51:32Z,VASC202411192246131,入库非标增值（特批）,INBOUND,USKY3,USKY3 Warehouse,19418197,***************,CD,N,2026-07-23T20:35:17Z
VASC000000323511,2026-07-23T13:45:08Z,VASC202411192240522,上架前自提,UNUSUAL,US0001,USWC Warehouse,13947840,********************,PD,NULL,NULL
VASC000000323538,2026-07-24T16:13:56Z,VASC202412061826084,Winit 尾程询价服务,OUTBOUND,US0001,USWC Warehouse,18846891,*********,PD,Y,2026-07-24T08:54:20Z
VASC000000323562,2026-07-24T11:18:59Z,VASC202412061826084,Winit 尾程询价服务,OUTBOUND,USGA,USGA Warehouse,19638637,*********************************,CD,Y,2026-07-24T04:55:34Z
VASC000000323568,2026-07-23T15:28:57Z,VASC202411192250069,库内非标增值（特批）,INHOUSE,DEBR2,DEBR2 Warehouse,17534761,******************************,CD,N,2026-07-27T10:34:24Z
VASC000000323586,2026-07-23T15:00:15Z,VASC202411192253186,出库非标增值（特批）,OUTBOUND,USKY3,USKY3 Warehouse,19011452,*******************,CD,Y,2026-07-24T10:51:51Z
VASC000000323595,2026-07-23T15:23:45Z,VASC202411192246131,入库非标增值（特批）,UNUSUAL,USKY3,USKY3 Warehouse,11313051,*********,CD,NULL,NULL
VASC000000323598,2026-07-23T15:00:19Z,VASC202412061826084,Winit 尾程询价服务,OUTBOUND,DEBR2,DEBR2 Warehouse,19177001,***************************************,CD,NULL,NULL
VASC000000323601,2026-07-23T15:00:45Z,VASC202412171855563,出库非标增值（Anker）,OUTBOUND,DEBR2,DEBR2 Warehouse,16757165,****************************,PD,NULL,NULL
VASC000000323625,2026-07-23T17:44:10Z,VASC202411192250069,库内非标增值（特批）,INHOUSE,USKY3,USKY3 Warehouse,19855425,*********************************************************,PD,Y,2026-07-23T17:31:47Z
VASC000000323628,2026-07-27T16:12:58Z,VASC202412061826084,Winit 尾程询价服务,OUTBOUND,DEBR2,DEBR2 Warehouse,19177001,***************************************,PD,Y,2026-07-23T19:23:00Z
VASC000000323631,2026-07-24T15:44:24Z,VASC202412061826084,Winit 尾程询价服务,OUTBOUND,US0001,USWC Warehouse,16434635,**************************************,PD,Y,2026-07-24T09:10:18Z
VASC000000323643,2026-07-27T16:09:23Z,VASC202412061826084,Winit 尾程询价服务,OUTBOUND,DEBR2,DEBR2 Warehouse,19177001,***************************************,PD,Y,2026-07-23T19:23:06Z
VASC000000323646,2026-07-23T16:52:30Z,VASC202411192250069,库内非标增值（特批）,INHOUSE,EWD,AU Warehouse,18557590,******************************************,PD,Y,2026-07-23T16:44:19Z
VASC000000323649,2026-07-23T15:50:38Z,VASC202411192229072,库内非标增值（免审核）,INHOUSE,USKY3,USKY3 Warehouse,13930433,******************************************,CD,NULL,NULL
VASC000000323652,2026-07-24T13:48:50Z,VASC202412061826084,Winit 尾程询价服务,OUTBOUND,US0001,USWC Warehouse,20097902,***************************************,PD,Y,2026-07-24T08:49:17Z
VASC000000323658,2026-07-23T17:58:57Z,VASC202411192246131,入库非标增值（特批）,INBOUND,DEBR2,DEBR2 Warehouse,16757165,****************************,PD,Y,2026-07-23T16:54:25Z
VASC000000323667,2026-07-24T14:54:54Z,VASC202411192229072,库内非标增值（免审核）,INHOUSE,USKY5,USKY5 Warehouse,13930433,******************************************,PD,NULL,NULL
VASC000000323682,2026-07-23T18:58:29Z,VASC202411192250069,库内非标增值（特批）,INHOUSE,USNJ2,USNJ2 Warehouse,18870935,************,CD,Y,2026-07-23T19:21:09Z
VASC000000323688,2026-07-24T14:57:26Z,VASC202411192229072,库内非标增值（免审核）,INHOUSE,USKY3,USKY3 Warehouse,13930433,******************************************,PD,NULL,NULL
VASC000000323694,2026-07-24T10:01:03Z,VASC202411192250069,库内非标增值（特批）,UNUSUAL,DEBR2,DEBR2 Warehouse,16757165,****************************,PD,Y,2026-07-23T17:23:48Z
VASC000000323700,2026-07-23T16:52:52Z,VASC202411192250069,库内非标增值（特批）,INHOUSE,UKGF,UKGF Warehouse,18169545,***************************************,CD,NULL,NULL
VASC000000323706,2026-07-23T16:35:14Z,VASC202412061826084,Winit 尾程询价服务,OUTBOUND,US0001,USWC Warehouse,11421975,*********************************,CD,Y,2026-07-24T09:00:44Z
VASC000000323724,2026-07-24T10:05:03Z,VASC202411192250069,库内非标增值（特批）,UNUSUAL,DEBR2,DEBR2 Warehouse,16757165,****************************,PD,Y,2026-07-23T17:28:53Z
VASC000000323730,2026-07-23T16:55:06Z,VASC202510151802079,审核出库单,OUTBOUND,EWD,AU Warehouse,18557590,******************************************,PD,NULL,NULL
VASC000000323733,2026-07-24T10:19:23Z,VASC202411192250069,库内非标增值（特批）,INHOUSE,UKGF,UKGF Warehouse,18169545,***************************************,PD,Y,2026-07-23T18:08:46Z
VASC000000323802,2026-07-23T18:06:10Z,VASC202411192253186,出库非标增值（特批）,OUTBOUND,US0001,USWC Warehouse,10008901,*********************************,CD,N,2026-07-23T19:10:09Z
VASC000000323808,2026-07-27T14:31:32Z,VASC202411192246131,入库非标增值（特批）,INBOUND,USKY3,USKY3 Warehouse,11313051,*********,PD,Y,2026-07-27T10:41:55Z
VASC000000323820,2026-07-23T18:29:05Z,VASC202411192246131,入库非标增值（特批）,UNUSUAL,UKGF,UKGF Warehouse,18170180,************************,CD,NULL,NULL
VASC000000323850,2026-07-23T20:08:50Z,VASC202411192250069,库内非标增值（特批）,INHOUSE,USNJ2,USNJ2 Warehouse,18870935,************,PD,Y,2026-07-23T20:01:44Z
VASC000000323856,2026-07-28T00:27:24Z,VASC202411192246131,入库非标增值（特批）,UNUSUAL,USKY5,USKY5 Warehouse,19937931,*************,PD,Y,2026-07-23T21:07:41Z
VASC000000323862,2026-07-28T17:05:55Z,VASC202412061826084,Winit 尾程询价服务,OUTBOUND,UKGF,UKGF Warehouse,16643472,**************************,PD,Y,2026-07-24T20:49:44Z
VASC000000323865,2026-07-23T19:20:08Z,VASC202412171855563,出库非标增值（Anker）,OUTBOUND,UKGF,UKGF Warehouse,16643472,**************************,PD,NULL,NULL
VASC000000323880,2026-07-23T20:26:20Z,VASC202510151802079,审核出库单,OUTBOUND,USNJ2,USNJ2 Warehouse,18870935,************,PD,NULL,NULL
VASC000000323883,2026-07-23T20:26:54Z,VASC202510151802079,审核出库单,OUTBOUND,USNJ2,USNJ2 Warehouse,18870935,************,PD,NULL,NULL
VASC000000323895,2026-07-25T01:37:55Z,VASC202411192246131,入库非标增值（特批）,INBOUND,USKY5,USKY5 Warehouse,19606505,*****************,PD,Y,2026-07-24T11:22:23Z
VASC000000323898,2026-07-25T01:37:38Z,VASC202411192246131,入库非标增值（特批）,INBOUND,USKY5,USKY5 Warehouse,19606505,*****************,PD,Y,2026-07-24T11:23:47Z
VASC000000323958,2026-07-24T09:57:57Z,VASC202411192250069,库内非标增值（特批）,INHOUSE,USKY5,USKY5 Warehouse,19530411,******************************,CD,N,2026-07-28T14:39:36Z
VASC000000323970,2026-07-24T16:48:45Z,VASC202411192246131,入库非标增值（特批）,UNUSUAL,USWC2,USWC2 Warehouse,20137012,*********,PD,Y,2026-07-24T16:46:45Z
VASC000000323979,2026-07-24T10:48:06Z,VASC202411271721537,入库非标拍照或提供视频,INBOUND,UKTW,UKTW Warehouse,18446379,*******************,PD,NULL,NULL
VASC000000323988,2026-07-27T16:08:59Z,VASC202412061826084,Winit 尾程询价服务,OUTBOUND,DEBR2,DEBR2 Warehouse,19177001,***************************************,PD,Y,2026-07-27T14:20:50Z
VASC000000324006,2026-07-24T11:07:15Z,VASC202412061826084,Winit 尾程询价服务,OUTBOUND,USNJ2,USNJ2 Warehouse,18870935,************,CD,N,2026-07-24T22:56:07Z
VASC000000324018,2026-07-27T17:22:00Z,VASC202411192250069,库内非标增值（特批）,INHOUSE,UKTW,UKTW Warehouse,10005835,**********************,PD,Y,2026-07-24T11:47:56Z
VASC000000324027,2026-07-24T11:16:26Z,VASC202411192250069,库内非标增值（特批）,INHOUSE,UKGF,UKGF Warehouse,19304817,************************,PD,Y,2026-07-24T11:11:01Z
VASC000000324066,2026-07-24T12:14:17Z,VASC202411192246131,入库非标增值（特批）,INBOUND,USKY5,USKY5 Warehouse,20088946,******,CD,NULL,NULL
VASC000000324069,2026-07-26T10:00:59Z,VASC202411192246131,入库非标增值（特批）,INBOUND,USKY5,USKY5 Warehouse,20088946,******,CD,Y,2026-07-24T18:04:40Z
VASC000000324090,2026-07-26T10:01:06Z,VASC202411192246131,入库非标增值（特批）,UNUSUAL,USKY5,USKY5 Warehouse,20088946,******,CD,Y,2026-07-24T18:34:29Z
VASC000000324249,2026-07-24T15:14:12Z,VASC202412171855563,出库非标增值（Anker）,OUTBOUND,DE0001,DE Warehouse,16758605,****************************,PD,NULL,NULL
VASC000000324252,2026-07-24T15:18:59Z,VASC202412061826084,Winit 尾程询价服务,OUTBOUND,USWC2,USWC2 Warehouse,19222987,*******************************,CD,Y,2026-07-25T08:08:03Z
VASC000000324258,2026-07-24T15:25:51Z,VASC202411271721537,入库非标拍照或提供视频,INBOUND,UKTW,UKTW Warehouse,12734749,***************************************,PD,NULL,NULL
VASC000000324267,2026-07-24T15:16:53Z,VASC202412171855563,出库非标增值（Anker）,OUTBOUND,DE0001,DE Warehouse,16758605,****************************,PD,NULL,NULL
VASC000000324270,2026-07-24T15:26:33Z,VASC202510211517514,无主货找回,INHOUSE,EWD,AU Warehouse,11418958,******************************,PD,NULL,NULL
VASC000000324276,2026-07-27T11:41:18Z,VASC202411192250069,库内非标增值（特批）,INHOUSE,DEBR2,DEBR2 Warehouse,18028902,*********,PD,Y,2026-07-24T19:02:21Z
VASC000000324285,2026-07-24T16:17:53Z,VASC202411192250069,库内非标增值（特批）,INHOUSE,USKY5,USKY5 Warehouse,11102193,***************************************,PD,Y,2026-07-24T16:05:08Z
VASC000000324297,2026-07-24T15:55:28Z,VASC202411192246131,入库非标增值（特批）,UNUSUAL,USKY5,USKY5 Warehouse,19626785,************************************************,CD,Y,2026-07-24T18:40:19Z
VASC000000324300,2026-07-28T17:04:53Z,VASC202412061826084,Winit 尾程询价服务,OUTBOUND,UKGF,UKGF Warehouse,16643472,**************************,PD,Y,2026-07-24T20:47:58Z
VASC000000324315,2026-07-29T15:06:58Z,VASC202411192250069,库内非标增值（特批）,INHOUSE,DEBR2,DEBR2 Warehouse,16757165,****************************,PD,Y,2026-07-24T16:51:14Z
VASC000000324318,2026-07-28T17:03:44Z,VASC202412061826084,Winit 尾程询价服务,OUTBOUND,UKGF,UKGF Warehouse,16643472,**************************,PD,Y,2026-07-24T20:46:14Z
VASC000000324321,2026-07-24T16:03:08Z,VASC202510151802079,审核出库单,OUTBOUND,UKGF,UKGF Warehouse,18169545,***************************************,PD,NULL,NULL
VASC000000324330,2026-07-24T16:25:29Z,VASC202411192250069,库内非标增值（特批）,INHOUSE,DEBR2,DEBR2 Warehouse,1000083,************************************,PD,Y,2026-07-24T16:21:22Z
VASC000000324342,2026-07-24T19:37:03Z,VASC202411192246131,入库非标增值（特批）,UNUSUAL,UKGF,UKGF Warehouse,18170180,************************,PD,Y,2026-07-24T17:19:58Z
VASC000000324351,2026-07-24T16:34:32Z,VASC202411192253186,出库非标增值（特批）,OUTBOUND,US0001,USWC Warehouse,18846891,*********,CD,N,2026-07-24T17:37:01Z
VASC000000324363,2026-07-25T10:08:47Z,VASC202411192246131,入库非标增值（特批）,UNUSUAL,USWC5,USWC5 Warehouse,19104098,***************,PD,Y,2026-07-24T18:53:11Z
VASC000000324369,2026-07-24T16:44:16Z,VASC202411192246131,入库非标增值（特批）,UNUSUAL,USNJ2,USNJ2 Warehouse,19104098,***************,CD,Y,2026-07-24T19:06:53Z
VASC000000324372,2026-07-24T18:24:02Z,VASC202411192253186,出库非标增值（特批）,OUTBOUND,USKY3,USKY3 Warehouse,19011452,*******************,PD,Y,2026-07-24T16:54:14Z
VASC000000324396,2026-07-24T16:55:20Z,VASC202412061826084,Winit 尾程询价服务,OUTBOUND,UKTW,UKTW Warehouse,19226389,******************************,CD,NULL,NULL
VASC000000324402,2026-07-24T17:00:10Z,VASC202412171855563,出库非标增值（Anker）,OUTBOUND,DEBR2,DEBR2 Warehouse,16757165,****************************,PD,NULL,NULL
VASC000000324444,2026-07-24T17:32:44Z,VASC202412061826084,Winit 尾程询价服务,OUTBOUND,UKTW,UKTW Warehouse,19226389,******************************,CD,Y,2026-07-24T23:05:38Z
VASC000000324462,2026-07-27T13:55:20Z,VASC202412061826084,Winit 尾程询价服务,OUTBOUND,EWD,AU Warehouse,10011506,***************************************,PD,Y,2026-07-25T15:35:04Z
VASC000000324477,2026-07-24T18:04:54Z,VASC202411192250069,库内非标增值（特批）,INHOUSE,DEBR2,DEBR2 Warehouse,15908221,******************************,CD,Y,2026-07-24T21:15:47Z
VASC000000324498,2026-07-30T20:40:50Z,VASC202411192253186,出库非标增值（特批）,OUTBOUND,US0001,USWC Warehouse,12285520,*********,PD,Y,2026-07-27T10:46:09Z
VASC000000324507,2026-07-24T18:41:28Z,VASC202411192246131,入库非标增值（特批）,UNUSUAL,USKY3,USKY3 Warehouse,17806402,*****************************,CD,NULL,NULL
VASC000000324522,2026-07-24T19:01:50Z,VASC202412171855563,出库非标增值（Anker）,OUTBOUND,DENW3,DENW3 Warehouse,16758605,****************************,PD,NULL,NULL
VASC000000324540,2026-07-24T20:31:46Z,VASC202411192253186,出库非标增值（特批）,OUTBOUND,USKY3,USKY3 Warehouse,18272155,******************************************,PD,Y,2026-07-24T20:26:41Z
VASC000000324546,2026-07-27T18:26:59Z,VASC202412061826084,Winit 尾程询价服务,OUTBOUND,UKGF,UKGF Warehouse,16643472,**************************,PD,Y,2026-07-24T20:44:15Z
VASC000000324561,2026-07-25T10:08:41Z,VASC202411192246131,入库非标增值（特批）,UNUSUAL,USNJ2,USNJ2 Warehouse,19104098,***************,PD,Y,2026-07-24T19:37:15Z
VASC000000324567,2026-07-27T18:31:36Z,VASC202412061826084,Winit 尾程询价服务,OUTBOUND,UKGF,UKGF Warehouse,16643472,**************************,PD,Y,2026-07-24T20:42:35Z
VASC000000324570,2026-07-31T10:37:41Z,VASC202411192250069,库内非标增值（特批）,INHOUSE,USKY3,USKY3 Warehouse,19011452,*******************,PD,Y,2026-07-27T15:59:07Z
VASC000000324585,2026-07-28T00:56:24Z,VASC202411192246131,入库非标增值（特批）,INBOUND,USKY5,USKY5 Warehouse,19606505,*****************,PD,Y,2026-07-27T14:46:25Z
VASC000000324588,2026-07-28T00:57:55Z,VASC202411192246131,入库非标增值（特批）,INBOUND,USWC5,USWC5 Warehouse,20211848,*****************,PD,Y,2026-07-27T14:51:46Z
VASC000000324630,2026-07-25T10:31:48Z,VASC202411192229072,库内非标增值（免审核）,INHOUSE,USKY3,USKY3 Warehouse,11104734,******************************,ES,NULL,NULL
VASC000000324690,2026-07-25T14:35:47Z,VASC202411271721537,入库非标拍照或提供视频,INBOUND,EWD,AU Warehouse,19916645,******************************************,CD,NULL,NULL
VASC000000324696,2026-07-25T14:40:40Z,VASC202411271721537,入库非标拍照或提供视频,INBOUND,EWD,AU Warehouse,19916645,******************************************,PD,NULL,NULL
VASC000000324732,2026-07-27T15:05:26Z,VASC202411192253186,出库非标增值（特批）,OUTBOUND,EWD,AU Warehouse,10004685,******************************,PD,Y,2026-07-27T14:53:46Z
VASC000000324789,2026-07-29T00:21:12Z,VASC202411192246131,入库非标增值（特批）,UNUSUAL,USKY5,USKY5 Warehouse,19937931,*************,PD,Y,2026-07-28T19:45:04Z
VASC000000324828,2026-07-28T09:53:12Z,VASC202411192246131,入库非标增值（特批）,UNUSUAL,USKY5,USKY5 Warehouse,20088946,******,PD,Y,2026-07-27T17:34:10Z
VASC000000324855,2026-07-28T07:09:05Z,VASC202412061826084,Winit 尾程询价服务,OUTBOUND,CATO,CATO Warehouse,11104738,******************************,PD,Y,2026-07-28T05:58:50Z
VASC000000324867,2026-07-27T09:15:07Z,VASC202412061826084,Winit 尾程询价服务,OUTBOUND,USNJ2,USNJ2 Warehouse,19083883,******************************,CD,Y,2026-07-28T03:40:34Z
VASC000000324915,2026-07-27T11:46:46Z,VASC202411192253186,出库非标增值（特批）,OUTBOUND,UKTW,UKTW Warehouse,18490708,************************************,CD,NULL,NULL
VASC000000324948,2026-07-27T10:23:05Z,VASC202504071528233,入库清除标签,INBOUND,US0001,USWC Warehouse,13947840,********************,PD,NULL,NULL
VASC000000324951,2026-07-27T10:29:49Z,VASC202411192229072,库内非标增值（免审核）,INHOUSE,USKY3,USKY3 Warehouse,11104734,******************************,PD,NULL,NULL
VASC000000324960,2026-07-28T15:35:11Z,VASC202411192246131,入库非标增值（特批）,UNUSUAL,USWC2,USWC2 Warehouse,17225006,*********,PD,Y,2026-07-27T19:39:26Z
VASC000000324984,2026-07-27T11:15:22Z,VASC202411192246131,入庫非標增值（特批）,INBOUND,DEBR2,DEBR2 Warehouse,18253819,**************************************,CD,Y,2026-07-27T20:36:50Z
VASC000000325020,2026-07-28T16:31:20Z,VASC202411192250069,库内非标增值（特批）,INHOUSE,USKY3,USKY3 Warehouse,19993406,*********************************,PD,Y,2026-07-28T16:28:10Z
VASC000000325029,2026-07-27T11:37:19Z,VASC202411192250069,库内非标增值（特批）,INHOUSE,USGA,USGA Warehouse,19705233,************************************,CD,N,2026-07-27T14:09:47Z
VASC000000325035,2026-07-28T15:03:36Z,VASC202411192250069,库内非标增值（特批）,INHOUSE,USKY3,USKY3 Warehouse,19705233,************************************,PD,Y,2026-07-27T14:19:02Z
VASC000000325041,2026-07-27T11:40:34Z,VASC202411192250069,库内非标增值（特批）,INHOUSE,USKY5,USKY5 Warehouse,19705233,************************************,CD,N,2026-07-27T14:10:08Z
VASC000000325050,2026-07-27T11:51:48Z,VASC202411192253186,出库非标增值（特批）,OUTBOUND,UKTW,UKTW Warehouse,18490708,************************************,CD,N,2026-07-27T17:41:04Z
VASC000000325182,2026-07-28T09:36:46Z,VASC202412111831129,新单上架（客户提供预报单）,UNUSUAL,DEBR2,DEBR2 Warehouse,18233634,*********,PD,NULL,NULL
VASC000000325200,2026-07-29T10:34:27Z,VASC202412061826084,Winit 尾程询价服务,OUTBOUND,EWD,AU Warehouse,10011506,***************************************,PD,Y,2026-07-28T07:51:20Z
VASC000000325215,2026-07-27T15:28:38Z,VASC202411271751445,出库非标增值（免审核）,OUTBOUND,DENW3,DENW3 Warehouse,20056441,********,PD,NULL,NULL
VASC000000325218,2026-07-27T15:31:48Z,VASC202411192240522,上架前自提,UNUSUAL,US0001,USWC Warehouse,13947840,********************,PD,NULL,NULL
VASC000000325224,2026-07-27T18:20:27Z,VASC202411192246131,入庫非標增值（特批）,UNUSUAL,USKY3,USKY3 Warehouse,17806402,*****************************,PD,Y,2026-07-27T17:57:36Z
VASC000000325314,2026-07-27T16:40:00Z,VASC202411271721537,入库非标拍照或提供视频,INBOUND,USKY3,USKY3 Warehouse,19017058,*******************************************,PD,NULL,NULL
VASC000000325323,2026-07-27T16:56:47Z,VASC202411192246131,入库非标增值（特批）,UNUSUAL,USWC5,USWC5 Warehouse,19118186,************************,CD,NULL,NULL
VASC000000325359,2026-07-27T16:41:54Z,VASC202412061826084,Winit 尾程询价服务,OUTBOUND,DEBR2,DEBR2 Warehouse,19227270,********************************,CD,NULL,NULL
VASC000000325476,2026-07-27T17:12:21Z,VASC202411192229072,库内非标增值（免审核）,INHOUSE,US0001,USWC Warehouse,1003422,************************,PD,NULL,NULL
VASC000000325518,2026-07-27T17:30:50Z,VASC202412061826084,Winit 尾程询价服务,OUTBOUND,DEBR2,DEBR2 Warehouse,19227270,********************************,CD,NULL,NULL
VASC000000325524,2026-07-27T17:59:24Z,VASC202412061826084,Winit 尾程询价服务,OUTBOUND,USGA,USGA Warehouse,18510153,**************,CD,NULL,NULL
VASC000000325527,2026-07-27T17:37:53Z,VASC202412061826084,Winit 尾程询价服务,OUTBOUND,DEBR2,DEBR2 Warehouse,19227270,********************************,CD,NULL,NULL
VASC000000325542,2026-07-27T17:52:27Z,VASC202510211517514,无主货找回,INHOUSE,USKY5,USKY5 Warehouse,1006076,************************,CD,NULL,NULL
VASC000000325554,2026-07-27T18:01:40Z,VASC202412171855563,出库非标增值（Anker）,OUTBOUND,DE0001,DE Warehouse,16758605,****************************,PD,NULL,NULL
VASC000000325560,2026-07-27T18:09:21Z,VASC202412061826084,Winit 尾程询价服务,OUTBOUND,US0001,USWC Warehouse,18510153,**************,CD,Y,2026-07-28T12:41:09Z
VASC000000325563,2026-07-27T18:16:14Z,VASC202412111836315,库内非标增值（需审核）,INHOUSE,DE0001,DE Warehouse,11177690,******************************,CD,N,2026-07-28T15:47:36Z
VASC000000325566,2026-07-27T18:20:12Z,VASC202411192250069,库内非标增值（特批）,INHOUSE,DEBR2,DEBR2 Warehouse,15908221,******************************,CD,NULL,NULL
VASC000000325785,2026-07-28T16:00:10Z,VASC202411192250069,库内非标增值（特批）,INHOUSE,USKY3,USKY3 Warehouse,18307042,*************************,PD,Y,2026-07-28T15:44:22Z
VASC000000325806,2026-07-28T10:34:55Z,VASC202504071528233,入库清除标签,INBOUND,US0001,USWC Warehouse,13947840,********************,PD,NULL,NULL
VASC000000325836,2026-07-28T10:54:41Z,VASC202412061826084,Winit 尾程询价服务,OUTBOUND,USKY3,USKY3 Warehouse,17879219,*******************,CD,Y,2026-07-28T23:59:08Z
VASC000000325848,2026-07-28T11:32:08Z,VASC202411192250069,库内非标增值（特批）,INHOUSE,DEBR2,DEBR2 Warehouse,16958250,*************,CD,NULL,NULL
VASC000000325866,2026-07-28T14:40:34Z,VASC202412061826084,Winit 尾程询价服务,OUTBOUND,EWD,AU Warehouse,18778484,**************************,PD,Y,2026-07-28T14:05:41Z
VASC000000325875,2026-07-28T15:08:14Z,VASC202411192246131,入库非标增值（特批）,UNUSUAL,USWC5,USWC5 Warehouse,19118186,************************,PD,Y,2026-07-28T12:24:18Z
VASC000000325908,2026-07-28T17:02:16Z,VASC202412061826084,Winit 尾程询价服务,OUTBOUND,UKGF,UKGF Warehouse,16643472,**************************,PD,Y,2026-07-28T15:57:46Z
VASC000000325947,2026-07-28T19:08:38Z,VASC202411192246131,入库非标增值（特批）,UNUSUAL,US0001,USWC Warehouse,19731877,******************************,CD,Y,2026-07-29T17:07:26Z
VASC000000326010,2026-07-28T14:05:02Z,VASC202412171855563,出库非标增值（Anker）,OUTBOUND,DE0001,DE Warehouse,16758605,****************************,PD,NULL,NULL
VASC000000326019,2026-07-28T14:14:14Z,VASC202412171855563,出库非标增值（Anker）,OUTBOUND,DE0001,DE Warehouse,16758605,****************************,PD,NULL,NULL
VASC000000326061,2026-07-31T10:09:00Z,VASC202411192246131,入库非标增值（特批）,UNUSUAL,USKY5,USKY5 Warehouse,19937931,*************,PD,Y,2026-07-30T18:33:32Z
VASC000000326082,2026-07-28T15:19:32Z,VASC202510211517514,无主货找回,INHOUSE,USKY5,USKY5 Warehouse,19586305,******************************************,PD,NULL,NULL
VASC000000326139,2026-07-28T16:00:18Z,VASC202411271721537,入库非标拍照或提供视频,INBOUND,EWD,AU Warehouse,1004681,******************************,PD,NULL,NULL
VASC000000326154,2026-07-28T16:18:21Z,VASC202411192250069,库内非标增值（特批）,INHOUSE,DEBR2,DEBR2 Warehouse,16958250,*************,CD,Y,2026-07-28T18:03:43Z
VASC000000326163,2026-07-28T16:55:45Z,VASC202607222148551,增值补收费（非标）,INHOUSE,UKTW,UKTW Warehouse,20048235,*************,PD,Y,2026-07-28T16:49:17Z
VASC000000326172,2026-07-28T16:39:18Z,VASC202510151802079,审核出库单,OUTBOUND,USKY3,USKY3 Warehouse,19993406,*********************************,PD,NULL,NULL
VASC000000326247,2026-07-28T17:34:44Z,VASC202411192250069,库内非标增值（特批）,INHOUSE,US0001,USWC Warehouse,17916113,*********,CD,N,2026-07-29T21:20:34Z
VASC000000326253,2026-07-28T18:18:36Z,VASC202411192253186,出库非标增值（特批）,OUTBOUND,USWC2,USWC2 Warehouse,19322299,*****************************,PD,Y,2026-07-28T18:11:33Z
VASC000000326259,2026-07-28T17:39:07Z,VASC202412171855563,出库非标增值（Anker）,OUTBOUND,DENW3,DENW3 Warehouse,16758605,****************************,PD,NULL,NULL
VASC000000326268,2026-07-30T17:18:51Z,VASC202411192250069,库内非标增值（特批）,INHOUSE,USGA,USGA Warehouse,18510153,**************,CD,Y,2026-07-30T17:06:26Z
VASC000000326295,2026-07-29T00:21:30Z,VASC202411192246131,入库非标增值（特批）,UNUSUAL,USKY5,USKY5 Warehouse,19937931,*************,PD,Y,2026-07-28T19:48:12Z
VASC000000326301,2026-07-28T18:02:05Z,VASC202412061826084,Winit 尾程询价服务,OUTBOUND,USKY5,USKY5 Warehouse,10010644,******************************,CD,Y,2026-07-30T03:56:09Z
VASC000000326304,2026-07-28T18:01:42Z,VASC202412171855563,出库非标增值（Anker）,OUTBOUND,DEBR2,DEBR2 Warehouse,16757165,****************************,PD,NULL,NULL
VASC000000326307,2026-07-28T18:33:59Z,VASC202411192253186,出库非标增值（特批）,OUTBOUND,USKY5,USKY5 Warehouse,10010644,******************************,CD,NULL,NULL
VASC000000326349,2026-07-29T18:03:00Z,VASC202411192246131,入库非标增值（特批）,UNUSUAL,USGA,USGA Warehouse,19104098,***************,PD,Y,2026-07-29T17:58:49Z
VASC000000326358,2026-07-28T20:03:09Z,VASC202411192250069,库内非标增值（特批）,INHOUSE,DENW3,DENW3 Warehouse,20056441,********,CD,N,2026-07-29T18:00:34Z
VASC000000326367,2026-07-30T03:20:14Z,VASC202411192246131,入库非标增值（特批）,INBOUND,USKY5,USKY5 Warehouse,19606505,*****************,PD,Y,2026-07-29T20:24:24Z
VASC000000326370,2026-07-29T08:14:56Z,VASC202412061826084,Winit 尾程询价服务,OUTBOUND,USWC2,USWC2 Warehouse,19284707,*********************************,CD,Y,2026-07-29T11:20:08Z
VASC000000326394,2026-07-29T09:23:58Z,VASC202411192253186,出库非标增值（特批）,OUTBOUND,USKY5,USKY5 Warehouse,10010644,******************************,CD,N,2026-07-30T11:31:55Z
VASC000000326442,2026-07-29T10:03:32Z,VASC202411192250069,库内非标增值（特批）,UNUSUAL,US0001,USWC Warehouse,17838623,***************,CD,NULL,NULL
VASC000000326475,2026-07-30T15:34:38Z,VASC202411192250069,库内非标增值（特批）,UNUSUAL,US0001,USWC Warehouse,17838623,***************,PD,Y,2026-07-29T14:27:04Z
VASC000000326514,2026-07-29T10:53:17Z,VASC202411192250069,库内非标增值（特批）,INHOUSE,USKY5,USKY5 Warehouse,19014400,*********,CD,NULL,NULL
VASC000000326526,2026-07-29T10:51:40Z,VASC202510211517514,无主货找回,INHOUSE,CATO,CATO Warehouse,19376789,*********************************,PD,NULL,NULL
VASC000000326529,2026-07-30T09:07:42Z,VASC202411192246131,入库非标增值（特批）,UNUSUAL,US0001,USWC Warehouse,11177690,******************************,PD,Y,2026-07-29T18:03:46Z
VASC000000326538,2026-07-30T09:07:30Z,VASC202411192246131,入库非标增值（特批）,UNUSUAL,US0001,USWC Warehouse,11177690,******************************,PD,Y,2026-07-29T18:06:40Z
VASC000000326565,2026-07-30T15:19:08Z,VASC202412061826084,Winit 尾程询价服务,OUTBOUND,US0001,USWC Warehouse,18510153,**************,PD,Y,2026-07-30T10:26:27Z
VASC000000326628,2026-07-30T09:50:04Z,VASC202412061826084,Winit 尾程询价服务,OUTBOUND,USKY3,USKY3 Warehouse,10002584,***************************************,PD,Y,2026-07-30T00:10:23Z
VASC000000326631,2026-07-30T07:56:26Z,VASC202411192246131,入库非标增值（特批）,UNUSUAL,USWC5,USWC5 Warehouse,19104098,***************,PD,Y,2026-07-29T20:07:01Z
VASC000000326664,2026-07-31T16:29:27Z,VASC202411192250069,库内非标增值（特批）,INHOUSE,USKY5,USKY5 Warehouse,19014400,*********,ES,Y,2026-07-31T15:22:58Z
VASC000000326667,2026-07-29T13:56:01Z,VASC202412171855563,出库非标增值（Anker）,OUTBOUND,DE0001,DE Warehouse,16758605,****************************,PD,NULL,NULL
VASC000000326670,2026-07-29T14:05:20Z,VASC202412111831129,新单上架（客户提供预报单）,UNUSUAL,DEBR2,DEBR2 Warehouse,16757165,****************************,PD,NULL,NULL
VASC000000326691,2026-07-29T14:46:39Z,VASC202411192229072,库内非标增值（免审核）,INHOUSE,US0001,USWC Warehouse,12930397,******************************,CD,NULL,NULL
VASC000000326694,2026-07-29T14:33:40Z,VASC202411192250069,库内非标增值（特批）,INHOUSE,DEBR2,DEBR2 Warehouse,16958250,*************,CD,Y,2026-07-29T19:41:56Z
VASC000000326697,2026-07-30T14:13:12Z,VASC202412061826084,Winit 尾程询价服务,OUTBOUND,UKTW,UKTW Warehouse,19226389,******************************,PD,Y,2026-07-29T15:27:22Z
VASC000000326721,2026-07-29T14:52:45Z,VASC202411192229072,库内非标增值（免审核）,INHOUSE,US0001,USWC Warehouse,12930397,******************************,PD,NULL,NULL
VASC000000326733,2026-07-29T15:52:41Z,VASC202411192253186,出库非标增值（特批）,OUTBOUND,DE0001,DE Warehouse,17615733,**************************************,PD,Y,2026-07-29T15:36:52Z
VASC000000326742,2026-07-29T16:17:13Z,VASC202411192246131,入库非标增值（特批）,UNUSUAL,DE0001,DE Warehouse,19227270,********************************,CD,NULL,NULL
VASC000000326745,2026-07-30T11:53:17Z,VASC202411192246131,入库非标增值（特批）,INBOUND,US0001,USWC Warehouse,13947840,********************,PD,Y,2026-07-30T11:45:53Z
VASC000000326748,2026-07-29T15:10:31Z,VASC202412061826084,Winit 尾程询价服务,OUTBOUND,USTX,USTX Warehouse,17364241,************************************,CD,NULL,NULL
VASC000000326772,2026-07-30T18:33:18Z,VASC202412061826084,Winit 尾程询价服务,OUTBOUND,CATO,CATO Warehouse,19227270,********************************,PD,Y,2026-07-30T07:41:51Z
VASC000000326775,2026-07-29T16:58:52Z,VASC202411192250069,库内非标增值（特批）,INHOUSE,DEBR2,DEBR2 Warehouse,15908221,******************************,PD,Y,2026-07-29T16:46:02Z
VASC000000326784,2026-07-29T15:48:29Z,VASC202412171855563,出库非标增值（Anker）,OUTBOUND,DE0001,DE Warehouse,16758605,****************************,PD,NULL,NULL
VASC000000326805,2026-07-29T16:07:23Z,VASC202412061826084,Winit 尾程询价服务,OUTBOUND,USKY3,USKY3 Warehouse,18123042,*********************,CD,Y,2026-07-30T00:05:44Z
VASC000000326865,2026-07-29T16:16:45Z,VASC202412061826084,Winit 尾程询价服务,OUTBOUND,EWD,AU Warehouse,16400294,***************************************,CD,Y,2026-07-30T08:59:20Z
VASC000000326892,2026-07-30T09:57:41Z,VASC202411192250069,库内非标增值（特批）,INHOUSE,USKY5,USKY5 Warehouse,1006076,************************,PD,Y,2026-07-29T19:36:07Z
VASC000000326907,2026-07-30T11:53:42Z,VASC202411192250069,库内非标增值（特批）,UNUSUAL,US0001,USWC Warehouse,13947840,********************,PD,Y,2026-07-30T11:10:19Z
VASC000000326928,2026-07-30T17:18:40Z,VASC202411192250069,库内非标增值（特批）,INHOUSE,US0001,USWC Warehouse,18510153,**************,CD,Y,2026-07-30T17:11:53Z
VASC000000326943,2026-07-29T17:17:11Z,VASC202411271721537,入库非标拍照或提供视频,INBOUND,USKY5,USKY5 Warehouse,17836774,*********,PD,NULL,NULL
VASC000000326982,2026-07-29T17:14:36Z,VASC202411192253186,出库非标增值（特批）,OUTBOUND,DEBR2,DEBR2 Warehouse,19177001,***************************************,CD,N,2026-07-29T17:31:49Z
VASC000000326991,2026-07-29T17:16:42Z,VASC202411192253186,出库非标增值（特批）,OUTBOUND,DEBR2,DEBR2 Warehouse,19177001,***************************************,CD,N,2026-07-30T11:33:52Z
VASC000000327000,2026-07-29T17:18:14Z,VASC202411192253186,出库非标增值（特批）,OUTBOUND,DEBR2,DEBR2 Warehouse,19177001,***************************************,CD,N,2026-07-30T11:34:00Z
VASC000000327003,2026-07-29T17:19:23Z,VASC202411192253186,出库非标增值（特批）,OUTBOUND,DEBR2,DEBR2 Warehouse,19177001,***************************************,CD,N,2026-07-30T11:34:09Z
VASC000000327006,2026-07-29T17:20:44Z,VASC202412171855563,出库非标增值（Anker）,OUTBOUND,DEBR2,DEBR2 Warehouse,16757165,****************************,ES,NULL,NULL
VASC000000327009,2026-07-29T17:21:43Z,VASC202412171855563,出库非标增值（Anker）,OUTBOUND,DEBR2,DEBR2 Warehouse,16757165,****************************,ES,NULL,NULL
VASC000000327012,2026-07-29T17:22:34Z,VASC202412171855563,出库非标增值（Anker）,OUTBOUND,DEBR2,DEBR2 Warehouse,16757165,****************************,PD,NULL,NULL
VASC000000327015,2026-07-29T17:24:41Z,VASC202412171855563,出库非标增值（Anker）,OUTBOUND,DEBR2,DEBR2 Warehouse,16757165,****************************,PD,NULL,NULL
VASC000000327021,2026-07-30T10:48:38Z,VASC202411192246131,入库非标增值（特批）,UNUSUAL,DE0001,DE Warehouse,19227270,********************************,PD,Y,2026-07-29T19:17:01Z
VASC000000327024,2026-07-29T17:27:33Z,VASC202412171855563,出库非标增值（Anker）,OUTBOUND,DEBR2,DEBR2 Warehouse,16757165,****************************,PD,NULL,NULL
VASC000000327027,2026-07-29T17:28:24Z,VASC202412171855563,出库非标增值（Anker）,OUTBOUND,DEBR2,DEBR2 Warehouse,16757165,****************************,PD,NULL,NULL
VASC000000327048,2026-07-29T17:40:31Z,VASC202412171855563,出库非标增值（Anker）,OUTBOUND,DEBR2,DEBR2 Warehouse,16757165,****************************,ES,NULL,NULL
VASC000000327051,2026-07-29T17:41:25Z,VASC202412171855563,出库非标增值（Anker）,OUTBOUND,DEBR2,DEBR2 Warehouse,16757165,****************************,ES,NULL,NULL
VASC000000327057,2026-07-30T15:05:48Z,VASC202412061826084,Winit 尾程询价服务,OUTBOUND,EWD,AU Warehouse,18778484,**************************,PD,Y,2026-07-30T09:00:17Z
VASC000000327060,2026-07-29T21:19:50Z,VASC202411192246131,入库非标增值（特批）,UNUSUAL,UKTW,UKTW Warehouse,20048235,*************,PD,Y,2026-07-29T19:33:25Z
VASC000000327072,2026-07-30T17:48:23Z,VASC202411192240522,上架前自提,UNUSUAL,CATO,CATO Warehouse,17872346,**********************,PD,NULL,NULL
VASC000000327087,2026-07-29T18:15:29Z,VASC202411192250069,库内非标增值（特批）,INHOUSE,USKY5,USKY5 Warehouse,10005835,**********************,PD,Y,2026-07-29T18:13:49Z
VASC000000327099,2026-07-30T09:54:01Z,VASC202607222148551,增值补收费（非标）,INHOUSE,UKGF,UKGF Warehouse,19304817,************************,PD,Y,2026-07-29T21:08:29Z
VASC000000327111,2026-07-29T18:32:59Z,VASC202411192229072,库内非标增值（免审核）,INHOUSE,USKY5,USKY5 Warehouse,1006076,************************,PD,NULL,NULL
VASC000000327114,2026-07-29T18:31:03Z,VASC202411192229072,库内非标增值（免审核）,INHOUSE,US0001,USWC Warehouse,13947840,********************,PD,NULL,NULL
VASC000000327117,2026-07-29T19:33:01Z,VASC202411192250069,库内非标增值（特批）,INHOUSE,USWC2,USWC2 Warehouse,19376789,*********************************,CD,N,2026-07-30T14:38:33Z
VASC000000327126,2026-07-30T17:58:12Z,VASC202411192250069,库内非标增值（特批）,INHOUSE,DEBR2,DEBR2 Warehouse,16958250,*************,PD,Y,2026-07-29T19:46:59Z
VASC000000327129,2026-07-29T18:56:22Z,VASC202412171855563,出库非标增值（Anker）,OUTBOUND,DE0001,DE Warehouse,16758605,****************************,PD,NULL,NULL
VASC000000327135,2026-07-29T19:24:00Z,VASC202510211517514,无主货找回,INHOUSE,DE0001,DE Warehouse,11109517,************************************,PD,NULL,NULL
VASC000000327138,2026-07-29T19:25:56Z,VASC202510211517514,无主货找回,INHOUSE,DE0001,DE Warehouse,11109517,************************************,PD,NULL,NULL
VASC000000327141,2026-07-29T20:03:35Z,VASC202411192250069,库内非标增值（特批）,INHOUSE,DEBR2,DEBR2 Warehouse,19376789,*********************************,CD,N,2026-07-30T14:38:56Z
VASC000000327144,2026-07-29T20:08:20Z,VASC202411192250069,库内非标增值（特批）,INHOUSE,CATO,CATO Warehouse,19376789,*********************************,CD,N,2026-07-30T14:41:28Z
VASC000000327147,2026-07-29T20:14:51Z,VASC202411192250069,库内非标增值（特批）,INHOUSE,EWD,AU Warehouse,19376789,*********************************,CD,N,2026-07-30T14:41:11Z
VASC000000327174,2026-07-29T22:29:08Z,VASC202510151802079,审核出库单,OUTBOUND,USKY3,USKY3 Warehouse,1004681,******************************,PD,NULL,NULL
VASC000000327189,2026-07-30T09:37:13Z,VASC202411192229072,库内非标增值（免审核）,UNUSUAL,USWC2,USWC2 Warehouse,19159529,******************************************************,CD,NULL,NULL
VASC000000327228,2026-07-30T10:53:21Z,VASC202411192250069,库内非标增值（特批）,INHOUSE,US0001,USWC Warehouse,12226562,*************,CD,N,2026-08-03T14:22:13Z
VASC000000327240,2026-07-30T10:03:44Z,VASC202412171855563,出库非标增值（Anker）,OUTBOUND,DE0001,DE Warehouse,16758605,****************************,ES,NULL,NULL
VASC000000327252,2026-07-30T10:19:43Z,VASC202504071528233,入库清除标签,INBOUND,US0001,USWC Warehouse,13947840,********************,PD,NULL,NULL
VASC000000327375,2026-07-30T10:49:14Z,VASC202412111831129,新单上架（客户提供预报单）,UNUSUAL,USKY3,USKY3 Warehouse,17998691,************************,CD,NULL,NULL
VASC000000327378,2026-07-30T10:49:59Z,VASC202412111831129,新单上架（客户提供预报单）,UNUSUAL,USKY3,USKY3 Warehouse,17998691,************************,CD,NULL,NULL
VASC000000327387,2026-07-30T10:54:53Z,VASC202411192246131,入库非标增值（特批）,INBOUND,USNJ2,USNJ2 Warehouse,18513540,**********************,CD,Y,2026-07-30T11:22:35Z
VASC000000327426,2026-07-30T14:42:47Z,VASC202411192250069,库内非标增值（特批）,INHOUSE,USKY3,USKY3 Warehouse,19011452,*******************,CD,Y,2026-07-30T18:11:59Z
VASC000000327441,2026-07-30T11:38:27Z,VASC202411192250069,库内非标增值（特批）,INHOUSE,USWC5,USWC5 Warehouse,19937304,*********,CD,NULL,NULL
VASC000000327447,2026-07-30T11:34:17Z,VASC202412061826084,Winit 尾程询价服务,OUTBOUND,US0001,USWC Warehouse,10006189,*****************************,CD,NULL,NULL
VASC000000327450,2026-07-30T11:41:45Z,VASC202412061826084,Winit 尾程询价服务,OUTBOUND,USTX,USTX Warehouse,1000114,******************************,CD,Y,2026-07-31T04:45:07Z
VASC000000327456,2026-07-30T11:36:31Z,VASC202412061826084,Winit 尾程询价服务,OUTBOUND,US0001,USWC Warehouse,10006189,*****************************,CD,NULL,NULL
VASC000000327465,2026-07-30T11:51:58Z,VASC202412061826084,Winit 尾程询价服务,OUTBOUND,USWC2,USWC2 Warehouse,19548347,**************,CD,Y,2026-07-31T04:39:42Z
VASC000000327468,2026-07-30T11:51:03Z,VASC202412171855563,出库非标增值（Anker）,OUTBOUND,DEBR2,DEBR2 Warehouse,16757165,****************************,PD,NULL,NULL
VASC000000327471,2026-07-31T10:09:50Z,VASC202412061826084,Winit 尾程询价服务,OUTBOUND,USTX,USTX Warehouse,15935129,************,PD,Y,2026-07-31T04:52:03Z
VASC000000327474,2026-07-30T18:52:07Z,VASC202411192246131,入库非标增值（特批）,INBOUND,USNJ2,USNJ2 Warehouse,18513540,**********************,PD,Y,2026-07-30T12:09:45Z
VASC000000327483,2026-07-30T21:34:09Z,VASC202411192246131,入库非标增值（特批）,UNUSUAL,USKY5,USKY5 Warehouse,20088946,******,PD,Y,2026-07-30T21:27:53Z
VASC000000327486,2026-07-30T12:17:46Z,VASC202412171855563,出库非标增值（Anker）,OUTBOUND,DEBR2,DEBR2 Warehouse,16757165,****************************,PD,NULL,NULL
VASC000000327489,2026-07-30T21:33:45Z,VASC202411192246131,入库非标增值（特批）,UNUSUAL,USKY5,USKY5 Warehouse,20088946,******,PD,Y,2026-07-30T21:32:12Z
VASC000000327492,2026-07-31T09:08:21Z,VASC202411192246131,入库非标增值（特批）,UNUSUAL,USGA,USGA Warehouse,19104098,***************,PD,Y,2026-07-30T21:34:42Z
VASC000000327510,2026-07-30T13:54:13Z,VASC202412061826084,Winit 尾程询价服务,OUTBOUND,CATO,CATO Warehouse,11103862,*********************************,CD,Y,2026-07-30T21:43:30Z
VASC000000327516,2026-07-31T09:01:03Z,VASC202412061826084,Winit 尾程询价服务,OUTBOUND,USKY5,USKY5 Warehouse,10010644,******************************,PD,Y,2026-07-31T08:41:36Z
VASC000000327534,2026-07-30T14:32:51Z,VASC202411192253186,出库非标增值（特批）,OUTBOUND,USKY3,USKY3 Warehouse,19011452,*******************,CD,NULL,NULL
VASC000000327561,2026-07-31T10:50:34Z,VASC202411192246131,入库非标增值（特批）,UNUSUAL,USTX,USTX Warehouse,14753316,*********************************,PD,Y,2026-07-30T21:46:29Z
VASC000000327567,2026-07-31T10:09:46Z,VASC202412061826084,Winit 尾程询价服务,OUTBOUND,USTX,USTX Warehouse,15935129,************,PD,Y,2026-07-31T04:49:12Z
VASC000000327570,2026-07-30T19:19:02Z,VASC202411192250069,库内非标增值（特批）,INHOUSE,USKY3,USKY3 Warehouse,19011452,*******************,PD,Y,2026-07-30T18:14:47Z
VASC000000327573,2026-07-30T14:54:05Z,VASC202411192253186,出库非标增值（特批）,OUTBOUND,DEBR2,DEBR2 Warehouse,20080116,******************************,CD,NULL,NULL
VASC000000327588,2026-07-30T15:14:58Z,VASC202412061826084,Winit 尾程询价服务,OUTBOUND,USWC5,USWC5 Warehouse,19638637,*********************************,CD,NULL,NULL
VASC000000327600,2026-07-31T14:40:01Z,VASC202411192250069,库内非标增值（特批）,UNUSUAL,USKY5,USKY5 Warehouse,10010644,******************************,PD,Y,2026-07-30T21:10:54Z
VASC000000327603,2026-07-31T10:09:44Z,VASC202412061826084,Winit 尾程询价服务,OUTBOUND,USTX,USTX Warehouse,15935129,************,PD,Y,2026-07-31T04:55:51Z
VASC000000327618,2026-07-30T15:46:18Z,VASC202411192229072,库内非标增值（免审核）,INHOUSE,EWD,AU Warehouse,11104448,***************************,PD,NULL,NULL
VASC000000327621,2026-07-31T11:30:32Z,VASC202411192246131,入库非标增值（特批）,UNUSUAL,DEBR2,DEBR2 Warehouse,19227270,********************************,CD,Y,2026-07-30T21:55:42Z
VASC000000327630,2026-07-31T10:09:37Z,VASC202412061826084,Winit 尾程询价服务,OUTBOUND,USTX,USTX Warehouse,15935129,************,PD,Y,2026-07-31T05:03:49Z
VASC000000327672,2026-07-30T15:57:48Z,VASC202412171855563,出库非标增值（Anker）,OUTBOUND,DENW3,DENW3 Warehouse,16758605,****************************,PD,NULL,NULL
VASC000000327675,2026-07-30T15:59:14Z,VASC202412171855563,出库非标增值（Anker）,OUTBOUND,DE0001,DE Warehouse,16758605,****************************,ES,NULL,NULL
VASC000000327684,2026-07-30T16:15:28Z,VASC202412061826084,Winit 尾程询价服务,OUTBOUND,USKY5,USKY5 Warehouse,11103862,*********************************,CD,Y,2026-07-31T08:38:07Z
VASC000000327696,2026-07-30T16:22:01Z,VASC202412171855563,出库非标增值（Anker）,OUTBOUND,DENW3,DENW3 Warehouse,16758605,****************************,PD,NULL,NULL
VASC000000327735,2026-07-31T16:46:23Z,VASC202411192250069,库内非标增值（特批）,INHOUSE,USWC2,USWC2 Warehouse,18933040,*********,PD,Y,2026-07-31T15:17:25Z
VASC000000327744,2026-07-31T14:04:11Z,VASC202412061826084,Winit 尾程询价服务,OUTBOUND,USWC5,USWC5 Warehouse,19638637,*********************************,PD,Y,2026-07-31T11:21:41Z
VASC000000327759,2026-07-30T17:51:41Z,VASC202411192250069,库内非标增值（特批）,INHOUSE,USKY5,USKY5 Warehouse,18801269,***************************************,CD,NULL,NULL
VASC000000327762,2026-07-30T17:24:04Z,VASC202510151802079,审核出库单,OUTBOUND,US0001,USWC Warehouse,18510153,**************,PD,NULL,NULL
VASC000000327768,2026-07-30T17:24:52Z,VASC202510151802079,审核出库单,OUTBOUND,USGA,USGA Warehouse,18510153,**************,PD,NULL,NULL
VASC000000327774,2026-07-30T20:01:31Z,VASC202411192250069,库内非标增值（特批）,INHOUSE,USGA,USGA Warehouse,18510153,**************,PD,Y,2026-07-30T19:32:20Z
VASC000000327777,2026-07-30T17:33:52Z,VASC202412061826084,Winit 尾程询价服务,OUTBOUND,USTX,USTX Warehouse,17364241,************************************,CD,Y,2026-07-31T05:39:13Z
VASC000000327783,2026-07-30T17:59:06Z,VASC202412061826084,Winit 尾程询价服务,OUTBOUND,DEBR2,DEBR2 Warehouse,1000083,************************************,CD,N,2026-07-30T19:12:02Z
VASC000000327789,2026-07-30T20:01:05Z,VASC202411192250069,库内非标增值（特批）,INHOUSE,US0001,USWC Warehouse,18510153,**************,PD,Y,2026-07-30T19:28:54Z
VASC000000327792,2026-07-31T16:15:25Z,VASC202411192250069,库内非标增值（特批）,INHOUSE,USKY5,USKY5 Warehouse,18801269,***************************************,PD,Y,2026-07-31T16:12:32Z
VASC000000327813,2026-07-31T08:19:08Z,VASC202411192250069,库内非标增值（特批）,INHOUSE,USWC5,USWC5 Warehouse,19937304,*********,PD,Y,2026-07-30T21:22:26Z
VASC000000327822,2026-07-30T18:23:54Z,VASC202411271721537,入库非标拍照或提供视频,INBOUND,USKY3,USKY3 Warehouse,19011452,*******************,PD,NULL,NULL
VASC000000327825,2026-07-31T08:55:32Z,VASC202411192240522,上架前自提,UNUSUAL,USKY3,USKY3 Warehouse,17688379,***********,PD,NULL,NULL
VASC000000327828,2026-07-30T21:21:01Z,VASC202411192250069,库内非标增值（特批）,INHOUSE,USGA,USGA Warehouse,18513540,**********************,PD,Y,2026-07-30T20:29:20Z
VASC000000327834,2026-07-31T19:20:21Z,VASC202411192250069,库内非标增值（特批）,INHOUSE,US0001,USWC Warehouse,19142525,*********************************************,CD,Y,2026-08-03T20:05:27Z
VASC000000327903,2026-07-30T18:32:50Z,VASC202412061826084,Winit 尾程询价服务,OUTBOUND,UKGF,UKGF Warehouse,14012056,**************************************,CD,NULL,NULL
VASC000000327906,2026-07-30T21:20:51Z,VASC202411192250069,库内非标增值（特批）,INHOUSE,USNJ2,USNJ2 Warehouse,18513540,**********************,CD,Y,2026-07-30T20:34:28Z
VASC000000327909,2026-07-30T19:00:08Z,VASC202412061826084,Winit 尾程询价服务,OUTBOUND,UKGF,UKGF Warehouse,14012056,**************************************,CD,NULL,NULL
VASC000000327915,2026-07-30T22:01:50Z,VASC202411192246131,入库非标增值（特批）,UNUSUAL,UKTW,UKTW Warehouse,20048235,*************,ES,Y,2026-07-30T20:49:38Z
VASC000000327924,2026-07-30T19:45:14Z,VASC202510151802079,审核出库单,OUTBOUND,USKY3,USKY3 Warehouse,19011452,*******************,PD,NULL,NULL
VASC000000327963,2026-07-31T00:59:08Z,VASC202411192246131,入库非标增值（特批）,UNUSUAL,UKTW,UKTW Warehouse,20048235,*************,PD,Y,2026-07-31T00:57:45Z
VASC000000328020,2026-07-31T10:10:56Z,VASC202411192229072,库内非标增值（免审核）,INHOUSE,CATO,CATO Warehouse,11104734,******************************,CD,NULL,NULL
VASC000000328029,2026-07-31T10:16:11Z,VASC202411192229072,库内非标增值（免审核）,INHOUSE,US0001,USWC Warehouse,11104734,******************************,PD,NULL,NULL
VASC000000328038,2026-07-31T11:05:25Z,VASC202411192229072,库内非标增值（免审核）,INHOUSE,USGA,USGA Warehouse,19733794,******************************,PD,NULL,NULL
VASC000000328044,2026-07-31T10:26:14Z,VASC202412061826084,Winit 尾程询价服务,OUTBOUND,DEBR2,DEBR2 Warehouse,16616919,******************************************,CD,N,2026-07-31T14:47:35Z
VASC000000328053,2026-07-31T10:25:31Z,VASC202411192229072,库内非标增值（免审核）,INHOUSE,EWD,AU Warehouse,18452537,*********************************,PD,NULL,NULL
VASC000000328092,2026-07-31T11:24:02Z,VASC202411271721537,入库非标拍照或提供视频,INBOUND,USGA,USGA Warehouse,19733794,******************************,CD,NULL,NULL
VASC000000328101,2026-07-31T11:29:14Z,VASC202411271721537,入库非标拍照或提供视频,INBOUND,USGA,USGA Warehouse,19733794,******************************,ES,NULL,NULL
VASC000000328116,2026-07-31T11:31:24Z,VASC202411271721537,入库非标拍照或提供视频,INBOUND,USGA,USGA Warehouse,19733794,******************************,PD,NULL,NULL
VASC000000328122,2026-07-31T11:37:26Z,VASC202412171855563,出库非标增值（Anker）,OUTBOUND,DE0001,DE Warehouse,16758605,****************************,PD,NULL,NULL
VASC000000328125,2026-07-31T11:46:07Z,VASC202412171855563,出库非标增值（Anker）,OUTBOUND,DENW3,DENW3 Warehouse,16758605,****************************,PD,NULL,NULL
VASC000000328221,2026-07-31T14:16:04Z,VASC202412061826084,Winit 尾程询价服务,OUTBOUND,USTX,USTX Warehouse,20053261,************************************,CD,Y,2026-08-01T03:11:13Z
VASC000000328230,2026-07-31T14:32:28Z,VASC202411192250069,库内非标增值（特批）,INHOUSE,USKY5,USKY5 Warehouse,19412395,***************************************,CD,Y,2026-07-31T15:49:13Z
VASC000000328233,2026-07-31T14:33:14Z,VASC202411192250069,库内非标增值（特批）,INHOUSE,USWC5,USWC5 Warehouse,19227270,********************************,CD,NULL,NULL
VASC000000328281,2026-07-31T15:05:41Z,VASC202411192253186,出库非标增值（特批）,OUTBOUND,DEBR2,DEBR2 Warehouse,17739829,************************************,CD,N,2026-08-03T11:15:33Z
VASC000000328335,2026-07-31T15:33:56Z,VASC202510151802079,审核出库单,OUTBOUND,USWC5,USWC5 Warehouse,19937304,*********,PD,NULL,NULL
VASC000000328344,2026-07-31T15:39:05Z,VASC202412171855563,出库非标增值（Anker）,OUTBOUND,US0001,USWC Warehouse,13947840,********************,PD,NULL,NULL
VASC000000328353,2026-07-31T15:43:19Z,VASC202412171855563,出库非标增值（Anker）,OUTBOUND,US0001,USWC Warehouse,13947840,********************,PD,NULL,NULL
VASC000000328356,2026-07-31T15:46:14Z,VASC202412171855563,出库非标增值（Anker）,OUTBOUND,US0001,USWC Warehouse,13947840,********************,PD,NULL,NULL
VASC000000328365,2026-07-31T15:50:05Z,VASC202412171855563,出库非标增值（Anker）,OUTBOUND,US0001,USWC Warehouse,13947840,********************,PD,NULL,NULL
VASC000000328371,2026-07-31T15:53:56Z,VASC202412171855563,出库非标增值（Anker）,OUTBOUND,US0001,USWC Warehouse,13947840,********************,PD,NULL,NULL
VASC000000328380,2026-07-31T22:26:17Z,VASC202411192250069,库内非标增值（特批）,INHOUSE,USNJ2,USNJ2 Warehouse,18513540,**********************,CD,Y,2026-07-31T22:21:14Z
VASC000000328383,2026-07-31T16:27:03Z,VASC202411192250069,库内非标增值（特批）,INHOUSE,USNJ2,USNJ2 Warehouse,17598640,**************************************,CD,N,2026-07-31T17:18:18Z
VASC000000328386,2026-07-31T16:19:09Z,VASC202510151802079,审核出库单,OUTBOUND,USKY5,USKY5 Warehouse,18801269,***************************************,PD,NULL,NULL
VASC000000328404,2026-07-31T16:49:47Z,VASC202411192229072,库内非标增值（免审核）,INHOUSE,USNJ2,USNJ2 Warehouse,20154370,************************************,PD,NULL,NULL
VASC000000328410,2026-07-31T16:38:52Z,VASC202412171855563,出库非标增值（Anker）,OUTBOUND,DENW3,DENW3 Warehouse,16758605,****************************,PD,NULL,NULL
VASC000000328431,2026-07-31T17:12:59Z,VASC202411192229072,库内非标增值（免审核）,INHOUSE,USGA,USGA Warehouse,11934046,***************************************,PD,NULL,NULL
VASC000000328440,2026-07-31T17:18:43Z,VASC202411192250069,库内非标增值（特批）,INHOUSE,US0001,USWC Warehouse,19142525,*********************************************,CD,N,2026-07-31T17:54:02Z
VASC000000328452,2026-07-31T17:22:14Z,VASC202510151802079,审核出库单,OUTBOUND,USKY5,USKY5 Warehouse,19014400,*********,PD,NULL,NULL
VASC000000328473,2026-07-31T17:37:18Z,VASC202412061826084,Winit 尾程询价服务,OUTBOUND,USWC2,USWC2 Warehouse,13869132,*********************************,CD,Y,2026-08-01T08:48:22Z
VASC000000328485,2026-07-31T19:07:35Z,VASC202411192229072,库内非标增值（免审核）,INHOUSE,USKY5,USKY5 Warehouse,1006076,************************,CD,NULL,NULL
VASC000000328509,2026-07-31T18:08:58Z,VASC202510211517514,无主货找回,INHOUSE,DE0001,DE Warehouse,17933875,******,PD,NULL,NULL
VASC000000328545,2026-07-31T18:29:28Z,VASC202412171855563,出库非标增值（Anker）,OUTBOUND,DENW3,DENW3 Warehouse,16758605,****************************,PD,NULL,NULL
VASC000000328569,2026-07-31T18:53:49Z,VASC202607222148551,增值补收费（非标）,INHOUSE,DEBR2,DEBR2 Warehouse,16958250,*************,CD,Y,2026-08-03T11:06:55Z
VASC000000328587,2026-07-31T19:15:02Z,VASC202411192229072,库内非标增值（免审核）,INHOUSE,USKY5,USKY5 Warehouse,1006076,************************,CD,NULL,NULL
VASC000000328608,2026-07-31T23:10:52Z,VASC202411192229072,库内非标增值（免审核）,INHOUSE,USKY5,USKY5 Warehouse,1006076,************************,CD,NULL,NULL
VASC000000328611,2026-07-31T23:23:47Z,VASC202411192229072,库内非标增值（免审核）,INHOUSE,USKY5,USKY5 Warehouse,1006076,************************,PD,NULL,NULL
