expert_id,available,coze_workflow_id,ver,release_id,name,detail,runtime,local_repo_path,io,inputSchema,outputSchema,manifest,invoke_url
carrier-contact,on,7649724704806617124,V0.2.0_20260610,rel-experts-20260608,服务商自提点联系方式,必要时给出正确服务商电话、自提点联系方式。Use when 用户需要联系服务商、自提点、承运商电话。,local_repo,experts/last-mile/carrier-contact,"input_schema:
- carrierCode（可选）：string — 承运商代码，与主数据或轨迹 summary 一致
- enrichedContext（可选）：object（自由字段） — 上游合并上下文（推荐由 delivery-status 提供 carrierHints、trajectories 等）
- region（可选）：string — 区域（国家/州省/城市等）
- trackingIds（可选）：string[] — 轨迹单号
约束：至少提供 trackingIds、carrierCode、region、enrichedContext、customerIntent 或 query 之一；正式编排建议前置 delivery-status 以填充 carrierHints / trajectories。

output_schema:
- analysis：string — 联系方式、官网/查件路径与对客建议
- structured：object — branch、carrierCode、standardCarrier、pickupPointIds、suggestedNextExperts、missingFacts、contactSummary","{
  ""type"": ""object"",
  ""required"": [],
  ""x_constraint"": ""至少提供 trackingIds、carrierCode、region、enrichedContext、customerIntent 或 query 之一；正式编排建议前置 delivery-status 以填充 carrierHints / trajectories。"",
  ""properties"": {
    ""trackingIds"": {
      ""type"": ""array"",
      ""items"": {
        ""type"": ""string""
      },
      ""description"": ""轨迹单号""
    },
    ""carrierCode"": {
      ""type"": ""string"",
      ""description"": ""承运商代码，与主数据或轨迹 summary 一致""
    },
    ""region"": {
      ""type"": ""string"",
      ""description"": ""区域（国家/州省/城市等）""
    },
    ""enrichedContext"": {
      ""type"": ""object"",
      ""description"": ""上游合并上下文（推荐由 delivery-status 提供 carrierHints、trajectories 等）"",
      ""additionalProperties"": true
    }
  }
}","{
  ""type"": ""object"",
  ""properties"": {
    ""structured"": {
      ""type"": ""object"",
      ""description"": ""branch、carrierCode、standardCarrier、pickupPointIds、suggestedNextExperts、missingFacts、contactSummary""
    },
    ""analysis"": {
      ""type"": ""string"",
      ""description"": ""联系方式、官网/查件路径与对客建议""
    }
  }
}","{
  ""id"": ""carrier-contact"",
  ""domain"": ""last-mile"",
  ""name"": ""服务商自提点联系方式"",
  ""description"": ""必要时给出正确服务商电话、自提点联系方式。Use when 用户需要联系服务商、自提点、承运商电话。"",
  ""capabilities"": [
    ""服务商电话"",
    ""自提点信息""
  ],
  ""version"": ""0.2.0"",
  ""x_recaller_propagate_previous_enriched_context"": true,
  ""x_recaller_enriched_context_preferred_source_experts"": [
    ""delivery-status""
  ],
  ""inputSchema"": {
    ""type"": ""object"",
    ""required"": [],
    ""x_constraint"": ""至少提供 trackingIds、carrierCode、region、enrichedContext、customerIntent 或 query 之一；正式编排建议前置 delivery-status 以填充 carrierHints / trajectories。"",
    ""properties"": {
      ""trackingIds"": {
        ""type"": ""array"",
        ""items"": {
          ""type"": ""string""
        },
        ""description"": ""轨迹单号""
      },
      ""carrierCode"": {
        ""type"": ""string"",
        ""description"": ""承运商代码，与主数据或轨迹 summary 一致""
      },
      ""region"": {
        ""type"": ""string"",
        ""description"": ""区域（国家/州省/城市等）""
      },
      ""enrichedContext"": {
        ""type"": ""object"",
        ""description"": ""上游合并上下文（推荐由 delivery-status 提供 carrierHints、trajectories 等）"",
        ""additionalProperties"": true
      }
    }
  },
  ""outputSchema"": {
    ""type"": ""object"",
    ""properties"": {
      ""structured"": {
        ""type"": ""object"",
        ""description"": ""branch、carrierCode、standardCarrier、pickupPointIds、suggestedNextExperts、missingFacts、contactSummary""
      },
      ""analysis"": {
        ""type"": ""string"",
        ""description"": ""联系方式、官网/查件路径与对客建议""
      }
    }
  }
}",
delivered-not-received,on,7649725281297317931,V0.3.1_20260610,rel-experts-20260608,妥投未收到处理,系统或承运商显示妥投但客户称未收到包裹时的流程分支、话术与下一步引导。编排闭环下须由前置轨迹专家（推荐 delivery-status）注入完整轨迹（inputs.enrichedContext，须含 trajectories）与解读结论（顶层 inputContext.previousOutput，须含 analysis）。赔付条款请用 refund-standard；代客索赔入口/进度请用 substitute-claim。Use when 用户反馈显示妥投、签收但未收到货、DNR、妥投争议。,local_repo,experts/last-mile/delivered-not-received,"input_schema:
- claimChannelKnown（可选）：boolean — 上游是否已确认存在可索赔渠道；未传则由模型结合上下文推断并标注不确定性
- enrichedContext（可选）：object — 前置轨迹专家合并后的完整轨迹载荷；编排闭环宜含 trajectories；与 delivery-status §3 对齐（降级可不传本对象）
  - analysisClock（可选）：object（自由字段） — 分析用时钟（与时区敏感推理）
  - customerStatedFacts（可选）：string — 客户已陈述事实（可选）
  - deliveredEvent（可选）：object（自由字段） — 妥投事件提炼（可选）
  - fetchMeta（可选）：object（自由字段） — 拉取元数据、兜底说明等
  - orderDetails（可选）：object[] — 出库单摘要（可选）
    （自由字段 object）
  - podSignals（可选）：object（自由字段） — POD 线索（可选）
  - trajectories（可选）：object[] — 轨迹节点列表（编排推荐；可与上游 merge-enriched-context 一致；无数据时可为空数组）
    （自由字段 object）
  - trajectorySummary（可选）：string — 轨迹摘要（可选；不可替代 previousOutput.analysis）
- outboundOrderNos（可选）：string[] — 出库单号
- trackingIds（可选）：string[] — 轨迹单号（可与 enrichedContext 内反填并存）
约束：双层契约：① JSON Schema 不对 inputs 内字段使用 required，与 validate-input、降级调用（仅单号/诉求等）及 design.md 示例 2 一致。② 编排闭环语义以本块 x_invoke_contract 为准（同步至注册表 io 列）：须含完整轨迹与上游 analysis；正式分析前编排器须先跑 delivery-status 并 merge。

x_invoke_contract（框架顶层，编排必看）:
编排闭环时除 inputs 外，调用 JSON 顶层须包含 inputContext：
- previousOutput：上游 result 对象，须含非空字符串 analysis（轨迹/妥投/状态解读）。
- 建议 sourceExpertId=""delivery-status""、chainId 与前置 job 一致。
inputs.enrichedContext 宜含 trajectories 键（数组，与 delivery-status merge 输出对齐；无节点时可为 []）。降级调用可无 enrichedContext，由 Prompt 走 need_info。

output_schema:
- analysis：string — 分析结论与建议话术
- structured：object — 含 branch、trackingIds、outboundOrderNos、suggestedNextExperts、missingFacts；见 design.md §2.1","{
  ""type"": ""object"",
  ""x_constraint"": ""双层契约：① JSON Schema 不对 inputs 内字段使用 required，与 validate-input、降级调用（仅单号/诉求等）及 design.md 示例 2 一致。② 编排闭环语义以本块 x_invoke_contract 为准（同步至注册表 io 列）：须含完整轨迹与上游 analysis；正式分析前编排器须先跑 delivery-status 并 merge。"",
  ""x_invoke_contract"": ""编排闭环时除 inputs 外，调用 JSON 顶层须包含 inputContext：\n- previousOutput：上游 result 对象，须含非空字符串 analysis（轨迹/妥投/状态解读）。\n- 建议 sourceExpertId=\""delivery-status\""、chainId 与前置 job 一致。\ninputs.enrichedContext 宜含 trajectories 键（数组，与 delivery-status merge 输出对齐；无节点时可为 []）。降级调用可无 enrichedContext，由 Prompt 走 need_info。"",
  ""properties"": {
    ""trackingIds"": {
      ""type"": ""array"",
      ""items"": {
        ""type"": ""string""
      },
      ""description"": ""轨迹单号（可与 enrichedContext 内反填并存）""
    },
    ""outboundOrderNos"": {
      ""type"": ""array"",
      ""items"": {
        ""type"": ""string""
      },
      ""description"": ""出库单号""
    },
    ""enrichedContext"": {
      ""type"": ""object"",
      ""description"": ""前置轨迹专家合并后的完整轨迹载荷；编排闭环宜含 trajectories；与 delivery-status §3 对齐（降级可不传本对象）"",
      ""properties"": {
        ""trajectories"": {
          ""type"": ""array"",
          ""description"": ""轨迹节点列表（编排推荐；可与上游 merge-enriched-context 一致；无数据时可为空数组）"",
          ""items"": {
            ""type"": ""object"",
            ""additionalProperties"": true
          }
        },
        ""fetchMeta"": {
          ""type"": ""object"",
          ""description"": ""拉取元数据、兜底说明等"",
          ""additionalProperties"": true
        },
        ""analysisClock"": {
          ""type"": ""object"",
          ""description"": ""分析用时钟（与时区敏感推理）"",
          ""additionalProperties"": true
        },
        ""trajectorySummary"": {
          ""type"": ""string"",
          ""description"": ""轨迹摘要（可选；不可替代 previousOutput.analysis）""
        },
        ""deliveredEvent"": {
          ""type"": ""object"",
          ""description"": ""妥投事件提炼（可选）"",
          ""additionalProperties"": true
        },
        ""orderDetails"": {
          ""type"": ""array"",
          ""description"": ""出库单摘要（可选）"",
          ""items"": {
            ""type"": ""object"",
            ""additionalProperties"": true
          }
        },
        ""podSignals"": {
          ""type"": ""object"",
          ""description"": ""POD 线索（可选）"",
          ""additionalProperties"": true
        },
        ""customerStatedFacts"": {
          ""type"": ""string"",
          ""description"": ""客户已陈述事实（可选）""
        }
      },
      ""additionalProperties"": true
    },
    ""claimChannelKnown"": {
      ""type"": ""boolean"",
      ""description"": ""上游是否已确认存在可索赔渠道；未传则由模型结合上下文推断并标注不确定性""
    }
  }
}","{
  ""type"": ""object"",
  ""properties"": {
    ""structured"": {
      ""type"": ""object"",
      ""description"": ""含 branch、trackingIds、outboundOrderNos、suggestedNextExperts、missingFacts；见 design.md §2.1""
    },
    ""analysis"": {
      ""type"": ""string"",
      ""description"": ""分析结论与建议话术""
    }
  }
}","{
  ""id"": ""delivered-not-received"",
  ""domain"": ""last-mile"",
  ""name"": ""妥投未收到处理"",
  ""description"": ""系统或承运商显示妥投但客户称未收到包裹时的流程分支、话术与下一步引导。编排闭环下须由前置轨迹专家（推荐 delivery-status）注入完整轨迹（inputs.enrichedContext，须含 trajectories）与解读结论（顶层 inputContext.previousOutput，须含 analysis）。赔付条款请用 refund-standard；代客索赔入口/进度请用 substitute-claim。Use when 用户反馈显示妥投、签收但未收到货、DNR、妥投争议。"",
  ""capabilities"": [
    ""妥投争议"",
    ""异常处理"",
    ""理赔引导""
  ],
  ""version"": ""0.3.1"",
  ""x_framework_input_required"": [
    ""inputContext""
  ],
  ""x_framework_require_previous_output"": true,
  ""x_recaller_propagate_previous_enriched_context"": true,
  ""inputSchema"": {
    ""type"": ""object"",
    ""x_constraint"": ""双层契约：① JSON Schema 不对 inputs 内字段使用 required，与 validate-input、降级调用（仅单号/诉求等）及 design.md 示例 2 一致。② 编排闭环语义以本块 x_invoke_contract 为准（同步至注册表 io 列）：须含完整轨迹与上游 analysis；正式分析前编排器须先跑 delivery-status 并 merge。"",
    ""x_invoke_contract"": ""编排闭环时除 inputs 外，调用 JSON 顶层须包含 inputContext：\n- previousOutput：上游 result 对象，须含非空字符串 analysis（轨迹/妥投/状态解读）。\n- 建议 sourceExpertId=\""delivery-status\""、chainId 与前置 job 一致。\ninputs.enrichedContext 宜含 trajectories 键（数组，与 delivery-status merge 输出对齐；无节点时可为 []）。降级调用可无 enrichedContext，由 Prompt 走 need_info。"",
    ""properties"": {
      ""trackingIds"": {
        ""type"": ""array"",
        ""items"": {
          ""type"": ""string""
        },
        ""description"": ""轨迹单号（可与 enrichedContext 内反填并存）""
      },
      ""outboundOrderNos"": {
        ""type"": ""array"",
        ""items"": {
          ""type"": ""string""
        },
        ""description"": ""出库单号""
      },
      ""enrichedContext"": {
        ""type"": ""object"",
        ""description"": ""前置轨迹专家合并后的完整轨迹载荷；编排闭环宜含 trajectories；与 delivery-status §3 对齐（降级可不传本对象）"",
        ""properties"": {
          ""trajectories"": {
            ""type"": ""array"",
            ""description"": ""轨迹节点列表（编排推荐；可与上游 merge-enriched-context 一致；无数据时可为空数组）"",
            ""items"": {
              ""type"": ""object"",
              ""additionalProperties"": true
            }
          },
          ""fetchMeta"": {
            ""type"": ""object"",
            ""description"": ""拉取元数据、兜底说明等"",
            ""additionalProperties"": true
          },
          ""analysisClock"": {
            ""type"": ""object"",
            ""description"": ""分析用时钟（与时区敏感推理）"",
            ""additionalProperties"": true
          },
          ""trajectorySummary"": {
            ""type"": ""string"",
            ""description"": ""轨迹摘要（可选；不可替代 previousOutput.analysis）""
          },
          ""deliveredEvent"": {
            ""type"": ""object"",
            ""description"": ""妥投事件提炼（可选）"",
            ""additionalProperties"": true
          },
          ""orderDetails"": {
            ""type"": ""array"",
            ""description"": ""出库单摘要（可选）"",
            ""items"": {
              ""type"": ""object"",
              ""additionalProperties"": true
            }
          },
          ""podSignals"": {
            ""type"": ""object"",
            ""description"": ""POD 线索（可选）"",
            ""additionalProperties"": true
          },
          ""customerStatedFacts"": {
            ""type"": ""string"",
            ""description"": ""客户已陈述事实（可选）""
          }
        },
        ""additionalProperties"": true
      },
      ""claimChannelKnown"": {
        ""type"": ""boolean"",
        ""description"": ""上游是否已确认存在可索赔渠道；未传则由模型结合上下文推断并标注不确定性""
      }
    }
  },
  ""outputSchema"": {
    ""type"": ""object"",
    ""properties"": {
      ""structured"": {
        ""type"": ""object"",
        ""description"": ""含 branch、trackingIds、outboundOrderNos、suggestedNextExperts、missingFacts；见 design.md §2.1""
      },
      ""analysis"": {
        ""type"": ""string"",
        ""description"": ""分析结论与建议话术""
      }
    }
  }
}",
delivery-status,on,7649725695963054121,V1.0.0_20260610,rel-experts-20260608,尾程轨迹解读,获取并解读物流轨迹：按时间线输出可核验状态与关键里程碑（Ascan/Dscan/RDscan、派送失败信号等，见 structured.scanFacts），关联单据与承运商；对客长文为事实叙述，不输出用户行动建议。Use when 用户查询物流状态、轨迹跟踪、配送结果、出库单、运单号、最后一公里。,local_repo,experts/last-mile/delivery-status,"input_schema:
- outboundOrderNos（可选）：string[] — 一个或多个万邑通出库/订单号（含 WO…），与 trackingIds 一并写入 OpenAPI trackingnos 查询；非承运商跟踪号
- trackingIds（可选）：string[] — 一个或多个轨迹单号/运单号，用于查询投递轨迹
- trajectoryText（可选）：string — 客户通过文本提供的轨迹内容，如粘贴的物流信息，可直接用于分析
约束：至少提供 trackingIds、outboundOrderNos、trajectoryText 其一

output_schema:
- analysis：string — 对客长文：按时间线事实叙述（全链路+关键里程碑+异常时依据），时区/账号兜底说明；不含对终端用户的行动建议
- structured：object — 可解析的结构化数据，供下游系统链接、筛选、查询
  - carriers：object[] — 每运单一条承运商标识，与 format-output 合并自 carrierHints/轨迹摘要
    - carrierCode：string
    - standardCarrier：string
    - trackingNo：string
  - documentRefs：object[] — 关联单据引用
    - id：string
    - type：string
  - orderIds：string[] — 出库单号、订单号等
  - scanFacts：object[] — 由 merge 节点从轨迹节点确定性抽取、经 format 写入；每单含 ascan/dscan/rdscan 事件、deliveryFailureLikely 等
    - ascanEvents：array
    - dataSourceNote：string
    - deliveryFailureEvidence：string[]
    - deliveryFailureLikely：boolean
    - dscanEvents：array
    - rdscanEvents：array
    - trackingNo：string
  - trackingIds：string[] — 轨迹单号、运单号","{
  ""type"": ""object"",
  ""required"": [],
  ""properties"": {
    ""trackingIds"": {
      ""type"": ""array"",
      ""items"": {
        ""type"": ""string""
      },
      ""description"": ""一个或多个轨迹单号/运单号，用于查询投递轨迹""
    },
    ""outboundOrderNos"": {
      ""type"": ""array"",
      ""items"": {
        ""type"": ""string""
      },
      ""description"": ""一个或多个万邑通出库/订单号（含 WO…），与 trackingIds 一并写入 OpenAPI trackingnos 查询；非承运商跟踪号""
    },
    ""trajectoryText"": {
      ""type"": ""string"",
      ""description"": ""客户通过文本提供的轨迹内容，如粘贴的物流信息，可直接用于分析""
    }
  },
  ""x_constraint"": ""至少提供 trackingIds、outboundOrderNos、trajectoryText 其一""
}","{
  ""type"": ""object"",
  ""properties"": {
    ""structured"": {
      ""type"": ""object"",
      ""description"": ""可解析的结构化数据，供下游系统链接、筛选、查询"",
      ""properties"": {
        ""orderIds"": {
          ""type"": ""array"",
          ""items"": {
            ""type"": ""string""
          },
          ""description"": ""出库单号、订单号等""
        },
        ""trackingIds"": {
          ""type"": ""array"",
          ""items"": {
            ""type"": ""string""
          },
          ""description"": ""轨迹单号、运单号""
        },
        ""documentRefs"": {
          ""type"": ""array"",
          ""items"": {
            ""type"": ""object"",
            ""properties"": {
              ""type"": {
                ""type"": ""string""
              },
              ""id"": {
                ""type"": ""string""
              }
            }
          },
          ""description"": ""关联单据引用""
        },
        ""carriers"": {
          ""type"": ""array"",
          ""items"": {
            ""type"": ""object"",
            ""properties"": {
              ""trackingNo"": {
                ""type"": ""string""
              },
              ""carrierCode"": {
                ""type"": ""string""
              },
              ""standardCarrier"": {
                ""type"": ""string""
              }
            }
          },
          ""description"": ""每运单一条承运商标识，与 format-output 合并自 carrierHints/轨迹摘要""
        },
        ""scanFacts"": {
          ""type"": ""array"",
          ""description"": ""由 merge 节点从轨迹节点确定性抽取、经 format 写入；每单含 ascan/dscan/rdscan 事件、deliveryFailureLikely 等"",
          ""items"": {
            ""type"": ""object"",
            ""properties"": {
              ""trackingNo"": {
                ""type"": ""string""
              },
              ""ascanEvents"": {
                ""type"": ""array""
              },
              ""dscanEvents"": {
                ""type"": ""array""
              },
              ""rdscanEvents"": {
                ""type"": ""array""
              },
              ""deliveryFailureLikely"": {
                ""type"": ""boolean""
              },
              ""deliveryFailureEvidence"": {
                ""type"": ""array"",
                ""items"": {
                  ""type"": ""string""
                }
              },
              ""dataSourceNote"": {
                ""type"": ""string""
              }
            }
          }
        }
      }
    },
    ""analysis"": {
      ""type"": ""string"",
      ""description"": ""对客长文：按时间线事实叙述（全链路+关键里程碑+异常时依据），时区/账号兜底说明；不含对终端用户的行动建议""
    }
  }
}","{
  ""id"": ""delivery-status"",
  ""domain"": ""last-mile"",
  ""name"": ""尾程轨迹解读"",
  ""description"": ""获取并解读物流轨迹：按时间线输出可核验状态与关键里程碑（Ascan/Dscan/RDscan、派送失败信号等，见 structured.scanFacts），关联单据与承运商；对客长文为事实叙述，不输出用户行动建议。Use when 用户查询物流状态、轨迹跟踪、配送结果、出库单、运单号、最后一公里。"",
  ""capabilities"": [
    ""物流追踪"",
    ""轨迹分析"",
    ""轨迹里程碑解析"",
    ""异常识别"",
    ""供应链关联""
  ],
  ""version"": ""1.0.0"",
  ""inputSchema"": {
    ""type"": ""object"",
    ""required"": [],
    ""properties"": {
      ""trackingIds"": {
        ""type"": ""array"",
        ""items"": {
          ""type"": ""string""
        },
        ""description"": ""一个或多个轨迹单号/运单号，用于查询投递轨迹""
      },
      ""outboundOrderNos"": {
        ""type"": ""array"",
        ""items"": {
          ""type"": ""string""
        },
        ""description"": ""一个或多个万邑通出库/订单号（含 WO…），与 trackingIds 一并写入 OpenAPI trackingnos 查询；非承运商跟踪号""
      },
      ""trajectoryText"": {
        ""type"": ""string"",
        ""description"": ""客户通过文本提供的轨迹内容，如粘贴的物流信息，可直接用于分析""
      }
    },
    ""x_constraint"": ""至少提供 trackingIds、outboundOrderNos、trajectoryText 其一""
  },
  ""outputSchema"": {
    ""type"": ""object"",
    ""properties"": {
      ""structured"": {
        ""type"": ""object"",
        ""description"": ""可解析的结构化数据，供下游系统链接、筛选、查询"",
        ""properties"": {
          ""orderIds"": {
            ""type"": ""array"",
            ""items"": {
              ""type"": ""string""
            },
            ""description"": ""出库单号、订单号等""
          },
          ""trackingIds"": {
            ""type"": ""array"",
            ""items"": {
              ""type"": ""string""
            },
            ""description"": ""轨迹单号、运单号""
          },
          ""documentRefs"": {
            ""type"": ""array"",
            ""items"": {
              ""type"": ""object"",
              ""properties"": {
                ""type"": {
                  ""type"": ""string""
                },
                ""id"": {
                  ""type"": ""string""
                }
              }
            },
            ""description"": ""关联单据引用""
          },
          ""carriers"": {
            ""type"": ""array"",
            ""items"": {
              ""type"": ""object"",
              ""properties"": {
                ""trackingNo"": {
                  ""type"": ""string""
                },
                ""carrierCode"": {
                  ""type"": ""string""
                },
                ""standardCarrier"": {
                  ""type"": ""string""
                }
              }
            },
            ""description"": ""每运单一条承运商标识，与 format-output 合并自 carrierHints/轨迹摘要""
          },
          ""scanFacts"": {
            ""type"": ""array"",
            ""description"": ""由 merge 节点从轨迹节点确定性抽取、经 format 写入；每单含 ascan/dscan/rdscan 事件、deliveryFailureLikely 等"",
            ""items"": {
              ""type"": ""object"",
              ""properties"": {
                ""trackingNo"": {
                  ""type"": ""string""
                },
                ""ascanEvents"": {
                  ""type"": ""array""
                },
                ""dscanEvents"": {
                  ""type"": ""array""
                },
                ""rdscanEvents"": {
                  ""type"": ""array""
                },
                ""deliveryFailureLikely"": {
                  ""type"": ""boolean""
                },
                ""deliveryFailureEvidence"": {
                  ""type"": ""array"",
                  ""items"": {
                    ""type"": ""string""
                  }
                },
                ""dataSourceNote"": {
                  ""type"": ""string""
                }
              }
            }
          }
        }
      },
      ""analysis"": {
        ""type"": ""string"",
        ""description"": ""对客长文：按时间线事实叙述（全链路+关键里程碑+异常时依据），时区/账号兜底说明；不含对终端用户的行动建议""
      }
    }
  }
}",
inbound-appointment-manage,on,7649770175167823914,V0.4.1_20260610,rel-experts-20260608,预约送仓操作指引,说明如何预约送仓、查询/修改/取消预约、分批到仓、违规费与预约 POD 下载。create_guide/modify_guide/cancel_guide/split_shipment/pod_guide(无单号) 走纯 KB；query/penalty/pod_guide(有单号) 拉取 booking.list。不代客创建或取消预约单。Use when 客户问怎么预约、改约、取消、分批到仓、违规费、下载 POD。,local_repo,experts/inbound/inbound-appointment-manage,"input_schema:
- bookingNo（可选）：string — 已知预约单号时直接查询
- deliveryWayHint（可选）：string — 送仓方式提示：LCL / FCL / Express；缺省从 query 推断
- inboundOrderNo（可选）：string — 单个入库单号
- inboundOrderNos（可选）：string[] — 入库单号；query/penalty 场景必填其一
- intent（可选）：string — query / create_guide / modify_guide / cancel_guide / split_shipment / penalty；缺省按 query 关键词推断
- warehouseCode（可选）：string — 仓库编码，辅助 KB 上下文

output_schema:
- analysis：string — 操作指引或预约状态说明
- structured：object — 预约结构化数据","{
  ""type"": ""object"",
  ""required"": [],
  ""properties"": {
    ""intent"": {
      ""type"": ""string"",
      ""description"": ""query / create_guide / modify_guide / cancel_guide / split_shipment / penalty；缺省按 query 关键词推断"",
      ""enum"": [
        ""query"",
        ""create_guide"",
        ""modify_guide"",
        ""cancel_guide"",
        ""split_shipment"",
        ""penalty"",
        ""pod_guide""
      ]
    },
    ""inboundOrderNos"": {
      ""type"": ""array"",
      ""items"": {
        ""type"": ""string""
      },
      ""description"": ""入库单号；query/penalty 场景必填其一""
    },
    ""inboundOrderNo"": {
      ""type"": ""string"",
      ""description"": ""单个入库单号""
    },
    ""bookingNo"": {
      ""type"": ""string"",
      ""description"": ""已知预约单号时直接查询""
    },
    ""warehouseCode"": {
      ""type"": ""string"",
      ""description"": ""仓库编码，辅助 KB 上下文""
    },
    ""deliveryWayHint"": {
      ""type"": ""string"",
      ""description"": ""送仓方式提示：LCL / FCL / Express；缺省从 query 推断""
    }
  }
}","{
  ""type"": ""object"",
  ""properties"": {
    ""structured"": {
      ""type"": ""object"",
      ""description"": ""预约结构化数据""
    },
    ""analysis"": {
      ""type"": ""string"",
      ""description"": ""操作指引或预约状态说明""
    }
  }
}","{
  ""id"": ""inbound-appointment-manage"",
  ""domain"": ""inbound"",
  ""name"": ""预约送仓操作指引"",
  ""description"": ""说明如何预约送仓、查询/修改/取消预约、分批到仓、违规费与预约 POD 下载。create_guide/modify_guide/cancel_guide/split_shipment/pod_guide(无单号) 走纯 KB；query/penalty/pod_guide(有单号) 拉取 booking.list。不代客创建或取消预约单。Use when 客户问怎么预约、改约、取消、分批到仓、违规费、下载 POD。"",
  ""capabilities"": [
    ""预约创建指引"",
    ""预约修改指引"",
    ""预约取消指引"",
    ""分批到仓指引"",
    ""预约状态查询"",
    ""违规费说明"",
    ""预约 POD 下载指引"",
    ""LCL/FCL/Express 分流""
  ],
  ""version"": ""0.4.1"",
  ""inputSchema"": {
    ""type"": ""object"",
    ""required"": [],
    ""properties"": {
      ""intent"": {
        ""type"": ""string"",
        ""description"": ""query / create_guide / modify_guide / cancel_guide / split_shipment / penalty；缺省按 query 关键词推断"",
        ""enum"": [
          ""query"",
          ""create_guide"",
          ""modify_guide"",
          ""cancel_guide"",
          ""split_shipment"",
          ""penalty"",
          ""pod_guide""
        ]
      },
      ""inboundOrderNos"": {
        ""type"": ""array"",
        ""items"": {
          ""type"": ""string""
        },
        ""description"": ""入库单号；query/penalty 场景必填其一""
      },
      ""inboundOrderNo"": {
        ""type"": ""string"",
        ""description"": ""单个入库单号""
      },
      ""bookingNo"": {
        ""type"": ""string"",
        ""description"": ""已知预约单号时直接查询""
      },
      ""warehouseCode"": {
        ""type"": ""string"",
        ""description"": ""仓库编码，辅助 KB 上下文""
      },
      ""deliveryWayHint"": {
        ""type"": ""string"",
        ""description"": ""送仓方式提示：LCL / FCL / Express；缺省从 query 推断""
      }
    }
  },
  ""outputSchema"": {
    ""type"": ""object"",
    ""properties"": {
      ""structured"": {
        ""type"": ""object"",
        ""description"": ""预约结构化数据""
      },
      ""analysis"": {
        ""type"": ""string"",
        ""description"": ""操作指引或预约状态说明""
      }
    }
  }
}",
inbound-arrival-status,on,7649769569729314850,V0.1.0_20260610,rel-experts-20260608,到仓状态查询,确认货物是否已到仓、当前轨迹位置、签收证明（POD）与 PEWC→EWC 转换情况；支持直发少包裹数量对比。不做上架进度判断（→ inbound-putaway-status）、不催促上架（→ inbound-putaway-expedite）。Use when 客户询问货到仓库了吗、签收状态、POD、PEWC 为何未变 EWC、直发包裹是否到齐。,local_repo,experts/inbound/inbound-arrival-status,"input_schema:
- checkPackageQty（可选）：boolean — 是否对比预约/预报包裹数与签收数；默认 false
- focusPod（可选）：boolean — 是否仅保留 POD/签收相关轨迹节点；默认 false
- inboundOrderNos（必填）：string[] — 入库单号（WI 前缀）或客户自有参考号列表
- includeTrajectory（可选）：boolean — 是否保留轨迹列表；默认 true
- maxTrajectoryNodes（可选）：integer — 轨迹节点保留条数上限；默认 20

output_schema:
- analysis：string — 到仓阶段与签收客观说明
- structured：object — 结构化到仓状态数据","{
  ""type"": ""object"",
  ""required"": [
    ""inboundOrderNos""
  ],
  ""properties"": {
    ""inboundOrderNos"": {
      ""type"": ""array"",
      ""items"": {
        ""type"": ""string""
      },
      ""description"": ""入库单号（WI 前缀）或客户自有参考号列表""
    },
    ""includeTrajectory"": {
      ""type"": ""boolean"",
      ""description"": ""是否保留轨迹列表；默认 true"",
      ""default"": true
    },
    ""focusPod"": {
      ""type"": ""boolean"",
      ""description"": ""是否仅保留 POD/签收相关轨迹节点；默认 false"",
      ""default"": false
    },
    ""checkPackageQty"": {
      ""type"": ""boolean"",
      ""description"": ""是否对比预约/预报包裹数与签收数；默认 false"",
      ""default"": false
    },
    ""maxTrajectoryNodes"": {
      ""type"": ""integer"",
      ""description"": ""轨迹节点保留条数上限；默认 20"",
      ""default"": 20,
      ""minimum"": 1
    }
  }
}","{
  ""type"": ""object"",
  ""properties"": {
    ""structured"": {
      ""type"": ""object"",
      ""description"": ""结构化到仓状态数据""
    },
    ""analysis"": {
      ""type"": ""string"",
      ""description"": ""到仓阶段与签收客观说明""
    }
  }
}","{
  ""id"": ""inbound-arrival-status"",
  ""domain"": ""inbound"",
  ""name"": ""到仓状态查询"",
  ""description"": ""确认货物是否已到仓、当前轨迹位置、签收证明（POD）与 PEWC→EWC 转换情况；支持直发少包裹数量对比。不做上架进度判断（→ inbound-putaway-status）、不催促上架（→ inbound-putaway-expedite）。Use when 客户询问货到仓库了吗、签收状态、POD、PEWC 为何未变 EWC、直发包裹是否到齐。"",
  ""capabilities"": [
    ""到仓阶段判断"",
    ""轨迹里程碑"",
    ""POD/签收摘要"",
    ""PEWC→EWC 解读"",
    ""直发包裹数量对比""
  ],
  ""version"": ""0.1.0"",
  ""inputSchema"": {
    ""type"": ""object"",
    ""required"": [
      ""inboundOrderNos""
    ],
    ""properties"": {
      ""inboundOrderNos"": {
        ""type"": ""array"",
        ""items"": {
          ""type"": ""string""
        },
        ""description"": ""入库单号（WI 前缀）或客户自有参考号列表""
      },
      ""includeTrajectory"": {
        ""type"": ""boolean"",
        ""description"": ""是否保留轨迹列表；默认 true"",
        ""default"": true
      },
      ""focusPod"": {
        ""type"": ""boolean"",
        ""description"": ""是否仅保留 POD/签收相关轨迹节点；默认 false"",
        ""default"": false
      },
      ""checkPackageQty"": {
        ""type"": ""boolean"",
        ""description"": ""是否对比预约/预报包裹数与签收数；默认 false"",
        ""default"": false
      },
      ""maxTrajectoryNodes"": {
        ""type"": ""integer"",
        ""description"": ""轨迹节点保留条数上限；默认 20"",
        ""default"": 20,
        ""minimum"": 1
      }
    }
  },
  ""outputSchema"": {
    ""type"": ""object"",
    ""properties"": {
      ""structured"": {
        ""type"": ""object"",
        ""description"": ""结构化到仓状态数据""
      },
      ""analysis"": {
        ""type"": ""string"",
        ""description"": ""到仓阶段与签收客观说明""
      }
    }
  }
}",
inbound-capacity-availability,on,7649746786609938495,V0.1.0_20260610,rel-experts-20260608,库容与承接能力,查询客户 CBM/SKU 额度剩余，基于 MKS 数据输出额度温度与能否承接建议。卖家中心 InboundSkuLimitAggChart 为主路径，失败时 KB 降级。Slots 可约时间请转预约送仓指引，不提供仓级内部信号。Use when 客户询问还剩多少 CBM 额度、SKU 额度、能不能收这批货。,local_repo,experts/inbound/inbound-capacity-availability,"input_schema:
- cargoProfile（可选）：object — 货物属性（综合评估时使用）
  - cbmVolume（可选）：number
  - deliveryWayType（可选）：string
  - skuCount（可选）：number
- checkType（可选）：string — 查询维度：cbm / sku / overall 综合；slots 仅返回预约指引（不提供仓级 Slots 数据）
- warehouseCode（必填）：string — 目标仓库编码

output_schema:
- analysis：string — 额度摘要与建议动作
- structured：object — 额度与温度结构化数据","{
  ""type"": ""object"",
  ""required"": [
    ""warehouseCode""
  ],
  ""properties"": {
    ""warehouseCode"": {
      ""type"": ""string"",
      ""description"": ""目标仓库编码""
    },
    ""checkType"": {
      ""type"": ""string"",
      ""enum"": [
        ""cbm"",
        ""sku"",
        ""slots"",
        ""overall""
      ],
      ""description"": ""查询维度：cbm / sku / overall 综合；slots 仅返回预约指引（不提供仓级 Slots 数据）"",
      ""default"": ""overall""
    },
    ""cargoProfile"": {
      ""type"": ""object"",
      ""description"": ""货物属性（综合评估时使用）"",
      ""properties"": {
        ""cbmVolume"": {
          ""type"": ""number""
        },
        ""skuCount"": {
          ""type"": ""number""
        },
        ""deliveryWayType"": {
          ""type"": ""string""
        }
      }
    }
  }
}","{
  ""type"": ""object"",
  ""properties"": {
    ""structured"": {
      ""type"": ""object"",
      ""description"": ""额度与温度结构化数据""
    },
    ""analysis"": {
      ""type"": ""string"",
      ""description"": ""额度摘要与建议动作""
    }
  }
}","{
  ""id"": ""inbound-capacity-availability"",
  ""domain"": ""inbound"",
  ""name"": ""库容与承接能力"",
  ""description"": ""查询客户 CBM/SKU 额度剩余，基于 MKS 数据输出额度温度与能否承接建议。卖家中心 InboundSkuLimitAggChart 为主路径，失败时 KB 降级。Slots 可约时间请转预约送仓指引，不提供仓级内部信号。Use when 客户询问还剩多少 CBM 额度、SKU 额度、能不能收这批货。"",
  ""capabilities"": [
    ""CBM 额度查询"",
    ""SKU 额度查询"",
    ""库容温度判断"",
    ""换仓/拆批建议""
  ],
  ""version"": ""0.1.0"",
  ""inputSchema"": {
    ""type"": ""object"",
    ""required"": [
      ""warehouseCode""
    ],
    ""properties"": {
      ""warehouseCode"": {
        ""type"": ""string"",
        ""description"": ""目标仓库编码""
      },
      ""checkType"": {
        ""type"": ""string"",
        ""enum"": [
          ""cbm"",
          ""sku"",
          ""slots"",
          ""overall""
        ],
        ""description"": ""查询维度：cbm / sku / overall 综合；slots 仅返回预约指引（不提供仓级 Slots 数据）"",
        ""default"": ""overall""
      },
      ""cargoProfile"": {
        ""type"": ""object"",
        ""description"": ""货物属性（综合评估时使用）"",
        ""properties"": {
          ""cbmVolume"": {
            ""type"": ""number""
          },
          ""skuCount"": {
            ""type"": ""number""
          },
          ""deliveryWayType"": {
            ""type"": ""string""
          }
        }
      }
    }
  },
  ""outputSchema"": {
    ""type"": ""object"",
    ""properties"": {
      ""structured"": {
        ""type"": ""object"",
        ""description"": ""额度与温度结构化数据""
      },
      ""analysis"": {
        ""type"": ""string"",
        ""description"": ""额度摘要与建议动作""
      }
    }
  }
}",
inbound-order-manage,on,7649770721153105983,V0.1.0_20260610,rel-experts-20260608,入库单操作指引,入库单创建/修改/关闭/取消操作指引：输出步骤、PSC 选型建议、可修改条件与关闭风险提示；不代客执行写操作。Use when 客户询问怎么新建入库单、该选哪个 PSC、怎么修改目的仓、怎么关闭或取消入库单。,local_repo,experts/inbound/inbound-order-manage,"input_schema:
- inboundOrderNo（可选）：string — 目标入库单号；modify/close/cancel 时建议提供
- intent（必填）：string — 操作意图：create 新建 / modify 修改 / close 关闭 / cancel 取消 / general 通用
- targetPsc（可选）：string — 目标 PSC 编码（create 时可选指定）
- targetWarehouseCode（可选）：string — 目的仓编码（create 选型参考）

output_schema:
- analysis：string — 操作步骤与风险提示
- structured：object — 操作指引结构化结果","{
  ""type"": ""object"",
  ""required"": [
    ""intent""
  ],
  ""properties"": {
    ""intent"": {
      ""type"": ""string"",
      ""enum"": [
        ""create"",
        ""modify"",
        ""close"",
        ""cancel"",
        ""general""
      ],
      ""description"": ""操作意图：create 新建 / modify 修改 / close 关闭 / cancel 取消 / general 通用""
    },
    ""inboundOrderNo"": {
      ""type"": ""string"",
      ""description"": ""目标入库单号；modify/close/cancel 时建议提供""
    },
    ""targetWarehouseCode"": {
      ""type"": ""string"",
      ""description"": ""目的仓编码（create 选型参考）""
    },
    ""targetPsc"": {
      ""type"": ""string"",
      ""description"": ""目标 PSC 编码（create 时可选指定）""
    }
  }
}","{
  ""type"": ""object"",
  ""properties"": {
    ""structured"": {
      ""type"": ""object"",
      ""description"": ""操作指引结构化结果""
    },
    ""analysis"": {
      ""type"": ""string"",
      ""description"": ""操作步骤与风险提示""
    }
  }
}","{
  ""id"": ""inbound-order-manage"",
  ""domain"": ""inbound"",
  ""name"": ""入库单操作指引"",
  ""description"": ""入库单创建/修改/关闭/取消操作指引：输出步骤、PSC 选型建议、可修改条件与关闭风险提示；不代客执行写操作。Use when 客户询问怎么新建入库单、该选哪个 PSC、怎么修改目的仓、怎么关闭或取消入库单。"",
  ""capabilities"": [
    ""新建入库单指引"",
    ""修改条件说明"",
    ""关闭/取消规则"",
    ""PSC 选型建议"",
    ""状态可操作性判断""
  ],
  ""version"": ""0.1.0"",
  ""inputSchema"": {
    ""type"": ""object"",
    ""required"": [
      ""intent""
    ],
    ""properties"": {
      ""intent"": {
        ""type"": ""string"",
        ""enum"": [
          ""create"",
          ""modify"",
          ""close"",
          ""cancel"",
          ""general""
        ],
        ""description"": ""操作意图：create 新建 / modify 修改 / close 关闭 / cancel 取消 / general 通用""
      },
      ""inboundOrderNo"": {
        ""type"": ""string"",
        ""description"": ""目标入库单号；modify/close/cancel 时建议提供""
      },
      ""targetWarehouseCode"": {
        ""type"": ""string"",
        ""description"": ""目的仓编码（create 选型参考）""
      },
      ""targetPsc"": {
        ""type"": ""string"",
        ""description"": ""目标 PSC 编码（create 时可选指定）""
      }
    }
  },
  ""outputSchema"": {
    ""type"": ""object"",
    ""properties"": {
      ""structured"": {
        ""type"": ""object"",
        ""description"": ""操作指引结构化结果""
      },
      ""analysis"": {
        ""type"": ""string"",
        ""description"": ""操作步骤与风险提示""
      }
    }
  }
}",
inbound-order-status,on,7649771110800769043,V0.1.0_20260610,rel-experts-20260608,入库单状态解读,根据入库单号拉取 OMS 详情（getOrderDetail）与专用轨迹（queryOrderTracking），归纳当前状态码、轨迹里程碑与关键字段含义；getOrderDetail 不含轨迹。无单号时仅支持用 errorCode 查 KB 错误码含义（单向查找，不提供业务流程指导、不合成通用知识）。无单号且无 errorCode 时不可用。**此 expert 是数据查询型，不负责知识问答、流程梳理或操作步骤说明。**,local_repo,experts/inbound/inbound-order-status,"input_schema:
- detailLevel（可选）：string — getOrderDetail 详情分层：默认 header（N，无 merchandiseList）
- errorCode（可选）：string — 系统报错码；无 inboundOrderNos 时走纯 KB 路径解读。
- inboundOrderNos（可选）：string[] — 入库单号（WI 前缀）或客户自有参考号列表；工作流内自动区分查询字段。
- includePackageDetails（可选）：boolean — 兼容参数：true 时升级为 package_detail；默认 false → header / isIncludePackage=N
- includeTracking（可选）：boolean — 是否调用 queryOrderTracking 拉取轨迹；默认 true
- maxTrajectoryNodes（可选）：integer — 剪枝：trajectoryList 保留条数上限；默认 20

output_schema:
- analysis：string — 状态与字段解读说明
- structured：object — 结构化状态数据","{
  ""type"": ""object"",
  ""required"": [],
  ""properties"": {
    ""inboundOrderNos"": {
      ""type"": ""array"",
      ""items"": {
        ""type"": ""string""
      },
      ""description"": ""入库单号（WI 前缀）或客户自有参考号列表；工作流内自动区分查询字段。""
    },
    ""errorCode"": {
      ""type"": ""string"",
      ""description"": ""系统报错码；无 inboundOrderNos 时走纯 KB 路径解读。""
    },
    ""includePackageDetails"": {
      ""type"": ""boolean"",
      ""description"": ""兼容参数：true 时升级为 package_detail；默认 false → header / isIncludePackage=N"",
      ""default"": false
    },
    ""detailLevel"": {
      ""type"": ""string"",
      ""description"": ""getOrderDetail 详情分层：默认 header（N，无 merchandiseList）"",
      ""default"": ""header""
    },
    ""includeTracking"": {
      ""type"": ""boolean"",
      ""description"": ""是否调用 queryOrderTracking 拉取轨迹；默认 true"",
      ""default"": true
    },
    ""maxTrajectoryNodes"": {
      ""type"": ""integer"",
      ""description"": ""剪枝：trajectoryList 保留条数上限；默认 20"",
      ""default"": 20,
      ""minimum"": 1
    }
  }
}","{
  ""type"": ""object"",
  ""properties"": {
    ""structured"": {
      ""type"": ""object"",
      ""description"": ""结构化状态数据""
    },
    ""analysis"": {
      ""type"": ""string"",
      ""description"": ""状态与字段解读说明""
    }
  }
}","{
  ""id"": ""inbound-order-status"",
  ""domain"": ""inbound"",
  ""name"": ""入库单状态解读"",
  ""description"": ""根据入库单号拉取 OMS 详情（getOrderDetail）与专用轨迹（queryOrderTracking），归纳当前状态码、轨迹里程碑与关键字段含义；getOrderDetail 不含轨迹。支持无单号时仅凭 errorCode 走 KB 解读。"",
  ""capabilities"": [
    ""入库单状态"",
    ""轨迹里程碑"",
    ""字段解读"",
    ""报错码解读"",
    ""多标识解析（WI 单号 / 客户参考号）""
  ],
  ""version"": ""0.1.0"",
  ""inputSchema"": {
    ""type"": ""object"",
    ""required"": [],
    ""properties"": {
      ""inboundOrderNos"": {
        ""type"": ""array"",
        ""items"": {
          ""type"": ""string""
        },
        ""description"": ""入库单号（WI 前缀）或客户自有参考号列表；工作流内自动区分查询字段。""
      },
      ""errorCode"": {
        ""type"": ""string"",
        ""description"": ""系统报错码；无 inboundOrderNos 时走纯 KB 路径解读。""
      },
      ""includePackageDetails"": {
        ""type"": ""boolean"",
        ""description"": ""兼容参数：true 时升级为 package_detail；默认 false → header / isIncludePackage=N"",
        ""default"": false
      },
      ""detailLevel"": {
        ""type"": ""string"",
        ""description"": ""getOrderDetail 详情分层：默认 header（N，无 merchandiseList）"",
        ""default"": ""header""
      },
      ""includeTracking"": {
        ""type"": ""boolean"",
        ""description"": ""是否调用 queryOrderTracking 拉取轨迹；默认 true"",
        ""default"": true
      },
      ""maxTrajectoryNodes"": {
        ""type"": ""integer"",
        ""description"": ""剪枝：trajectoryList 保留条数上限；默认 20"",
        ""default"": 20,
        ""minimum"": 1
      }
    }
  },
  ""outputSchema"": {
    ""type"": ""object"",
    ""properties"": {
      ""structured"": {
        ""type"": ""object"",
        ""description"": ""结构化状态数据""
      },
      ""analysis"": {
        ""type"": ""string"",
        ""description"": ""状态与字段解读说明""
      }
    }
  }
}",
inbound-process-guide,on,7649748515258040358,V1.0.0_20260610,rel-experts-20260608,入库流程与规则指引,解答入库流程怎么走、规则/条件、费用口径与禁限运品等 FAQ。KB/RAG 为主路径，无必须 API。Use when 客户询问入库操作流程、CBM 限制、禁限运、头程与直发区别、入库费用等。,local_repo,experts/inbound/inbound-process-guide,"input_schema:
- country（可选）：string — 目的国/地区（UK / US / DE 等），用于匹配国别差异化规则
- productLine（可选）：string — 产品线或 PSC 编码提示（如 OW01011、OW01021），用于差异化规则匹配
- subTopic（可选）：string — 子主题细化（如「自验流程」「件型限制」「逾期账单」）
- topic（必填）：string — 咨询主题关键词（如「标准海外仓入库流程」「CBM 限制」「入库费用」）

output_schema:
- analysis：string — 分步说明或规则摘要（自然语言）
- structured：object — 流程/规则结构化结果
  - expertRouting：string
  - feeNotes：string
  - intentType：string
  - matchedRules：object[]
    （无字段定义）
  - prerequisites：string[]
  - prohibitedItems：string[]
  - pscContext：string
  - sopSteps：string[]
  - topicMatched：string","{
  ""type"": ""object"",
  ""required"": [
    ""topic""
  ],
  ""properties"": {
    ""topic"": {
      ""type"": ""string"",
      ""description"": ""咨询主题关键词（如「标准海外仓入库流程」「CBM 限制」「入库费用」）""
    },
    ""country"": {
      ""type"": ""string"",
      ""description"": ""目的国/地区（UK / US / DE 等），用于匹配国别差异化规则""
    },
    ""productLine"": {
      ""type"": ""string"",
      ""description"": ""产品线或 PSC 编码提示（如 OW01011、OW01021），用于差异化规则匹配""
    },
    ""subTopic"": {
      ""type"": ""string"",
      ""description"": ""子主题细化（如「自验流程」「件型限制」「逾期账单」）""
    }
  }
}","{
  ""type"": ""object"",
  ""properties"": {
    ""structured"": {
      ""type"": ""object"",
      ""description"": ""流程/规则结构化结果"",
      ""properties"": {
        ""topicMatched"": {
          ""type"": ""string""
        },
        ""intentType"": {
          ""type"": ""string""
        },
        ""sopSteps"": {
          ""type"": ""array"",
          ""items"": {
            ""type"": ""string""
          }
        },
        ""matchedRules"": {
          ""type"": ""array"",
          ""items"": {
            ""type"": ""object""
          }
        },
        ""feeNotes"": {
          ""type"": ""string""
        },
        ""prohibitedItems"": {
          ""type"": ""array"",
          ""items"": {
            ""type"": ""string""
          }
        },
        ""pscContext"": {
          ""type"": ""string""
        },
        ""prerequisites"": {
          ""type"": ""array"",
          ""items"": {
            ""type"": ""string""
          }
        },
        ""expertRouting"": {
          ""type"": ""string""
        }
      }
    },
    ""analysis"": {
      ""type"": ""string"",
      ""description"": ""分步说明或规则摘要（自然语言）""
    }
  }
}","{
  ""id"": ""inbound-process-guide"",
  ""domain"": ""inbound"",
  ""name"": ""入库流程与规则指引"",
  ""description"": ""解答入库流程怎么走、规则/条件、费用口径与禁限运品等 FAQ。KB/RAG 为主路径，无必须 API。Use when 客户询问入库操作流程、CBM 限制、禁限运、头程与直发区别、入库费用等。"",
  ""capabilities"": [
    ""入库流程"",
    ""规则解读"",
    ""费用说明"",
    ""禁限运品"",
    ""PSC 选型原则""
  ],
  ""version"": ""1.0.0"",
  ""inputSchema"": {
    ""type"": ""object"",
    ""required"": [
      ""topic""
    ],
    ""properties"": {
      ""topic"": {
        ""type"": ""string"",
        ""description"": ""咨询主题关键词（如「标准海外仓入库流程」「CBM 限制」「入库费用」）""
      },
      ""country"": {
        ""type"": ""string"",
        ""description"": ""目的国/地区（UK / US / DE 等），用于匹配国别差异化规则""
      },
      ""productLine"": {
        ""type"": ""string"",
        ""description"": ""产品线或 PSC 编码提示（如 OW01011、OW01021），用于差异化规则匹配""
      },
      ""subTopic"": {
        ""type"": ""string"",
        ""description"": ""子主题细化（如「自验流程」「件型限制」「逾期账单」）""
      }
    }
  },
  ""outputSchema"": {
    ""type"": ""object"",
    ""properties"": {
      ""structured"": {
        ""type"": ""object"",
        ""description"": ""流程/规则结构化结果"",
        ""properties"": {
          ""topicMatched"": {
            ""type"": ""string""
          },
          ""intentType"": {
            ""type"": ""string""
          },
          ""sopSteps"": {
            ""type"": ""array"",
            ""items"": {
              ""type"": ""string""
            }
          },
          ""matchedRules"": {
            ""type"": ""array"",
            ""items"": {
              ""type"": ""object""
            }
          },
          ""feeNotes"": {
            ""type"": ""string""
          },
          ""prohibitedItems"": {
            ""type"": ""array"",
            ""items"": {
              ""type"": ""string""
            }
          },
          ""pscContext"": {
            ""type"": ""string""
          },
          ""prerequisites"": {
            ""type"": ""array"",
            ""items"": {
              ""type"": ""string""
            }
          },
          ""expertRouting"": {
            ""type"": ""string""
          }
        }
      },
      ""analysis"": {
        ""type"": ""string"",
        ""description"": ""分步说明或规则摘要（自然语言）""
      }
    }
  }
}",
inbound-psc-eligibility,on,7649755288274731049,V0.1.0_20260610,rel-experts-20260608,入库 PSC 开通查询,只读查询当前客户可下单的入库产品线（winit.wh.pms.getWinitProducts）。支持按 filterCodes / productLine 过滤；返回完整 productCode 列表及自验/海外验/头程权限标记。不做权限申请（→ inbound-permission-apply）、不输出 CBM/SKU 额度（→ inbound-capacity-availability）。编排提示：链式调用时可向下游写入 enabledProducts、hasSelfInspection、hasOverseasInspection、hasStandardFirstLeg。Use when 客户询问能用哪些入库产品、某 PSC 是否开通、有没有自验或海外验权限。,local_repo,experts/inbound/inbound-psc-eligibility,"input_schema:
- country（可选）：string — 可选；国家代码（US/UK/DE/AU/CA/BE），用于辅助过滤或 KB 上下文
- filterCodes（可选）：string[] — 可选；仅返回指定 PSC 编码（如 [""OW01021"",""OW01022""]）
- productLine（可选）：string — 可选；产品线关键词或 PSC 编码（如 OW01021、自验、海外验）
- warehouseCode（可选）：string — 可选；上下文仓库编码（API 不按仓过滤）

output_schema:
- analysis：string — 已开通与未开通产品说明
- structured：object — PSC 开通结构化数据","{
  ""type"": ""object"",
  ""required"": [],
  ""properties"": {
    ""warehouseCode"": {
      ""type"": ""string"",
      ""description"": ""可选；上下文仓库编码（API 不按仓过滤）""
    },
    ""country"": {
      ""type"": ""string"",
      ""description"": ""可选；国家代码（US/UK/DE/AU/CA/BE），用于辅助过滤或 KB 上下文""
    },
    ""productLine"": {
      ""type"": ""string"",
      ""description"": ""可选；产品线关键词或 PSC 编码（如 OW01021、自验、海外验）""
    },
    ""filterCodes"": {
      ""type"": ""array"",
      ""items"": {
        ""type"": ""string""
      },
      ""description"": ""可选；仅返回指定 PSC 编码（如 [\""OW01021\"",\""OW01022\""]）""
    }
  }
}","{
  ""type"": ""object"",
  ""properties"": {
    ""structured"": {
      ""type"": ""object"",
      ""description"": ""PSC 开通结构化数据""
    },
    ""analysis"": {
      ""type"": ""string"",
      ""description"": ""已开通与未开通产品说明""
    }
  }
}","{
  ""id"": ""inbound-psc-eligibility"",
  ""domain"": ""inbound"",
  ""name"": ""入库 PSC 开通查询"",
  ""description"": ""只读查询当前客户可下单的入库产品线（winit.wh.pms.getWinitProducts）。支持按 filterCodes / productLine 过滤；返回完整 productCode 列表及自验/海外验/头程权限标记。不做权限申请（→ inbound-permission-apply）、不输出 CBM/SKU 额度（→ inbound-capacity-availability）。编排提示：链式调用时可向下游写入 enabledProducts、hasSelfInspection、hasOverseasInspection、hasStandardFirstLeg。Use when 客户询问能用哪些入库产品、某 PSC 是否开通、有没有自验或海外验权限。"",
  ""capabilities"": [
    ""PSC 可下单列表"",
    ""自验权限标记"",
    ""海外验权限标记"",
    ""标准头程权限标记"",
    ""产品线过滤""
  ],
  ""version"": ""0.1.0"",
  ""inputSchema"": {
    ""type"": ""object"",
    ""required"": [],
    ""properties"": {
      ""warehouseCode"": {
        ""type"": ""string"",
        ""description"": ""可选；上下文仓库编码（API 不按仓过滤）""
      },
      ""country"": {
        ""type"": ""string"",
        ""description"": ""可选；国家代码（US/UK/DE/AU/CA/BE），用于辅助过滤或 KB 上下文""
      },
      ""productLine"": {
        ""type"": ""string"",
        ""description"": ""可选；产品线关键词或 PSC 编码（如 OW01021、自验、海外验）""
      },
      ""filterCodes"": {
        ""type"": ""array"",
        ""items"": {
          ""type"": ""string""
        },
        ""description"": ""可选；仅返回指定 PSC 编码（如 [\""OW01021\"",\""OW01022\""]）""
      }
    }
  },
  ""outputSchema"": {
    ""type"": ""object"",
    ""properties"": {
      ""structured"": {
        ""type"": ""object"",
        ""description"": ""PSC 开通结构化数据""
      },
      ""analysis"": {
        ""type"": ""string"",
        ""description"": ""已开通与未开通产品说明""
      }
    }
  }
}",
inbound-putaway-status,on,7649771480457478163,V0.1.0_20260610,rel-experts-20260608,上架进度查询,汇报入库单上架完成情况、预计完成时间及实际上架数量与预报数量对比摘要。客观描述进度，不催促（→ inbound-putaway-expedite）、不判责数量差异（→ inbound-exception-check）。Use when 客户询问上架了吗、还要多久、上架数量是否一致。,local_repo,experts/inbound/inbound-putaway-status,"input_schema:
- checkQtyDiscrepancy（可选）：boolean — 是否执行商品数量对比；默认 true
- detailLevel（可选）：string — getOrderDetail 详情分层；默认 sku_summary（Y + extract 删 packageList）
- inboundOrderNos（必填）：string[] — 入库单号（WI 前缀）或客户自有参考号列表
- includePackageDetails（可选）：boolean — 兼容参数：true 升级为 package_detail
- maxTrajectoryNodes（可选）：integer — 轨迹节点保留条数上限；默认 20
- targetMerchandiseCodes（可选）：string[] — sku_filtered 时仅保留指定 SKU

output_schema:
- analysis：string — 上架进度与数量对比说明
- structured：object — 结构化上架进度数据","{
  ""type"": ""object"",
  ""required"": [
    ""inboundOrderNos""
  ],
  ""properties"": {
    ""inboundOrderNos"": {
      ""type"": ""array"",
      ""items"": {
        ""type"": ""string""
      },
      ""description"": ""入库单号（WI 前缀）或客户自有参考号列表""
    },
    ""checkQtyDiscrepancy"": {
      ""type"": ""boolean"",
      ""description"": ""是否执行商品数量对比；默认 true"",
      ""default"": true
    },
    ""detailLevel"": {
      ""type"": ""string"",
      ""description"": ""getOrderDetail 详情分层；默认 sku_summary（Y + extract 删 packageList）"",
      ""default"": ""sku_summary""
    },
    ""targetMerchandiseCodes"": {
      ""type"": ""array"",
      ""items"": {
        ""type"": ""string""
      },
      ""description"": ""sku_filtered 时仅保留指定 SKU""
    },
    ""includePackageDetails"": {
      ""type"": ""boolean"",
      ""description"": ""兼容参数：true 升级为 package_detail"",
      ""default"": false
    },
    ""maxTrajectoryNodes"": {
      ""type"": ""integer"",
      ""description"": ""轨迹节点保留条数上限；默认 20"",
      ""default"": 20,
      ""minimum"": 1
    }
  }
}","{
  ""type"": ""object"",
  ""properties"": {
    ""structured"": {
      ""type"": ""object"",
      ""description"": ""结构化上架进度数据""
    },
    ""analysis"": {
      ""type"": ""string"",
      ""description"": ""上架进度与数量对比说明""
    }
  }
}","{
  ""id"": ""inbound-putaway-status"",
  ""domain"": ""inbound"",
  ""name"": ""上架进度查询"",
  ""description"": ""汇报入库单上架完成情况、预计完成时间及实际上架数量与预报数量对比摘要。客观描述进度，不催促（→ inbound-putaway-expedite）、不判责数量差异（→ inbound-exception-check）。Use when 客户询问上架了吗、还要多久、上架数量是否一致。"",
  ""capabilities"": [
    ""上架阶段推断"",
    ""数量对比摘要"",
    ""SLA 超时标注"",
    ""预计完成时间推断""
  ],
  ""version"": ""0.1.0"",
  ""inputSchema"": {
    ""type"": ""object"",
    ""required"": [
      ""inboundOrderNos""
    ],
    ""properties"": {
      ""inboundOrderNos"": {
        ""type"": ""array"",
        ""items"": {
          ""type"": ""string""
        },
        ""description"": ""入库单号（WI 前缀）或客户自有参考号列表""
      },
      ""checkQtyDiscrepancy"": {
        ""type"": ""boolean"",
        ""description"": ""是否执行商品数量对比；默认 true"",
        ""default"": true
      },
      ""detailLevel"": {
        ""type"": ""string"",
        ""description"": ""getOrderDetail 详情分层；默认 sku_summary（Y + extract 删 packageList）"",
        ""default"": ""sku_summary""
      },
      ""targetMerchandiseCodes"": {
        ""type"": ""array"",
        ""items"": {
          ""type"": ""string""
        },
        ""description"": ""sku_filtered 时仅保留指定 SKU""
      },
      ""includePackageDetails"": {
        ""type"": ""boolean"",
        ""description"": ""兼容参数：true 升级为 package_detail"",
        ""default"": false
      },
      ""maxTrajectoryNodes"": {
        ""type"": ""integer"",
        ""description"": ""轨迹节点保留条数上限；默认 20"",
        ""default"": 20,
        ""minimum"": 1
      }
    }
  },
  ""outputSchema"": {
    ""type"": ""object"",
    ""properties"": {
      ""structured"": {
        ""type"": ""object"",
        ""description"": ""结构化上架进度数据""
      },
      ""analysis"": {
        ""type"": ""string"",
        ""description"": ""上架进度与数量对比说明""
      }
    }
  }
}",
inbound-self-inspection,on,7649771954275631142,V0.1.0_20260610,rel-experts-20260608,自验操作与进度,OW01021/OW01022 自验闭环：发货前提交/修改/免验操作指引，到仓后抽验结果与费用查询。submit_guide 走纯 KB 路径；status/progress 拉取 OMS 入库单详情与可选异常单。不代客提交验货数据，不承诺抽验费退款。Use when 客户问自验怎么提交、验货填错怎么改、抽验结果与费用、能否免验。,local_repo,experts/inbound/inbound-self-inspection,"input_schema:
- inboundOrderNo（可选）：string — 单个入库单号（与 inboundOrderNos 等价）
- inboundOrderNos（可选）：string[] — 入库单号（WI 前缀）；status/progress 场景必填
- intent（可选）：string — 咨询意图：submit_guide（提交指引）/ status（验货状态）/ progress（抽验进度与结果）
- phase（可选）：string — 可选阶段：pre_ship / post_arrival；缺省由订单状态推断
- subTopic（可选）：string — 子场景：submit_guide / modify_guide / sampling_result / exemption_check

output_schema:
- analysis：string — 操作指引或抽验结果说明
- structured：object — 自验结构化数据","{
  ""type"": ""object"",
  ""required"": [],
  ""properties"": {
    ""intent"": {
      ""type"": ""string"",
      ""description"": ""咨询意图：submit_guide（提交指引）/ status（验货状态）/ progress（抽验进度与结果）"",
      ""enum"": [
        ""submit_guide"",
        ""status"",
        ""progress""
      ]
    },
    ""subTopic"": {
      ""type"": ""string"",
      ""description"": ""子场景：submit_guide / modify_guide / sampling_result / exemption_check""
    },
    ""inboundOrderNos"": {
      ""type"": ""array"",
      ""items"": {
        ""type"": ""string""
      },
      ""description"": ""入库单号（WI 前缀）；status/progress 场景必填""
    },
    ""inboundOrderNo"": {
      ""type"": ""string"",
      ""description"": ""单个入库单号（与 inboundOrderNos 等价）""
    },
    ""phase"": {
      ""type"": ""string"",
      ""description"": ""可选阶段：pre_ship / post_arrival；缺省由订单状态推断""
    }
  }
}","{
  ""type"": ""object"",
  ""properties"": {
    ""structured"": {
      ""type"": ""object"",
      ""description"": ""自验结构化数据""
    },
    ""analysis"": {
      ""type"": ""string"",
      ""description"": ""操作指引或抽验结果说明""
    }
  }
}","{
  ""id"": ""inbound-self-inspection"",
  ""domain"": ""inbound"",
  ""name"": ""自验操作与进度"",
  ""description"": ""OW01021/OW01022 自验闭环：发货前提交/修改/免验操作指引，到仓后抽验结果与费用查询。submit_guide 走纯 KB 路径；status/progress 拉取 OMS 入库单详情与可选异常单。不代客提交验货数据，不承诺抽验费退款。Use when 客户问自验怎么提交、验货填错怎么改、抽验结果与费用、能否免验。"",
  ""capabilities"": [
    ""自验提交指引"",
    ""验货修改指引"",
    ""免验条件判断"",
    ""抽验结果查询"",
    ""阶段自动推断""
  ],
  ""version"": ""0.1.0"",
  ""inputSchema"": {
    ""type"": ""object"",
    ""required"": [],
    ""properties"": {
      ""intent"": {
        ""type"": ""string"",
        ""description"": ""咨询意图：submit_guide（提交指引）/ status（验货状态）/ progress（抽验进度与结果）"",
        ""enum"": [
          ""submit_guide"",
          ""status"",
          ""progress""
        ]
      },
      ""subTopic"": {
        ""type"": ""string"",
        ""description"": ""子场景：submit_guide / modify_guide / sampling_result / exemption_check""
      },
      ""inboundOrderNos"": {
        ""type"": ""array"",
        ""items"": {
          ""type"": ""string""
        },
        ""description"": ""入库单号（WI 前缀）；status/progress 场景必填""
      },
      ""inboundOrderNo"": {
        ""type"": ""string"",
        ""description"": ""单个入库单号（与 inboundOrderNos 等价）""
      },
      ""phase"": {
        ""type"": ""string"",
        ""description"": ""可选阶段：pre_ship / post_arrival；缺省由订单状态推断""
      }
    }
  },
  ""outputSchema"": {
    ""type"": ""object"",
    ""properties"": {
      ""structured"": {
        ""type"": ""object"",
        ""description"": ""自验结构化数据""
      },
      ""analysis"": {
        ""type"": ""string"",
        ""description"": ""操作指引或抽验结果说明""
      }
    }
  }
}",
inbound-warehouse-info,on,7649732866302377984,V1.1.0_20260610,rel-experts-20260608,仓库基础信息查询,根据仓库编码或国家/地区检索海外仓地址、联系人、营业时间、仓型定位、可接商品类型与截单规则等静态资料。纯 KB 路径，无实时 API。Use when 客户询问仓库地址、送货填写、某仓能否存 DG/纯电/食品、仓型或截单规则。,local_repo,experts/inbound/inbound-warehouse-info,"input_schema:
- country（可选）：string — 国家/地区（UK / US / DE / AU / CA / BE 等）；未知仓码时按国检索可用仓摘要
- topic（可选）：string — 聚焦主题：address / contact / hours / cutoff / type / capabilities / rules / all（默认 all）
- warehouseCode（可选）：string — Winit 仓库编码（如 USWC、UK、DE）；与 country 二选一，优先精确匹配

output_schema:
- analysis：string — 按 topic 聚焦的仓库信息自然语言说明
- structured：object — 仓库结构化资料
  - address：string
  - addressExpress：string
  - businessHours：string
  - capabilities：object
    - chemical：boolean
    - dg：boolean
    - food：boolean
    - pureElectric：boolean
    - specialChemical：boolean
  - contactPerson：string
  - contactPhone：string
  - country：string
  - cutoffTime：string
  - operationMode：string
  - specialNotes：string[]
  - supportedProducts：string
  - warehouseCode：string
  - warehouseName：string
  - warehousePosition：string
  - warehouseType：string","{
  ""type"": ""object"",
  ""required"": [],
  ""properties"": {
    ""warehouseCode"": {
      ""type"": ""string"",
      ""description"": ""Winit 仓库编码（如 USWC、UK、DE）；与 country 二选一，优先精确匹配""
    },
    ""country"": {
      ""type"": ""string"",
      ""description"": ""国家/地区（UK / US / DE / AU / CA / BE 等）；未知仓码时按国检索可用仓摘要""
    },
    ""topic"": {
      ""type"": ""string"",
      ""description"": ""聚焦主题：address / contact / hours / cutoff / type / capabilities / rules / all（默认 all）"",
      ""default"": ""all""
    }
  }
}","{
  ""type"": ""object"",
  ""properties"": {
    ""structured"": {
      ""type"": ""object"",
      ""description"": ""仓库结构化资料"",
      ""properties"": {
        ""warehouseCode"": {
          ""type"": ""string""
        },
        ""warehouseName"": {
          ""type"": ""string""
        },
        ""country"": {
          ""type"": ""string""
        },
        ""address"": {
          ""type"": ""string""
        },
        ""contactPerson"": {
          ""type"": ""string""
        },
        ""contactPhone"": {
          ""type"": ""string""
        },
        ""businessHours"": {
          ""type"": ""string""
        },
        ""cutoffTime"": {
          ""type"": ""string""
        },
        ""warehouseType"": {
          ""type"": ""string""
        },
        ""warehousePosition"": {
          ""type"": ""string""
        },
        ""operationMode"": {
          ""type"": ""string""
        },
        ""supportedProducts"": {
          ""type"": ""string""
        },
        ""addressExpress"": {
          ""type"": ""string""
        },
        ""capabilities"": {
          ""type"": ""object"",
          ""properties"": {
            ""pureElectric"": {
              ""type"": ""boolean""
            },
            ""dg"": {
              ""type"": ""boolean""
            },
            ""chemical"": {
              ""type"": ""boolean""
            },
            ""specialChemical"": {
              ""type"": ""boolean""
            },
            ""food"": {
              ""type"": ""boolean""
            }
          }
        },
        ""specialNotes"": {
          ""type"": ""array"",
          ""items"": {
            ""type"": ""string""
          }
        }
      }
    },
    ""analysis"": {
      ""type"": ""string"",
      ""description"": ""按 topic 聚焦的仓库信息自然语言说明""
    }
  }
}","{
  ""id"": ""inbound-warehouse-info"",
  ""domain"": ""inbound"",
  ""name"": ""仓库基础信息查询"",
  ""description"": ""根据仓库编码或国家/地区检索海外仓地址、联系人、营业时间、仓型定位、可接商品类型与截单规则等静态资料。纯 KB 路径，无实时 API。Use when 客户询问仓库地址、送货填写、某仓能否存 DG/纯电/食品、仓型或截单规则。"",
  ""capabilities"": [
    ""仓库地址"",
    ""联系人"",
    ""营业时间"",
    ""截单规则"",
    ""送货规范"",
    ""仓型查询"",
    ""可接商品类型""
  ],
  ""version"": ""1.1.0"",
  ""inputSchema"": {
    ""type"": ""object"",
    ""required"": [],
    ""properties"": {
      ""warehouseCode"": {
        ""type"": ""string"",
        ""description"": ""Winit 仓库编码（如 USWC、UK、DE）；与 country 二选一，优先精确匹配""
      },
      ""country"": {
        ""type"": ""string"",
        ""description"": ""国家/地区（UK / US / DE / AU / CA / BE 等）；未知仓码时按国检索可用仓摘要""
      },
      ""topic"": {
        ""type"": ""string"",
        ""description"": ""聚焦主题：address / contact / hours / cutoff / type / capabilities / rules / all（默认 all）"",
        ""default"": ""all""
      }
    }
  },
  ""outputSchema"": {
    ""type"": ""object"",
    ""properties"": {
      ""structured"": {
        ""type"": ""object"",
        ""description"": ""仓库结构化资料"",
        ""properties"": {
          ""warehouseCode"": {
            ""type"": ""string""
          },
          ""warehouseName"": {
            ""type"": ""string""
          },
          ""country"": {
            ""type"": ""string""
          },
          ""address"": {
            ""type"": ""string""
          },
          ""contactPerson"": {
            ""type"": ""string""
          },
          ""contactPhone"": {
            ""type"": ""string""
          },
          ""businessHours"": {
            ""type"": ""string""
          },
          ""cutoffTime"": {
            ""type"": ""string""
          },
          ""warehouseType"": {
            ""type"": ""string""
          },
          ""warehousePosition"": {
            ""type"": ""string""
          },
          ""operationMode"": {
            ""type"": ""string""
          },
          ""supportedProducts"": {
            ""type"": ""string""
          },
          ""addressExpress"": {
            ""type"": ""string""
          },
          ""capabilities"": {
            ""type"": ""object"",
            ""properties"": {
              ""pureElectric"": {
                ""type"": ""boolean""
              },
              ""dg"": {
                ""type"": ""boolean""
              },
              ""chemical"": {
                ""type"": ""boolean""
              },
              ""specialChemical"": {
                ""type"": ""boolean""
              },
              ""food"": {
                ""type"": ""boolean""
              }
            }
          },
          ""specialNotes"": {
            ""type"": ""array"",
            ""items"": {
              ""type"": ""string""
            }
          }
        }
      },
      ""analysis"": {
        ""type"": ""string"",
        ""description"": ""按 topic 聚焦的仓库信息自然语言说明""
      }
    }
  }
}",
outbound-order-status,on,7649731701802827818,V0.1.0_20260610,rel-experts-20260608,出库单状态解读,支持在同一入参中识别并处理三类出库相关标识：万邑通出库主单号（WO）、快递跟踪号、卖家/平台订单号（后两类格式可能相近，工作流内会按列表接口依次尝试解析）。可根据拉取结果归纳出库状态与关键字段（跟踪号、承运商、子单等）；不做操作建议，不承诺面单获取方式。编排提示：需要先拿到规范化出库上下文或跟踪号再查尾程/轨迹时，可优先调用本专家，再用其 structured 或原始 JSON 中的单号调用轨迹类专家。Use when 用户需要根据万邑通出库数据了解订单当前状态与字段含义，或编排器中需在查轨迹前解析客户给的任意单号。,local_repo,experts/outbound/outbound-order-status,"input_schema:
- includeItemList（可选）：boolean — 剪枝：是否保留商品明细行；默认 false
- maxMerchandisePerPackage（可选）：integer — 剪枝：每包裹保留商品行上限；与 prune-outbound-json 默认一致
- maxPackagesPerOrder（可选）：integer — 剪枝：每单保留包裹数上限；与 prune-outbound-json 默认一致
- outboundOrderNos（可选）：string[] — 出库相关标识列表（无需事先区分类型）：万邑通出库主单号（WO+数字）、快递跟踪号、或卖家/平台订单号。非 WO 时由工作流按 id/54 先 trackingNo 再 sellerOrderNo 尝试命中同一出库单。编排时可将客户口述的任意单号原样传入；若后续要查物流轨迹，可先调用本专家拿到 WO/tracking 再交给轨迹类专家。

output_schema:
- analysis：string — 状态解读与说明
- structured：object — 结构化数据","{
  ""type"": ""object"",
  ""required"": [],
  ""properties"": {
    ""outboundOrderNos"": {
      ""type"": ""array"",
      ""items"": {
        ""type"": ""string""
      },
      ""description"": ""出库相关标识列表（无需事先区分类型）：万邑通出库主单号（WO+数字）、快递跟踪号、或卖家/平台订单号。非 WO 时由工作流按 id/54 先 trackingNo 再 sellerOrderNo 尝试命中同一出库单。编排时可将客户口述的任意单号原样传入；若后续要查物流轨迹，可先调用本专家拿到 WO/tracking 再交给轨迹类专家。""
    },
    ""maxPackagesPerOrder"": {
      ""type"": ""integer"",
      ""description"": ""剪枝：每单保留包裹数上限；与 prune-outbound-json 默认一致"",
      ""default"": 10,
      ""minimum"": 1
    },
    ""maxMerchandisePerPackage"": {
      ""type"": ""integer"",
      ""description"": ""剪枝：每包裹保留商品行上限；与 prune-outbound-json 默认一致"",
      ""default"": 20,
      ""minimum"": 1
    },
    ""includeItemList"": {
      ""type"": ""boolean"",
      ""description"": ""剪枝：是否保留商品明细行；默认 false"",
      ""default"": false
    }
  }
}","{
  ""type"": ""object"",
  ""properties"": {
    ""structured"": {
      ""type"": ""object"",
      ""description"": ""结构化数据""
    },
    ""analysis"": {
      ""type"": ""string"",
      ""description"": ""状态解读与说明""
    }
  }
}","{
  ""id"": ""outbound-order-status"",
  ""domain"": ""outbound"",
  ""name"": ""出库单状态解读"",
  ""description"": ""支持在同一入参中识别并处理三类出库相关标识：万邑通出库主单号（WO）、快递跟踪号、卖家/平台订单号（后两类格式可能相近，工作流内会按列表接口依次尝试解析）。可根据拉取结果归纳出库状态与关键字段（跟踪号、承运商、子单等）；不做操作建议，不承诺面单获取方式。编排提示：需要先拿到规范化出库上下文或跟踪号再查尾程/轨迹时，可优先调用本专家，再用其 structured 或原始 JSON 中的单号调用轨迹类专家。Use when 用户需要根据万邑通出库数据了解订单当前状态与字段含义，或编排器中需在查轨迹前解析客户给的任意单号。"",
  ""capabilities"": [
    ""出库单状态"",
    ""暂存"",
    ""增值"",
    ""多标识解析（出库单号 WO / 跟踪号 / 卖家订单号）"",
    ""编排前置：可先解析再查轨迹""
  ],
  ""version"": ""0.1.0"",
  ""inputSchema"": {
    ""type"": ""object"",
    ""required"": [],
    ""properties"": {
      ""outboundOrderNos"": {
        ""type"": ""array"",
        ""items"": {
          ""type"": ""string""
        },
        ""description"": ""出库相关标识列表（无需事先区分类型）：万邑通出库主单号（WO+数字）、快递跟踪号、或卖家/平台订单号。非 WO 时由工作流按 id/54 先 trackingNo 再 sellerOrderNo 尝试命中同一出库单。编排时可将客户口述的任意单号原样传入；若后续要查物流轨迹，可先调用本专家拿到 WO/tracking 再交给轨迹类专家。""
      },
      ""maxPackagesPerOrder"": {
        ""type"": ""integer"",
        ""description"": ""剪枝：每单保留包裹数上限；与 prune-outbound-json 默认一致"",
        ""default"": 10,
        ""minimum"": 1
      },
      ""maxMerchandisePerPackage"": {
        ""type"": ""integer"",
        ""description"": ""剪枝：每包裹保留商品行上限；与 prune-outbound-json 默认一致"",
        ""default"": 20,
        ""minimum"": 1
      },
      ""includeItemList"": {
        ""type"": ""boolean"",
        ""description"": ""剪枝：是否保留商品明细行；默认 false"",
        ""default"": false
      }
    }
  },
  ""outputSchema"": {
    ""type"": ""object"",
    ""properties"": {
      ""structured"": {
        ""type"": ""object"",
        ""description"": ""结构化数据""
      },
      ""analysis"": {
        ""type"": ""string"",
        ""description"": ""状态解读与说明""
      }
    }
  }
}",
pod-request,on,7649731257564217363,V0.3.0_20260610,rel-experts-20260608,申请获取POD,申请、获取POD处理流程。Use when 用户申请或获取妥投证明（POD）。,local_repo,experts/last-mile/pod-request,"input_schema:
- enrichedContext（可选）：object（自由字段） — 可选；编排前置 delivery-status 等合并的轨迹与事实，供 LLM 引用
- outboundOrderNos（可选）：string[] — 万邑通出库单号（WO…）；exportOutboundPod 仅识别归并后的 WO 形态
- trackingIds（可选）：string[] — 轨迹单号

output_schema:
- analysis：string — 分析结论与建议
- structured：object — 结构化数据","{
  ""type"": ""object"",
  ""required"": [],
  ""properties"": {
    ""trackingIds"": {
      ""type"": ""array"",
      ""items"": {
        ""type"": ""string""
      },
      ""description"": ""轨迹单号""
    },
    ""outboundOrderNos"": {
      ""type"": ""array"",
      ""items"": {
        ""type"": ""string""
      },
      ""description"": ""万邑通出库单号（WO…）；exportOutboundPod 仅识别归并后的 WO 形态""
    },
    ""enrichedContext"": {
      ""type"": ""object"",
      ""description"": ""可选；编排前置 delivery-status 等合并的轨迹与事实，供 LLM 引用"",
      ""additionalProperties"": true
    }
  }
}","{
  ""type"": ""object"",
  ""properties"": {
    ""structured"": {
      ""type"": ""object"",
      ""description"": ""结构化数据""
    },
    ""analysis"": {
      ""type"": ""string"",
      ""description"": ""分析结论与建议""
    }
  }
}","{
  ""id"": ""pod-request"",
  ""domain"": ""last-mile"",
  ""name"": ""申请获取POD"",
  ""description"": ""申请、获取POD处理流程。Use when 用户申请或获取妥投证明（POD）。"",
  ""capabilities"": [
    ""POD申请"",
    ""妥投证明""
  ],
  ""version"": ""0.3.0"",
  ""inputSchema"": {
    ""type"": ""object"",
    ""required"": [],
    ""properties"": {
      ""trackingIds"": {
        ""type"": ""array"",
        ""items"": {
          ""type"": ""string""
        },
        ""description"": ""轨迹单号""
      },
      ""outboundOrderNos"": {
        ""type"": ""array"",
        ""items"": {
          ""type"": ""string""
        },
        ""description"": ""万邑通出库单号（WO…）；exportOutboundPod 仅识别归并后的 WO 形态""
      },
      ""enrichedContext"": {
        ""type"": ""object"",
        ""description"": ""可选；编排前置 delivery-status 等合并的轨迹与事实，供 LLM 引用"",
        ""additionalProperties"": true
      }
    }
  },
  ""outputSchema"": {
    ""type"": ""object"",
    ""properties"": {
      ""structured"": {
        ""type"": ""object"",
        ""description"": ""结构化数据""
      },
      ""analysis"": {
        ""type"": ""string"",
        ""description"": ""分析结论与建议""
      }
    }
  }
}",
product-info,on,7649730793132179498,V1.0.0_20260610,rel-experts-20260608,尾程产品信息获取,从知识库获取 PSC/WF/Pallet 尾程产品介绍、规格、限制与增值服务。Use when 用户查询尾程产品详情、规格限制、带电政策、时效、保险等。,local_repo,experts/last-mile/product-info,"input_schema:
- country（可选）：string — 目的国 ISO2（如 US、DE、UK、AU、CA）。上游可选传入，未传时从 query 文本自动提取
- destinationCountry（可选）：string — 同 country，便于上游字段命名对齐
- enrichedContext（可选）：object（自由字段） — 上游合并的上下文，可含 country/destinationCountry/productLine 等
- productLine（可选）：string — 产品线：psc（标准尾程）/ wf（Winit Fulfillment）/ pallet（托盘）。大小写不敏感；空或未识别时由工作流归一为 """"，并从 query 文本补充推断。上游可选传入

output_schema:
- analysis：string — 产品介绍、规格说明、限制解读（自然语言）
- structured：object — 产品信息结构化结果
  - confidence：string
  - countryResolved：string
  - matchedProducts：object[]
    - category：string
    - deliveryTime：string
    - dimensionLimit：string
    - name：string
    - weightLimit：string
  - productLine：string","{
  ""type"": ""object"",
  ""required"": [],
  ""properties"": {
    ""country"": {
      ""type"": ""string"",
      ""description"": ""目的国 ISO2（如 US、DE、UK、AU、CA）。上游可选传入，未传时从 query 文本自动提取""
    },
    ""destinationCountry"": {
      ""type"": ""string"",
      ""description"": ""同 country，便于上游字段命名对齐""
    },
    ""productLine"": {
      ""type"": ""string"",
      ""description"": ""产品线：psc（标准尾程）/ wf（Winit Fulfillment）/ pallet（托盘）。大小写不敏感；空或未识别时由工作流归一为 \""\""，并从 query 文本补充推断。上游可选传入""
    },
    ""enrichedContext"": {
      ""type"": ""object"",
      ""description"": ""上游合并的上下文，可含 country/destinationCountry/productLine 等"",
      ""additionalProperties"": true
    }
  }
}","{
  ""type"": ""object"",
  ""properties"": {
    ""structured"": {
      ""type"": ""object"",
      ""description"": ""产品信息结构化结果"",
      ""properties"": {
        ""countryResolved"": {
          ""type"": ""string""
        },
        ""productLine"": {
          ""type"": ""string""
        },
        ""matchedProducts"": {
          ""type"": ""array"",
          ""items"": {
            ""type"": ""object"",
            ""properties"": {
              ""name"": {
                ""type"": ""string""
              },
              ""category"": {
                ""type"": ""string""
              },
              ""weightLimit"": {
                ""type"": ""string""
              },
              ""dimensionLimit"": {
                ""type"": ""string""
              },
              ""deliveryTime"": {
                ""type"": ""string""
              }
            }
          }
        },
        ""confidence"": {
          ""type"": ""string"",
          ""enum"": [
            ""high"",
            ""medium"",
            ""low""
          ]
        }
      }
    },
    ""analysis"": {
      ""type"": ""string"",
      ""description"": ""产品介绍、规格说明、限制解读（自然语言）""
    }
  }
}","{
  ""id"": ""product-info"",
  ""domain"": ""last-mile"",
  ""name"": ""尾程产品信息获取"",
  ""description"": ""从知识库获取 PSC/WF/Pallet 尾程产品介绍、规格、限制与增值服务。Use when 用户查询尾程产品详情、规格限制、带电政策、时效、保险等。"",
  ""capabilities"": [
    ""产品信息"",
    ""规格查询"",
    ""带电政策"",
    ""保险说明""
  ],
  ""version"": ""1.0.0"",
  ""inputSchema"": {
    ""type"": ""object"",
    ""required"": [],
    ""properties"": {
      ""country"": {
        ""type"": ""string"",
        ""description"": ""目的国 ISO2（如 US、DE、UK、AU、CA）。上游可选传入，未传时从 query 文本自动提取""
      },
      ""destinationCountry"": {
        ""type"": ""string"",
        ""description"": ""同 country，便于上游字段命名对齐""
      },
      ""productLine"": {
        ""type"": ""string"",
        ""description"": ""产品线：psc（标准尾程）/ wf（Winit Fulfillment）/ pallet（托盘）。大小写不敏感；空或未识别时由工作流归一为 \""\""，并从 query 文本补充推断。上游可选传入""
      },
      ""enrichedContext"": {
        ""type"": ""object"",
        ""description"": ""上游合并的上下文，可含 country/destinationCountry/productLine 等"",
        ""additionalProperties"": true
      }
    }
  },
  ""outputSchema"": {
    ""type"": ""object"",
    ""properties"": {
      ""structured"": {
        ""type"": ""object"",
        ""description"": ""产品信息结构化结果"",
        ""properties"": {
          ""countryResolved"": {
            ""type"": ""string""
          },
          ""productLine"": {
            ""type"": ""string""
          },
          ""matchedProducts"": {
            ""type"": ""array"",
            ""items"": {
              ""type"": ""object"",
              ""properties"": {
                ""name"": {
                  ""type"": ""string""
                },
                ""category"": {
                  ""type"": ""string""
                },
                ""weightLimit"": {
                  ""type"": ""string""
                },
                ""dimensionLimit"": {
                  ""type"": ""string""
                },
                ""deliveryTime"": {
                  ""type"": ""string""
                }
              }
            }
          },
          ""confidence"": {
            ""type"": ""string"",
            ""enum"": [
              ""high"",
              ""medium"",
              ""low""
            ]
          }
        }
      },
      ""analysis"": {
        ""type"": ""string"",
        ""description"": ""产品介绍、规格说明、限制解读（自然语言）""
      }
    }
  }
}",
refund-standard,on,7649723318426435620,V1.0.1_20260610,rel-experts-20260608,赔付标准理解,根据 WINIT 综合赔付标准、标准尾程（指定产品）与 Winit Fulfillment 组合尾程条款匹配适用规则（不含索赔单进度）。Use when 用户咨询赔付标准、赔偿上限、理赔窗口、丢件/破损/妥投未收到/仓内丢失等应适用哪条政策。,local_repo,experts/last-mile/refund-standard,"input_schema:
- country（可选）：string — 目的国 ISO2（如 US、DE、UK），用于指定产品国家分片；可与 enrichedContext.destinationCountry 择一
- destinationCountry（可选）：string — 同 country，便于上游字段命名对齐
- destinationRegion（可选）：string — 部分上游用 destinationRegion 传国家码，与 country 等价
- enrichedContext（可选）：object — 上游合并的上下文：如产品/线路、目的国、服务级别、货值线索、轨迹摘要等，用于条款维度匹配
- outboundOrderNos（可选）：string[] — 出库单号（可选，供与 delivery-status 等上游衔接）
- scenario（可选）：string — 场景类型或内部场景码；可与 customerIntent 二选一或并用
- trackingIds（可选）：string[] — 轨迹单号/运单号（可选，供链式调用）

output_schema:
- analysis：string — 条款摘要、理算说明、免责与冲突处理说明（自然语言）
- structured：object — 条款匹配结构化结果
  - confidence：string — 匹配置信度
  - dimensionsConsidered：object — 已采纳维度与 missing 缺失项列表
  - matchedRuleIds：string[] — 与知识库一致的规则/条款 ID 列表
  - policyBranch：string — 赔付政策分支：WINIT综合SLA / 标准尾程指定产品 / Winit Fulfillment组合产品 / 未知
  - scenarioSummary：string — 标准化场景一句话概括
  - suggestedNextStep：string — 建议下游动作：route_to_substitute_claim（转代客索赔专家 substitute-claim）、need_order_details、escalate_human 等","{
  ""type"": ""object"",
  ""required"": [],
  ""properties"": {
    ""scenario"": {
      ""type"": ""string"",
      ""description"": ""场景类型或内部场景码；可与 customerIntent 二选一或并用"",
      ""default"": """"
    },
    ""trackingIds"": {
      ""type"": ""array"",
      ""items"": {
        ""type"": ""string""
      },
      ""description"": ""轨迹单号/运单号（可选，供链式调用）""
    },
    ""outboundOrderNos"": {
      ""type"": ""array"",
      ""items"": {
        ""type"": ""string""
      },
      ""description"": ""出库单号（可选，供与 delivery-status 等上游衔接）""
    },
    ""enrichedContext"": {
      ""type"": ""object"",
      ""description"": ""上游合并的上下文：如产品/线路、目的国、服务级别、货值线索、轨迹摘要等，用于条款维度匹配""
    },
    ""country"": {
      ""type"": ""string"",
      ""description"": ""目的国 ISO2（如 US、DE、UK），用于指定产品国家分片；可与 enrichedContext.destinationCountry 择一""
    },
    ""destinationCountry"": {
      ""type"": ""string"",
      ""description"": ""同 country，便于上游字段命名对齐""
    },
    ""destinationRegion"": {
      ""type"": ""string"",
      ""description"": ""部分上游用 destinationRegion 传国家码，与 country 等价""
    }
  }
}","{
  ""type"": ""object"",
  ""properties"": {
    ""structured"": {
      ""type"": ""object"",
      ""description"": ""条款匹配结构化结果"",
      ""properties"": {
        ""policyBranch"": {
          ""type"": ""string"",
          ""enum"": [
            ""winit_ops_sla"",
            ""carrier_designated"",
            ""carrier_winit_combo"",
            ""unknown""
          ],
          ""description"": ""赔付政策分支：WINIT综合SLA / 标准尾程指定产品 / Winit Fulfillment组合产品 / 未知""
        },
        ""matchedRuleIds"": {
          ""type"": ""array"",
          ""items"": {
            ""type"": ""string""
          },
          ""description"": ""与知识库一致的规则/条款 ID 列表""
        },
        ""scenarioSummary"": {
          ""type"": ""string"",
          ""description"": ""标准化场景一句话概括""
        },
        ""dimensionsConsidered"": {
          ""type"": ""object"",
          ""description"": ""已采纳维度与 missing 缺失项列表""
        },
        ""confidence"": {
          ""type"": ""string"",
          ""enum"": [
            ""high"",
            ""medium"",
            ""low""
          ],
          ""description"": ""匹配置信度""
        },
        ""suggestedNextStep"": {
          ""type"": ""string"",
          ""description"": ""建议下游动作：route_to_substitute_claim（转代客索赔专家 substitute-claim）、need_order_details、escalate_human 等""
        }
      }
    },
    ""analysis"": {
      ""type"": ""string"",
      ""description"": ""条款摘要、理算说明、免责与冲突处理说明（自然语言）""
    }
  }
}","{
  ""id"": ""refund-standard"",
  ""domain"": ""last-mile"",
  ""name"": ""赔付标准理解"",
  ""description"": ""根据 WINIT 综合赔付标准、标准尾程（指定产品）与 Winit Fulfillment 组合尾程条款匹配适用规则（不含索赔单进度）。Use when 用户咨询赔付标准、赔偿上限、理赔窗口、丢件/破损/妥投未收到/仓内丢失等应适用哪条政策。"",
  ""capabilities"": [
    ""赔付标准"",
    ""赔偿规则"",
    ""条款匹配"",
    ""理算说明""
  ],
  ""version"": ""1.0.1"",
  ""inputSchema"": {
    ""type"": ""object"",
    ""required"": [],
    ""properties"": {
      ""scenario"": {
        ""type"": ""string"",
        ""description"": ""场景类型或内部场景码；可与 customerIntent 二选一或并用"",
        ""default"": """"
      },
      ""trackingIds"": {
        ""type"": ""array"",
        ""items"": {
          ""type"": ""string""
        },
        ""description"": ""轨迹单号/运单号（可选，供链式调用）""
      },
      ""outboundOrderNos"": {
        ""type"": ""array"",
        ""items"": {
          ""type"": ""string""
        },
        ""description"": ""出库单号（可选，供与 delivery-status 等上游衔接）""
      },
      ""enrichedContext"": {
        ""type"": ""object"",
        ""description"": ""上游合并的上下文：如产品/线路、目的国、服务级别、货值线索、轨迹摘要等，用于条款维度匹配""
      },
      ""country"": {
        ""type"": ""string"",
        ""description"": ""目的国 ISO2（如 US、DE、UK），用于指定产品国家分片；可与 enrichedContext.destinationCountry 择一""
      },
      ""destinationCountry"": {
        ""type"": ""string"",
        ""description"": ""同 country，便于上游字段命名对齐""
      },
      ""destinationRegion"": {
        ""type"": ""string"",
        ""description"": ""部分上游用 destinationRegion 传国家码，与 country 等价""
      }
    }
  },
  ""outputSchema"": {
    ""type"": ""object"",
    ""properties"": {
      ""structured"": {
        ""type"": ""object"",
        ""description"": ""条款匹配结构化结果"",
        ""properties"": {
          ""policyBranch"": {
            ""type"": ""string"",
            ""enum"": [
              ""winit_ops_sla"",
              ""carrier_designated"",
              ""carrier_winit_combo"",
              ""unknown""
            ],
            ""description"": ""赔付政策分支：WINIT综合SLA / 标准尾程指定产品 / Winit Fulfillment组合产品 / 未知""
          },
          ""matchedRuleIds"": {
            ""type"": ""array"",
            ""items"": {
              ""type"": ""string""
            },
            ""description"": ""与知识库一致的规则/条款 ID 列表""
          },
          ""scenarioSummary"": {
            ""type"": ""string"",
            ""description"": ""标准化场景一句话概括""
          },
          ""dimensionsConsidered"": {
            ""type"": ""object"",
            ""description"": ""已采纳维度与 missing 缺失项列表""
          },
          ""confidence"": {
            ""type"": ""string"",
            ""enum"": [
              ""high"",
              ""medium"",
              ""low""
            ],
            ""description"": ""匹配置信度""
          },
          ""suggestedNextStep"": {
            ""type"": ""string"",
            ""description"": ""建议下游动作：route_to_substitute_claim（转代客索赔专家 substitute-claim）、need_order_details、escalate_human 等""
          }
        }
      },
      ""analysis"": {
        ""type"": ""string"",
        ""description"": ""条款摘要、理算说明、免责与冲突处理说明（自然语言）""
      }
    }
  }
}",
substitute-claim,on,7649722975943933967,V0.1.0_20260610,rel-experts-20260608,代客索赔进度与流程,标准出库单下**代客向尾程供应商**索赔的申请入口、材料、进度、时效与到款节奏查询；不包含《WINIT 赔付标准》下的万邑通标准索赔（该项由 refund-standard）。Use when 用户咨询代客索赔、代客赔付进度、代客索赔材料或时效。,local_repo,experts/last-mile/substitute-claim,"input_schema:
- claimIds（可选）：string[] — 代客索赔单号（流水号）
- enrichedContext（可选）：object（自由字段） — 上游专家合并的上下文（轨迹、订单摘要等）；可选
- outboundOrderNos（可选）：string[] — 出库单号
- trackingIds（可选）：string[] — 轨迹单号

output_schema:
- analysis：string — 分析结论与建议
- structured：object — 代客索赔结构化输出（事实节点会覆盖 LLM 同名字段）
  - missingFacts：string[]
  - nextAction：string
  - queryKeys：object
    - claimIds：string[]
    - outboundOrderNos：string[]
    - trackingIds：string[]
  - records：object[] — pageList 列表行（compensateStatus 等先透传）
    （自由字段 object）
  - statusSummary：object（自由字段） — 列表拉取状态、接口码、备注等","{
  ""type"": ""object"",
  ""required"": [],
  ""properties"": {
    ""trackingIds"": {
      ""type"": ""array"",
      ""items"": {
        ""type"": ""string""
      },
      ""description"": ""轨迹单号""
    },
    ""outboundOrderNos"": {
      ""type"": ""array"",
      ""items"": {
        ""type"": ""string""
      },
      ""description"": ""出库单号""
    },
    ""claimIds"": {
      ""type"": ""array"",
      ""items"": {
        ""type"": ""string""
      },
      ""description"": ""代客索赔单号（流水号）""
    },
    ""enrichedContext"": {
      ""type"": ""object"",
      ""description"": ""上游专家合并的上下文（轨迹、订单摘要等）；可选"",
      ""additionalProperties"": true
    }
  }
}","{
  ""type"": ""object"",
  ""properties"": {
    ""structured"": {
      ""type"": ""object"",
      ""description"": ""代客索赔结构化输出（事实节点会覆盖 LLM 同名字段）"",
      ""properties"": {
        ""queryKeys"": {
          ""type"": ""object"",
          ""properties"": {
            ""trackingIds"": {
              ""type"": ""array"",
              ""items"": {
                ""type"": ""string""
              }
            },
            ""outboundOrderNos"": {
              ""type"": ""array"",
              ""items"": {
                ""type"": ""string""
              }
            },
            ""claimIds"": {
              ""type"": ""array"",
              ""items"": {
                ""type"": ""string""
              }
            }
          }
        },
        ""records"": {
          ""type"": ""array"",
          ""description"": ""pageList 列表行（compensateStatus 等先透传）"",
          ""items"": {
            ""type"": ""object"",
            ""additionalProperties"": true
          }
        },
        ""statusSummary"": {
          ""type"": ""object"",
          ""description"": ""列表拉取状态、接口码、备注等"",
          ""additionalProperties"": true
        },
        ""nextAction"": {
          ""type"": ""string""
        },
        ""missingFacts"": {
          ""type"": ""array"",
          ""items"": {
            ""type"": ""string""
          }
        }
      }
    },
    ""analysis"": {
      ""type"": ""string"",
      ""description"": ""分析结论与建议""
    }
  }
}","{
  ""id"": ""substitute-claim"",
  ""domain"": ""last-mile"",
  ""name"": ""代客索赔进度与流程"",
  ""description"": ""标准出库单下**代客向尾程供应商**索赔的申请入口、材料、进度、时效与到款节奏查询；不包含《WINIT 赔付标准》下的万邑通标准索赔（该项由 refund-standard）。Use when 用户咨询代客索赔、代客赔付进度、代客索赔材料或时效。"",
  ""capabilities"": [
    ""代客索赔申请与进度"",
    ""代客索赔时效与节点"",
    ""代客赔付款到账节奏""
  ],
  ""version"": ""0.1.0"",
  ""inputSchema"": {
    ""type"": ""object"",
    ""required"": [],
    ""properties"": {
      ""trackingIds"": {
        ""type"": ""array"",
        ""items"": {
          ""type"": ""string""
        },
        ""description"": ""轨迹单号""
      },
      ""outboundOrderNos"": {
        ""type"": ""array"",
        ""items"": {
          ""type"": ""string""
        },
        ""description"": ""出库单号""
      },
      ""claimIds"": {
        ""type"": ""array"",
        ""items"": {
          ""type"": ""string""
        },
        ""description"": ""代客索赔单号（流水号）""
      },
      ""enrichedContext"": {
        ""type"": ""object"",
        ""description"": ""上游专家合并的上下文（轨迹、订单摘要等）；可选"",
        ""additionalProperties"": true
      }
    }
  },
  ""outputSchema"": {
    ""type"": ""object"",
    ""properties"": {
      ""structured"": {
        ""type"": ""object"",
        ""description"": ""代客索赔结构化输出（事实节点会覆盖 LLM 同名字段）"",
        ""properties"": {
          ""queryKeys"": {
            ""type"": ""object"",
            ""properties"": {
              ""trackingIds"": {
                ""type"": ""array"",
                ""items"": {
                  ""type"": ""string""
                }
              },
              ""outboundOrderNos"": {
                ""type"": ""array"",
                ""items"": {
                  ""type"": ""string""
                }
              },
              ""claimIds"": {
                ""type"": ""array"",
                ""items"": {
                  ""type"": ""string""
                }
              }
            }
          },
          ""records"": {
            ""type"": ""array"",
            ""description"": ""pageList 列表行（compensateStatus 等先透传）"",
            ""items"": {
              ""type"": ""object"",
              ""additionalProperties"": true
            }
          },
          ""statusSummary"": {
            ""type"": ""object"",
            ""description"": ""列表拉取状态、接口码、备注等"",
            ""additionalProperties"": true
          },
          ""nextAction"": {
            ""type"": ""string""
          },
          ""missingFacts"": {
            ""type"": ""array"",
            ""items"": {
              ""type"": ""string""
            }
          }
        }
      },
      ""analysis"": {
        ""type"": ""string"",
        ""description"": ""分析结论与建议""
      }
    }
  }
}",
supplier-tracking,on,7649722536436432937,V0.1.0_20260610,rel-experts-20260608,承运商官网查件入口,按国家/尾程产品给出承运商官网查询链接与分步指引（SOP/KB）；不执行官网 HTTP 抓取。轨迹正文以 delivery-status 与系统侧能力为准。Use when 用户需要官网查件网址、组合渠道说明。,local_repo,experts/last-mile/supplier-tracking,"input_schema:
- carrierCode（可选）：string — 可选承运商编码，辅助匹配
- country（可选）：string — 国家/地区（与 SOP 表国家列对齐，如 AU、DE、US）
- enrichedContext（可选）：object（自由字段） — 上游上下文（推荐 delivery-status 的 carrierHints、trajectories 等）
- lastMileProductName（可选）：string — 尾程产品或供应商名称（与 SOP 表供应商/承运商列对齐）
- region（可选）：string — 区域描述，可与 country 同用
- trackingIds（可选）：string[] — 跟踪号
约束：至少提供 trackingIds、country+lastMileProductName、lastMileProductName、carrierCode、region、enrichedContext、customerIntent 或 query 之一；建议前置 delivery-status 以填充 carrierHints / trajectories。

output_schema:
- analysis：string — 对客话术：官网链接与自助查件步骤
- structured：object — fetchStatus 恒为 fallback_links；trackingPortalUrls、selfServiceSteps 来自 KB；events 恒为空","{
  ""type"": ""object"",
  ""required"": [],
  ""x_constraint"": ""至少提供 trackingIds、country+lastMileProductName、lastMileProductName、carrierCode、region、enrichedContext、customerIntent 或 query 之一；建议前置 delivery-status 以填充 carrierHints / trajectories。"",
  ""properties"": {
    ""trackingIds"": {
      ""type"": ""array"",
      ""items"": {
        ""type"": ""string""
      },
      ""description"": ""跟踪号""
    },
    ""country"": {
      ""type"": ""string"",
      ""description"": ""国家/地区（与 SOP 表国家列对齐，如 AU、DE、US）""
    },
    ""lastMileProductName"": {
      ""type"": ""string"",
      ""description"": ""尾程产品或供应商名称（与 SOP 表供应商/承运商列对齐）""
    },
    ""carrierCode"": {
      ""type"": ""string"",
      ""description"": ""可选承运商编码，辅助匹配""
    },
    ""region"": {
      ""type"": ""string"",
      ""description"": ""区域描述，可与 country 同用""
    },
    ""enrichedContext"": {
      ""type"": ""object"",
      ""description"": ""上游上下文（推荐 delivery-status 的 carrierHints、trajectories 等）"",
      ""additionalProperties"": true
    }
  }
}","{
  ""type"": ""object"",
  ""properties"": {
    ""structured"": {
      ""type"": ""object"",
      ""description"": ""fetchStatus 恒为 fallback_links；trackingPortalUrls、selfServiceSteps 来自 KB；events 恒为空""
    },
    ""analysis"": {
      ""type"": ""string"",
      ""description"": ""对客话术：官网链接与自助查件步骤""
    }
  }
}","{
  ""id"": ""supplier-tracking"",
  ""domain"": ""last-mile"",
  ""name"": ""承运商官网查件入口"",
  ""description"": ""按国家/尾程产品给出承运商官网查询链接与分步指引（SOP/KB）；不执行官网 HTTP 抓取。轨迹正文以 delivery-status 与系统侧能力为准。Use when 用户需要官网查件网址、组合渠道说明。"",
  ""capabilities"": [
    ""承运商官网轨迹查询入口"",
    ""尾程产品查件链接""
  ],
  ""version"": ""0.1.0"",
  ""x_recaller_propagate_previous_enriched_context"": true,
  ""x_recaller_enriched_context_preferred_source_experts"": [
    ""delivery-status""
  ],
  ""inputSchema"": {
    ""type"": ""object"",
    ""required"": [],
    ""x_constraint"": ""至少提供 trackingIds、country+lastMileProductName、lastMileProductName、carrierCode、region、enrichedContext、customerIntent 或 query 之一；建议前置 delivery-status 以填充 carrierHints / trajectories。"",
    ""properties"": {
      ""trackingIds"": {
        ""type"": ""array"",
        ""items"": {
          ""type"": ""string""
        },
        ""description"": ""跟踪号""
      },
      ""country"": {
        ""type"": ""string"",
        ""description"": ""国家/地区（与 SOP 表国家列对齐，如 AU、DE、US）""
      },
      ""lastMileProductName"": {
        ""type"": ""string"",
        ""description"": ""尾程产品或供应商名称（与 SOP 表供应商/承运商列对齐）""
      },
      ""carrierCode"": {
        ""type"": ""string"",
        ""description"": ""可选承运商编码，辅助匹配""
      },
      ""region"": {
        ""type"": ""string"",
        ""description"": ""区域描述，可与 country 同用""
      },
      ""enrichedContext"": {
        ""type"": ""object"",
        ""description"": ""上游上下文（推荐 delivery-status 的 carrierHints、trajectories 等）"",
        ""additionalProperties"": true
      }
    }
  },
  ""outputSchema"": {
    ""type"": ""object"",
    ""properties"": {
      ""structured"": {
        ""type"": ""object"",
        ""description"": ""fetchStatus 恒为 fallback_links；trackingPortalUrls、selfServiceSteps 来自 KB；events 恒为空""
      },
      ""analysis"": {
        ""type"": ""string"",
        ""description"": ""对客话术：官网链接与自助查件步骤""
      }
    }
  }
}",
tracking-inquiry,on,7649722091507957801,V0.1.0_20260610,rel-experts-20260608,查件代查件,查件状态和结果返回，代客户发起查件或告知查件入口。Use when 用户发起查件、查询查件进度、代查件。,local_repo,experts/last-mile/tracking-inquiry,"input_schema:
- enrichedContext（可选）：object（自由字段） — 上游专家合并的上下文（可选）
- inquiryIds（可选）：string[] — 查件流水号（与 TailTrace serialNumber 对齐，如 TA…）
- outboundOrderNos（可选）：string[] — 出库单号
- trackingIds（可选）：string[] — 轨迹单号

output_schema:
- analysis：string — 分析结论与建议
- structured：object — 查件事实与路由标签
  - elapsedBizDays：any
  - missingFacts：string[]
  - nextAction：string
  - orderNos：string[]
  - primaryCheckingStatus：string
  - primaryCheckingType：string
  - queryKeys：object
    - inquiryIds：string[]
    - outboundOrderNos：string[]
    - trackingIds：string[]
  - records：array
  - serialNumbers：string[]
  - shippingNos：string[]
  - sopBranch：string
  - statusSummary：object
  - submissionGuidanceUrl：string
  - trackingNos：string[]","{
  ""type"": ""object"",
  ""required"": [],
  ""properties"": {
    ""trackingIds"": {
      ""type"": ""array"",
      ""items"": {
        ""type"": ""string""
      },
      ""description"": ""轨迹单号""
    },
    ""outboundOrderNos"": {
      ""type"": ""array"",
      ""items"": {
        ""type"": ""string""
      },
      ""description"": ""出库单号""
    },
    ""inquiryIds"": {
      ""type"": ""array"",
      ""items"": {
        ""type"": ""string""
      },
      ""description"": ""查件流水号（与 TailTrace serialNumber 对齐，如 TA…）""
    },
    ""enrichedContext"": {
      ""type"": ""object"",
      ""description"": ""上游专家合并的上下文（可选）"",
      ""additionalProperties"": true
    }
  }
}","{
  ""type"": ""object"",
  ""properties"": {
    ""structured"": {
      ""type"": ""object"",
      ""description"": ""查件事实与路由标签"",
      ""properties"": {
        ""serialNumbers"": {
          ""type"": ""array"",
          ""items"": {
            ""type"": ""string""
          }
        },
        ""orderNos"": {
          ""type"": ""array"",
          ""items"": {
            ""type"": ""string""
          }
        },
        ""trackingNos"": {
          ""type"": ""array"",
          ""items"": {
            ""type"": ""string""
          }
        },
        ""shippingNos"": {
          ""type"": ""array"",
          ""items"": {
            ""type"": ""string""
          }
        },
        ""primaryCheckingStatus"": {
          ""type"": ""string""
        },
        ""primaryCheckingType"": {
          ""type"": ""string""
        },
        ""sopBranch"": {
          ""type"": ""string""
        },
        ""submissionGuidanceUrl"": {
          ""type"": ""string""
        },
        ""queryKeys"": {
          ""type"": ""object"",
          ""properties"": {
            ""inquiryIds"": {
              ""type"": ""array"",
              ""items"": {
                ""type"": ""string""
              }
            },
            ""trackingIds"": {
              ""type"": ""array"",
              ""items"": {
                ""type"": ""string""
              }
            },
            ""outboundOrderNos"": {
              ""type"": ""array"",
              ""items"": {
                ""type"": ""string""
              }
            }
          }
        },
        ""records"": {
          ""type"": ""array""
        },
        ""statusSummary"": {
          ""type"": ""object""
        },
        ""elapsedBizDays"": {
          ""type"": [
            ""number"",
            ""null""
          ]
        },
        ""missingFacts"": {
          ""type"": ""array"",
          ""items"": {
            ""type"": ""string""
          }
        },
        ""nextAction"": {
          ""type"": ""string""
        }
      }
    },
    ""analysis"": {
      ""type"": ""string"",
      ""description"": ""分析结论与建议""
    }
  }
}","{
  ""id"": ""tracking-inquiry"",
  ""domain"": ""last-mile"",
  ""name"": ""查件代查件"",
  ""description"": ""查件状态和结果返回，代客户发起查件或告知查件入口。Use when 用户发起查件、查询查件进度、代查件。"",
  ""capabilities"": [
    ""查件"",
    ""代查件"",
    ""查件状态""
  ],
  ""version"": ""0.1.0"",
  ""inputSchema"": {
    ""type"": ""object"",
    ""required"": [],
    ""properties"": {
      ""trackingIds"": {
        ""type"": ""array"",
        ""items"": {
          ""type"": ""string""
        },
        ""description"": ""轨迹单号""
      },
      ""outboundOrderNos"": {
        ""type"": ""array"",
        ""items"": {
          ""type"": ""string""
        },
        ""description"": ""出库单号""
      },
      ""inquiryIds"": {
        ""type"": ""array"",
        ""items"": {
          ""type"": ""string""
        },
        ""description"": ""查件流水号（与 TailTrace serialNumber 对齐，如 TA…）""
      },
      ""enrichedContext"": {
        ""type"": ""object"",
        ""description"": ""上游专家合并的上下文（可选）"",
        ""additionalProperties"": true
      }
    }
  },
  ""outputSchema"": {
    ""type"": ""object"",
    ""properties"": {
      ""structured"": {
        ""type"": ""object"",
        ""description"": ""查件事实与路由标签"",
        ""properties"": {
          ""serialNumbers"": {
            ""type"": ""array"",
            ""items"": {
              ""type"": ""string""
            }
          },
          ""orderNos"": {
            ""type"": ""array"",
            ""items"": {
              ""type"": ""string""
            }
          },
          ""trackingNos"": {
            ""type"": ""array"",
            ""items"": {
              ""type"": ""string""
            }
          },
          ""shippingNos"": {
            ""type"": ""array"",
            ""items"": {
              ""type"": ""string""
            }
          },
          ""primaryCheckingStatus"": {
            ""type"": ""string""
          },
          ""primaryCheckingType"": {
            ""type"": ""string""
          },
          ""sopBranch"": {
            ""type"": ""string""
          },
          ""submissionGuidanceUrl"": {
            ""type"": ""string""
          },
          ""queryKeys"": {
            ""type"": ""object"",
            ""properties"": {
              ""inquiryIds"": {
                ""type"": ""array"",
                ""items"": {
                  ""type"": ""string""
                }
              },
              ""trackingIds"": {
                ""type"": ""array"",
                ""items"": {
                  ""type"": ""string""
                }
              },
              ""outboundOrderNos"": {
                ""type"": ""array"",
                ""items"": {
                  ""type"": ""string""
                }
              }
            }
          },
          ""records"": {
            ""type"": ""array""
          },
          ""statusSummary"": {
            ""type"": ""object""
          },
          ""elapsedBizDays"": {
            ""type"": [
              ""number"",
              ""null""
            ]
          },
          ""missingFacts"": {
            ""type"": ""array"",
            ""items"": {
              ""type"": ""string""
            }
          },
          ""nextAction"": {
            ""type"": ""string""
          }
        }
      },
      ""analysis"": {
        ""type"": ""string"",
        ""description"": ""分析结论与建议""
      }
    }
  }
}",
tracking-no-scan,on,7649721551881945140,V0.3.0_20260610,rel-experts-20260608,轨迹无上网信息处理,轨迹无上网、无 A-SCAN、无扫描类查件：按挂号/SCAN/时效/订单类型/批量（>5 同 PSC/出库日/挂号）等分支输出话术与升级路径；业务知识在 prompts/kb.md，对客不附内部 Wiki 链接。Use when 用户咨询轨迹无上网、无揽收、无扫描、查件。,local_repo,experts/last-mile/tracking-no-scan,"input_schema:
- enrichedContext（可选）：object（自由字段） — 可选覆盖层：与自拉结果合并。若已带可用 trajectories（有轨迹节点或 summary）或设 skipTrajectoryFetch/reuseUpstreamTrajectoryFacts=true，本专家将不重复请求 Winit；其余字段见 design.md §1
- outboundOrderNos（可选）：string[] — 出库单号
- trackingIds（可选）：string[] — 轨迹单号
- trajectoryText（可选）：string — 用户/客服粘贴的轨迹原文；无单号时也可作为事实来源之一

output_schema:
- analysis：string — 分析结论与建议话术
- structured：object — 含 branch、trackingIds、outboundOrderNos、suggestedNextExperts、missingFacts；见 design.md §2.1","{
  ""type"": ""object"",
  ""required"": [],
  ""properties"": {
    ""trackingIds"": {
      ""type"": ""array"",
      ""items"": {
        ""type"": ""string""
      },
      ""description"": ""轨迹单号""
    },
    ""outboundOrderNos"": {
      ""type"": ""array"",
      ""items"": {
        ""type"": ""string""
      },
      ""description"": ""出库单号""
    },
    ""trajectoryText"": {
      ""type"": ""string"",
      ""description"": ""用户/客服粘贴的轨迹原文；无单号时也可作为事实来源之一"",
      ""default"": """"
    },
    ""enrichedContext"": {
      ""type"": ""object"",
      ""description"": ""可选覆盖层：与自拉结果合并。若已带可用 trajectories（有轨迹节点或 summary）或设 skipTrajectoryFetch/reuseUpstreamTrajectoryFacts=true，本专家将不重复请求 Winit；其余字段见 design.md §1"",
      ""additionalProperties"": true
    }
  }
}","{
  ""type"": ""object"",
  ""properties"": {
    ""structured"": {
      ""type"": ""object"",
      ""description"": ""含 branch、trackingIds、outboundOrderNos、suggestedNextExperts、missingFacts；见 design.md §2.1""
    },
    ""analysis"": {
      ""type"": ""string"",
      ""description"": ""分析结论与建议话术""
    }
  }
}","{
  ""id"": ""tracking-no-scan"",
  ""domain"": ""last-mile"",
  ""name"": ""轨迹无上网信息处理"",
  ""description"": ""轨迹无上网、无 A-SCAN、无扫描类查件：按挂号/SCAN/时效/订单类型/批量（>5 同 PSC/出库日/挂号）等分支输出话术与升级路径；业务知识在 prompts/kb.md，对客不附内部 Wiki 链接。Use when 用户咨询轨迹无上网、无揽收、无扫描、查件。"",
  ""capabilities"": [
    ""轨迹分析"",
    ""查件分支"",
    ""异常识别""
  ],
  ""version"": ""0.3.0"",
  ""inputSchema"": {
    ""type"": ""object"",
    ""required"": [],
    ""properties"": {
      ""trackingIds"": {
        ""type"": ""array"",
        ""items"": {
          ""type"": ""string""
        },
        ""description"": ""轨迹单号""
      },
      ""outboundOrderNos"": {
        ""type"": ""array"",
        ""items"": {
          ""type"": ""string""
        },
        ""description"": ""出库单号""
      },
      ""trajectoryText"": {
        ""type"": ""string"",
        ""description"": ""用户/客服粘贴的轨迹原文；无单号时也可作为事实来源之一"",
        ""default"": """"
      },
      ""enrichedContext"": {
        ""type"": ""object"",
        ""description"": ""可选覆盖层：与自拉结果合并。若已带可用 trajectories（有轨迹节点或 summary）或设 skipTrajectoryFetch/reuseUpstreamTrajectoryFacts=true，本专家将不重复请求 Winit；其余字段见 design.md §1"",
        ""additionalProperties"": true
      }
    }
  },
  ""outputSchema"": {
    ""type"": ""object"",
    ""properties"": {
      ""structured"": {
        ""type"": ""object"",
        ""description"": ""含 branch、trackingIds、outboundOrderNos、suggestedNextExperts、missingFacts；见 design.md §2.1""
      },
      ""analysis"": {
        ""type"": ""string"",
        ""description"": ""分析结论与建议话术""
      }
    }
  }
}",
tracking-stale,on,7649720904037515316,V0.2.0_20260610,rel-experts-20260608,轨迹长时间未更新,轨迹长时间未更新处理流程。依赖上游（推荐 delivery-status）提供轨迹事实与分析结论，按分支输出话术与下一步。Use when 用户咨询轨迹长时间无更新、停滞、疑似丢件。,local_repo,experts/last-mile/tracking-stale,"input_schema:
- enrichedContext（可选）：object — 上游传入的轨迹事实与分支字段（推荐由 delivery-status 合并）
  - analysisClock（可选）：object — 分析参考时钟
  - ascanDetected（可选）：boolean — 是否有首扫/MSCAN
  - claimWindowStatus（可选）：string — 索赔时效状态：in_window/out_of_window/not_open_yet
  - customerConfirmedClaim（可选）：boolean — 客户是否确认提交索赔
  - exceptionResult（可选）：object — 异常识别详情
  - hasClaimService（可选）：boolean — 是否有索赔服务
  - isDomestic（可选）：boolean — 是否国内件
  - lastTrackingAt（可选）：string — 最后一条轨迹时间
  - noUpdateDays（可选）：number — 轨迹停滞天数
  - recognizedException（可选）：boolean — 是否命中系统异常识别结果
- outboundOrderNos（可选）：string[] — 出库单号
- trackingIds（可选）：string[] — 轨迹单号
约束：本专家不自行拉取轨迹，正式编排建议前置 delivery-status 并把轨迹事实放入 enrichedContext、分析结论放入 inputContext.previousOutput.analysis。JSON Schema 不强制 required，以支持降级调用与补充信息分支。

x_invoke_contract（框架顶层，编排必看）:
编排闭环建议调用 JSON 顶层包含 inputContext.previousOutput.analysis（上游分析）与 sourceExpertId。inputs.enrichedContext 建议包含 recognizedException/ascanDetected/noUpdateDays/hasClaimService/isDomestic 等事实字段；缺失时本专家会走 need_info 或 need_human。

output_schema:
- analysis：string — 分析结论与建议
- structured：object — 结构化分支结果：branch、trackingIds、outboundOrderNos、suggestedNextExperts、missingFacts","{
  ""type"": ""object"",
  ""x_constraint"": ""本专家不自行拉取轨迹，正式编排建议前置 delivery-status 并把轨迹事实放入 enrichedContext、分析结论放入 inputContext.previousOutput.analysis。JSON Schema 不强制 required，以支持降级调用与补充信息分支。"",
  ""x_invoke_contract"": ""编排闭环建议调用 JSON 顶层包含 inputContext.previousOutput.analysis（上游分析）与 sourceExpertId。inputs.enrichedContext 建议包含 recognizedException/ascanDetected/noUpdateDays/hasClaimService/isDomestic 等事实字段；缺失时本专家会走 need_info 或 need_human。"",
  ""properties"": {
    ""trackingIds"": {
      ""type"": ""array"",
      ""items"": {
        ""type"": ""string""
      },
      ""description"": ""轨迹单号""
    },
    ""outboundOrderNos"": {
      ""type"": ""array"",
      ""items"": {
        ""type"": ""string""
      },
      ""description"": ""出库单号""
    },
    ""enrichedContext"": {
      ""type"": ""object"",
      ""description"": ""上游传入的轨迹事实与分支字段（推荐由 delivery-status 合并）"",
      ""properties"": {
        ""recognizedException"": {
          ""type"": ""boolean"",
          ""description"": ""是否命中系统异常识别结果""
        },
        ""exceptionResult"": {
          ""type"": ""object"",
          ""description"": ""异常识别详情""
        },
        ""ascanDetected"": {
          ""type"": ""boolean"",
          ""description"": ""是否有首扫/MSCAN""
        },
        ""lastTrackingAt"": {
          ""type"": ""string"",
          ""description"": ""最后一条轨迹时间""
        },
        ""noUpdateDays"": {
          ""type"": ""number"",
          ""description"": ""轨迹停滞天数""
        },
        ""hasClaimService"": {
          ""type"": ""boolean"",
          ""description"": ""是否有索赔服务""
        },
        ""isDomestic"": {
          ""type"": ""boolean"",
          ""description"": ""是否国内件""
        },
        ""claimWindowStatus"": {
          ""type"": ""string"",
          ""description"": ""索赔时效状态：in_window/out_of_window/not_open_yet""
        },
        ""customerConfirmedClaim"": {
          ""type"": ""boolean"",
          ""description"": ""客户是否确认提交索赔""
        },
        ""analysisClock"": {
          ""type"": ""object"",
          ""description"": ""分析参考时钟""
        }
      },
      ""additionalProperties"": true
    }
  }
}","{
  ""type"": ""object"",
  ""properties"": {
    ""structured"": {
      ""type"": ""object"",
      ""description"": ""结构化分支结果：branch、trackingIds、outboundOrderNos、suggestedNextExperts、missingFacts""
    },
    ""analysis"": {
      ""type"": ""string"",
      ""description"": ""分析结论与建议""
    }
  }
}","{
  ""id"": ""tracking-stale"",
  ""domain"": ""last-mile"",
  ""name"": ""轨迹长时间未更新"",
  ""description"": ""轨迹长时间未更新处理流程。依赖上游（推荐 delivery-status）提供轨迹事实与分析结论，按分支输出话术与下一步。Use when 用户咨询轨迹长时间无更新、停滞、疑似丢件。"",
  ""capabilities"": [
    ""轨迹分析"",
    ""异常识别""
  ],
  ""version"": ""0.2.0"",
  ""x_framework_input_required"": [
    ""inputContext""
  ],
  ""x_framework_require_previous_output"": true,
  ""x_recaller_propagate_previous_enriched_context"": true,
  ""x_recaller_enriched_context_preferred_source_experts"": [
    ""delivery-status""
  ],
  ""inputSchema"": {
    ""type"": ""object"",
    ""x_constraint"": ""本专家不自行拉取轨迹，正式编排建议前置 delivery-status 并把轨迹事实放入 enrichedContext、分析结论放入 inputContext.previousOutput.analysis。JSON Schema 不强制 required，以支持降级调用与补充信息分支。"",
    ""x_invoke_contract"": ""编排闭环建议调用 JSON 顶层包含 inputContext.previousOutput.analysis（上游分析）与 sourceExpertId。inputs.enrichedContext 建议包含 recognizedException/ascanDetected/noUpdateDays/hasClaimService/isDomestic 等事实字段；缺失时本专家会走 need_info 或 need_human。"",
    ""properties"": {
      ""trackingIds"": {
        ""type"": ""array"",
        ""items"": {
          ""type"": ""string""
        },
        ""description"": ""轨迹单号""
      },
      ""outboundOrderNos"": {
        ""type"": ""array"",
        ""items"": {
          ""type"": ""string""
        },
        ""description"": ""出库单号""
      },
      ""enrichedContext"": {
        ""type"": ""object"",
        ""description"": ""上游传入的轨迹事实与分支字段（推荐由 delivery-status 合并）"",
        ""properties"": {
          ""recognizedException"": {
            ""type"": ""boolean"",
            ""description"": ""是否命中系统异常识别结果""
          },
          ""exceptionResult"": {
            ""type"": ""object"",
            ""description"": ""异常识别详情""
          },
          ""ascanDetected"": {
            ""type"": ""boolean"",
            ""description"": ""是否有首扫/MSCAN""
          },
          ""lastTrackingAt"": {
            ""type"": ""string"",
            ""description"": ""最后一条轨迹时间""
          },
          ""noUpdateDays"": {
            ""type"": ""number"",
            ""description"": ""轨迹停滞天数""
          },
          ""hasClaimService"": {
            ""type"": ""boolean"",
            ""description"": ""是否有索赔服务""
          },
          ""isDomestic"": {
            ""type"": ""boolean"",
            ""description"": ""是否国内件""
          },
          ""claimWindowStatus"": {
            ""type"": ""string"",
            ""description"": ""索赔时效状态：in_window/out_of_window/not_open_yet""
          },
          ""customerConfirmedClaim"": {
            ""type"": ""boolean"",
            ""description"": ""客户是否确认提交索赔""
          },
          ""analysisClock"": {
            ""type"": ""object"",
            ""description"": ""分析参考时钟""
          }
        },
        ""additionalProperties"": true
      }
    }
  },
  ""outputSchema"": {
    ""type"": ""object"",
    ""properties"": {
      ""structured"": {
        ""type"": ""object"",
        ""description"": ""结构化分支结果：branch、trackingIds、outboundOrderNos、suggestedNextExperts、missingFacts""
      },
      ""analysis"": {
        ""type"": ""string"",
        ""description"": ""分析结论与建议""
      }
    }
  }
}",
value-add-guide,on,7649772381074849843,V1.0.0_20260610,rel-experts-20260608,增值服务操作指引,涵盖贴标/换标、拍照/测量、包装、质检等增值服务的操作说明；可选按入库单号拉取关联单据上下文辅助状态解读。Use when 客户询问增值如何操作、材料要求、费用口径或已提交增值单进度。,local_repo,experts/value-add/value-add-guide,"input_schema:
- inboundOrderNo（可选）：string — 入库单号（WI 前缀）；状态查询时提供，触发可选 getOrderDetail 拉取
- topic（可选）：string — 咨询主题（与 inboundOrderNo 二选一）；如「贴标操作」「拍照服务」
- vasType（可选）：string — 增值类型：Labeling / Repack / Photo / Measure / QC / Intercept 等

output_schema:
- analysis：string — 操作步骤或状态说明（自然语言）
- structured：object — 增值服务结构化结果
  - costSummary：string
  - operationSteps：string[]
  - specialRequirements：string[]
  - vasOrderNo：string
  - vasStatus：string
  - vasType：string","{
  ""type"": ""object"",
  ""required"": [],
  ""properties"": {
    ""topic"": {
      ""type"": ""string"",
      ""description"": ""咨询主题（与 inboundOrderNo 二选一）；如「贴标操作」「拍照服务」""
    },
    ""vasType"": {
      ""type"": ""string"",
      ""description"": ""增值类型：Labeling / Repack / Photo / Measure / QC / Intercept 等""
    },
    ""inboundOrderNo"": {
      ""type"": ""string"",
      ""description"": ""入库单号（WI 前缀）；状态查询时提供，触发可选 getOrderDetail 拉取""
    }
  }
}","{
  ""type"": ""object"",
  ""properties"": {
    ""structured"": {
      ""type"": ""object"",
      ""description"": ""增值服务结构化结果"",
      ""properties"": {
        ""vasType"": {
          ""type"": ""string""
        },
        ""operationSteps"": {
          ""type"": ""array"",
          ""items"": {
            ""type"": ""string""
          }
        },
        ""vasStatus"": {
          ""type"": ""string""
        },
        ""vasOrderNo"": {
          ""type"": ""string""
        },
        ""costSummary"": {
          ""type"": ""string""
        },
        ""specialRequirements"": {
          ""type"": ""array"",
          ""items"": {
            ""type"": ""string""
          }
        }
      }
    },
    ""analysis"": {
      ""type"": ""string"",
      ""description"": ""操作步骤或状态说明（自然语言）""
    }
  }
}","{
  ""id"": ""value-add-guide"",
  ""domain"": ""value-add"",
  ""name"": ""增值服务操作指引"",
  ""description"": ""涵盖贴标/换标、拍照/测量、包装、质检等增值服务的操作说明；可选按入库单号拉取关联单据上下文辅助状态解读。Use when 客户询问增值如何操作、材料要求、费用口径或已提交增值单进度。"",
  ""capabilities"": [
    ""贴标换标"",
    ""拍照测量"",
    ""重新包装"",
    ""质检服务"",
    ""上架前拦截"",
    ""增值单状态""
  ],
  ""version"": ""1.0.0"",
  ""inputSchema"": {
    ""type"": ""object"",
    ""required"": [],
    ""properties"": {
      ""topic"": {
        ""type"": ""string"",
        ""description"": ""咨询主题（与 inboundOrderNo 二选一）；如「贴标操作」「拍照服务」""
      },
      ""vasType"": {
        ""type"": ""string"",
        ""description"": ""增值类型：Labeling / Repack / Photo / Measure / QC / Intercept 等""
      },
      ""inboundOrderNo"": {
        ""type"": ""string"",
        ""description"": ""入库单号（WI 前缀）；状态查询时提供，触发可选 getOrderDetail 拉取""
      }
    }
  },
  ""outputSchema"": {
    ""type"": ""object"",
    ""properties"": {
      ""structured"": {
        ""type"": ""object"",
        ""description"": ""增值服务结构化结果"",
        ""properties"": {
          ""vasType"": {
            ""type"": ""string""
          },
          ""operationSteps"": {
            ""type"": ""array"",
            ""items"": {
              ""type"": ""string""
            }
          },
          ""vasStatus"": {
            ""type"": ""string""
          },
          ""vasOrderNo"": {
            ""type"": ""string""
          },
          ""costSummary"": {
            ""type"": ""string""
          },
          ""specialRequirements"": {
            ""type"": ""array"",
            ""items"": {
              ""type"": ""string""
            }
          }
        }
      },
      ""analysis"": {
        ""type"": ""string"",
        ""description"": ""操作步骤或状态说明（自然语言）""
      }
    }
  }
}",
carrier-contact,on,7649724704806617124,V0.2.0_20260629,rel-experts-20260626,服务商自提点联系方式,必要时给出正确服务商电话、自提点联系方式。Use when 用户需要联系服务商、自提点、承运商电话。,local_repo,experts/last-mile/carrier-contact,"input_schema:
- carrierCode（可选）：string — 承运商代码，与主数据或轨迹 summary 一致
- enrichedContext（可选）：object（自由字段） — 上游合并上下文（推荐由 delivery-status 提供 carrierHints、trajectories 等）
- region（可选）：string — 区域（国家/州省/城市等）
- trackingIds（可选）：string[] — 轨迹单号
约束：至少提供 trackingIds、carrierCode、region、enrichedContext、customerIntent 或 query 之一；正式编排建议前置 delivery-status 以填充 carrierHints / trajectories。

output_schema:
- analysis：string — 联系方式、官网/查件路径与对客建议
- structured：object — branch、carrierCode、standardCarrier、pickupPointIds、suggestedNextExperts、missingFacts、contactSummary","{
  ""type"": ""object"",
  ""required"": [],
  ""x_constraint"": ""至少提供 trackingIds、carrierCode、region、enrichedContext、customerIntent 或 query 之一；正式编排建议前置 delivery-status 以填充 carrierHints / trajectories。"",
  ""properties"": {
    ""trackingIds"": {
      ""type"": ""array"",
      ""items"": {
        ""type"": ""string""
      },
      ""description"": ""轨迹单号""
    },
    ""carrierCode"": {
      ""type"": ""string"",
      ""description"": ""承运商代码，与主数据或轨迹 summary 一致""
    },
    ""region"": {
      ""type"": ""string"",
      ""description"": ""区域（国家/州省/城市等）""
    },
    ""enrichedContext"": {
      ""type"": ""object"",
      ""description"": ""上游合并上下文（推荐由 delivery-status 提供 carrierHints、trajectories 等）"",
      ""additionalProperties"": true
    }
  }
}","{
  ""type"": ""object"",
  ""properties"": {
    ""structured"": {
      ""type"": ""object"",
      ""description"": ""branch、carrierCode、standardCarrier、pickupPointIds、suggestedNextExperts、missingFacts、contactSummary""
    },
    ""analysis"": {
      ""type"": ""string"",
      ""description"": ""联系方式、官网/查件路径与对客建议""
    }
  }
}","{
  ""id"": ""carrier-contact"",
  ""domain"": ""last-mile"",
  ""name"": ""服务商自提点联系方式"",
  ""description"": ""必要时给出正确服务商电话、自提点联系方式。Use when 用户需要联系服务商、自提点、承运商电话。"",
  ""capabilities"": [
    ""服务商电话"",
    ""自提点信息""
  ],
  ""version"": ""0.2.0"",
  ""x_recaller_propagate_previous_enriched_context"": true,
  ""x_recaller_enriched_context_preferred_source_experts"": [
    ""delivery-status""
  ],
  ""inputSchema"": {
    ""type"": ""object"",
    ""required"": [],
    ""x_constraint"": ""至少提供 trackingIds、carrierCode、region、enrichedContext、customerIntent 或 query 之一；正式编排建议前置 delivery-status 以填充 carrierHints / trajectories。"",
    ""properties"": {
      ""trackingIds"": {
        ""type"": ""array"",
        ""items"": {
          ""type"": ""string""
        },
        ""description"": ""轨迹单号""
      },
      ""carrierCode"": {
        ""type"": ""string"",
        ""description"": ""承运商代码，与主数据或轨迹 summary 一致""
      },
      ""region"": {
        ""type"": ""string"",
        ""description"": ""区域（国家/州省/城市等）""
      },
      ""enrichedContext"": {
        ""type"": ""object"",
        ""description"": ""上游合并上下文（推荐由 delivery-status 提供 carrierHints、trajectories 等）"",
        ""additionalProperties"": true
      }
    }
  },
  ""outputSchema"": {
    ""type"": ""object"",
    ""properties"": {
      ""structured"": {
        ""type"": ""object"",
        ""description"": ""branch、carrierCode、standardCarrier、pickupPointIds、suggestedNextExperts、missingFacts、contactSummary""
      },
      ""analysis"": {
        ""type"": ""string"",
        ""description"": ""联系方式、官网/查件路径与对客建议""
      }
    }
  }
}",
delivered-not-received,on,7667896838888800291,V0.3.1_20260629,rel-experts-20260626,妥投未收到处理,系统或承运商显示妥投但客户称未收到包裹时的流程分支、话术与下一步引导。编排闭环下须由前置轨迹专家（推荐 delivery-status）注入完整轨迹（inputs.enrichedContext，须含 trajectories）与解读结论（顶层 inputContext.previousOutput，须含 analysis）。赔付条款请用 refund-standard；代客索赔入口/进度请用 substitute-claim。Use when 用户反馈显示妥投、签收但未收到货、DNR、妥投争议。,local_repo,experts/last-mile/delivered-not-received,"input_schema:
- claimChannelKnown（可选）：boolean — 上游是否已确认存在可索赔渠道；未传则由模型结合上下文推断并标注不确定性
- enrichedContext（可选）：object — 前置轨迹专家合并后的完整轨迹载荷；编排闭环宜含 trajectories；与 delivery-status §3 对齐（降级可不传本对象）
  - analysisClock（可选）：object（自由字段） — 分析用时钟（与时区敏感推理）
  - customerStatedFacts（可选）：string — 客户已陈述事实（可选）
  - deliveredEvent（可选）：object（自由字段） — 妥投事件提炼（可选）
  - fetchMeta（可选）：object（自由字段） — 拉取元数据、兜底说明等
  - orderDetails（可选）：object[] — 出库单摘要（可选）
    （自由字段 object）
  - podSignals（可选）：object（自由字段） — POD 线索（可选）
  - trajectories（可选）：object[] — 轨迹节点列表（编排推荐；可与上游 merge-enriched-context 一致；无数据时可为空数组）
    （自由字段 object）
  - trajectorySummary（可选）：string — 轨迹摘要（可选；不可替代 previousOutput.analysis）
- outboundOrderNos（可选）：string[] — 出库单号
- trackingIds（可选）：string[] — 轨迹单号（可与 enrichedContext 内反填并存）
约束：双层契约：① JSON Schema 不对 inputs 内字段使用 required，与 validate-input、降级调用（仅单号/诉求等）及 design.md 示例 2 一致。② 编排闭环语义以本块 x_invoke_contract 为准（同步至注册表 io 列）：须含完整轨迹与上游 analysis；正式分析前编排器须先跑 delivery-status 并 merge。

x_invoke_contract（框架顶层，编排必看）:
编排闭环时除 inputs 外，调用 JSON 顶层须包含 inputContext：
- previousOutput：上游 result 对象，须含非空字符串 analysis（轨迹/妥投/状态解读）。
- 建议 sourceExpertId=""delivery-status""、chainId 与前置 job 一致。
inputs.enrichedContext 宜含 trajectories 键（数组，与 delivery-status merge 输出对齐；无节点时可为 []）。降级调用可无 enrichedContext，由 Prompt 走 need_info。

output_schema:
- analysis：string — 分析结论与建议话术
- structured：object — 含 branch、trackingIds、outboundOrderNos、suggestedNextExperts、missingFacts；见 design.md §2.1","{
  ""type"": ""object"",
  ""x_constraint"": ""双层契约：① JSON Schema 不对 inputs 内字段使用 required，与 validate-input、降级调用（仅单号/诉求等）及 design.md 示例 2 一致。② 编排闭环语义以本块 x_invoke_contract 为准（同步至注册表 io 列）：须含完整轨迹与上游 analysis；正式分析前编排器须先跑 delivery-status 并 merge。"",
  ""x_invoke_contract"": ""编排闭环时除 inputs 外，调用 JSON 顶层须包含 inputContext：\n- previousOutput：上游 result 对象，须含非空字符串 analysis（轨迹/妥投/状态解读）。\n- 建议 sourceExpertId=\""delivery-status\""、chainId 与前置 job 一致。\ninputs.enrichedContext 宜含 trajectories 键（数组，与 delivery-status merge 输出对齐；无节点时可为 []）。降级调用可无 enrichedContext，由 Prompt 走 need_info。"",
  ""properties"": {
    ""trackingIds"": {
      ""type"": ""array"",
      ""items"": {
        ""type"": ""string""
      },
      ""description"": ""轨迹单号（可与 enrichedContext 内反填并存）""
    },
    ""outboundOrderNos"": {
      ""type"": ""array"",
      ""items"": {
        ""type"": ""string""
      },
      ""description"": ""出库单号""
    },
    ""enrichedContext"": {
      ""type"": ""object"",
      ""description"": ""前置轨迹专家合并后的完整轨迹载荷；编排闭环宜含 trajectories；与 delivery-status §3 对齐（降级可不传本对象）"",
      ""properties"": {
        ""trajectories"": {
          ""type"": ""array"",
          ""description"": ""轨迹节点列表（编排推荐；可与上游 merge-enriched-context 一致；无数据时可为空数组）"",
          ""items"": {
            ""type"": ""object"",
            ""additionalProperties"": true
          }
        },
        ""fetchMeta"": {
          ""type"": ""object"",
          ""description"": ""拉取元数据、兜底说明等"",
          ""additionalProperties"": true
        },
        ""analysisClock"": {
          ""type"": ""object"",
          ""description"": ""分析用时钟（与时区敏感推理）"",
          ""additionalProperties"": true
        },
        ""trajectorySummary"": {
          ""type"": ""string"",
          ""description"": ""轨迹摘要（可选；不可替代 previousOutput.analysis）""
        },
        ""deliveredEvent"": {
          ""type"": ""object"",
          ""description"": ""妥投事件提炼（可选）"",
          ""additionalProperties"": true
        },
        ""orderDetails"": {
          ""type"": ""array"",
          ""description"": ""出库单摘要（可选）"",
          ""items"": {
            ""type"": ""object"",
            ""additionalProperties"": true
          }
        },
        ""podSignals"": {
          ""type"": ""object"",
          ""description"": ""POD 线索（可选）"",
          ""additionalProperties"": true
        },
        ""customerStatedFacts"": {
          ""type"": ""string"",
          ""description"": ""客户已陈述事实（可选）""
        }
      },
      ""additionalProperties"": true
    },
    ""claimChannelKnown"": {
      ""type"": ""boolean"",
      ""description"": ""上游是否已确认存在可索赔渠道；未传则由模型结合上下文推断并标注不确定性""
    }
  }
}","{
  ""type"": ""object"",
  ""properties"": {
    ""structured"": {
      ""type"": ""object"",
      ""description"": ""含 branch、trackingIds、outboundOrderNos、suggestedNextExperts、missingFacts；见 design.md §2.1""
    },
    ""analysis"": {
      ""type"": ""string"",
      ""description"": ""分析结论与建议话术""
    }
  }
}","{
  ""id"": ""delivered-not-received"",
  ""domain"": ""last-mile"",
  ""name"": ""妥投未收到处理"",
  ""description"": ""系统或承运商显示妥投但客户称未收到包裹时的流程分支、话术与下一步引导。编排闭环下须由前置轨迹专家（推荐 delivery-status）注入完整轨迹（inputs.enrichedContext，须含 trajectories）与解读结论（顶层 inputContext.previousOutput，须含 analysis）。赔付条款请用 refund-standard；代客索赔入口/进度请用 substitute-claim。Use when 用户反馈显示妥投、签收但未收到货、DNR、妥投争议。"",
  ""capabilities"": [
    ""妥投争议"",
    ""异常处理"",
    ""理赔引导""
  ],
  ""version"": ""0.3.1"",
  ""x_framework_input_required"": [
    ""inputContext""
  ],
  ""x_framework_require_previous_output"": true,
  ""x_recaller_propagate_previous_enriched_context"": true,
  ""inputSchema"": {
    ""type"": ""object"",
    ""x_constraint"": ""双层契约：① JSON Schema 不对 inputs 内字段使用 required，与 validate-input、降级调用（仅单号/诉求等）及 design.md 示例 2 一致。② 编排闭环语义以本块 x_invoke_contract 为准（同步至注册表 io 列）：须含完整轨迹与上游 analysis；正式分析前编排器须先跑 delivery-status 并 merge。"",
    ""x_invoke_contract"": ""编排闭环时除 inputs 外，调用 JSON 顶层须包含 inputContext：\n- previousOutput：上游 result 对象，须含非空字符串 analysis（轨迹/妥投/状态解读）。\n- 建议 sourceExpertId=\""delivery-status\""、chainId 与前置 job 一致。\ninputs.enrichedContext 宜含 trajectories 键（数组，与 delivery-status merge 输出对齐；无节点时可为 []）。降级调用可无 enrichedContext，由 Prompt 走 need_info。"",
    ""properties"": {
      ""trackingIds"": {
        ""type"": ""array"",
        ""items"": {
          ""type"": ""string""
        },
        ""description"": ""轨迹单号（可与 enrichedContext 内反填并存）""
      },
      ""outboundOrderNos"": {
        ""type"": ""array"",
        ""items"": {
          ""type"": ""string""
        },
        ""description"": ""出库单号""
      },
      ""enrichedContext"": {
        ""type"": ""object"",
        ""description"": ""前置轨迹专家合并后的完整轨迹载荷；编排闭环宜含 trajectories；与 delivery-status §3 对齐（降级可不传本对象）"",
        ""properties"": {
          ""trajectories"": {
            ""type"": ""array"",
            ""description"": ""轨迹节点列表（编排推荐；可与上游 merge-enriched-context 一致；无数据时可为空数组）"",
            ""items"": {
              ""type"": ""object"",
              ""additionalProperties"": true
            }
          },
          ""fetchMeta"": {
            ""type"": ""object"",
            ""description"": ""拉取元数据、兜底说明等"",
            ""additionalProperties"": true
          },
          ""analysisClock"": {
            ""type"": ""object"",
            ""description"": ""分析用时钟（与时区敏感推理）"",
            ""additionalProperties"": true
          },
          ""trajectorySummary"": {
            ""type"": ""string"",
            ""description"": ""轨迹摘要（可选；不可替代 previousOutput.analysis）""
          },
          ""deliveredEvent"": {
            ""type"": ""object"",
            ""description"": ""妥投事件提炼（可选）"",
            ""additionalProperties"": true
          },
          ""orderDetails"": {
            ""type"": ""array"",
            ""description"": ""出库单摘要（可选）"",
            ""items"": {
              ""type"": ""object"",
              ""additionalProperties"": true
            }
          },
          ""podSignals"": {
            ""type"": ""object"",
            ""description"": ""POD 线索（可选）"",
            ""additionalProperties"": true
          },
          ""customerStatedFacts"": {
            ""type"": ""string"",
            ""description"": ""客户已陈述事实（可选）""
          }
        },
        ""additionalProperties"": true
      },
      ""claimChannelKnown"": {
        ""type"": ""boolean"",
        ""description"": ""上游是否已确认存在可索赔渠道；未传则由模型结合上下文推断并标注不确定性""
      }
    }
  },
  ""outputSchema"": {
    ""type"": ""object"",
    ""properties"": {
      ""structured"": {
        ""type"": ""object"",
        ""description"": ""含 branch、trackingIds、outboundOrderNos、suggestedNextExperts、missingFacts；见 design.md §2.1""
      },
      ""analysis"": {
        ""type"": ""string"",
        ""description"": ""分析结论与建议话术""
      }
    }
  }
}",
delivery-status,on,7669798498896314404,V1.0.0_20260629,rel-experts-20260626,尾程轨迹解读,获取并解读物流轨迹：按时间线输出可核验状态与关键里程碑（Ascan/Dscan/RDscan、派送失败信号等，见 structured.scanFacts），关联单据与承运商；对客长文为事实叙述，不输出用户行动建议。Use when 用户查询物流状态、轨迹跟踪、配送结果、出库单、运单号、最后一公里。,local_repo,experts/last-mile/delivery-status,"input_schema:
- outboundOrderNos（可选）：string[] — 一个或多个万邑通出库/订单号（含 WO…），与 trackingIds 一并写入 OpenAPI trackingnos 查询；非承运商跟踪号
- trackingIds（可选）：string[] — 一个或多个轨迹单号/运单号，用于查询投递轨迹
- trajectoryText（可选）：string — 客户通过文本提供的轨迹内容，如粘贴的物流信息，可直接用于分析
约束：至少提供 trackingIds、outboundOrderNos、trajectoryText 其一

output_schema:
- analysis：string — 对客长文：按时间线事实叙述（全链路+关键里程碑+异常时依据），时区/账号兜底说明；不含对终端用户的行动建议
- structured：object — 可解析的结构化数据，供下游系统链接、筛选、查询
  - carriers：object[] — 每运单一条承运商标识，与 format-output 合并自 carrierHints/轨迹摘要
    - carrierCode：string
    - standardCarrier：string
    - trackingNo：string
  - documentRefs：object[] — 关联单据引用
    - id：string
    - type：string
  - orderIds：string[] — 出库单号、订单号等
  - scanFacts：object[] — 由 merge 节点从轨迹节点确定性抽取、经 format 写入；每单含 ascan/dscan/rdscan 事件、deliveryFailureLikely 等
    - ascanEvents：array
    - dataSourceNote：string
    - deliveryFailureEvidence：string[]
    - deliveryFailureLikely：boolean
    - dscanEvents：array
    - rdscanEvents：array
    - trackingNo：string
  - trackingIds：string[] — 轨迹单号、运单号","{
  ""type"": ""object"",
  ""required"": [],
  ""properties"": {
    ""trackingIds"": {
      ""type"": ""array"",
      ""items"": {
        ""type"": ""string""
      },
      ""description"": ""一个或多个轨迹单号/运单号，用于查询投递轨迹""
    },
    ""outboundOrderNos"": {
      ""type"": ""array"",
      ""items"": {
        ""type"": ""string""
      },
      ""description"": ""一个或多个万邑通出库/订单号（含 WO…），与 trackingIds 一并写入 OpenAPI trackingnos 查询；非承运商跟踪号""
    },
    ""trajectoryText"": {
      ""type"": ""string"",
      ""description"": ""客户通过文本提供的轨迹内容，如粘贴的物流信息，可直接用于分析""
    }
  },
  ""x_constraint"": ""至少提供 trackingIds、outboundOrderNos、trajectoryText 其一""
}","{
  ""type"": ""object"",
  ""properties"": {
    ""structured"": {
      ""type"": ""object"",
      ""description"": ""可解析的结构化数据，供下游系统链接、筛选、查询"",
      ""properties"": {
        ""orderIds"": {
          ""type"": ""array"",
          ""items"": {
            ""type"": ""string""
          },
          ""description"": ""出库单号、订单号等""
        },
        ""trackingIds"": {
          ""type"": ""array"",
          ""items"": {
            ""type"": ""string""
          },
          ""description"": ""轨迹单号、运单号""
        },
        ""documentRefs"": {
          ""type"": ""array"",
          ""items"": {
            ""type"": ""object"",
            ""properties"": {
              ""type"": {
                ""type"": ""string""
              },
              ""id"": {
                ""type"": ""string""
              }
            }
          },
          ""description"": ""关联单据引用""
        },
        ""carriers"": {
          ""type"": ""array"",
          ""items"": {
            ""type"": ""object"",
            ""properties"": {
              ""trackingNo"": {
                ""type"": ""string""
              },
              ""carrierCode"": {
                ""type"": ""string""
              },
              ""standardCarrier"": {
                ""type"": ""string""
              }
            }
          },
          ""description"": ""每运单一条承运商标识，与 format-output 合并自 carrierHints/轨迹摘要""
        },
        ""scanFacts"": {
          ""type"": ""array"",
          ""description"": ""由 merge 节点从轨迹节点确定性抽取、经 format 写入；每单含 ascan/dscan/rdscan 事件、deliveryFailureLikely 等"",
          ""items"": {
            ""type"": ""object"",
            ""properties"": {
              ""trackingNo"": {
                ""type"": ""string""
              },
              ""ascanEvents"": {
                ""type"": ""array""
              },
              ""dscanEvents"": {
                ""type"": ""array""
              },
              ""rdscanEvents"": {
                ""type"": ""array""
              },
              ""deliveryFailureLikely"": {
                ""type"": ""boolean""
              },
              ""deliveryFailureEvidence"": {
                ""type"": ""array"",
                ""items"": {
                  ""type"": ""string""
                }
              },
              ""dataSourceNote"": {
                ""type"": ""string""
              }
            }
          }
        }
      }
    },
    ""analysis"": {
      ""type"": ""string"",
      ""description"": ""对客长文：按时间线事实叙述（全链路+关键里程碑+异常时依据），时区/账号兜底说明；不含对终端用户的行动建议""
    }
  }
}","{
  ""id"": ""delivery-status"",
  ""domain"": ""last-mile"",
  ""name"": ""尾程轨迹解读"",
  ""description"": ""获取并解读物流轨迹：按时间线输出可核验状态与关键里程碑（Ascan/Dscan/RDscan、派送失败信号等，见 structured.scanFacts），关联单据与承运商；对客长文为事实叙述，不输出用户行动建议。Use when 用户查询物流状态、轨迹跟踪、配送结果、出库单、运单号、最后一公里。"",
  ""capabilities"": [
    ""物流追踪"",
    ""轨迹分析"",
    ""轨迹里程碑解析"",
    ""异常识别"",
    ""供应链关联""
  ],
  ""version"": ""1.0.0"",
  ""inputSchema"": {
    ""type"": ""object"",
    ""required"": [],
    ""properties"": {
      ""trackingIds"": {
        ""type"": ""array"",
        ""items"": {
          ""type"": ""string""
        },
        ""description"": ""一个或多个轨迹单号/运单号，用于查询投递轨迹""
      },
      ""outboundOrderNos"": {
        ""type"": ""array"",
        ""items"": {
          ""type"": ""string""
        },
        ""description"": ""一个或多个万邑通出库/订单号（含 WO…），与 trackingIds 一并写入 OpenAPI trackingnos 查询；非承运商跟踪号""
      },
      ""trajectoryText"": {
        ""type"": ""string"",
        ""description"": ""客户通过文本提供的轨迹内容，如粘贴的物流信息，可直接用于分析""
      }
    },
    ""x_constraint"": ""至少提供 trackingIds、outboundOrderNos、trajectoryText 其一""
  },
  ""outputSchema"": {
    ""type"": ""object"",
    ""properties"": {
      ""structured"": {
        ""type"": ""object"",
        ""description"": ""可解析的结构化数据，供下游系统链接、筛选、查询"",
        ""properties"": {
          ""orderIds"": {
            ""type"": ""array"",
            ""items"": {
              ""type"": ""string""
            },
            ""description"": ""出库单号、订单号等""
          },
          ""trackingIds"": {
            ""type"": ""array"",
            ""items"": {
              ""type"": ""string""
            },
            ""description"": ""轨迹单号、运单号""
          },
          ""documentRefs"": {
            ""type"": ""array"",
            ""items"": {
              ""type"": ""object"",
              ""properties"": {
                ""type"": {
                  ""type"": ""string""
                },
                ""id"": {
                  ""type"": ""string""
                }
              }
            },
            ""description"": ""关联单据引用""
          },
          ""carriers"": {
            ""type"": ""array"",
            ""items"": {
              ""type"": ""object"",
              ""properties"": {
                ""trackingNo"": {
                  ""type"": ""string""
                },
                ""carrierCode"": {
                  ""type"": ""string""
                },
                ""standardCarrier"": {
                  ""type"": ""string""
                }
              }
            },
            ""description"": ""每运单一条承运商标识，与 format-output 合并自 carrierHints/轨迹摘要""
          },
          ""scanFacts"": {
            ""type"": ""array"",
            ""description"": ""由 merge 节点从轨迹节点确定性抽取、经 format 写入；每单含 ascan/dscan/rdscan 事件、deliveryFailureLikely 等"",
            ""items"": {
              ""type"": ""object"",
              ""properties"": {
                ""trackingNo"": {
                  ""type"": ""string""
                },
                ""ascanEvents"": {
                  ""type"": ""array""
                },
                ""dscanEvents"": {
                  ""type"": ""array""
                },
                ""rdscanEvents"": {
                  ""type"": ""array""
                },
                ""deliveryFailureLikely"": {
                  ""type"": ""boolean""
                },
                ""deliveryFailureEvidence"": {
                  ""type"": ""array"",
                  ""items"": {
                    ""type"": ""string""
                  }
                },
                ""dataSourceNote"": {
                  ""type"": ""string""
                }
              }
            }
          }
        }
      },
      ""analysis"": {
        ""type"": ""string"",
        ""description"": ""对客长文：按时间线事实叙述（全链路+关键里程碑+异常时依据），时区/账号兜底说明；不含对终端用户的行动建议""
      }
    }
  }
}",
inbound-appointment-manage,on,7649770175167823914,V0.4.1_20260629,rel-experts-20260626,预约送仓操作指引,说明如何预约送仓、查询/修改/取消预约、分批到仓、违规费与预约 POD 下载。这里的“增值预约”仅指预约送仓付费预约，不处理 VASC 推荐、服务项配置或已提交增值单状态。create_guide/modify_guide/cancel_guide/split_shipment/pod_guide(无单号) 走纯 KB；query/penalty/pod_guide(有单号) 拉取 booking.list。不代客创建或取消预约单。Use when 客户问怎么预约、改约、取消、分批到仓、违规费、下载 POD。,local_repo,experts/inbound/inbound-appointment-manage,"input_schema:
- bookingNo（可选）：string — 已知预约单号时直接查询
- deliveryWayHint（可选）：string — 送仓方式提示：LCL / FCL / Express；缺省从 query 推断
- inboundOrderNo（可选）：string — 单个入库单号
- inboundOrderNos（可选）：string[] — 入库单号；query/penalty 场景必填其一
- intent（可选）：string — query / create_guide / modify_guide / cancel_guide / split_shipment / penalty；缺省按 query 关键词推断
- warehouseCode（可选）：string — 仓库编码，辅助 KB 上下文

output_schema:
- analysis：string — 操作指引或预约状态说明
- structured：object — 预约结构化数据","{
  ""type"": ""object"",
  ""required"": [],
  ""properties"": {
    ""intent"": {
      ""type"": ""string"",
      ""description"": ""query / create_guide / modify_guide / cancel_guide / split_shipment / penalty；缺省按 query 关键词推断"",
      ""enum"": [
        ""query"",
        ""create_guide"",
        ""modify_guide"",
        ""cancel_guide"",
        ""split_shipment"",
        ""penalty"",
        ""pod_guide""
      ]
    },
    ""inboundOrderNos"": {
      ""type"": ""array"",
      ""items"": {
        ""type"": ""string""
      },
      ""description"": ""入库单号；query/penalty 场景必填其一""
    },
    ""inboundOrderNo"": {
      ""type"": ""string"",
      ""description"": ""单个入库单号""
    },
    ""bookingNo"": {
      ""type"": ""string"",
      ""description"": ""已知预约单号时直接查询""
    },
    ""warehouseCode"": {
      ""type"": ""string"",
      ""description"": ""仓库编码，辅助 KB 上下文""
    },
    ""deliveryWayHint"": {
      ""type"": ""string"",
      ""description"": ""送仓方式提示：LCL / FCL / Express；缺省从 query 推断""
    }
  }
}","{
  ""type"": ""object"",
  ""properties"": {
    ""structured"": {
      ""type"": ""object"",
      ""description"": ""预约结构化数据""
    },
    ""analysis"": {
      ""type"": ""string"",
      ""description"": ""操作指引或预约状态说明""
    }
  }
}","{
  ""id"": ""inbound-appointment-manage"",
  ""domain"": ""inbound"",
  ""name"": ""预约送仓操作指引"",
  ""description"": ""说明如何预约送仓、查询/修改/取消预约、分批到仓、违规费与预约 POD 下载。这里的“增值预约”仅指预约送仓付费预约，不处理 VASC 推荐、服务项配置或已提交增值单状态。create_guide/modify_guide/cancel_guide/split_shipment/pod_guide(无单号) 走纯 KB；query/penalty/pod_guide(有单号) 拉取 booking.list。不代客创建或取消预约单。Use when 客户问怎么预约、改约、取消、分批到仓、违规费、下载 POD。"",
  ""capabilities"": [
    ""预约创建指引"",
    ""预约修改指引"",
    ""预约取消指引"",
    ""分批到仓指引"",
    ""预约状态查询"",
    ""违规费说明"",
    ""预约 POD 下载指引"",
    ""LCL/FCL/Express 分流""
  ],
  ""version"": ""0.4.1"",
  ""inputSchema"": {
    ""type"": ""object"",
    ""required"": [],
    ""properties"": {
      ""intent"": {
        ""type"": ""string"",
        ""description"": ""query / create_guide / modify_guide / cancel_guide / split_shipment / penalty；缺省按 query 关键词推断"",
        ""enum"": [
          ""query"",
          ""create_guide"",
          ""modify_guide"",
          ""cancel_guide"",
          ""split_shipment"",
          ""penalty"",
          ""pod_guide""
        ]
      },
      ""inboundOrderNos"": {
        ""type"": ""array"",
        ""items"": {
          ""type"": ""string""
        },
        ""description"": ""入库单号；query/penalty 场景必填其一""
      },
      ""inboundOrderNo"": {
        ""type"": ""string"",
        ""description"": ""单个入库单号""
      },
      ""bookingNo"": {
        ""type"": ""string"",
        ""description"": ""已知预约单号时直接查询""
      },
      ""warehouseCode"": {
        ""type"": ""string"",
        ""description"": ""仓库编码，辅助 KB 上下文""
      },
      ""deliveryWayHint"": {
        ""type"": ""string"",
        ""description"": ""送仓方式提示：LCL / FCL / Express；缺省从 query 推断""
      }
    }
  },
  ""outputSchema"": {
    ""type"": ""object"",
    ""properties"": {
      ""structured"": {
        ""type"": ""object"",
        ""description"": ""预约结构化数据""
      },
      ""analysis"": {
        ""type"": ""string"",
        ""description"": ""操作指引或预约状态说明""
      }
    }
  }
}",
inbound-arrival-status,on,7649769569729314850,V0.1.0_20260629,rel-experts-20260626,到仓状态查询,确认货物是否已到仓、当前轨迹位置、签收证明（POD）与 PEWC→EWC 转换情况；支持直发少包裹数量对比。不做上架进度判断（→ inbound-putaway-status）、不催促上架（→ inbound-putaway-expedite）。Use when 客户询问货到仓库了吗、签收状态、POD、PEWC 为何未变 EWC、直发包裹是否到齐。,local_repo,experts/inbound/inbound-arrival-status,"input_schema:
- checkPackageQty（可选）：boolean — 是否对比预约/预报包裹数与签收数；默认 false
- detailLevel（可选）：string — getOrderDetail 详情分层：默认 header（N，无 merchandiseList/packageList）
- focusPod（可选）：boolean — 是否仅保留 POD/签收相关轨迹节点；默认 false
- inboundOrderNos（必填）：string[] — 入库单号（WI 前缀）或客户自有参考号列表
- includePackageDetails（可选）：boolean — 兼容参数：true 时升级为 package_detail；默认 false → header / isIncludePackage=N
- includeTrajectory（可选）：boolean — 是否保留轨迹列表；默认 true
- maxTrajectoryNodes（可选）：integer — 轨迹节点保留条数上限；默认 20

output_schema:
- analysis：string — 到仓阶段与签收客观说明
- structured：object — 结构化到仓状态数据","{
  ""type"": ""object"",
  ""required"": [
    ""inboundOrderNos""
  ],
  ""properties"": {
    ""inboundOrderNos"": {
      ""type"": ""array"",
      ""items"": {
        ""type"": ""string""
      },
      ""description"": ""入库单号（WI 前缀）或客户自有参考号列表""
    },
    ""includeTrajectory"": {
      ""type"": ""boolean"",
      ""description"": ""是否保留轨迹列表；默认 true"",
      ""default"": true
    },
    ""focusPod"": {
      ""type"": ""boolean"",
      ""description"": ""是否仅保留 POD/签收相关轨迹节点；默认 false"",
      ""default"": false
    },
    ""checkPackageQty"": {
      ""type"": ""boolean"",
      ""description"": ""是否对比预约/预报包裹数与签收数；默认 false"",
      ""default"": false
    },
    ""includePackageDetails"": {
      ""type"": ""boolean"",
      ""description"": ""兼容参数：true 时升级为 package_detail；默认 false → header / isIncludePackage=N"",
      ""default"": false
    },
    ""detailLevel"": {
      ""type"": ""string"",
      ""description"": ""getOrderDetail 详情分层：默认 header（N，无 merchandiseList/packageList）"",
      ""default"": ""header""
    },
    ""maxTrajectoryNodes"": {
      ""type"": ""integer"",
      ""description"": ""轨迹节点保留条数上限；默认 20"",
      ""default"": 20,
      ""minimum"": 1
    }
  }
}","{
  ""type"": ""object"",
  ""properties"": {
    ""structured"": {
      ""type"": ""object"",
      ""description"": ""结构化到仓状态数据""
    },
    ""analysis"": {
      ""type"": ""string"",
      ""description"": ""到仓阶段与签收客观说明""
    }
  }
}","{
  ""id"": ""inbound-arrival-status"",
  ""domain"": ""inbound"",
  ""name"": ""到仓状态查询"",
  ""description"": ""确认货物是否已到仓、当前轨迹位置、签收证明（POD）与 PEWC→EWC 转换情况；支持直发少包裹数量对比。不做上架进度判断（→ inbound-putaway-status）、不催促上架（→ inbound-putaway-expedite）。Use when 客户询问货到仓库了吗、签收状态、POD、PEWC 为何未变 EWC、直发包裹是否到齐。"",
  ""capabilities"": [
    ""到仓阶段判断"",
    ""轨迹里程碑"",
    ""POD/签收摘要"",
    ""PEWC→EWC 解读"",
    ""直发包裹数量对比""
  ],
  ""version"": ""0.1.0"",
  ""inputSchema"": {
    ""type"": ""object"",
    ""required"": [
      ""inboundOrderNos""
    ],
    ""properties"": {
      ""inboundOrderNos"": {
        ""type"": ""array"",
        ""items"": {
          ""type"": ""string""
        },
        ""description"": ""入库单号（WI 前缀）或客户自有参考号列表""
      },
      ""includeTrajectory"": {
        ""type"": ""boolean"",
        ""description"": ""是否保留轨迹列表；默认 true"",
        ""default"": true
      },
      ""focusPod"": {
        ""type"": ""boolean"",
        ""description"": ""是否仅保留 POD/签收相关轨迹节点；默认 false"",
        ""default"": false
      },
      ""checkPackageQty"": {
        ""type"": ""boolean"",
        ""description"": ""是否对比预约/预报包裹数与签收数；默认 false"",
        ""default"": false
      },
      ""includePackageDetails"": {
        ""type"": ""boolean"",
        ""description"": ""兼容参数：true 时升级为 package_detail；默认 false → header / isIncludePackage=N"",
        ""default"": false
      },
      ""detailLevel"": {
        ""type"": ""string"",
        ""description"": ""getOrderDetail 详情分层：默认 header（N，无 merchandiseList/packageList）"",
        ""default"": ""header""
      },
      ""maxTrajectoryNodes"": {
        ""type"": ""integer"",
        ""description"": ""轨迹节点保留条数上限；默认 20"",
        ""default"": 20,
        ""minimum"": 1
      }
    }
  },
  ""outputSchema"": {
    ""type"": ""object"",
    ""properties"": {
      ""structured"": {
        ""type"": ""object"",
        ""description"": ""结构化到仓状态数据""
      },
      ""analysis"": {
        ""type"": ""string"",
        ""description"": ""到仓阶段与签收客观说明""
      }
    }
  }
}",
inbound-capacity-availability,on,7649746786609938495,V0.1.0_20260629,rel-experts-20260626,库容与承接能力,查询客户 CBM/SKU 额度剩余，基于 MKS 数据输出额度温度与能否承接建议。卖家中心 InboundSkuLimitAggChart 为主路径，失败时 KB 降级。Slots 可约时间请转预约送仓指引，不提供仓级内部信号。Use when 客户询问还剩多少 CBM 额度、SKU 额度、能不能收这批货。,local_repo,experts/inbound/inbound-capacity-availability,"input_schema:
- cargoProfile（可选）：object — 货物属性（综合评估时使用）
  - cbmVolume（可选）：number
  - deliveryWayType（可选）：string
  - skuCount（可选）：number
- checkType（可选）：string — 查询维度：cbm / sku / overall 综合；slots 仅返回预约指引（不提供仓级 Slots 数据）
- warehouseCode（必填）：string — 目标仓库编码

output_schema:
- analysis：string — 额度摘要与建议动作
- structured：object — 额度与温度结构化数据","{
  ""type"": ""object"",
  ""required"": [
    ""warehouseCode""
  ],
  ""properties"": {
    ""warehouseCode"": {
      ""type"": ""string"",
      ""description"": ""目标仓库编码""
    },
    ""checkType"": {
      ""type"": ""string"",
      ""enum"": [
        ""cbm"",
        ""sku"",
        ""slots"",
        ""overall""
      ],
      ""description"": ""查询维度：cbm / sku / overall 综合；slots 仅返回预约指引（不提供仓级 Slots 数据）"",
      ""default"": ""overall""
    },
    ""cargoProfile"": {
      ""type"": ""object"",
      ""description"": ""货物属性（综合评估时使用）"",
      ""properties"": {
        ""cbmVolume"": {
          ""type"": ""number""
        },
        ""skuCount"": {
          ""type"": ""number""
        },
        ""deliveryWayType"": {
          ""type"": ""string""
        }
      }
    }
  }
}","{
  ""type"": ""object"",
  ""properties"": {
    ""structured"": {
      ""type"": ""object"",
      ""description"": ""额度与温度结构化数据""
    },
    ""analysis"": {
      ""type"": ""string"",
      ""description"": ""额度摘要与建议动作""
    }
  }
}","{
  ""id"": ""inbound-capacity-availability"",
  ""domain"": ""inbound"",
  ""name"": ""库容与承接能力"",
  ""description"": ""查询客户 CBM/SKU 额度剩余，基于 MKS 数据输出额度温度与能否承接建议。卖家中心 InboundSkuLimitAggChart 为主路径，失败时 KB 降级。Slots 可约时间请转预约送仓指引，不提供仓级内部信号。Use when 客户询问还剩多少 CBM 额度、SKU 额度、能不能收这批货。"",
  ""capabilities"": [
    ""CBM 额度查询"",
    ""SKU 额度查询"",
    ""库容温度判断"",
    ""换仓/拆批建议""
  ],
  ""version"": ""0.1.0"",
  ""inputSchema"": {
    ""type"": ""object"",
    ""required"": [
      ""warehouseCode""
    ],
    ""properties"": {
      ""warehouseCode"": {
        ""type"": ""string"",
        ""description"": ""目标仓库编码""
      },
      ""checkType"": {
        ""type"": ""string"",
        ""enum"": [
          ""cbm"",
          ""sku"",
          ""slots"",
          ""overall""
        ],
        ""description"": ""查询维度：cbm / sku / overall 综合；slots 仅返回预约指引（不提供仓级 Slots 数据）"",
        ""default"": ""overall""
      },
      ""cargoProfile"": {
        ""type"": ""object"",
        ""description"": ""货物属性（综合评估时使用）"",
        ""properties"": {
          ""cbmVolume"": {
            ""type"": ""number""
          },
          ""skuCount"": {
            ""type"": ""number""
          },
          ""deliveryWayType"": {
            ""type"": ""string""
          }
        }
      }
    }
  },
  ""outputSchema"": {
    ""type"": ""object"",
    ""properties"": {
      ""structured"": {
        ""type"": ""object"",
        ""description"": ""额度与温度结构化数据""
      },
      ""analysis"": {
        ""type"": ""string"",
        ""description"": ""额度摘要与建议动作""
      }
    }
  }
}",
inbound-exception-check,on,7667564642491727923,V0.1.0_20260629,rel-experts-20260626,入库异常核实,聚合预报/签收/验收/上架四层数量差异，查询异常单并生成差异报告。客观陈述差异事实，不判责、不承诺赔付。增值类异常仅输出 suggestedNextExpert/valueAddHandoff 指向 value-add/value-add-exception-diagnosis，不直接推荐 VASC 或服务项。Use when 客户反馈签收少件、上架数量对不上、有无异常单、包裹破损或签收争议。,local_repo,experts/inbound/inbound-exception-check,"input_schema:
- dateRange（可选）：object — 批量查时限制日期范围 { from, to }，格式 yyyy-MM-dd
- detailLevel（可选）：string — getOrderDetail 详情分层；默认 sku_summary
- exceptionDescription（可选）：string — 客户描述的异常关键词
- inboundOrderNos（可选）：string[] — 入库单号（WI 前缀）或客户参考号；与 queryAllExceptions 二选一
- includePackageDetails（可选）：boolean — 兼容参数：true 时升级为 package_detail；默认 false → sku_summary
- queryAllExceptions（可选）：boolean — true 时拉取客户全部近期异常单
- targetMerchandiseCodes（可选）：string[] — sku_filtered 时仅保留指定 SKU
- targetPackageNos（可选）：string[] — 包裹级下钻时指定箱号/包裹号

output_schema:
- analysis：string — 客观差异说明
- structured：object — 差异报告与异常单摘要","{
  ""type"": ""object"",
  ""required"": [],
  ""properties"": {
    ""inboundOrderNos"": {
      ""type"": ""array"",
      ""items"": {
        ""type"": ""string""
      },
      ""description"": ""入库单号（WI 前缀）或客户参考号；与 queryAllExceptions 二选一""
    },
    ""queryAllExceptions"": {
      ""type"": ""boolean"",
      ""description"": ""true 时拉取客户全部近期异常单"",
      ""default"": false
    },
    ""exceptionDescription"": {
      ""type"": ""string"",
      ""description"": ""客户描述的异常关键词""
    },
    ""dateRange"": {
      ""type"": ""object"",
      ""description"": ""批量查时限制日期范围 { from, to }，格式 yyyy-MM-dd""
    },
    ""includePackageDetails"": {
      ""type"": ""boolean"",
      ""description"": ""兼容参数：true 时升级为 package_detail；默认 false → sku_summary"",
      ""default"": false
    },
    ""detailLevel"": {
      ""type"": ""string"",
      ""description"": ""getOrderDetail 详情分层；默认 sku_summary"",
      ""default"": ""sku_summary""
    },
    ""targetMerchandiseCodes"": {
      ""type"": ""array"",
      ""items"": {
        ""type"": ""string""
      },
      ""description"": ""sku_filtered 时仅保留指定 SKU""
    },
    ""targetPackageNos"": {
      ""type"": ""array"",
      ""items"": {
        ""type"": ""string""
      },
      ""description"": ""包裹级下钻时指定箱号/包裹号""
    }
  }
}","{
  ""type"": ""object"",
  ""properties"": {
    ""structured"": {
      ""type"": ""object"",
      ""description"": ""差异报告与异常单摘要""
    },
    ""analysis"": {
      ""type"": ""string"",
      ""description"": ""客观差异说明""
    }
  }
}","{
  ""id"": ""inbound-exception-check"",
  ""domain"": ""inbound"",
  ""name"": ""入库异常核实"",
  ""description"": ""聚合预报/签收/验收/上架四层数量差异，查询异常单并生成差异报告。客观陈述差异事实，不判责、不承诺赔付。增值类异常仅输出 suggestedNextExpert/valueAddHandoff 指向 value-add/value-add-exception-diagnosis，不直接推荐 VASC 或服务项。Use when 客户反馈签收少件、上架数量对不上、有无异常单、包裹破损或签收争议。"",
  ""capabilities"": [
    ""四层数量差异报告"",
    ""异常单查询"",
    ""异常类型识别"",
    ""人工升级判断"",
    ""下游专家建议"",
    ""valueAddHandoff 输出""
  ],
  ""version"": ""0.1.0"",
  ""inputSchema"": {
    ""type"": ""object"",
    ""required"": [],
    ""properties"": {
      ""inboundOrderNos"": {
        ""type"": ""array"",
        ""items"": {
          ""type"": ""string""
        },
        ""description"": ""入库单号（WI 前缀）或客户参考号；与 queryAllExceptions 二选一""
      },
      ""queryAllExceptions"": {
        ""type"": ""boolean"",
        ""description"": ""true 时拉取客户全部近期异常单"",
        ""default"": false
      },
      ""exceptionDescription"": {
        ""type"": ""string"",
        ""description"": ""客户描述的异常关键词""
      },
      ""dateRange"": {
        ""type"": ""object"",
        ""description"": ""批量查时限制日期范围 { from, to }，格式 yyyy-MM-dd""
      },
      ""includePackageDetails"": {
        ""type"": ""boolean"",
        ""description"": ""兼容参数：true 时升级为 package_detail；默认 false → sku_summary"",
        ""default"": false
      },
      ""detailLevel"": {
        ""type"": ""string"",
        ""description"": ""getOrderDetail 详情分层；默认 sku_summary"",
        ""default"": ""sku_summary""
      },
      ""targetMerchandiseCodes"": {
        ""type"": ""array"",
        ""items"": {
          ""type"": ""string""
        },
        ""description"": ""sku_filtered 时仅保留指定 SKU""
      },
      ""targetPackageNos"": {
        ""type"": ""array"",
        ""items"": {
          ""type"": ""string""
        },
        ""description"": ""包裹级下钻时指定箱号/包裹号""
      }
    }
  },
  ""outputSchema"": {
    ""type"": ""object"",
    ""properties"": {
      ""structured"": {
        ""type"": ""object"",
        ""description"": ""差异报告与异常单摘要""
      },
      ""analysis"": {
        ""type"": ""string"",
        ""description"": ""客观差异说明""
      }
    }
  }
}",
inbound-order-manage,on,7664808061337174035,V0.1.0_20260629,rel-experts-20260626,入库单操作指引,入库单创建/修改/关闭/取消操作指引：输出步骤、PSC 选型建议、可修改条件与关闭风险提示；不代客执行写操作。Use when 客户询问怎么新建入库单、该选哪个 PSC、怎么修改目的仓、怎么关闭或取消入库单。,local_repo,experts/inbound/inbound-order-manage,"input_schema:
- inboundOrderNo（可选）：string — 目标入库单号；modify/close/cancel 时建议提供
- intent（必填）：string — 操作意图：create 新建 / modify 修改 / close 关闭 / cancel 取消 / general 通用
- targetPsc（可选）：string — 目标 PSC 编码（create 时可选指定）
- targetWarehouseCode（可选）：string — 目的仓编码（create 选型参考）

output_schema:
- analysis：string — 操作步骤与风险提示
- structured：object — 操作指引结构化结果","{
  ""type"": ""object"",
  ""required"": [
    ""intent""
  ],
  ""properties"": {
    ""intent"": {
      ""type"": ""string"",
      ""enum"": [
        ""create"",
        ""modify"",
        ""close"",
        ""cancel"",
        ""general""
      ],
      ""description"": ""操作意图：create 新建 / modify 修改 / close 关闭 / cancel 取消 / general 通用""
    },
    ""inboundOrderNo"": {
      ""type"": ""string"",
      ""description"": ""目标入库单号；modify/close/cancel 时建议提供""
    },
    ""targetWarehouseCode"": {
      ""type"": ""string"",
      ""description"": ""目的仓编码（create 选型参考）""
    },
    ""targetPsc"": {
      ""type"": ""string"",
      ""description"": ""目标 PSC 编码（create 时可选指定）""
    }
  }
}","{
  ""type"": ""object"",
  ""properties"": {
    ""structured"": {
      ""type"": ""object"",
      ""description"": ""操作指引结构化结果""
    },
    ""analysis"": {
      ""type"": ""string"",
      ""description"": ""操作步骤与风险提示""
    }
  }
}","{
  ""id"": ""inbound-order-manage"",
  ""domain"": ""inbound"",
  ""name"": ""入库单操作指引"",
  ""description"": ""入库单创建/修改/关闭/取消操作指引：输出步骤、PSC 选型建议、可修改条件与关闭风险提示；不代客执行写操作。Use when 客户询问怎么新建入库单、该选哪个 PSC、怎么修改目的仓、怎么关闭或取消入库单。"",
  ""capabilities"": [
    ""新建入库单指引"",
    ""修改条件说明"",
    ""关闭/取消规则"",
    ""PSC 选型建议"",
    ""状态可操作性判断""
  ],
  ""version"": ""0.1.0"",
  ""inputSchema"": {
    ""type"": ""object"",
    ""required"": [
      ""intent""
    ],
    ""properties"": {
      ""intent"": {
        ""type"": ""string"",
        ""enum"": [
          ""create"",
          ""modify"",
          ""close"",
          ""cancel"",
          ""general""
        ],
        ""description"": ""操作意图：create 新建 / modify 修改 / close 关闭 / cancel 取消 / general 通用""
      },
      ""inboundOrderNo"": {
        ""type"": ""string"",
        ""description"": ""目标入库单号；modify/close/cancel 时建议提供""
      },
      ""targetWarehouseCode"": {
        ""type"": ""string"",
        ""description"": ""目的仓编码（create 选型参考）""
      },
      ""targetPsc"": {
        ""type"": ""string"",
        ""description"": ""目标 PSC 编码（create 时可选指定）""
      }
    }
  },
  ""outputSchema"": {
    ""type"": ""object"",
    ""properties"": {
      ""structured"": {
        ""type"": ""object"",
        ""description"": ""操作指引结构化结果""
      },
      ""analysis"": {
        ""type"": ""string"",
        ""description"": ""操作步骤与风险提示""
      }
    }
  }
}",
inbound-order-status,on,7667567658200105001,V0.1.0_20260629,rel-experts-20260626,入库单状态解读,根据入库单号拉取 OMS 详情（getOrderDetail）与专用轨迹（queryOrderTracking），归纳当前状态码、轨迹里程碑与关键字段含义；getOrderDetail 不含轨迹。状态事实可作为下游 value-add 推荐层的 orderStatusHint/enrichedContext，但本专家不推荐 VASC、不解释服务项、不查询增值单状态。支持无单号时仅凭 errorCode 走 KB 解读。,local_repo,experts/inbound/inbound-order-status,"input_schema:
- detailLevel（可选）：string — getOrderDetail 详情分层：默认 header（N，无 merchandiseList）
- errorCode（可选）：string — 系统报错码；无 inboundOrderNos 时走纯 KB 路径解读。
- inboundOrderNos（可选）：string[] — 入库单号（WI 前缀）或客户自有参考号列表；工作流内自动区分查询字段。
- includePackageDetails（可选）：boolean — 兼容参数：true 时升级为 package_detail；默认 false → header / isIncludePackage=N
- includeTracking（可选）：boolean — 是否调用 queryOrderTracking 拉取轨迹；默认 true
- maxTrajectoryNodes（可选）：integer — 剪枝：trajectoryList 保留条数上限；默认 20

output_schema:
- analysis：string — 状态与字段解读说明
- structured：object — 结构化状态数据","{
  ""type"": ""object"",
  ""required"": [],
  ""properties"": {
    ""inboundOrderNos"": {
      ""type"": ""array"",
      ""items"": {
        ""type"": ""string""
      },
      ""description"": ""入库单号（WI 前缀）或客户自有参考号列表；工作流内自动区分查询字段。""
    },
    ""errorCode"": {
      ""type"": ""string"",
      ""description"": ""系统报错码；无 inboundOrderNos 时走纯 KB 路径解读。""
    },
    ""includePackageDetails"": {
      ""type"": ""boolean"",
      ""description"": ""兼容参数：true 时升级为 package_detail；默认 false → header / isIncludePackage=N"",
      ""default"": false
    },
    ""detailLevel"": {
      ""type"": ""string"",
      ""description"": ""getOrderDetail 详情分层：默认 header（N，无 merchandiseList）"",
      ""default"": ""header""
    },
    ""includeTracking"": {
      ""type"": ""boolean"",
      ""description"": ""是否调用 queryOrderTracking 拉取轨迹；默认 true"",
      ""default"": true
    },
    ""maxTrajectoryNodes"": {
      ""type"": ""integer"",
      ""description"": ""剪枝：trajectoryList 保留条数上限；默认 20"",
      ""default"": 20,
      ""minimum"": 1
    }
  }
}","{
  ""type"": ""object"",
  ""properties"": {
    ""structured"": {
      ""type"": ""object"",
      ""description"": ""结构化状态数据""
    },
    ""analysis"": {
      ""type"": ""string"",
      ""description"": ""状态与字段解读说明""
    }
  }
}","{
  ""id"": ""inbound-order-status"",
  ""domain"": ""inbound"",
  ""name"": ""入库单状态解读"",
  ""description"": ""根据入库单号拉取 OMS 详情（getOrderDetail）与专用轨迹（queryOrderTracking），归纳当前状态码、轨迹里程碑与关键字段含义；getOrderDetail 不含轨迹。状态事实可作为下游 value-add 推荐层的 orderStatusHint/enrichedContext，但本专家不推荐 VASC、不解释服务项、不查询增值单状态。支持无单号时仅凭 errorCode 走 KB 解读。"",
  ""capabilities"": [
    ""入库单状态"",
    ""轨迹里程碑"",
    ""字段解读"",
    ""报错码解读"",
    ""多标识解析（WI 单号 / 客户参考号）""
  ],
  ""version"": ""0.1.0"",
  ""inputSchema"": {
    ""type"": ""object"",
    ""required"": [],
    ""properties"": {
      ""inboundOrderNos"": {
        ""type"": ""array"",
        ""items"": {
          ""type"": ""string""
        },
        ""description"": ""入库单号（WI 前缀）或客户自有参考号列表；工作流内自动区分查询字段。""
      },
      ""errorCode"": {
        ""type"": ""string"",
        ""description"": ""系统报错码；无 inboundOrderNos 时走纯 KB 路径解读。""
      },
      ""includePackageDetails"": {
        ""type"": ""boolean"",
        ""description"": ""兼容参数：true 时升级为 package_detail；默认 false → header / isIncludePackage=N"",
        ""default"": false
      },
      ""detailLevel"": {
        ""type"": ""string"",
        ""description"": ""getOrderDetail 详情分层：默认 header（N，无 merchandiseList）"",
        ""default"": ""header""
      },
      ""includeTracking"": {
        ""type"": ""boolean"",
        ""description"": ""是否调用 queryOrderTracking 拉取轨迹；默认 true"",
        ""default"": true
      },
      ""maxTrajectoryNodes"": {
        ""type"": ""integer"",
        ""description"": ""剪枝：trajectoryList 保留条数上限；默认 20"",
        ""default"": 20,
        ""minimum"": 1
      }
    }
  },
  ""outputSchema"": {
    ""type"": ""object"",
    ""properties"": {
      ""structured"": {
        ""type"": ""object"",
        ""description"": ""结构化状态数据""
      },
      ""analysis"": {
        ""type"": ""string"",
        ""description"": ""状态与字段解读说明""
      }
    }
  }
}",
inbound-process-guide,on,7664806291499745306,V1.0.0_20260629,rel-experts-20260626,入库流程与规则指引,解答入库流程怎么走、规则/条件、费用口径与禁限运品等 FAQ。KB/RAG 为主路径，无必须 API。Use when 客户询问入库操作流程、CBM 限制、禁限运、头程与直发区别、入库费用等。,local_repo,experts/inbound/inbound-process-guide,"input_schema:
- country（可选）：string — 目的国/地区（UK / US / DE 等），用于匹配国别差异化规则
- productLine（可选）：string — 产品线或 PSC 编码提示（如 OW01011、OW01021），用于差异化规则匹配
- subTopic（可选）：string — 子主题细化（如「自验流程」「件型限制」「逾期账单」）
- topic（必填）：string — 咨询主题关键词（如「标准海外仓入库流程」「CBM 限制」「入库费用」）

output_schema:
- analysis：string — 分步说明或规则摘要（自然语言）
- structured：object — 流程/规则结构化结果
  - expertRouting：string
  - feeNotes：string
  - intentType：string
  - matchedRules：object[]
    （无字段定义）
  - prerequisites：string[]
  - prohibitedItems：string[]
  - pscContext：string
  - sopSteps：string[]
  - topicMatched：string","{
  ""type"": ""object"",
  ""required"": [
    ""topic""
  ],
  ""properties"": {
    ""topic"": {
      ""type"": ""string"",
      ""description"": ""咨询主题关键词（如「标准海外仓入库流程」「CBM 限制」「入库费用」）""
    },
    ""country"": {
      ""type"": ""string"",
      ""description"": ""目的国/地区（UK / US / DE 等），用于匹配国别差异化规则""
    },
    ""productLine"": {
      ""type"": ""string"",
      ""description"": ""产品线或 PSC 编码提示（如 OW01011、OW01021），用于差异化规则匹配""
    },
    ""subTopic"": {
      ""type"": ""string"",
      ""description"": ""子主题细化（如「自验流程」「件型限制」「逾期账单」）""
    }
  }
}","{
  ""type"": ""object"",
  ""properties"": {
    ""structured"": {
      ""type"": ""object"",
      ""description"": ""流程/规则结构化结果"",
      ""properties"": {
        ""topicMatched"": {
          ""type"": ""string""
        },
        ""intentType"": {
          ""type"": ""string""
        },
        ""sopSteps"": {
          ""type"": ""array"",
          ""items"": {
            ""type"": ""string""
          }
        },
        ""matchedRules"": {
          ""type"": ""array"",
          ""items"": {
            ""type"": ""object""
          }
        },
        ""feeNotes"": {
          ""type"": ""string""
        },
        ""prohibitedItems"": {
          ""type"": ""array"",
          ""items"": {
            ""type"": ""string""
          }
        },
        ""pscContext"": {
          ""type"": ""string""
        },
        ""prerequisites"": {
          ""type"": ""array"",
          ""items"": {
            ""type"": ""string""
          }
        },
        ""expertRouting"": {
          ""type"": ""string""
        }
      }
    },
    ""analysis"": {
      ""type"": ""string"",
      ""description"": ""分步说明或规则摘要（自然语言）""
    }
  }
}","{
  ""id"": ""inbound-process-guide"",
  ""domain"": ""inbound"",
  ""name"": ""入库流程与规则指引"",
  ""description"": ""解答入库流程怎么走、规则/条件、费用口径与禁限运品等 FAQ。KB/RAG 为主路径，无必须 API。Use when 客户询问入库操作流程、CBM 限制、禁限运、头程与直发区别、入库费用等。"",
  ""capabilities"": [
    ""入库流程"",
    ""规则解读"",
    ""费用说明"",
    ""禁限运品"",
    ""PSC 选型原则""
  ],
  ""version"": ""1.0.0"",
  ""inputSchema"": {
    ""type"": ""object"",
    ""required"": [
      ""topic""
    ],
    ""properties"": {
      ""topic"": {
        ""type"": ""string"",
        ""description"": ""咨询主题关键词（如「标准海外仓入库流程」「CBM 限制」「入库费用」）""
      },
      ""country"": {
        ""type"": ""string"",
        ""description"": ""目的国/地区（UK / US / DE 等），用于匹配国别差异化规则""
      },
      ""productLine"": {
        ""type"": ""string"",
        ""description"": ""产品线或 PSC 编码提示（如 OW01011、OW01021），用于差异化规则匹配""
      },
      ""subTopic"": {
        ""type"": ""string"",
        ""description"": ""子主题细化（如「自验流程」「件型限制」「逾期账单」）""
      }
    }
  },
  ""outputSchema"": {
    ""type"": ""object"",
    ""properties"": {
      ""structured"": {
        ""type"": ""object"",
        ""description"": ""流程/规则结构化结果"",
        ""properties"": {
          ""topicMatched"": {
            ""type"": ""string""
          },
          ""intentType"": {
            ""type"": ""string""
          },
          ""sopSteps"": {
            ""type"": ""array"",
            ""items"": {
              ""type"": ""string""
            }
          },
          ""matchedRules"": {
            ""type"": ""array"",
            ""items"": {
              ""type"": ""object""
            }
          },
          ""feeNotes"": {
            ""type"": ""string""
          },
          ""prohibitedItems"": {
            ""type"": ""array"",
            ""items"": {
              ""type"": ""string""
            }
          },
          ""pscContext"": {
            ""type"": ""string""
          },
          ""prerequisites"": {
            ""type"": ""array"",
            ""items"": {
              ""type"": ""string""
            }
          },
          ""expertRouting"": {
            ""type"": ""string""
          }
        }
      },
      ""analysis"": {
        ""type"": ""string"",
        ""description"": ""分步说明或规则摘要（自然语言）""
      }
    }
  }
}",
inbound-psc-eligibility,on,7649755288274731049,V0.1.0_20260629,rel-experts-20260626,入库 PSC 开通查询,只读查询当前客户可下单的入库产品线（winit.wh.pms.getWinitProducts）。支持按 filterCodes / productLine 过滤；返回完整 productCode 列表及自验/海外验/头程权限标记。不做权限申请（→ inbound-permission-apply）、不输出 CBM/SKU 额度（→ inbound-capacity-availability）。编排提示：链式调用时可向下游写入 enabledProducts、hasSelfInspection、hasOverseasInspection、hasStandardFirstLeg。Use when 客户询问能用哪些入库产品、某 PSC 是否开通、有没有自验或海外验权限。,local_repo,experts/inbound/inbound-psc-eligibility,"input_schema:
- country（可选）：string — 可选；国家代码（US/UK/DE/AU/CA/BE），用于辅助过滤或 KB 上下文
- filterCodes（可选）：string[] — 可选；仅返回指定 PSC 编码（如 [""OW01021"",""OW01022""]）
- productLine（可选）：string — 可选；产品线关键词或 PSC 编码（如 OW01021、自验、海外验）
- warehouseCode（可选）：string — 可选；上下文仓库编码（API 不按仓过滤）

output_schema:
- analysis：string — 已开通与未开通产品说明
- structured：object — PSC 开通结构化数据","{
  ""type"": ""object"",
  ""required"": [],
  ""properties"": {
    ""warehouseCode"": {
      ""type"": ""string"",
      ""description"": ""可选；上下文仓库编码（API 不按仓过滤）""
    },
    ""country"": {
      ""type"": ""string"",
      ""description"": ""可选；国家代码（US/UK/DE/AU/CA/BE），用于辅助过滤或 KB 上下文""
    },
    ""productLine"": {
      ""type"": ""string"",
      ""description"": ""可选；产品线关键词或 PSC 编码（如 OW01021、自验、海外验）""
    },
    ""filterCodes"": {
      ""type"": ""array"",
      ""items"": {
        ""type"": ""string""
      },
      ""description"": ""可选；仅返回指定 PSC 编码（如 [\""OW01021\"",\""OW01022\""]）""
    }
  }
}","{
  ""type"": ""object"",
  ""properties"": {
    ""structured"": {
      ""type"": ""object"",
      ""description"": ""PSC 开通结构化数据""
    },
    ""analysis"": {
      ""type"": ""string"",
      ""description"": ""已开通与未开通产品说明""
    }
  }
}","{
  ""id"": ""inbound-psc-eligibility"",
  ""domain"": ""inbound"",
  ""name"": ""入库 PSC 开通查询"",
  ""description"": ""只读查询当前客户可下单的入库产品线（winit.wh.pms.getWinitProducts）。支持按 filterCodes / productLine 过滤；返回完整 productCode 列表及自验/海外验/头程权限标记。不做权限申请（→ inbound-permission-apply）、不输出 CBM/SKU 额度（→ inbound-capacity-availability）。编排提示：链式调用时可向下游写入 enabledProducts、hasSelfInspection、hasOverseasInspection、hasStandardFirstLeg。Use when 客户询问能用哪些入库产品、某 PSC 是否开通、有没有自验或海外验权限。"",
  ""capabilities"": [
    ""PSC 可下单列表"",
    ""自验权限标记"",
    ""海外验权限标记"",
    ""标准头程权限标记"",
    ""产品线过滤""
  ],
  ""version"": ""0.1.0"",
  ""inputSchema"": {
    ""type"": ""object"",
    ""required"": [],
    ""properties"": {
      ""warehouseCode"": {
        ""type"": ""string"",
        ""description"": ""可选；上下文仓库编码（API 不按仓过滤）""
      },
      ""country"": {
        ""type"": ""string"",
        ""description"": ""可选；国家代码（US/UK/DE/AU/CA/BE），用于辅助过滤或 KB 上下文""
      },
      ""productLine"": {
        ""type"": ""string"",
        ""description"": ""可选；产品线关键词或 PSC 编码（如 OW01021、自验、海外验）""
      },
      ""filterCodes"": {
        ""type"": ""array"",
        ""items"": {
          ""type"": ""string""
        },
        ""description"": ""可选；仅返回指定 PSC 编码（如 [\""OW01021\"",\""OW01022\""]）""
      }
    }
  },
  ""outputSchema"": {
    ""type"": ""object"",
    ""properties"": {
      ""structured"": {
        ""type"": ""object"",
        ""description"": ""PSC 开通结构化数据""
      },
      ""analysis"": {
        ""type"": ""string"",
        ""description"": ""已开通与未开通产品说明""
      }
    }
  }
}",
inbound-putaway-status,on,7660067244324438052,V0.1.0_20260629,rel-experts-20260626,上架进度查询,汇报入库单上架完成情况、预计完成时间及实际上架数量与预报数量对比摘要。客观描述进度，不催促（→ inbound-putaway-expedite）、不判责数量差异（→ inbound-exception-check）。Use when 客户询问上架了吗、还要多久、上架数量是否一致。,local_repo,experts/inbound/inbound-putaway-status,"input_schema:
- checkQtyDiscrepancy（可选）：boolean — 是否执行商品数量对比；默认 true
- detailLevel（可选）：string — getOrderDetail 详情分层；默认 sku_summary（Y + extract 删 packageList）
- inboundOrderNos（必填）：string[] — 入库单号（WI 前缀）或客户自有参考号列表
- includePackageDetails（可选）：boolean — 兼容参数：true 升级为 package_detail
- maxTrajectoryNodes（可选）：integer — 轨迹节点保留条数上限；默认 20
- targetMerchandiseCodes（可选）：string[] — sku_filtered 时仅保留指定 SKU

output_schema:
- analysis：string — 上架进度与数量对比说明
- structured：object — 结构化上架进度数据","{
  ""type"": ""object"",
  ""required"": [
    ""inboundOrderNos""
  ],
  ""properties"": {
    ""inboundOrderNos"": {
      ""type"": ""array"",
      ""items"": {
        ""type"": ""string""
      },
      ""description"": ""入库单号（WI 前缀）或客户自有参考号列表""
    },
    ""checkQtyDiscrepancy"": {
      ""type"": ""boolean"",
      ""description"": ""是否执行商品数量对比；默认 true"",
      ""default"": true
    },
    ""detailLevel"": {
      ""type"": ""string"",
      ""description"": ""getOrderDetail 详情分层；默认 sku_summary（Y + extract 删 packageList）"",
      ""default"": ""sku_summary""
    },
    ""targetMerchandiseCodes"": {
      ""type"": ""array"",
      ""items"": {
        ""type"": ""string""
      },
      ""description"": ""sku_filtered 时仅保留指定 SKU""
    },
    ""includePackageDetails"": {
      ""type"": ""boolean"",
      ""description"": ""兼容参数：true 升级为 package_detail"",
      ""default"": false
    },
    ""maxTrajectoryNodes"": {
      ""type"": ""integer"",
      ""description"": ""轨迹节点保留条数上限；默认 20"",
      ""default"": 20,
      ""minimum"": 1
    }
  }
}","{
  ""type"": ""object"",
  ""properties"": {
    ""structured"": {
      ""type"": ""object"",
      ""description"": ""结构化上架进度数据""
    },
    ""analysis"": {
      ""type"": ""string"",
      ""description"": ""上架进度与数量对比说明""
    }
  }
}","{
  ""id"": ""inbound-putaway-status"",
  ""domain"": ""inbound"",
  ""name"": ""上架进度查询"",
  ""description"": ""汇报入库单上架完成情况、预计完成时间及实际上架数量与预报数量对比摘要。客观描述进度，不催促（→ inbound-putaway-expedite）、不判责数量差异（→ inbound-exception-check）。Use when 客户询问上架了吗、还要多久、上架数量是否一致。"",
  ""capabilities"": [
    ""上架阶段推断"",
    ""数量对比摘要"",
    ""SLA 超时标注"",
    ""预计完成时间推断""
  ],
  ""version"": ""0.1.0"",
  ""inputSchema"": {
    ""type"": ""object"",
    ""required"": [
      ""inboundOrderNos""
    ],
    ""properties"": {
      ""inboundOrderNos"": {
        ""type"": ""array"",
        ""items"": {
          ""type"": ""string""
        },
        ""description"": ""入库单号（WI 前缀）或客户自有参考号列表""
      },
      ""checkQtyDiscrepancy"": {
        ""type"": ""boolean"",
        ""description"": ""是否执行商品数量对比；默认 true"",
        ""default"": true
      },
      ""detailLevel"": {
        ""type"": ""string"",
        ""description"": ""getOrderDetail 详情分层；默认 sku_summary（Y + extract 删 packageList）"",
        ""default"": ""sku_summary""
      },
      ""targetMerchandiseCodes"": {
        ""type"": ""array"",
        ""items"": {
          ""type"": ""string""
        },
        ""description"": ""sku_filtered 时仅保留指定 SKU""
      },
      ""includePackageDetails"": {
        ""type"": ""boolean"",
        ""description"": ""兼容参数：true 升级为 package_detail"",
        ""default"": false
      },
      ""maxTrajectoryNodes"": {
        ""type"": ""integer"",
        ""description"": ""轨迹节点保留条数上限；默认 20"",
        ""default"": 20,
        ""minimum"": 1
      }
    }
  },
  ""outputSchema"": {
    ""type"": ""object"",
    ""properties"": {
      ""structured"": {
        ""type"": ""object"",
        ""description"": ""结构化上架进度数据""
      },
      ""analysis"": {
        ""type"": ""string"",
        ""description"": ""上架进度与数量对比说明""
      }
    }
  }
}",
inbound-self-inspection,on,7657829749850603546,V0.1.0_20260629,rel-experts-20260626,自验操作与进度,OW01021/OW01022 自验闭环：发货前提交/修改/免验操作指引，到仓后抽验结果与费用查询。submit_guide 走纯 KB 路径；status/progress 拉取 OMS 入库单详情与可选异常单。不代客提交验货数据，不承诺抽验费退款。Use when 客户问自验怎么提交、验货填错怎么改、抽验结果与费用、能否免验。,local_repo,experts/inbound/inbound-self-inspection,"input_schema:
- inboundOrderNo（可选）：string — 单个入库单号（与 inboundOrderNos 等价）
- inboundOrderNos（可选）：string[] — 入库单号（WI 前缀）；status/progress 场景必填
- intent（可选）：string — 咨询意图：submit_guide（提交指引）/ status（验货状态）/ progress（抽验进度与结果）
- phase（可选）：string — 可选阶段：pre_ship / post_arrival；缺省由订单状态推断
- subTopic（可选）：string — 子场景：submit_guide / modify_guide / sampling_result / exemption_check

output_schema:
- analysis：string — 操作指引或抽验结果说明
- structured：object — 自验结构化数据","{
  ""type"": ""object"",
  ""required"": [],
  ""properties"": {
    ""intent"": {
      ""type"": ""string"",
      ""description"": ""咨询意图：submit_guide（提交指引）/ status（验货状态）/ progress（抽验进度与结果）"",
      ""enum"": [
        ""submit_guide"",
        ""status"",
        ""progress""
      ]
    },
    ""subTopic"": {
      ""type"": ""string"",
      ""description"": ""子场景：submit_guide / modify_guide / sampling_result / exemption_check""
    },
    ""inboundOrderNos"": {
      ""type"": ""array"",
      ""items"": {
        ""type"": ""string""
      },
      ""description"": ""入库单号（WI 前缀）；status/progress 场景必填""
    },
    ""inboundOrderNo"": {
      ""type"": ""string"",
      ""description"": ""单个入库单号（与 inboundOrderNos 等价）""
    },
    ""phase"": {
      ""type"": ""string"",
      ""description"": ""可选阶段：pre_ship / post_arrival；缺省由订单状态推断""
    }
  }
}","{
  ""type"": ""object"",
  ""properties"": {
    ""structured"": {
      ""type"": ""object"",
      ""description"": ""自验结构化数据""
    },
    ""analysis"": {
      ""type"": ""string"",
      ""description"": ""操作指引或抽验结果说明""
    }
  }
}","{
  ""id"": ""inbound-self-inspection"",
  ""domain"": ""inbound"",
  ""name"": ""自验操作与进度"",
  ""description"": ""OW01021/OW01022 自验闭环：发货前提交/修改/免验操作指引，到仓后抽验结果与费用查询。submit_guide 走纯 KB 路径；status/progress 拉取 OMS 入库单详情与可选异常单。不代客提交验货数据，不承诺抽验费退款。Use when 客户问自验怎么提交、验货填错怎么改、抽验结果与费用、能否免验。"",
  ""capabilities"": [
    ""自验提交指引"",
    ""验货修改指引"",
    ""免验条件判断"",
    ""抽验结果查询"",
    ""阶段自动推断""
  ],
  ""version"": ""0.1.0"",
  ""inputSchema"": {
    ""type"": ""object"",
    ""required"": [],
    ""properties"": {
      ""intent"": {
        ""type"": ""string"",
        ""description"": ""咨询意图：submit_guide（提交指引）/ status（验货状态）/ progress（抽验进度与结果）"",
        ""enum"": [
          ""submit_guide"",
          ""status"",
          ""progress""
        ]
      },
      ""subTopic"": {
        ""type"": ""string"",
        ""description"": ""子场景：submit_guide / modify_guide / sampling_result / exemption_check""
      },
      ""inboundOrderNos"": {
        ""type"": ""array"",
        ""items"": {
          ""type"": ""string""
        },
        ""description"": ""入库单号（WI 前缀）；status/progress 场景必填""
      },
      ""inboundOrderNo"": {
        ""type"": ""string"",
        ""description"": ""单个入库单号（与 inboundOrderNos 等价）""
      },
      ""phase"": {
        ""type"": ""string"",
        ""description"": ""可选阶段：pre_ship / post_arrival；缺省由订单状态推断""
      }
    }
  },
  ""outputSchema"": {
    ""type"": ""object"",
    ""properties"": {
      ""structured"": {
        ""type"": ""object"",
        ""description"": ""自验结构化数据""
      },
      ""analysis"": {
        ""type"": ""string"",
        ""description"": ""操作指引或抽验结果说明""
      }
    }
  }
}",
inbound-warehouse-info,on,7649732866302377984,V1.1.0_20260629,rel-experts-20260626,仓库基础信息查询,根据仓库编码或国家/地区检索海外仓地址、联系人、营业时间、仓型定位、可接商品类型与截单规则等静态资料。纯 KB 路径，无实时 API。Use when 客户询问仓库地址、送货填写、某仓能否存 DG/纯电/食品、仓型或截单规则。,local_repo,experts/inbound/inbound-warehouse-info,"input_schema:
- country（可选）：string — 国家/地区（UK / US / DE / AU / CA / BE 等）；未知仓码时按国检索可用仓摘要
- topic（可选）：string — 聚焦主题：address / contact / hours / cutoff / type / capabilities / rules / all（默认 all）
- warehouseCode（可选）：string — Winit 仓库编码（如 USWC、UK、DE）；与 country 二选一，优先精确匹配

output_schema:
- analysis：string — 按 topic 聚焦的仓库信息自然语言说明
- structured：object — 仓库结构化资料
  - address：string
  - addressExpress：string
  - businessHours：string
  - capabilities：object
    - chemical：boolean
    - dg：boolean
    - food：boolean
    - pureElectric：boolean
    - specialChemical：boolean
  - contactPerson：string
  - contactPhone：string
  - country：string
  - cutoffTime：string
  - operationMode：string
  - specialNotes：string[]
  - supportedProducts：string
  - warehouseCode：string
  - warehouseName：string
  - warehousePosition：string
  - warehouseType：string","{
  ""type"": ""object"",
  ""required"": [],
  ""properties"": {
    ""warehouseCode"": {
      ""type"": ""string"",
      ""description"": ""Winit 仓库编码（如 USWC、UK、DE）；与 country 二选一，优先精确匹配""
    },
    ""country"": {
      ""type"": ""string"",
      ""description"": ""国家/地区（UK / US / DE / AU / CA / BE 等）；未知仓码时按国检索可用仓摘要""
    },
    ""topic"": {
      ""type"": ""string"",
      ""description"": ""聚焦主题：address / contact / hours / cutoff / type / capabilities / rules / all（默认 all）"",
      ""default"": ""all""
    }
  }
}","{
  ""type"": ""object"",
  ""properties"": {
    ""structured"": {
      ""type"": ""object"",
      ""description"": ""仓库结构化资料"",
      ""properties"": {
        ""warehouseCode"": {
          ""type"": ""string""
        },
        ""warehouseName"": {
          ""type"": ""string""
        },
        ""country"": {
          ""type"": ""string""
        },
        ""address"": {
          ""type"": ""string""
        },
        ""contactPerson"": {
          ""type"": ""string""
        },
        ""contactPhone"": {
          ""type"": ""string""
        },
        ""businessHours"": {
          ""type"": ""string""
        },
        ""cutoffTime"": {
          ""type"": ""string""
        },
        ""warehouseType"": {
          ""type"": ""string""
        },
        ""warehousePosition"": {
          ""type"": ""string""
        },
        ""operationMode"": {
          ""type"": ""string""
        },
        ""supportedProducts"": {
          ""type"": ""string""
        },
        ""addressExpress"": {
          ""type"": ""string""
        },
        ""capabilities"": {
          ""type"": ""object"",
          ""properties"": {
            ""pureElectric"": {
              ""type"": ""boolean""
            },
            ""dg"": {
              ""type"": ""boolean""
            },
            ""chemical"": {
              ""type"": ""boolean""
            },
            ""specialChemical"": {
              ""type"": ""boolean""
            },
            ""food"": {
              ""type"": ""boolean""
            }
          }
        },
        ""specialNotes"": {
          ""type"": ""array"",
          ""items"": {
            ""type"": ""string""
          }
        }
      }
    },
    ""analysis"": {
      ""type"": ""string"",
      ""description"": ""按 topic 聚焦的仓库信息自然语言说明""
    }
  }
}","{
  ""id"": ""inbound-warehouse-info"",
  ""domain"": ""inbound"",
  ""name"": ""仓库基础信息查询"",
  ""description"": ""根据仓库编码或国家/地区检索海外仓地址、联系人、营业时间、仓型定位、可接商品类型与截单规则等静态资料。纯 KB 路径，无实时 API。Use when 客户询问仓库地址、送货填写、某仓能否存 DG/纯电/食品、仓型或截单规则。"",
  ""capabilities"": [
    ""仓库地址"",
    ""联系人"",
    ""营业时间"",
    ""截单规则"",
    ""送货规范"",
    ""仓型查询"",
    ""可接商品类型""
  ],
  ""version"": ""1.1.0"",
  ""inputSchema"": {
    ""type"": ""object"",
    ""required"": [],
    ""properties"": {
      ""warehouseCode"": {
        ""type"": ""string"",
        ""description"": ""Winit 仓库编码（如 USWC、UK、DE）；与 country 二选一，优先精确匹配""
      },
      ""country"": {
        ""type"": ""string"",
        ""description"": ""国家/地区（UK / US / DE / AU / CA / BE 等）；未知仓码时按国检索可用仓摘要""
      },
      ""topic"": {
        ""type"": ""string"",
        ""description"": ""聚焦主题：address / contact / hours / cutoff / type / capabilities / rules / all（默认 all）"",
        ""default"": ""all""
      }
    }
  },
  ""outputSchema"": {
    ""type"": ""object"",
    ""properties"": {
      ""structured"": {
        ""type"": ""object"",
        ""description"": ""仓库结构化资料"",
        ""properties"": {
          ""warehouseCode"": {
            ""type"": ""string""
          },
          ""warehouseName"": {
            ""type"": ""string""
          },
          ""country"": {
            ""type"": ""string""
          },
          ""address"": {
            ""type"": ""string""
          },
          ""contactPerson"": {
            ""type"": ""string""
          },
          ""contactPhone"": {
            ""type"": ""string""
          },
          ""businessHours"": {
            ""type"": ""string""
          },
          ""cutoffTime"": {
            ""type"": ""string""
          },
          ""warehouseType"": {
            ""type"": ""string""
          },
          ""warehousePosition"": {
            ""type"": ""string""
          },
          ""operationMode"": {
            ""type"": ""string""
          },
          ""supportedProducts"": {
            ""type"": ""string""
          },
          ""addressExpress"": {
            ""type"": ""string""
          },
          ""capabilities"": {
            ""type"": ""object"",
            ""properties"": {
              ""pureElectric"": {
                ""type"": ""boolean""
              },
              ""dg"": {
                ""type"": ""boolean""
              },
              ""chemical"": {
                ""type"": ""boolean""
              },
              ""specialChemical"": {
                ""type"": ""boolean""
              },
              ""food"": {
                ""type"": ""boolean""
              }
            }
          },
          ""specialNotes"": {
            ""type"": ""array"",
            ""items"": {
              ""type"": ""string""
            }
          }
        }
      },
      ""analysis"": {
        ""type"": ""string"",
        ""description"": ""按 topic 聚焦的仓库信息自然语言说明""
      }
    }
  }
}",
outbound-order-status,on,7670081033728081929,V0.1.0_20260629,rel-experts-20260626,出库单状态解读,支持在同一入参中识别并处理三类出库相关标识：万邑通出库主单号（WO）、快递跟踪号、卖家/平台订单号（后两类格式可能相近，工作流内会按列表接口依次尝试解析）。可根据拉取结果归纳出库状态与关键字段（跟踪号、承运商、子单等）；不做操作建议，不承诺面单获取方式。编排提示：需要先拿到规范化出库上下文或跟踪号再查尾程/轨迹时，可优先调用本专家，再用其 structured 或原始 JSON 中的单号调用轨迹类专家。Use when 用户需要根据万邑通出库数据了解订单当前状态与字段含义，或编排器中需在查轨迹前解析客户给的任意单号。,local_repo,experts/outbound/outbound-order-status,"input_schema:
- includeItemList（可选）：boolean — 剪枝：是否保留商品明细行；默认 false
- maxMerchandisePerPackage（可选）：integer — 剪枝：每包裹保留商品行上限；与 prune-outbound-json 默认一致
- maxPackagesPerOrder（可选）：integer — 剪枝：每单保留包裹数上限；与 prune-outbound-json 默认一致
- outboundOrderNos（可选）：string[] — 出库相关标识列表（无需事先区分类型）：万邑通出库主单号（WO+数字）、快递跟踪号、或卖家/平台订单号。非 WO 时由工作流按 id/54 先 trackingNo 再 sellerOrderNo 尝试命中同一出库单。编排时可将客户口述的任意单号原样传入；若后续要查物流轨迹，可先调用本专家拿到 WO/tracking 再交给轨迹类专家。

output_schema:
- analysis：string — 状态解读与说明
- structured：object — 结构化数据","{
  ""type"": ""object"",
  ""required"": [],
  ""properties"": {
    ""outboundOrderNos"": {
      ""type"": ""array"",
      ""items"": {
        ""type"": ""string""
      },
      ""description"": ""出库相关标识列表（无需事先区分类型）：万邑通出库主单号（WO+数字）、快递跟踪号、或卖家/平台订单号。非 WO 时由工作流按 id/54 先 trackingNo 再 sellerOrderNo 尝试命中同一出库单。编排时可将客户口述的任意单号原样传入；若后续要查物流轨迹，可先调用本专家拿到 WO/tracking 再交给轨迹类专家。""
    },
    ""maxPackagesPerOrder"": {
      ""type"": ""integer"",
      ""description"": ""剪枝：每单保留包裹数上限；与 prune-outbound-json 默认一致"",
      ""default"": 10,
      ""minimum"": 1
    },
    ""maxMerchandisePerPackage"": {
      ""type"": ""integer"",
      ""description"": ""剪枝：每包裹保留商品行上限；与 prune-outbound-json 默认一致"",
      ""default"": 20,
      ""minimum"": 1
    },
    ""includeItemList"": {
      ""type"": ""boolean"",
      ""description"": ""剪枝：是否保留商品明细行；默认 false"",
      ""default"": false
    }
  }
}","{
  ""type"": ""object"",
  ""properties"": {
    ""structured"": {
      ""type"": ""object"",
      ""description"": ""结构化数据""
    },
    ""analysis"": {
      ""type"": ""string"",
      ""description"": ""状态解读与说明""
    }
  }
}","{
  ""id"": ""outbound-order-status"",
  ""domain"": ""outbound"",
  ""name"": ""出库单状态解读"",
  ""description"": ""支持在同一入参中识别并处理三类出库相关标识：万邑通出库主单号（WO）、快递跟踪号、卖家/平台订单号（后两类格式可能相近，工作流内会按列表接口依次尝试解析）。可根据拉取结果归纳出库状态与关键字段（跟踪号、承运商、子单等）；不做操作建议，不承诺面单获取方式。编排提示：需要先拿到规范化出库上下文或跟踪号再查尾程/轨迹时，可优先调用本专家，再用其 structured 或原始 JSON 中的单号调用轨迹类专家。Use when 用户需要根据万邑通出库数据了解订单当前状态与字段含义，或编排器中需在查轨迹前解析客户给的任意单号。"",
  ""capabilities"": [
    ""出库单状态"",
    ""暂存"",
    ""增值"",
    ""多标识解析（出库单号 WO / 跟踪号 / 卖家订单号）"",
    ""编排前置：可先解析再查轨迹""
  ],
  ""version"": ""0.1.0"",
  ""inputSchema"": {
    ""type"": ""object"",
    ""required"": [],
    ""properties"": {
      ""outboundOrderNos"": {
        ""type"": ""array"",
        ""items"": {
          ""type"": ""string""
        },
        ""description"": ""出库相关标识列表（无需事先区分类型）：万邑通出库主单号（WO+数字）、快递跟踪号、或卖家/平台订单号。非 WO 时由工作流按 id/54 先 trackingNo 再 sellerOrderNo 尝试命中同一出库单。编排时可将客户口述的任意单号原样传入；若后续要查物流轨迹，可先调用本专家拿到 WO/tracking 再交给轨迹类专家。""
      },
      ""maxPackagesPerOrder"": {
        ""type"": ""integer"",
        ""description"": ""剪枝：每单保留包裹数上限；与 prune-outbound-json 默认一致"",
        ""default"": 10,
        ""minimum"": 1
      },
      ""maxMerchandisePerPackage"": {
        ""type"": ""integer"",
        ""description"": ""剪枝：每包裹保留商品行上限；与 prune-outbound-json 默认一致"",
        ""default"": 20,
        ""minimum"": 1
      },
      ""includeItemList"": {
        ""type"": ""boolean"",
        ""description"": ""剪枝：是否保留商品明细行；默认 false"",
        ""default"": false
      }
    }
  },
  ""outputSchema"": {
    ""type"": ""object"",
    ""properties"": {
      ""structured"": {
        ""type"": ""object"",
        ""description"": ""结构化数据""
      },
      ""analysis"": {
        ""type"": ""string"",
        ""description"": ""状态解读与说明""
      }
    }
  }
}",
pod-request,on,7649731257564217363,V0.3.0_20260629,rel-experts-20260626,申请获取POD,申请、获取POD处理流程。Use when 用户申请或获取妥投证明（POD）。,local_repo,experts/last-mile/pod-request,"input_schema:
- enrichedContext（可选）：object（自由字段） — 可选；编排前置 delivery-status 等合并的轨迹与事实，供 LLM 引用
- outboundOrderNos（可选）：string[] — 万邑通出库单号（WO…）；exportOutboundPod 仅识别归并后的 WO 形态
- trackingIds（可选）：string[] — 轨迹单号

output_schema:
- analysis：string — 分析结论与建议
- structured：object — 结构化数据","{
  ""type"": ""object"",
  ""required"": [],
  ""properties"": {
    ""trackingIds"": {
      ""type"": ""array"",
      ""items"": {
        ""type"": ""string""
      },
      ""description"": ""轨迹单号""
    },
    ""outboundOrderNos"": {
      ""type"": ""array"",
      ""items"": {
        ""type"": ""string""
      },
      ""description"": ""万邑通出库单号（WO…）；exportOutboundPod 仅识别归并后的 WO 形态""
    },
    ""enrichedContext"": {
      ""type"": ""object"",
      ""description"": ""可选；编排前置 delivery-status 等合并的轨迹与事实，供 LLM 引用"",
      ""additionalProperties"": true
    }
  }
}","{
  ""type"": ""object"",
  ""properties"": {
    ""structured"": {
      ""type"": ""object"",
      ""description"": ""结构化数据""
    },
    ""analysis"": {
      ""type"": ""string"",
      ""description"": ""分析结论与建议""
    }
  }
}","{
  ""id"": ""pod-request"",
  ""domain"": ""last-mile"",
  ""name"": ""申请获取POD"",
  ""description"": ""申请、获取POD处理流程。Use when 用户申请或获取妥投证明（POD）。"",
  ""capabilities"": [
    ""POD申请"",
    ""妥投证明""
  ],
  ""version"": ""0.3.0"",
  ""inputSchema"": {
    ""type"": ""object"",
    ""required"": [],
    ""properties"": {
      ""trackingIds"": {
        ""type"": ""array"",
        ""items"": {
          ""type"": ""string""
        },
        ""description"": ""轨迹单号""
      },
      ""outboundOrderNos"": {
        ""type"": ""array"",
        ""items"": {
          ""type"": ""string""
        },
        ""description"": ""万邑通出库单号（WO…）；exportOutboundPod 仅识别归并后的 WO 形态""
      },
      ""enrichedContext"": {
        ""type"": ""object"",
        ""description"": ""可选；编排前置 delivery-status 等合并的轨迹与事实，供 LLM 引用"",
        ""additionalProperties"": true
      }
    }
  },
  ""outputSchema"": {
    ""type"": ""object"",
    ""properties"": {
      ""structured"": {
        ""type"": ""object"",
        ""description"": ""结构化数据""
      },
      ""analysis"": {
        ""type"": ""string"",
        ""description"": ""分析结论与建议""
      }
    }
  }
}",
product-info,on,7649730793132179498,V1.0.0_20260629,rel-experts-20260626,尾程产品信息获取,从知识库获取 PSC/WF/Pallet 尾程产品介绍、规格、限制与增值服务。Use when 用户查询尾程产品详情、规格限制、带电政策、时效、保险等。,local_repo,experts/last-mile/product-info,"input_schema:
- country（可选）：string — 目的国 ISO2（如 US、DE、UK、AU、CA）。上游可选传入，未传时从 query 文本自动提取
- destinationCountry（可选）：string — 同 country，便于上游字段命名对齐
- enrichedContext（可选）：object（自由字段） — 上游合并的上下文，可含 country/destinationCountry/productLine 等
- productLine（可选）：string — 产品线：psc（标准尾程）/ wf（Winit Fulfillment）/ pallet（托盘）。大小写不敏感；空或未识别时由工作流归一为 """"，并从 query 文本补充推断。上游可选传入

output_schema:
- analysis：string — 产品介绍、规格说明、限制解读（自然语言）
- structured：object — 产品信息结构化结果
  - confidence：string
  - countryResolved：string
  - matchedProducts：object[]
    - category：string
    - deliveryTime：string
    - dimensionLimit：string
    - name：string
    - weightLimit：string
  - productLine：string","{
  ""type"": ""object"",
  ""required"": [],
  ""properties"": {
    ""country"": {
      ""type"": ""string"",
      ""description"": ""目的国 ISO2（如 US、DE、UK、AU、CA）。上游可选传入，未传时从 query 文本自动提取""
    },
    ""destinationCountry"": {
      ""type"": ""string"",
      ""description"": ""同 country，便于上游字段命名对齐""
    },
    ""productLine"": {
      ""type"": ""string"",
      ""description"": ""产品线：psc（标准尾程）/ wf（Winit Fulfillment）/ pallet（托盘）。大小写不敏感；空或未识别时由工作流归一为 \""\""，并从 query 文本补充推断。上游可选传入""
    },
    ""enrichedContext"": {
      ""type"": ""object"",
      ""description"": ""上游合并的上下文，可含 country/destinationCountry/productLine 等"",
      ""additionalProperties"": true
    }
  }
}","{
  ""type"": ""object"",
  ""properties"": {
    ""structured"": {
      ""type"": ""object"",
      ""description"": ""产品信息结构化结果"",
      ""properties"": {
        ""countryResolved"": {
          ""type"": ""string""
        },
        ""productLine"": {
          ""type"": ""string""
        },
        ""matchedProducts"": {
          ""type"": ""array"",
          ""items"": {
            ""type"": ""object"",
            ""properties"": {
              ""name"": {
                ""type"": ""string""
              },
              ""category"": {
                ""type"": ""string""
              },
              ""weightLimit"": {
                ""type"": ""string""
              },
              ""dimensionLimit"": {
                ""type"": ""string""
              },
              ""deliveryTime"": {
                ""type"": ""string""
              }
            }
          }
        },
        ""confidence"": {
          ""type"": ""string"",
          ""enum"": [
            ""high"",
            ""medium"",
            ""low""
          ]
        }
      }
    },
    ""analysis"": {
      ""type"": ""string"",
      ""description"": ""产品介绍、规格说明、限制解读（自然语言）""
    }
  }
}","{
  ""id"": ""product-info"",
  ""domain"": ""last-mile"",
  ""name"": ""尾程产品信息获取"",
  ""description"": ""从知识库获取 PSC/WF/Pallet 尾程产品介绍、规格、限制与增值服务。Use when 用户查询尾程产品详情、规格限制、带电政策、时效、保险等。"",
  ""capabilities"": [
    ""产品信息"",
    ""规格查询"",
    ""带电政策"",
    ""保险说明""
  ],
  ""version"": ""1.0.0"",
  ""inputSchema"": {
    ""type"": ""object"",
    ""required"": [],
    ""properties"": {
      ""country"": {
        ""type"": ""string"",
        ""description"": ""目的国 ISO2（如 US、DE、UK、AU、CA）。上游可选传入，未传时从 query 文本自动提取""
      },
      ""destinationCountry"": {
        ""type"": ""string"",
        ""description"": ""同 country，便于上游字段命名对齐""
      },
      ""productLine"": {
        ""type"": ""string"",
        ""description"": ""产品线：psc（标准尾程）/ wf（Winit Fulfillment）/ pallet（托盘）。大小写不敏感；空或未识别时由工作流归一为 \""\""，并从 query 文本补充推断。上游可选传入""
      },
      ""enrichedContext"": {
        ""type"": ""object"",
        ""description"": ""上游合并的上下文，可含 country/destinationCountry/productLine 等"",
        ""additionalProperties"": true
      }
    }
  },
  ""outputSchema"": {
    ""type"": ""object"",
    ""properties"": {
      ""structured"": {
        ""type"": ""object"",
        ""description"": ""产品信息结构化结果"",
        ""properties"": {
          ""countryResolved"": {
            ""type"": ""string""
          },
          ""productLine"": {
            ""type"": ""string""
          },
          ""matchedProducts"": {
            ""type"": ""array"",
            ""items"": {
              ""type"": ""object"",
              ""properties"": {
                ""name"": {
                  ""type"": ""string""
                },
                ""category"": {
                  ""type"": ""string""
                },
                ""weightLimit"": {
                  ""type"": ""string""
                },
                ""dimensionLimit"": {
                  ""type"": ""string""
                },
                ""deliveryTime"": {
                  ""type"": ""string""
                }
              }
            }
          },
          ""confidence"": {
            ""type"": ""string"",
            ""enum"": [
              ""high"",
              ""medium"",
              ""low""
            ]
          }
        }
      },
      ""analysis"": {
        ""type"": ""string"",
        ""description"": ""产品介绍、规格说明、限制解读（自然语言）""
      }
    }
  }
}",
refund-standard,on,7670143045081923594,V1.0.1_20260629,rel-experts-20260626,赔付标准理解,根据 WINIT 综合赔付标准、标准尾程（指定产品）与 Winit Fulfillment 组合尾程条款匹配适用规则（不含索赔单进度）。Use when 用户咨询赔付标准、赔偿上限、理赔窗口、丢件/破损/妥投未收到/仓内丢失等应适用哪条政策。,local_repo,experts/last-mile/refund-standard,"input_schema:
- country（可选）：string — 目的国 ISO2（如 US、DE、UK），用于指定产品国家分片；可与 enrichedContext.destinationCountry 择一
- destinationCountry（可选）：string — 同 country，便于上游字段命名对齐
- destinationRegion（可选）：string — 部分上游用 destinationRegion 传国家码，与 country 等价
- enrichedContext（可选）：object — 上游合并的上下文：如产品/线路、目的国、服务级别、货值线索、轨迹摘要等，用于条款维度匹配
- outboundOrderNos（可选）：string[] — 出库单号（可选，供与 delivery-status 等上游衔接）
- scenario（可选）：string — 场景类型或内部场景码；可与 customerIntent 二选一或并用
- trackingIds（可选）：string[] — 轨迹单号/运单号（可选，供链式调用）

output_schema:
- analysis：string — 条款摘要、理算说明、免责与冲突处理说明（自然语言）
- structured：object — 条款匹配结构化结果
  - confidence：string — 匹配置信度
  - dimensionsConsidered：object — 已采纳维度与 missing 缺失项列表
  - matchedRuleIds：string[] — 与知识库一致的规则/条款 ID 列表
  - policyBranch：string — 赔付政策分支：WINIT综合SLA / 标准尾程指定产品 / Winit Fulfillment组合产品 / 未知
  - scenarioSummary：string — 标准化场景一句话概括
  - suggestedNextStep：string — 建议下游动作：route_to_substitute_claim（转代客索赔专家 substitute-claim）、need_order_details、escalate_human 等","{
  ""type"": ""object"",
  ""required"": [],
  ""properties"": {
    ""scenario"": {
      ""type"": ""string"",
      ""description"": ""场景类型或内部场景码；可与 customerIntent 二选一或并用"",
      ""default"": """"
    },
    ""trackingIds"": {
      ""type"": ""array"",
      ""items"": {
        ""type"": ""string""
      },
      ""description"": ""轨迹单号/运单号（可选，供链式调用）""
    },
    ""outboundOrderNos"": {
      ""type"": ""array"",
      ""items"": {
        ""type"": ""string""
      },
      ""description"": ""出库单号（可选，供与 delivery-status 等上游衔接）""
    },
    ""enrichedContext"": {
      ""type"": ""object"",
      ""description"": ""上游合并的上下文：如产品/线路、目的国、服务级别、货值线索、轨迹摘要等，用于条款维度匹配""
    },
    ""country"": {
      ""type"": ""string"",
      ""description"": ""目的国 ISO2（如 US、DE、UK），用于指定产品国家分片；可与 enrichedContext.destinationCountry 择一""
    },
    ""destinationCountry"": {
      ""type"": ""string"",
      ""description"": ""同 country，便于上游字段命名对齐""
    },
    ""destinationRegion"": {
      ""type"": ""string"",
      ""description"": ""部分上游用 destinationRegion 传国家码，与 country 等价""
    }
  }
}","{
  ""type"": ""object"",
  ""properties"": {
    ""structured"": {
      ""type"": ""object"",
      ""description"": ""条款匹配结构化结果"",
      ""properties"": {
        ""policyBranch"": {
          ""type"": ""string"",
          ""enum"": [
            ""winit_ops_sla"",
            ""carrier_designated"",
            ""carrier_winit_combo"",
            ""unknown""
          ],
          ""description"": ""赔付政策分支：WINIT综合SLA / 标准尾程指定产品 / Winit Fulfillment组合产品 / 未知""
        },
        ""matchedRuleIds"": {
          ""type"": ""array"",
          ""items"": {
            ""type"": ""string""
          },
          ""description"": ""与知识库一致的规则/条款 ID 列表""
        },
        ""scenarioSummary"": {
          ""type"": ""string"",
          ""description"": ""标准化场景一句话概括""
        },
        ""dimensionsConsidered"": {
          ""type"": ""object"",
          ""description"": ""已采纳维度与 missing 缺失项列表""
        },
        ""confidence"": {
          ""type"": ""string"",
          ""enum"": [
            ""high"",
            ""medium"",
            ""low""
          ],
          ""description"": ""匹配置信度""
        },
        ""suggestedNextStep"": {
          ""type"": ""string"",
          ""description"": ""建议下游动作：route_to_substitute_claim（转代客索赔专家 substitute-claim）、need_order_details、escalate_human 等""
        }
      }
    },
    ""analysis"": {
      ""type"": ""string"",
      ""description"": ""条款摘要、理算说明、免责与冲突处理说明（自然语言）""
    }
  }
}","{
  ""id"": ""refund-standard"",
  ""domain"": ""last-mile"",
  ""name"": ""赔付标准理解"",
  ""description"": ""根据 WINIT 综合赔付标准、标准尾程（指定产品）与 Winit Fulfillment 组合尾程条款匹配适用规则（不含索赔单进度）。Use when 用户咨询赔付标准、赔偿上限、理赔窗口、丢件/破损/妥投未收到/仓内丢失等应适用哪条政策。"",
  ""capabilities"": [
    ""赔付标准"",
    ""赔偿规则"",
    ""条款匹配"",
    ""理算说明""
  ],
  ""version"": ""1.0.1"",
  ""inputSchema"": {
    ""type"": ""object"",
    ""required"": [],
    ""properties"": {
      ""scenario"": {
        ""type"": ""string"",
        ""description"": ""场景类型或内部场景码；可与 customerIntent 二选一或并用"",
        ""default"": """"
      },
      ""trackingIds"": {
        ""type"": ""array"",
        ""items"": {
          ""type"": ""string""
        },
        ""description"": ""轨迹单号/运单号（可选，供链式调用）""
      },
      ""outboundOrderNos"": {
        ""type"": ""array"",
        ""items"": {
          ""type"": ""string""
        },
        ""description"": ""出库单号（可选，供与 delivery-status 等上游衔接）""
      },
      ""enrichedContext"": {
        ""type"": ""object"",
        ""description"": ""上游合并的上下文：如产品/线路、目的国、服务级别、货值线索、轨迹摘要等，用于条款维度匹配""
      },
      ""country"": {
        ""type"": ""string"",
        ""description"": ""目的国 ISO2（如 US、DE、UK），用于指定产品国家分片；可与 enrichedContext.destinationCountry 择一""
      },
      ""destinationCountry"": {
        ""type"": ""string"",
        ""description"": ""同 country，便于上游字段命名对齐""
      },
      ""destinationRegion"": {
        ""type"": ""string"",
        ""description"": ""部分上游用 destinationRegion 传国家码，与 country 等价""
      }
    }
  },
  ""outputSchema"": {
    ""type"": ""object"",
    ""properties"": {
      ""structured"": {
        ""type"": ""object"",
        ""description"": ""条款匹配结构化结果"",
        ""properties"": {
          ""policyBranch"": {
            ""type"": ""string"",
            ""enum"": [
              ""winit_ops_sla"",
              ""carrier_designated"",
              ""carrier_winit_combo"",
              ""unknown""
            ],
            ""description"": ""赔付政策分支：WINIT综合SLA / 标准尾程指定产品 / Winit Fulfillment组合产品 / 未知""
          },
          ""matchedRuleIds"": {
            ""type"": ""array"",
            ""items"": {
              ""type"": ""string""
            },
            ""description"": ""与知识库一致的规则/条款 ID 列表""
          },
          ""scenarioSummary"": {
            ""type"": ""string"",
            ""description"": ""标准化场景一句话概括""
          },
          ""dimensionsConsidered"": {
            ""type"": ""object"",
            ""description"": ""已采纳维度与 missing 缺失项列表""
          },
          ""confidence"": {
            ""type"": ""string"",
            ""enum"": [
              ""high"",
              ""medium"",
              ""low""
            ],
            ""description"": ""匹配置信度""
          },
          ""suggestedNextStep"": {
            ""type"": ""string"",
            ""description"": ""建议下游动作：route_to_substitute_claim（转代客索赔专家 substitute-claim）、need_order_details、escalate_human 等""
          }
        }
      },
      ""analysis"": {
        ""type"": ""string"",
        ""description"": ""条款摘要、理算说明、免责与冲突处理说明（自然语言）""
      }
    }
  }
}",
substitute-claim,on,7668633903486304283,V0.1.0_20260629,rel-experts-20260626,代客索赔进度与流程,标准出库单下**代客向尾程供应商**索赔的申请入口、材料、进度、时效与到款节奏查询；不包含《WINIT 赔付标准》下的万邑通标准索赔（该项由 refund-standard）。Use when 用户咨询代客索赔、代客赔付进度、代客索赔材料或时效。,local_repo,experts/last-mile/substitute-claim,"input_schema:
- claimIds（可选）：string[] — 代客索赔单号（流水号）
- enrichedContext（可选）：object（自由字段） — 上游专家合并的上下文（轨迹、订单摘要等）；可选
- outboundOrderNos（可选）：string[] — 出库单号
- trackingIds（可选）：string[] — 轨迹单号

output_schema:
- analysis：string — 分析结论与建议
- structured：object — 代客索赔结构化输出（事实节点会覆盖 LLM 同名字段）
  - missingFacts：string[]
  - nextAction：string
  - queryKeys：object
    - claimIds：string[]
    - outboundOrderNos：string[]
    - trackingIds：string[]
  - records：object[] — pageList 列表行（compensateStatus 等先透传）
    （自由字段 object）
  - statusSummary：object（自由字段） — 列表拉取状态、接口码、备注等","{
  ""type"": ""object"",
  ""required"": [],
  ""properties"": {
    ""trackingIds"": {
      ""type"": ""array"",
      ""items"": {
        ""type"": ""string""
      },
      ""description"": ""轨迹单号""
    },
    ""outboundOrderNos"": {
      ""type"": ""array"",
      ""items"": {
        ""type"": ""string""
      },
      ""description"": ""出库单号""
    },
    ""claimIds"": {
      ""type"": ""array"",
      ""items"": {
        ""type"": ""string""
      },
      ""description"": ""代客索赔单号（流水号）""
    },
    ""enrichedContext"": {
      ""type"": ""object"",
      ""description"": ""上游专家合并的上下文（轨迹、订单摘要等）；可选"",
      ""additionalProperties"": true
    }
  }
}","{
  ""type"": ""object"",
  ""properties"": {
    ""structured"": {
      ""type"": ""object"",
      ""description"": ""代客索赔结构化输出（事实节点会覆盖 LLM 同名字段）"",
      ""properties"": {
        ""queryKeys"": {
          ""type"": ""object"",
          ""properties"": {
            ""trackingIds"": {
              ""type"": ""array"",
              ""items"": {
                ""type"": ""string""
              }
            },
            ""outboundOrderNos"": {
              ""type"": ""array"",
              ""items"": {
                ""type"": ""string""
              }
            },
            ""claimIds"": {
              ""type"": ""array"",
              ""items"": {
                ""type"": ""string""
              }
            }
          }
        },
        ""records"": {
          ""type"": ""array"",
          ""description"": ""pageList 列表行（compensateStatus 等先透传）"",
          ""items"": {
            ""type"": ""object"",
            ""additionalProperties"": true
          }
        },
        ""statusSummary"": {
          ""type"": ""object"",
          ""description"": ""列表拉取状态、接口码、备注等"",
          ""additionalProperties"": true
        },
        ""nextAction"": {
          ""type"": ""string""
        },
        ""missingFacts"": {
          ""type"": ""array"",
          ""items"": {
            ""type"": ""string""
          }
        }
      }
    },
    ""analysis"": {
      ""type"": ""string"",
      ""description"": ""分析结论与建议""
    }
  }
}","{
  ""id"": ""substitute-claim"",
  ""domain"": ""last-mile"",
  ""name"": ""代客索赔进度与流程"",
  ""description"": ""标准出库单下**代客向尾程供应商**索赔的申请入口、材料、进度、时效与到款节奏查询；不包含《WINIT 赔付标准》下的万邑通标准索赔（该项由 refund-standard）。Use when 用户咨询代客索赔、代客赔付进度、代客索赔材料或时效。"",
  ""capabilities"": [
    ""代客索赔申请与进度"",
    ""代客索赔时效与节点"",
    ""代客赔付款到账节奏""
  ],
  ""version"": ""0.1.0"",
  ""inputSchema"": {
    ""type"": ""object"",
    ""required"": [],
    ""properties"": {
      ""trackingIds"": {
        ""type"": ""array"",
        ""items"": {
          ""type"": ""string""
        },
        ""description"": ""轨迹单号""
      },
      ""outboundOrderNos"": {
        ""type"": ""array"",
        ""items"": {
          ""type"": ""string""
        },
        ""description"": ""出库单号""
      },
      ""claimIds"": {
        ""type"": ""array"",
        ""items"": {
          ""type"": ""string""
        },
        ""description"": ""代客索赔单号（流水号）""
      },
      ""enrichedContext"": {
        ""type"": ""object"",
        ""description"": ""上游专家合并的上下文（轨迹、订单摘要等）；可选"",
        ""additionalProperties"": true
      }
    }
  },
  ""outputSchema"": {
    ""type"": ""object"",
    ""properties"": {
      ""structured"": {
        ""type"": ""object"",
        ""description"": ""代客索赔结构化输出（事实节点会覆盖 LLM 同名字段）"",
        ""properties"": {
          ""queryKeys"": {
            ""type"": ""object"",
            ""properties"": {
              ""trackingIds"": {
                ""type"": ""array"",
                ""items"": {
                  ""type"": ""string""
                }
              },
              ""outboundOrderNos"": {
                ""type"": ""array"",
                ""items"": {
                  ""type"": ""string""
                }
              },
              ""claimIds"": {
                ""type"": ""array"",
                ""items"": {
                  ""type"": ""string""
                }
              }
            }
          },
          ""records"": {
            ""type"": ""array"",
            ""description"": ""pageList 列表行（compensateStatus 等先透传）"",
            ""items"": {
              ""type"": ""object"",
              ""additionalProperties"": true
            }
          },
          ""statusSummary"": {
            ""type"": ""object"",
            ""description"": ""列表拉取状态、接口码、备注等"",
            ""additionalProperties"": true
          },
          ""nextAction"": {
            ""type"": ""string""
          },
          ""missingFacts"": {
            ""type"": ""array"",
            ""items"": {
              ""type"": ""string""
            }
          }
        }
      },
      ""analysis"": {
        ""type"": ""string"",
        ""description"": ""分析结论与建议""
      }
    }
  }
}",
tracking-inquiry,on,7670094840650088489,V0.1.0_20260629,rel-experts-20260626,查件代查件,查件状态和结果返回，代客户发起查件或告知查件入口。Use when 用户发起查件、查询查件进度、代查件。,local_repo,experts/last-mile/tracking-inquiry,"input_schema:
- enrichedContext（可选）：object（自由字段） — 上游专家合并的上下文（可选）
- inquiryIds（可选）：string[] — 查件流水号（与 TailTrace serialNumber 对齐，如 TA…）
- outboundOrderNos（可选）：string[] — 出库单号
- trackingIds（可选）：string[] — 轨迹单号

output_schema:
- analysis：string — 分析结论与建议
- structured：object — 查件事实与路由标签
  - elapsedBizDays：any
  - missingFacts：string[]
  - nextAction：string
  - orderNos：string[]
  - primaryCheckingStatus：string
  - primaryCheckingType：string
  - queryKeys：object
    - inquiryIds：string[]
    - outboundOrderNos：string[]
    - trackingIds：string[]
  - records：array
  - serialNumbers：string[]
  - shippingNos：string[]
  - sopBranch：string
  - statusSummary：object
  - submissionGuidanceUrl：string
  - trackingNos：string[]","{
  ""type"": ""object"",
  ""required"": [],
  ""properties"": {
    ""trackingIds"": {
      ""type"": ""array"",
      ""items"": {
        ""type"": ""string""
      },
      ""description"": ""轨迹单号""
    },
    ""outboundOrderNos"": {
      ""type"": ""array"",
      ""items"": {
        ""type"": ""string""
      },
      ""description"": ""出库单号""
    },
    ""inquiryIds"": {
      ""type"": ""array"",
      ""items"": {
        ""type"": ""string""
      },
      ""description"": ""查件流水号（与 TailTrace serialNumber 对齐，如 TA…）""
    },
    ""enrichedContext"": {
      ""type"": ""object"",
      ""description"": ""上游专家合并的上下文（可选）"",
      ""additionalProperties"": true
    }
  }
}","{
  ""type"": ""object"",
  ""properties"": {
    ""structured"": {
      ""type"": ""object"",
      ""description"": ""查件事实与路由标签"",
      ""properties"": {
        ""serialNumbers"": {
          ""type"": ""array"",
          ""items"": {
            ""type"": ""string""
          }
        },
        ""orderNos"": {
          ""type"": ""array"",
          ""items"": {
            ""type"": ""string""
          }
        },
        ""trackingNos"": {
          ""type"": ""array"",
          ""items"": {
            ""type"": ""string""
          }
        },
        ""shippingNos"": {
          ""type"": ""array"",
          ""items"": {
            ""type"": ""string""
          }
        },
        ""primaryCheckingStatus"": {
          ""type"": ""string""
        },
        ""primaryCheckingType"": {
          ""type"": ""string""
        },
        ""sopBranch"": {
          ""type"": ""string""
        },
        ""submissionGuidanceUrl"": {
          ""type"": ""string""
        },
        ""queryKeys"": {
          ""type"": ""object"",
          ""properties"": {
            ""inquiryIds"": {
              ""type"": ""array"",
              ""items"": {
                ""type"": ""string""
              }
            },
            ""trackingIds"": {
              ""type"": ""array"",
              ""items"": {
                ""type"": ""string""
              }
            },
            ""outboundOrderNos"": {
              ""type"": ""array"",
              ""items"": {
                ""type"": ""string""
              }
            }
          }
        },
        ""records"": {
          ""type"": ""array""
        },
        ""statusSummary"": {
          ""type"": ""object""
        },
        ""elapsedBizDays"": {
          ""type"": [
            ""number"",
            ""null""
          ]
        },
        ""missingFacts"": {
          ""type"": ""array"",
          ""items"": {
            ""type"": ""string""
          }
        },
        ""nextAction"": {
          ""type"": ""string""
        }
      }
    },
    ""analysis"": {
      ""type"": ""string"",
      ""description"": ""分析结论与建议""
    }
  }
}","{
  ""id"": ""tracking-inquiry"",
  ""domain"": ""last-mile"",
  ""name"": ""查件代查件"",
  ""description"": ""查件状态和结果返回，代客户发起查件或告知查件入口。Use when 用户发起查件、查询查件进度、代查件。"",
  ""capabilities"": [
    ""查件"",
    ""代查件"",
    ""查件状态""
  ],
  ""version"": ""0.1.0"",
  ""inputSchema"": {
    ""type"": ""object"",
    ""required"": [],
    ""properties"": {
      ""trackingIds"": {
        ""type"": ""array"",
        ""items"": {
          ""type"": ""string""
        },
        ""description"": ""轨迹单号""
      },
      ""outboundOrderNos"": {
        ""type"": ""array"",
        ""items"": {
          ""type"": ""string""
        },
        ""description"": ""出库单号""
      },
      ""inquiryIds"": {
        ""type"": ""array"",
        ""items"": {
          ""type"": ""string""
        },
        ""description"": ""查件流水号（与 TailTrace serialNumber 对齐，如 TA…）""
      },
      ""enrichedContext"": {
        ""type"": ""object"",
        ""description"": ""上游专家合并的上下文（可选）"",
        ""additionalProperties"": true
      }
    }
  },
  ""outputSchema"": {
    ""type"": ""object"",
    ""properties"": {
      ""structured"": {
        ""type"": ""object"",
        ""description"": ""查件事实与路由标签"",
        ""properties"": {
          ""serialNumbers"": {
            ""type"": ""array"",
            ""items"": {
              ""type"": ""string""
            }
          },
          ""orderNos"": {
            ""type"": ""array"",
            ""items"": {
              ""type"": ""string""
            }
          },
          ""trackingNos"": {
            ""type"": ""array"",
            ""items"": {
              ""type"": ""string""
            }
          },
          ""shippingNos"": {
            ""type"": ""array"",
            ""items"": {
              ""type"": ""string""
            }
          },
          ""primaryCheckingStatus"": {
            ""type"": ""string""
          },
          ""primaryCheckingType"": {
            ""type"": ""string""
          },
          ""sopBranch"": {
            ""type"": ""string""
          },
          ""submissionGuidanceUrl"": {
            ""type"": ""string""
          },
          ""queryKeys"": {
            ""type"": ""object"",
            ""properties"": {
              ""inquiryIds"": {
                ""type"": ""array"",
                ""items"": {
                  ""type"": ""string""
                }
              },
              ""trackingIds"": {
                ""type"": ""array"",
                ""items"": {
                  ""type"": ""string""
                }
              },
              ""outboundOrderNos"": {
                ""type"": ""array"",
                ""items"": {
                  ""type"": ""string""
                }
              }
            }
          },
          ""records"": {
            ""type"": ""array""
          },
          ""statusSummary"": {
            ""type"": ""object""
          },
          ""elapsedBizDays"": {
            ""type"": [
              ""number"",
              ""null""
            ]
          },
          ""missingFacts"": {
            ""type"": ""array"",
            ""items"": {
              ""type"": ""string""
            }
          },
          ""nextAction"": {
            ""type"": ""string""
          }
        }
      },
      ""analysis"": {
        ""type"": ""string"",
        ""description"": ""分析结论与建议""
      }
    }
  }
}",
tracking-no-scan,on,7669798971070267430,V0.3.0_20260629,rel-experts-20260626,轨迹无上网信息处理,轨迹无上网、无 A-SCAN、无扫描类查件：按挂号/SCAN/时效/订单类型/批量（>5 同 PSC/出库日/挂号）等分支输出话术与升级路径；业务知识在 prompts/kb.md，对客不附内部 Wiki 链接。Use when 用户咨询轨迹无上网、无揽收、无扫描、查件。,local_repo,experts/last-mile/tracking-no-scan,"input_schema:
- enrichedContext（可选）：object（自由字段） — 可选覆盖层：与自拉结果合并。若已带可用 trajectories（有轨迹节点或 summary）或设 skipTrajectoryFetch/reuseUpstreamTrajectoryFacts=true，本专家将不重复请求 Winit；其余字段见 design.md §1
- outboundOrderNos（可选）：string[] — 出库单号
- trackingIds（可选）：string[] — 轨迹单号
- trajectoryText（可选）：string — 用户/客服粘贴的轨迹原文；无单号时也可作为事实来源之一

output_schema:
- analysis：string — 分析结论与建议话术
- structured：object — 含 branch、trackingIds、outboundOrderNos、suggestedNextExperts、missingFacts；见 design.md §2.1","{
  ""type"": ""object"",
  ""required"": [],
  ""properties"": {
    ""trackingIds"": {
      ""type"": ""array"",
      ""items"": {
        ""type"": ""string""
      },
      ""description"": ""轨迹单号""
    },
    ""outboundOrderNos"": {
      ""type"": ""array"",
      ""items"": {
        ""type"": ""string""
      },
      ""description"": ""出库单号""
    },
    ""trajectoryText"": {
      ""type"": ""string"",
      ""description"": ""用户/客服粘贴的轨迹原文；无单号时也可作为事实来源之一"",
      ""default"": """"
    },
    ""enrichedContext"": {
      ""type"": ""object"",
      ""description"": ""可选覆盖层：与自拉结果合并。若已带可用 trajectories（有轨迹节点或 summary）或设 skipTrajectoryFetch/reuseUpstreamTrajectoryFacts=true，本专家将不重复请求 Winit；其余字段见 design.md §1"",
      ""additionalProperties"": true
    }
  }
}","{
  ""type"": ""object"",
  ""properties"": {
    ""structured"": {
      ""type"": ""object"",
      ""description"": ""含 branch、trackingIds、outboundOrderNos、suggestedNextExperts、missingFacts；见 design.md §2.1""
    },
    ""analysis"": {
      ""type"": ""string"",
      ""description"": ""分析结论与建议话术""
    }
  }
}","{
  ""id"": ""tracking-no-scan"",
  ""domain"": ""last-mile"",
  ""name"": ""轨迹无上网信息处理"",
  ""description"": ""轨迹无上网、无 A-SCAN、无扫描类查件：按挂号/SCAN/时效/订单类型/批量（>5 同 PSC/出库日/挂号）等分支输出话术与升级路径；业务知识在 prompts/kb.md，对客不附内部 Wiki 链接。Use when 用户咨询轨迹无上网、无揽收、无扫描、查件。"",
  ""capabilities"": [
    ""轨迹分析"",
    ""查件分支"",
    ""异常识别""
  ],
  ""version"": ""0.3.0"",
  ""inputSchema"": {
    ""type"": ""object"",
    ""required"": [],
    ""properties"": {
      ""trackingIds"": {
        ""type"": ""array"",
        ""items"": {
          ""type"": ""string""
        },
        ""description"": ""轨迹单号""
      },
      ""outboundOrderNos"": {
        ""type"": ""array"",
        ""items"": {
          ""type"": ""string""
        },
        ""description"": ""出库单号""
      },
      ""trajectoryText"": {
        ""type"": ""string"",
        ""description"": ""用户/客服粘贴的轨迹原文；无单号时也可作为事实来源之一"",
        ""default"": """"
      },
      ""enrichedContext"": {
        ""type"": ""object"",
        ""description"": ""可选覆盖层：与自拉结果合并。若已带可用 trajectories（有轨迹节点或 summary）或设 skipTrajectoryFetch/reuseUpstreamTrajectoryFacts=true，本专家将不重复请求 Winit；其余字段见 design.md §1"",
        ""additionalProperties"": true
      }
    }
  },
  ""outputSchema"": {
    ""type"": ""object"",
    ""properties"": {
      ""structured"": {
        ""type"": ""object"",
        ""description"": ""含 branch、trackingIds、outboundOrderNos、suggestedNextExperts、missingFacts；见 design.md §2.1""
      },
      ""analysis"": {
        ""type"": ""string"",
        ""description"": ""分析结论与建议话术""
      }
    }
  }
}",
tracking-stale,on,7668568860182642738,V0.2.1_20260629,rel-experts-20260626,轨迹长时间未更新,轨迹长时间未更新处理流程。依赖上游（推荐 delivery-status）提供轨迹事实与分析结论，按分支输出话术与下一步。Use when 用户咨询轨迹长时间无更新、停滞、疑似丢件。,local_repo,experts/last-mile/tracking-stale,"input_schema:
- enrichedContext（可选）：object — 上游传入的轨迹事实与分支字段（推荐由 delivery-status 合并）
  - analysisClock（可选）：object — 分析参考时钟
  - ascanDetected（可选）：boolean — 是否有首扫/MSCAN
  - claimWindowStatus（可选）：string — 索赔时效状态：in_window/out_of_window/not_open_yet
  - customerConfirmedClaim（可选）：boolean — 客户是否确认提交索赔
  - exceptionResult（可选）：object — 异常识别详情
  - hasClaimService（可选）：boolean — 是否有索赔服务
  - isDomestic（可选）：boolean — 是否国内件
  - isPlatformWaybill（可选）：boolean — 是否为 3PL / 平台面单（此类订单不支持索赔；可由 outbound-order-status 或上游 analysis 判定）
  - lastTrackingAt（可选）：string — 最后一条轨迹时间
  - noUpdateDays（可选）：number — 轨迹停滞天数
  - recognizedException（可选）：boolean — 是否命中系统异常识别结果
- outboundOrderNos（可选）：string[] — 出库单号
- trackingIds（可选）：string[] — 轨迹单号
约束：本专家不自行拉取轨迹，正式编排建议前置 delivery-status 并把轨迹事实放入 enrichedContext、分析结论放入 inputContext.previousOutput.analysis。JSON Schema 不强制 required，以支持降级调用与补充信息分支。

x_invoke_contract（框架顶层，编排必看）:
编排闭环建议调用 JSON 顶层包含 inputContext.previousOutput.analysis（上游分析）与 sourceExpertId。inputs.enrichedContext 建议包含 recognizedException/ascanDetected/noUpdateDays/hasClaimService/isDomestic/isPlatformWaybill 等事实字段；3PL 平台面单（isPlatformWaybill=true）不支持索赔。缺失时本专家会走 need_info 或 need_human。

output_schema:
- analysis：string — 分析结论与建议
- structured：object — 结构化分支结果：branch、trackingIds、outboundOrderNos、suggestedNextExperts、missingFacts","{
  ""type"": ""object"",
  ""x_constraint"": ""本专家不自行拉取轨迹，正式编排建议前置 delivery-status 并把轨迹事实放入 enrichedContext、分析结论放入 inputContext.previousOutput.analysis。JSON Schema 不强制 required，以支持降级调用与补充信息分支。"",
  ""x_invoke_contract"": ""编排闭环建议调用 JSON 顶层包含 inputContext.previousOutput.analysis（上游分析）与 sourceExpertId。inputs.enrichedContext 建议包含 recognizedException/ascanDetected/noUpdateDays/hasClaimService/isDomestic/isPlatformWaybill 等事实字段；3PL 平台面单（isPlatformWaybill=true）不支持索赔。缺失时本专家会走 need_info 或 need_human。"",
  ""properties"": {
    ""trackingIds"": {
      ""type"": ""array"",
      ""items"": {
        ""type"": ""string""
      },
      ""description"": ""轨迹单号""
    },
    ""outboundOrderNos"": {
      ""type"": ""array"",
      ""items"": {
        ""type"": ""string""
      },
      ""description"": ""出库单号""
    },
    ""enrichedContext"": {
      ""type"": ""object"",
      ""description"": ""上游传入的轨迹事实与分支字段（推荐由 delivery-status 合并）"",
      ""properties"": {
        ""recognizedException"": {
          ""type"": ""boolean"",
          ""description"": ""是否命中系统异常识别结果""
        },
        ""exceptionResult"": {
          ""type"": ""object"",
          ""description"": ""异常识别详情""
        },
        ""ascanDetected"": {
          ""type"": ""boolean"",
          ""description"": ""是否有首扫/MSCAN""
        },
        ""lastTrackingAt"": {
          ""type"": ""string"",
          ""description"": ""最后一条轨迹时间""
        },
        ""noUpdateDays"": {
          ""type"": ""number"",
          ""description"": ""轨迹停滞天数""
        },
        ""hasClaimService"": {
          ""type"": ""boolean"",
          ""description"": ""是否有索赔服务""
        },
        ""isPlatformWaybill"": {
          ""type"": ""boolean"",
          ""description"": ""是否为 3PL / 平台面单（此类订单不支持索赔；可由 outbound-order-status 或上游 analysis 判定）""
        },
        ""isDomestic"": {
          ""type"": ""boolean"",
          ""description"": ""是否国内件""
        },
        ""claimWindowStatus"": {
          ""type"": ""string"",
          ""description"": ""索赔时效状态：in_window/out_of_window/not_open_yet""
        },
        ""customerConfirmedClaim"": {
          ""type"": ""boolean"",
          ""description"": ""客户是否确认提交索赔""
        },
        ""analysisClock"": {
          ""type"": ""object"",
          ""description"": ""分析参考时钟""
        }
      },
      ""additionalProperties"": true
    }
  }
}","{
  ""type"": ""object"",
  ""properties"": {
    ""structured"": {
      ""type"": ""object"",
      ""description"": ""结构化分支结果：branch、trackingIds、outboundOrderNos、suggestedNextExperts、missingFacts""
    },
    ""analysis"": {
      ""type"": ""string"",
      ""description"": ""分析结论与建议""
    }
  }
}","{
  ""id"": ""tracking-stale"",
  ""domain"": ""last-mile"",
  ""name"": ""轨迹长时间未更新"",
  ""description"": ""轨迹长时间未更新处理流程。依赖上游（推荐 delivery-status）提供轨迹事实与分析结论，按分支输出话术与下一步。Use when 用户咨询轨迹长时间无更新、停滞、疑似丢件。"",
  ""capabilities"": [
    ""轨迹分析"",
    ""异常识别""
  ],
  ""version"": ""0.2.1"",
  ""x_framework_input_required"": [
    ""inputContext""
  ],
  ""x_framework_require_previous_output"": true,
  ""x_recaller_propagate_previous_enriched_context"": true,
  ""x_recaller_enriched_context_preferred_source_experts"": [
    ""delivery-status""
  ],
  ""inputSchema"": {
    ""type"": ""object"",
    ""x_constraint"": ""本专家不自行拉取轨迹，正式编排建议前置 delivery-status 并把轨迹事实放入 enrichedContext、分析结论放入 inputContext.previousOutput.analysis。JSON Schema 不强制 required，以支持降级调用与补充信息分支。"",
    ""x_invoke_contract"": ""编排闭环建议调用 JSON 顶层包含 inputContext.previousOutput.analysis（上游分析）与 sourceExpertId。inputs.enrichedContext 建议包含 recognizedException/ascanDetected/noUpdateDays/hasClaimService/isDomestic/isPlatformWaybill 等事实字段；3PL 平台面单（isPlatformWaybill=true）不支持索赔。缺失时本专家会走 need_info 或 need_human。"",
    ""properties"": {
      ""trackingIds"": {
        ""type"": ""array"",
        ""items"": {
          ""type"": ""string""
        },
        ""description"": ""轨迹单号""
      },
      ""outboundOrderNos"": {
        ""type"": ""array"",
        ""items"": {
          ""type"": ""string""
        },
        ""description"": ""出库单号""
      },
      ""enrichedContext"": {
        ""type"": ""object"",
        ""description"": ""上游传入的轨迹事实与分支字段（推荐由 delivery-status 合并）"",
        ""properties"": {
          ""recognizedException"": {
            ""type"": ""boolean"",
            ""description"": ""是否命中系统异常识别结果""
          },
          ""exceptionResult"": {
            ""type"": ""object"",
            ""description"": ""异常识别详情""
          },
          ""ascanDetected"": {
            ""type"": ""boolean"",
            ""description"": ""是否有首扫/MSCAN""
          },
          ""lastTrackingAt"": {
            ""type"": ""string"",
            ""description"": ""最后一条轨迹时间""
          },
          ""noUpdateDays"": {
            ""type"": ""number"",
            ""description"": ""轨迹停滞天数""
          },
          ""hasClaimService"": {
            ""type"": ""boolean"",
            ""description"": ""是否有索赔服务""
          },
          ""isPlatformWaybill"": {
            ""type"": ""boolean"",
            ""description"": ""是否为 3PL / 平台面单（此类订单不支持索赔；可由 outbound-order-status 或上游 analysis 判定）""
          },
          ""isDomestic"": {
            ""type"": ""boolean"",
            ""description"": ""是否国内件""
          },
          ""claimWindowStatus"": {
            ""type"": ""string"",
            ""description"": ""索赔时效状态：in_window/out_of_window/not_open_yet""
          },
          ""customerConfirmedClaim"": {
            ""type"": ""boolean"",
            ""description"": ""客户是否确认提交索赔""
          },
          ""analysisClock"": {
            ""type"": ""object"",
            ""description"": ""分析参考时钟""
          }
        },
        ""additionalProperties"": true
      }
    }
  },
  ""outputSchema"": {
    ""type"": ""object"",
    ""properties"": {
      ""structured"": {
        ""type"": ""object"",
        ""description"": ""结构化分支结果：branch、trackingIds、outboundOrderNos、suggestedNextExperts、missingFacts""
      },
      ""analysis"": {
        ""type"": ""string"",
        ""description"": ""分析结论与建议""
      }
    }
  }
}",
value-add-exception-diagnosis,on,7657141939158040618,V1.0.0_20260629,rel-experts-20260626,增值异常诊断,识别入库异常是否进入增值推荐链，归一异常编码、名称、对象、发生节点和缺失证据；不判责、不推荐最终 VASC。Use when 客户问某个入库异常是否需要增值处理、异常编码/名称代表什么、是否能进入后续增值推荐链。,local_repo,experts/value-add/value-add-exception-diagnosis,"input_schema:
- customerDescription（可选）：string — 客户自然语言描述
- enrichedContext（可选）：object — 编排器聚合事实
- evidenceSummary（可选）：object — 数量、条码、图片、状态等证据摘要
- exceptionCode（可选）：string — 异常编码，如 B01E1615
- exceptionDescription（可选）：string — 异常系统描述或客服摘要
- exceptionName（可选）：string — 异常名称
- valueAddHandoff（可选）：object — 上游 inbound-exception-check 输出的增值异常 handoff facts

output_schema:
- analysis：string — 对客可读异常诊断说明
- structured：object — 异常诊断结构化结果","{
  ""type"": ""object"",
  ""required"": [],
  ""properties"": {
    ""exceptionCode"": {
      ""type"": ""string"",
      ""description"": ""异常编码，如 B01E1615""
    },
    ""exceptionName"": {
      ""type"": ""string"",
      ""description"": ""异常名称""
    },
    ""exceptionDescription"": {
      ""type"": ""string"",
      ""description"": ""异常系统描述或客服摘要""
    },
    ""customerDescription"": {
      ""type"": ""string"",
      ""description"": ""客户自然语言描述""
    },
    ""valueAddHandoff"": {
      ""type"": ""object"",
      ""description"": ""上游 inbound-exception-check 输出的增值异常 handoff facts""
    },
    ""evidenceSummary"": {
      ""type"": ""object"",
      ""description"": ""数量、条码、图片、状态等证据摘要""
    },
    ""enrichedContext"": {
      ""type"": ""object"",
      ""description"": ""编排器聚合事实""
    }
  }
}","{
  ""type"": ""object"",
  ""properties"": {
    ""structured"": {
      ""type"": ""object"",
      ""description"": ""异常诊断结构化结果""
    },
    ""analysis"": {
      ""type"": ""string"",
      ""description"": ""对客可读异常诊断说明""
    }
  }
}","{
  ""id"": ""value-add-exception-diagnosis"",
  ""domain"": ""value-add"",
  ""name"": ""增值异常诊断"",
  ""description"": ""识别入库异常是否进入增值推荐链，归一异常编码、名称、对象、发生节点和缺失证据；不判责、不推荐最终 VASC。Use when 客户问某个入库异常是否需要增值处理、异常编码/名称代表什么、是否能进入后续增值推荐链。"",
  ""version"": ""1.0.0"",
  ""inputSchema"": {
    ""type"": ""object"",
    ""required"": [],
    ""properties"": {
      ""exceptionCode"": {
        ""type"": ""string"",
        ""description"": ""异常编码，如 B01E1615""
      },
      ""exceptionName"": {
        ""type"": ""string"",
        ""description"": ""异常名称""
      },
      ""exceptionDescription"": {
        ""type"": ""string"",
        ""description"": ""异常系统描述或客服摘要""
      },
      ""customerDescription"": {
        ""type"": ""string"",
        ""description"": ""客户自然语言描述""
      },
      ""valueAddHandoff"": {
        ""type"": ""object"",
        ""description"": ""上游 inbound-exception-check 输出的增值异常 handoff facts""
      },
      ""evidenceSummary"": {
        ""type"": ""object"",
        ""description"": ""数量、条码、图片、状态等证据摘要""
      },
      ""enrichedContext"": {
        ""type"": ""object"",
        ""description"": ""编排器聚合事实""
      }
    }
  },
  ""outputSchema"": {
    ""type"": ""object"",
    ""properties"": {
      ""structured"": {
        ""type"": ""object"",
        ""description"": ""异常诊断结构化结果""
      },
      ""analysis"": {
        ""type"": ""string"",
        ""description"": ""对客可读异常诊断说明""
      }
    }
  },
  ""x_recaller_propagate_previous_enriched_context"": true
}",
value-add-order-status,on,7668160449519976484,V1.0.0_20260629,rel-experts-20260626,增值单状态查询,查询已提交增值单主状态、原子执行进度、退回/部分完成原因和下一步动作；P0 主路径使用 wh.va.order.basicInfo 与 wh.va.order.getVasList，费用和货物明细仅作增强。Use when 客户提供增值单号询问处理到哪一步、为什么退回、为什么部分完成或已提交增值单的执行事实。,local_repo,experts/value-add/value-add-order-status,"input_schema:
- businessNo（可选）：string — 关联业务单号，仅作辅助定位；无法唯一定位时要求补充增值单号
- enrichedContext（可选）：object — 编排器聚合事实
- includeAtoms（可选）：boolean — 是否查询原子执行列表；P0 主路径默认开启
- includeGoods（可选）：boolean — 是否查询子货物明细；P2 增强，失败不影响主状态
- includePayment（可选）：boolean — 是否查询事后实际费用；P2 增强，失败不影响主状态
- includePrepayment（可选）：boolean — 是否查询已有增值单预估费用；依赖 orderNo，不是未下单前报价
- maxAtomRows（可选）：integer — 原子执行列表保留条数上限，默认 20
- parentGoodsId（可选）：number — 查询子货物明细时的父货物或父记录 ID；仅 includeGoods=true 时使用
- vasOrderNo（可选）：string — 增值单号，优先使用

output_schema:
- analysis：string — 对客可读状态说明
- structured：object — 增值单状态结构化结果","{
  ""type"": ""object"",
  ""required"": [],
  ""properties"": {
    ""vasOrderNo"": {
      ""type"": ""string"",
      ""description"": ""增值单号，优先使用""
    },
    ""businessNo"": {
      ""type"": ""string"",
      ""description"": ""关联业务单号，仅作辅助定位；无法唯一定位时要求补充增值单号""
    },
    ""includeAtoms"": {
      ""type"": ""boolean"",
      ""description"": ""是否查询原子执行列表；P0 主路径默认开启"",
      ""default"": true
    },
    ""includePayment"": {
      ""type"": ""boolean"",
      ""description"": ""是否查询事后实际费用；P2 增强，失败不影响主状态"",
      ""default"": false
    },
    ""includePrepayment"": {
      ""type"": ""boolean"",
      ""description"": ""是否查询已有增值单预估费用；依赖 orderNo，不是未下单前报价"",
      ""default"": false
    },
    ""includeGoods"": {
      ""type"": ""boolean"",
      ""description"": ""是否查询子货物明细；P2 增强，失败不影响主状态"",
      ""default"": false
    },
    ""parentGoodsId"": {
      ""type"": ""number"",
      ""description"": ""查询子货物明细时的父货物或父记录 ID；仅 includeGoods=true 时使用""
    },
    ""maxAtomRows"": {
      ""type"": ""integer"",
      ""description"": ""原子执行列表保留条数上限，默认 20"",
      ""default"": 20,
      ""minimum"": 1,
      ""maximum"": 200
    },
    ""enrichedContext"": {
      ""type"": ""object"",
      ""description"": ""编排器聚合事实""
    }
  }
}","{
  ""type"": ""object"",
  ""properties"": {
    ""structured"": {
      ""type"": ""object"",
      ""description"": ""增值单状态结构化结果""
    },
    ""analysis"": {
      ""type"": ""string"",
      ""description"": ""对客可读状态说明""
    }
  }
}","{
  ""id"": ""value-add-order-status"",
  ""domain"": ""value-add"",
  ""name"": ""增值单状态查询"",
  ""description"": ""查询已提交增值单主状态、原子执行进度、退回/部分完成原因和下一步动作；P0 主路径使用 wh.va.order.basicInfo 与 wh.va.order.getVasList，费用和货物明细仅作增强。Use when 客户提供增值单号询问处理到哪一步、为什么退回、为什么部分完成或已提交增值单的执行事实。"",
  ""version"": ""1.0.0"",
  ""inputSchema"": {
    ""type"": ""object"",
    ""required"": [],
    ""properties"": {
      ""vasOrderNo"": {
        ""type"": ""string"",
        ""description"": ""增值单号，优先使用""
      },
      ""businessNo"": {
        ""type"": ""string"",
        ""description"": ""关联业务单号，仅作辅助定位；无法唯一定位时要求补充增值单号""
      },
      ""includeAtoms"": {
        ""type"": ""boolean"",
        ""description"": ""是否查询原子执行列表；P0 主路径默认开启"",
        ""default"": true
      },
      ""includePayment"": {
        ""type"": ""boolean"",
        ""description"": ""是否查询事后实际费用；P2 增强，失败不影响主状态"",
        ""default"": false
      },
      ""includePrepayment"": {
        ""type"": ""boolean"",
        ""description"": ""是否查询已有增值单预估费用；依赖 orderNo，不是未下单前报价"",
        ""default"": false
      },
      ""includeGoods"": {
        ""type"": ""boolean"",
        ""description"": ""是否查询子货物明细；P2 增强，失败不影响主状态"",
        ""default"": false
      },
      ""parentGoodsId"": {
        ""type"": ""number"",
        ""description"": ""查询子货物明细时的父货物或父记录 ID；仅 includeGoods=true 时使用""
      },
      ""maxAtomRows"": {
        ""type"": ""integer"",
        ""description"": ""原子执行列表保留条数上限，默认 20"",
        ""default"": 20,
        ""minimum"": 1,
        ""maximum"": 200
      },
      ""enrichedContext"": {
        ""type"": ""object"",
        ""description"": ""编排器聚合事实""
      }
    }
  },
  ""outputSchema"": {
    ""type"": ""object"",
    ""properties"": {
      ""structured"": {
        ""type"": ""object"",
        ""description"": ""增值单状态结构化结果""
      },
      ""analysis"": {
        ""type"": ""string"",
        ""description"": ""对客可读状态说明""
      }
    }
  }
}",
value-add-product-recommendation,on,7657143181591642112,V1.0.0_20260629,rel-experts-20260626,增值产品推荐,根据异常事实、客户处理意图和异常到 VASC 映射推荐候选增值产品，输出首选推荐、限制原因和缺失确认项；不查询已提交增值单状态，不解释完整服务项配置。Use when 客户问某个异常或处理诉求应该选择哪个增值产品/VASC。,local_repo,experts/value-add/value-add-product-recommendation,"input_schema:
- customerActionIntent（可选）：string — 客户处理意图，如继续上架、新单上架、销毁、自提
- enrichedContext（可选）：object — 编排器聚合事实
- exceptionCategory（可选）：string — 异常类别
- exceptionCode（可选）：string — 异常编码
- exceptionName（可选）：string — 异常名称
- exceptionObject（可选）：string — 异常对象，如包裹、商品、单品、托盘
- handoffFacts（可选）：object — 上游异常诊断输出的 handoff facts
- inboundOrderNo（可选）：string — 关联入库单号，仅作上下文
- orderStatusHint（可选）：string — 上游已知入库单状态提示

output_schema:
- analysis：string — 对客可读推荐说明
- structured：object — VASC 推荐结构化结果","{
  ""type"": ""object"",
  ""required"": [],
  ""properties"": {
    ""exceptionCode"": {
      ""type"": ""string"",
      ""description"": ""异常编码""
    },
    ""exceptionName"": {
      ""type"": ""string"",
      ""description"": ""异常名称""
    },
    ""exceptionCategory"": {
      ""type"": ""string"",
      ""description"": ""异常类别""
    },
    ""exceptionObject"": {
      ""type"": ""string"",
      ""description"": ""异常对象，如包裹、商品、单品、托盘""
    },
    ""customerActionIntent"": {
      ""type"": ""string"",
      ""description"": ""客户处理意图，如继续上架、新单上架、销毁、自提""
    },
    ""inboundOrderNo"": {
      ""type"": ""string"",
      ""description"": ""关联入库单号，仅作上下文""
    },
    ""orderStatusHint"": {
      ""type"": ""string"",
      ""description"": ""上游已知入库单状态提示""
    },
    ""handoffFacts"": {
      ""type"": ""object"",
      ""description"": ""上游异常诊断输出的 handoff facts""
    },
    ""enrichedContext"": {
      ""type"": ""object"",
      ""description"": ""编排器聚合事实""
    }
  }
}","{
  ""type"": ""object"",
  ""properties"": {
    ""structured"": {
      ""type"": ""object"",
      ""description"": ""VASC 推荐结构化结果""
    },
    ""analysis"": {
      ""type"": ""string"",
      ""description"": ""对客可读推荐说明""
    }
  }
}","{
  ""id"": ""value-add-product-recommendation"",
  ""domain"": ""value-add"",
  ""name"": ""增值产品推荐"",
  ""description"": ""根据异常事实、客户处理意图和异常到 VASC 映射推荐候选增值产品，输出首选推荐、限制原因和缺失确认项；不查询已提交增值单状态，不解释完整服务项配置。Use when 客户问某个异常或处理诉求应该选择哪个增值产品/VASC。"",
  ""version"": ""1.0.0"",
  ""inputSchema"": {
    ""type"": ""object"",
    ""required"": [],
    ""properties"": {
      ""exceptionCode"": {
        ""type"": ""string"",
        ""description"": ""异常编码""
      },
      ""exceptionName"": {
        ""type"": ""string"",
        ""description"": ""异常名称""
      },
      ""exceptionCategory"": {
        ""type"": ""string"",
        ""description"": ""异常类别""
      },
      ""exceptionObject"": {
        ""type"": ""string"",
        ""description"": ""异常对象，如包裹、商品、单品、托盘""
      },
      ""customerActionIntent"": {
        ""type"": ""string"",
        ""description"": ""客户处理意图，如继续上架、新单上架、销毁、自提""
      },
      ""inboundOrderNo"": {
        ""type"": ""string"",
        ""description"": ""关联入库单号，仅作上下文""
      },
      ""orderStatusHint"": {
        ""type"": ""string"",
        ""description"": ""上游已知入库单状态提示""
      },
      ""handoffFacts"": {
        ""type"": ""object"",
        ""description"": ""上游异常诊断输出的 handoff facts""
      },
      ""enrichedContext"": {
        ""type"": ""object"",
        ""description"": ""编排器聚合事实""
      }
    }
  },
  ""outputSchema"": {
    ""type"": ""object"",
    ""properties"": {
      ""structured"": {
        ""type"": ""object"",
        ""description"": ""VASC 推荐结构化结果""
      },
      ""analysis"": {
        ""type"": ""string"",
        ""description"": ""对客可读推荐说明""
      }
    }
  },
  ""x_recaller_propagate_previous_enriched_context"": true,
  ""x_recaller_enriched_context_preferred_source_experts"": [
    ""value-add-exception-diagnosis"",
    ""inbound-exception-check"",
    ""inbound-order-status""
  ]
}",
value-add-service-config,on,7657143966111334434,V1.0.0_20260629,rel-experts-20260626,增值服务配置,在 VASC 已知的前提下解释服务项/原子编排、必选/可选、互斥和字段证据边界；不承诺完整下单字段、附件或模板配置。Use when 客户问某个 VASC 下有哪些服务项、原子能不能一起选、字段/附件/模板需要准备什么。,local_repo,experts/value-add/value-add-service-config,"input_schema:
- enrichedContext（可选）：object — 编排器聚合事实
- handoffToServiceConfig（可选）：object — 推荐专家输出的服务配置手交对象
- scenarioConditions（可选）：object — 对象层级、阶段、仓库、异常等场景条件
- serviceIntent（可选）：string — 服务配置意图
- vascCode（可选）：string — VASC 编码
- vascName（可选）：string — VASC 名称

output_schema:
- analysis：string — 对客可读服务配置说明
- structured：object — 服务项配置结构化结果","{
  ""type"": ""object"",
  ""required"": [],
  ""properties"": {
    ""vascCode"": {
      ""type"": ""string"",
      ""description"": ""VASC 编码""
    },
    ""vascName"": {
      ""type"": ""string"",
      ""description"": ""VASC 名称""
    },
    ""serviceIntent"": {
      ""type"": ""string"",
      ""description"": ""服务配置意图""
    },
    ""scenarioConditions"": {
      ""type"": ""object"",
      ""description"": ""对象层级、阶段、仓库、异常等场景条件""
    },
    ""handoffToServiceConfig"": {
      ""type"": ""object"",
      ""description"": ""推荐专家输出的服务配置手交对象""
    },
    ""enrichedContext"": {
      ""type"": ""object"",
      ""description"": ""编排器聚合事实""
    }
  }
}","{
  ""type"": ""object"",
  ""properties"": {
    ""structured"": {
      ""type"": ""object"",
      ""description"": ""服务项配置结构化结果""
    },
    ""analysis"": {
      ""type"": ""string"",
      ""description"": ""对客可读服务配置说明""
    }
  }
}","{
  ""id"": ""value-add-service-config"",
  ""domain"": ""value-add"",
  ""name"": ""增值服务配置"",
  ""description"": ""在 VASC 已知的前提下解释服务项/原子编排、必选/可选、互斥和字段证据边界；不承诺完整下单字段、附件或模板配置。Use when 客户问某个 VASC 下有哪些服务项、原子能不能一起选、字段/附件/模板需要准备什么。"",
  ""version"": ""1.0.0"",
  ""inputSchema"": {
    ""type"": ""object"",
    ""required"": [],
    ""properties"": {
      ""vascCode"": {
        ""type"": ""string"",
        ""description"": ""VASC 编码""
      },
      ""vascName"": {
        ""type"": ""string"",
        ""description"": ""VASC 名称""
      },
      ""serviceIntent"": {
        ""type"": ""string"",
        ""description"": ""服务配置意图""
      },
      ""scenarioConditions"": {
        ""type"": ""object"",
        ""description"": ""对象层级、阶段、仓库、异常等场景条件""
      },
      ""handoffToServiceConfig"": {
        ""type"": ""object"",
        ""description"": ""推荐专家输出的服务配置手交对象""
      },
      ""enrichedContext"": {
        ""type"": ""object"",
        ""description"": ""编排器聚合事实""
      }
    }
  },
  ""outputSchema"": {
    ""type"": ""object"",
    ""properties"": {
      ""structured"": {
        ""type"": ""object"",
        ""description"": ""服务项配置结构化结果""
      },
      ""analysis"": {
        ""type"": ""string"",
        ""description"": ""对客可读服务配置说明""
      }
    }
  },
  ""x_recaller_propagate_previous_enriched_context"": true,
  ""x_recaller_enriched_context_preferred_source_experts"": [
    ""value-add-product-recommendation""
  ]
}",
supplier-tracking,on,7657052595660259334,V0.1.0_20260630,rel-experts-20260626,承运商官网轨迹查询入口,按国家/尾程产品给出承运商官网物流查询网址与自助查轨迹步骤（SOP/KB）；不执行官网 HTTP 抓取。轨迹正文以 delivery-status 与系统侧能力为准。Use when 用户需要官网轨迹查询网址、组合渠道说明。NOT when 用户咨询尾程查件申请/查件进度（→ tracking-inquiry）或需要轨迹解读（→ delivery-status）。,local_repo,experts/last-mile/supplier-tracking,"input_schema:
- carrierCode（可选）：string — 可选承运商编码，辅助匹配
- country（可选）：string — 国家/地区（与 SOP 表国家列对齐，如 AU、DE、US）
- enrichedContext（可选）：object（自由字段） — 上游上下文（推荐 delivery-status 的 carrierHints、trajectories 等）
- lastMileProductName（可选）：string — 尾程产品或供应商名称（与 SOP 表供应商/承运商列对齐）
- region（可选）：string — 区域描述，可与 country 同用
- trackingIds（可选）：string[] — 跟踪号
约束：至少提供 trackingIds、country+lastMileProductName、lastMileProductName、carrierCode、region、enrichedContext、customerIntent 或 query 之一；建议前置 delivery-status 以填充 carrierHints / trajectories。

output_schema:
- analysis：string — 对客话术：官网轨迹查询链接与自助查轨迹步骤
- structured：object — fetchStatus 恒为 fallback_links；trackingPortalUrls、selfServiceSteps 来自 KB；events 恒为空","{
  ""type"": ""object"",
  ""required"": [],
  ""x_constraint"": ""至少提供 trackingIds、country+lastMileProductName、lastMileProductName、carrierCode、region、enrichedContext、customerIntent 或 query 之一；建议前置 delivery-status 以填充 carrierHints / trajectories。"",
  ""properties"": {
    ""trackingIds"": {
      ""type"": ""array"",
      ""items"": {
        ""type"": ""string""
      },
      ""description"": ""跟踪号""
    },
    ""country"": {
      ""type"": ""string"",
      ""description"": ""国家/地区（与 SOP 表国家列对齐，如 AU、DE、US）""
    },
    ""lastMileProductName"": {
      ""type"": ""string"",
      ""description"": ""尾程产品或供应商名称（与 SOP 表供应商/承运商列对齐）""
    },
    ""carrierCode"": {
      ""type"": ""string"",
      ""description"": ""可选承运商编码，辅助匹配""
    },
    ""region"": {
      ""type"": ""string"",
      ""description"": ""区域描述，可与 country 同用""
    },
    ""enrichedContext"": {
      ""type"": ""object"",
      ""description"": ""上游上下文（推荐 delivery-status 的 carrierHints、trajectories 等）"",
      ""additionalProperties"": true
    }
  }
}","{
  ""type"": ""object"",
  ""properties"": {
    ""structured"": {
      ""type"": ""object"",
      ""description"": ""fetchStatus 恒为 fallback_links；trackingPortalUrls、selfServiceSteps 来自 KB；events 恒为空""
    },
    ""analysis"": {
      ""type"": ""string"",
      ""description"": ""对客话术：官网轨迹查询链接与自助查轨迹步骤""
    }
  }
}","{
  ""id"": ""supplier-tracking"",
  ""domain"": ""last-mile"",
  ""name"": ""承运商官网轨迹查询入口"",
  ""description"": ""按国家/尾程产品给出承运商官网物流查询网址与自助查轨迹步骤（SOP/KB）；不执行官网 HTTP 抓取。轨迹正文以 delivery-status 与系统侧能力为准。Use when 用户需要官网轨迹查询网址、组合渠道说明。NOT when 用户咨询尾程查件申请/查件进度（→ tracking-inquiry）或需要轨迹解读（→ delivery-status）。"",
  ""capabilities"": [
    ""承运商官网轨迹查询入口"",
    ""尾程产品轨迹查询链接""
  ],
  ""version"": ""0.1.0"",
  ""x_recaller_propagate_previous_enriched_context"": true,
  ""x_recaller_enriched_context_preferred_source_experts"": [
    ""delivery-status""
  ],
  ""inputSchema"": {
    ""type"": ""object"",
    ""required"": [],
    ""x_constraint"": ""至少提供 trackingIds、country+lastMileProductName、lastMileProductName、carrierCode、region、enrichedContext、customerIntent 或 query 之一；建议前置 delivery-status 以填充 carrierHints / trajectories。"",
    ""properties"": {
      ""trackingIds"": {
        ""type"": ""array"",
        ""items"": {
          ""type"": ""string""
        },
        ""description"": ""跟踪号""
      },
      ""country"": {
        ""type"": ""string"",
        ""description"": ""国家/地区（与 SOP 表国家列对齐，如 AU、DE、US）""
      },
      ""lastMileProductName"": {
        ""type"": ""string"",
        ""description"": ""尾程产品或供应商名称（与 SOP 表供应商/承运商列对齐）""
      },
      ""carrierCode"": {
        ""type"": ""string"",
        ""description"": ""可选承运商编码，辅助匹配""
      },
      ""region"": {
        ""type"": ""string"",
        ""description"": ""区域描述，可与 country 同用""
      },
      ""enrichedContext"": {
        ""type"": ""object"",
        ""description"": ""上游上下文（推荐 delivery-status 的 carrierHints、trajectories 等）"",
        ""additionalProperties"": true
      }
    }
  },
  ""outputSchema"": {
    ""type"": ""object"",
    ""properties"": {
      ""structured"": {
        ""type"": ""object"",
        ""description"": ""fetchStatus 恒为 fallback_links；trackingPortalUrls、selfServiceSteps 来自 KB；events 恒为空""
      },
      ""analysis"": {
        ""type"": ""string"",
        ""description"": ""对客话术：官网轨迹查询链接与自助查轨迹步骤""
      }
    }
  }
}",
barcode-guide,on,7664267518534795298,V0.1.0_20260717,rel-experts-20260626,SKU 条码与三方编码引导,引导海外仓商品条码打印、第三方商品/单品条码增删查，以及仓内扫不上排查。KB+LLM 为主，不代客写入绑码/删码。Use when 客户问怎么打印标签、FNSKU/三方码怎么绑、怎么删/查三方编码、仓库扫不上码、或待办缺第三方商品条码如何补。,local_repo,experts/sku/barcode-guide,"input_schema:
- intentType（可选）：string — print / third_party_add / third_party_delete / third_party_query / scan_fail / general
- skuCode（可选）：string — 商品编码（与打标入参 productCode 同义；可选）
- skuCodeThird（可选）：string — 第三方商品条码（绑码/查删场景可选）
- supervisorMode（可选）：string — 管理模式 SI / SKU（可选；影响是否返回单品 S 码）
- topic（可选）：string — 咨询主题关键词（与 intentType 至少填一个）

output_schema:
- analysis：string — 对客分步说明
- structured：object — branch、sopSteps、confidence 等","{
  ""type"": ""object"",
  ""required"": [],
  ""properties"": {
    ""topic"": {
      ""type"": ""string"",
      ""description"": ""咨询主题关键词（与 intentType 至少填一个）""
    },
    ""intentType"": {
      ""type"": ""string"",
      ""description"": ""print / third_party_add / third_party_delete / third_party_query / scan_fail / general""
    },
    ""skuCode"": {
      ""type"": ""string"",
      ""description"": ""商品编码（与打标入参 productCode 同义；可选）""
    },
    ""skuCodeThird"": {
      ""type"": ""string"",
      ""description"": ""第三方商品条码（绑码/查删场景可选）""
    },
    ""supervisorMode"": {
      ""type"": ""string"",
      ""description"": ""管理模式 SI / SKU（可选；影响是否返回单品 S 码）""
    }
  }
}","{
  ""type"": ""object"",
  ""properties"": {
    ""structured"": {
      ""type"": ""object"",
      ""description"": ""branch、sopSteps、confidence 等""
    },
    ""analysis"": {
      ""type"": ""string"",
      ""description"": ""对客分步说明""
    }
  }
}","{
  ""id"": ""barcode-guide"",
  ""domain"": ""sku"",
  ""name"": ""SKU 条码与三方编码引导"",
  ""description"": ""引导海外仓商品条码打印、第三方商品/单品条码增删查，以及仓内扫不上排查。KB+LLM 为主，不代客写入绑码/删码。Use when 客户问怎么打印标签、FNSKU/三方码怎么绑、怎么删/查三方编码、仓库扫不上码、或待办缺第三方商品条码如何补。"",
  ""capabilities"": [
    ""打印条码标签"",
    ""新增三方码"",
    ""删除三方码指引"",
    ""查询三方/单品码"",
    ""扫码失败排查""
  ],
  ""version"": ""0.1.0"",
  ""inputSchema"": {
    ""type"": ""object"",
    ""required"": [],
    ""properties"": {
      ""topic"": {
        ""type"": ""string"",
        ""description"": ""咨询主题关键词（与 intentType 至少填一个）""
      },
      ""intentType"": {
        ""type"": ""string"",
        ""description"": ""print / third_party_add / third_party_delete / third_party_query / scan_fail / general""
      },
      ""skuCode"": {
        ""type"": ""string"",
        ""description"": ""商品编码（与打标入参 productCode 同义；可选）""
      },
      ""skuCodeThird"": {
        ""type"": ""string"",
        ""description"": ""第三方商品条码（绑码/查删场景可选）""
      },
      ""supervisorMode"": {
        ""type"": ""string"",
        ""description"": ""管理模式 SI / SKU（可选；影响是否返回单品 S 码）""
      }
    }
  },
  ""outputSchema"": {
    ""type"": ""object"",
    ""properties"": {
      ""structured"": {
        ""type"": ""object"",
        ""description"": ""branch、sopSteps、confidence 等""
      },
      ""analysis"": {
        ""type"": ""string"",
        ""description"": ""对客分步说明""
      }
    }
  }
}",
profile,on,7664268335613313078,V0.2.0_20260717,rel-experts-20260626,SKU 档案事实,按商品编码 skuCode 批量拉取 winit.item.page.list 档案（尺重、特殊属性、supervisorMode、itemPackaging、发布态、禁入/限直发），剪枝映射后写入 enrichedContext.sku/profile。可选 fetchProfile 切片。Gap 字段以 missingFacts 或 prohibitSource=unknown 降级。Use when 上游需要 SKU 件型、带电/液体等特殊属性、管理模式或禁止入库相关事实，且不需要注册/加急/解禁操作引导。,local_repo,experts/sku/profile,"input_schema:
- fetchProfile（可选）：string — 数据切片：facts_core（默认）/ audit_status / barcode_third / facts_compliance / minimal。
- importCountryCode（可选）：string — 可选进口国二字码，用于申报/属性按国别解析。
- skuCodes（必填）：string[] — 商品编码列表（OpenAPI skuCode；若上游只有 productCode 请放入本数组，语义相同）。上限 20。
- warehouseCode（可选）：string — 可选仓库编码，预留适用规则过滤。

output_schema:
- analysis：string — 简短事实摘要，不对客长文 SOP
- structured：object — skus[] 档案列表与 missingFacts、fetchMeta","{
  ""type"": ""object"",
  ""required"": [
    ""skuCodes""
  ],
  ""properties"": {
    ""skuCodes"": {
      ""type"": ""array"",
      ""items"": {
        ""type"": ""string""
      },
      ""description"": ""商品编码列表（OpenAPI skuCode；若上游只有 productCode 请放入本数组，语义相同）。上限 20。""
    },
    ""warehouseCode"": {
      ""type"": ""string"",
      ""description"": ""可选仓库编码，预留适用规则过滤。""
    },
    ""importCountryCode"": {
      ""type"": ""string"",
      ""description"": ""可选进口国二字码，用于申报/属性按国别解析。""
    },
    ""fetchProfile"": {
      ""type"": ""string"",
      ""description"": ""数据切片：facts_core（默认）/ audit_status / barcode_third / facts_compliance / minimal。""
    }
  }
}","{
  ""type"": ""object"",
  ""properties"": {
    ""structured"": {
      ""type"": ""object"",
      ""description"": ""skus[] 档案列表与 missingFacts、fetchMeta""
    },
    ""analysis"": {
      ""type"": ""string"",
      ""description"": ""简短事实摘要，不对客长文 SOP""
    }
  }
}","{
  ""id"": ""profile"",
  ""domain"": ""sku"",
  ""name"": ""SKU 档案事实"",
  ""description"": ""按商品编码 skuCode 批量拉取 winit.item.page.list 档案（尺重、特殊属性、supervisorMode、itemPackaging、发布态、禁入/限直发），剪枝映射后写入 enrichedContext.sku/profile。可选 fetchProfile 切片。Gap 字段以 missingFacts 或 prohibitSource=unknown 降级。Use when 上游需要 SKU 件型、带电/液体等特殊属性、管理模式或禁止入库相关事实，且不需要注册/加急/解禁操作引导。"",
  ""capabilities"": [
    ""SKU档案查询"",
    ""特殊属性"",
    ""件型计算"",
    ""管理模式"",
    ""enrichedContext""
  ],
  ""version"": ""0.2.0"",
  ""x_recaller_propagate_previous_enriched_context"": true,
  ""inputSchema"": {
    ""type"": ""object"",
    ""required"": [
      ""skuCodes""
    ],
    ""properties"": {
      ""skuCodes"": {
        ""type"": ""array"",
        ""items"": {
          ""type"": ""string""
        },
        ""description"": ""商品编码列表（OpenAPI skuCode；若上游只有 productCode 请放入本数组，语义相同）。上限 20。""
      },
      ""warehouseCode"": {
        ""type"": ""string"",
        ""description"": ""可选仓库编码，预留适用规则过滤。""
      },
      ""importCountryCode"": {
        ""type"": ""string"",
        ""description"": ""可选进口国二字码，用于申报/属性按国别解析。""
      },
      ""fetchProfile"": {
        ""type"": ""string"",
        ""description"": ""数据切片：facts_core（默认）/ audit_status / barcode_third / facts_compliance / minimal。""
      }
    }
  },
  ""outputSchema"": {
    ""type"": ""object"",
    ""properties"": {
      ""structured"": {
        ""type"": ""object"",
        ""description"": ""skus[] 档案列表与 missingFacts、fetchMeta""
      },
      ""analysis"": {
        ""type"": ""string"",
        ""description"": ""简短事实摘要，不对客长文 SOP""
      }
    }
  }
}",
registration-guide,on,7664267954108858422,V0.1.0_20260717,rel-experts-20260626,SKU 注册与操作引导,引导海外仓商品注册、审核加急、新品能否承运/入库（浅层）、退回重提、限直发解法、特殊属性解除、禁限解禁浅层，以及「商品不存在/未发布/禁止入库」报错处理。KB+LLM 为主，不代客写入。Use when 客户问 SKU 加急、审核要多久、怎么注册、批量注册、退回怎么改、链接能否发某国仓、限直发怎么办、取消带电等属性、禁止入库怎么解、或下入库单提示商品信息不存在。,local_repo,experts/sku/registration-guide,"input_schema:
- importCountryCode（可选）：string — 进口国二字码（可选）
- intentType（可选）：string — expedite / carriability / register / audit_status / resubmit / modify / inactive / blocked_inbound / direct_shipment / attribute_change / unban / general
- productLink（可选）：string — 商品链接（新品承运场景建议提供）
- skuCode（可选）：string — 商品编码（可选；有则可用于审核/退回/限直发语境）
- topic（可选）：string — 咨询主题关键词（与 intentType 至少填一个）

output_schema:
- analysis：string — 对客分步说明
- structured：object — branch、sopSteps、confidence 等","{
  ""type"": ""object"",
  ""required"": [],
  ""properties"": {
    ""topic"": {
      ""type"": ""string"",
      ""description"": ""咨询主题关键词（与 intentType 至少填一个）""
    },
    ""intentType"": {
      ""type"": ""string"",
      ""description"": ""expedite / carriability / register / audit_status / resubmit / modify / inactive / blocked_inbound / direct_shipment / attribute_change / unban / general""
    },
    ""skuCode"": {
      ""type"": ""string"",
      ""description"": ""商品编码（可选；有则可用于审核/退回/限直发语境）""
    },
    ""importCountryCode"": {
      ""type"": ""string"",
      ""description"": ""进口国二字码（可选）""
    },
    ""productLink"": {
      ""type"": ""string"",
      ""description"": ""商品链接（新品承运场景建议提供）""
    }
  }
}","{
  ""type"": ""object"",
  ""properties"": {
    ""structured"": {
      ""type"": ""object"",
      ""description"": ""branch、sopSteps、confidence 等""
    },
    ""analysis"": {
      ""type"": ""string"",
      ""description"": ""对客分步说明""
    }
  }
}","{
  ""id"": ""registration-guide"",
  ""domain"": ""sku"",
  ""name"": ""SKU 注册与操作引导"",
  ""description"": ""引导海外仓商品注册、审核加急、新品能否承运/入库（浅层）、退回重提、限直发解法、特殊属性解除、禁限解禁浅层，以及「商品不存在/未发布/禁止入库」报错处理。KB+LLM 为主，不代客写入。Use when 客户问 SKU 加急、审核要多久、怎么注册、批量注册、退回怎么改、链接能否发某国仓、限直发怎么办、取消带电等属性、禁止入库怎么解、或下入库单提示商品信息不存在。"",
  ""capabilities"": [
    ""注册加急"",
    ""新品承运浅层"",
    ""注册引导"",
    ""退回重提"",
    ""限直发解法"",
    ""属性解除"",
    ""解禁浅层""
  ],
  ""version"": ""0.1.0"",
  ""inputSchema"": {
    ""type"": ""object"",
    ""required"": [],
    ""properties"": {
      ""topic"": {
        ""type"": ""string"",
        ""description"": ""咨询主题关键词（与 intentType 至少填一个）""
      },
      ""intentType"": {
        ""type"": ""string"",
        ""description"": ""expedite / carriability / register / audit_status / resubmit / modify / inactive / blocked_inbound / direct_shipment / attribute_change / unban / general""
      },
      ""skuCode"": {
        ""type"": ""string"",
        ""description"": ""商品编码（可选；有则可用于审核/退回/限直发语境）""
      },
      ""importCountryCode"": {
        ""type"": ""string"",
        ""description"": ""进口国二字码（可选）""
      },
      ""productLink"": {
        ""type"": ""string"",
        ""description"": ""商品链接（新品承运场景建议提供）""
      }
    }
  },
  ""outputSchema"": {
    ""type"": ""object"",
    ""properties"": {
      ""structured"": {
        ""type"": ""object"",
        ""description"": ""branch、sopSteps、confidence 等""
      },
      ""analysis"": {
        ""type"": ""string"",
        ""description"": ""对客分步说明""
      }
    }
  }
}",
human-service-records,on,7664886730981572614,V1.1.0_20260720,rel-experts-20260626,人工客服历史沟通摘要,基于当前用户自己的历史人工客服沟通记录，回答客服曾给出的操作建议、事实说明或处理结果，并附可核验的关键依据。Use when 用户要求确认之前人工客服怎么说、怎么操作、是否提到某事或历史沟通的处理结果。,local_repo,experts/customer/human-service-records,"input_schema:
- keywords（可选）：string[] — 可选，用户要确认的订单号、问题关键词或客服曾提到的内容
- timeEnd（可选）：string — 可选，明确结束时间，格式 YYYY-MM-DD 或 YYYY-MM-DD HH:mm:ss，按 Asia/Shanghai 解释
- timeRangeText（可选）：string — 用户表达的时间范围，例如昨天、上周、上上周、上月、两个月前、上次、之前、2026-07-11；今天的记录需次日才能查询
- timeStart（可选）：string — 可选，明确开始时间，格式 YYYY-MM-DD 或 YYYY-MM-DD HH:mm:ss，按 Asia/Shanghai 解释

x_invoke_contract（框架顶层，编排必看）:
调用 JSON 顶层必须包含 username，并使用它匹配客户邮箱；customerCode 与 customerName 仅作为可选诊断上下文，不能作为权限查询条件。inputs 内可传 timeRangeText/timeStart/timeEnd/keywords。

output_schema:
- analysis：string — 对客自然语言摘要：直接回答用户问题，并展示带日期的关键依据与未确认项；不得提及内部来源或输出完整聊天记录
- structured：object — 可对外传递的历史沟通摘要状态、证据覆盖范围和已校验事实；不包含身份核验状态和内部查询细节
  - answerStatus：string
  - dataCompleteness：string
  - evidenceConversationCount：integer
  - evidenceMessageCount：integer
  - evidenceRefs：array
  - keyFacts：array
  - matchedConversationCount：integer
  - matchedMessageCount：integer
  - unconfirmedItems：array","{
  ""type"": ""object"",
  ""required"": [],
  ""properties"": {
    ""timeRangeText"": {
      ""type"": ""string"",
      ""description"": ""用户表达的时间范围，例如昨天、上周、上上周、上月、两个月前、上次、之前、2026-07-11；今天的记录需次日才能查询""
    },
    ""timeStart"": {
      ""type"": ""string"",
      ""description"": ""可选，明确开始时间，格式 YYYY-MM-DD 或 YYYY-MM-DD HH:mm:ss，按 Asia/Shanghai 解释""
    },
    ""timeEnd"": {
      ""type"": ""string"",
      ""description"": ""可选，明确结束时间，格式 YYYY-MM-DD 或 YYYY-MM-DD HH:mm:ss，按 Asia/Shanghai 解释""
    },
    ""keywords"": {
      ""type"": ""array"",
      ""items"": {
        ""type"": ""string""
      },
      ""description"": ""可选，用户要确认的订单号、问题关键词或客服曾提到的内容""
    }
  },
  ""x_invoke_contract"": ""调用 JSON 顶层必须包含 username，并使用它匹配客户邮箱；customerCode 与 customerName 仅作为可选诊断上下文，不能作为权限查询条件。inputs 内可传 timeRangeText/timeStart/timeEnd/keywords。""
}","{
  ""type"": ""object"",
  ""properties"": {
    ""structured"": {
      ""type"": ""object"",
      ""description"": ""可对外传递的历史沟通摘要状态、证据覆盖范围和已校验事实；不包含身份核验状态和内部查询细节"",
      ""properties"": {
        ""answerStatus"": {
          ""type"": ""string""
        },
        ""matchedConversationCount"": {
          ""type"": ""integer""
        },
        ""matchedMessageCount"": {
          ""type"": ""integer""
        },
        ""evidenceConversationCount"": {
          ""type"": ""integer""
        },
        ""evidenceMessageCount"": {
          ""type"": ""integer""
        },
        ""dataCompleteness"": {
          ""type"": ""string""
        },
        ""keyFacts"": {
          ""type"": ""array""
        },
        ""unconfirmedItems"": {
          ""type"": ""array""
        },
        ""evidenceRefs"": {
          ""type"": ""array""
        }
      }
    },
    ""analysis"": {
      ""type"": ""string"",
      ""description"": ""对客自然语言摘要：直接回答用户问题，并展示带日期的关键依据与未确认项；不得提及内部来源或输出完整聊天记录""
    }
  }
}","{
  ""id"": ""human-service-records"",
  ""domain"": ""customer"",
  ""name"": ""人工客服历史沟通摘要"",
  ""description"": ""基于当前用户自己的历史人工客服沟通记录，回答客服曾给出的操作建议、事实说明或处理结果，并附可核验的关键依据。Use when 用户要求确认之前人工客服怎么说、怎么操作、是否提到某事或历史沟通的处理结果。"",
  ""capabilities"": [
    ""人工客服历史沟通摘要"",
    ""历史客服答复回忆"",
    ""账号级权限过滤"",
    ""消息级时间筛选""
  ],
  ""version"": ""1.1.0"",
  ""x_framework_input_required"": [
    ""username""
  ],
  ""inputSchema"": {
    ""type"": ""object"",
    ""required"": [],
    ""properties"": {
      ""timeRangeText"": {
        ""type"": ""string"",
        ""description"": ""用户表达的时间范围，例如昨天、上周、上上周、上月、两个月前、上次、之前、2026-07-11；今天的记录需次日才能查询""
      },
      ""timeStart"": {
        ""type"": ""string"",
        ""description"": ""可选，明确开始时间，格式 YYYY-MM-DD 或 YYYY-MM-DD HH:mm:ss，按 Asia/Shanghai 解释""
      },
      ""timeEnd"": {
        ""type"": ""string"",
        ""description"": ""可选，明确结束时间，格式 YYYY-MM-DD 或 YYYY-MM-DD HH:mm:ss，按 Asia/Shanghai 解释""
      },
      ""keywords"": {
        ""type"": ""array"",
        ""items"": {
          ""type"": ""string""
        },
        ""description"": ""可选，用户要确认的订单号、问题关键词或客服曾提到的内容""
      }
    },
    ""x_invoke_contract"": ""调用 JSON 顶层必须包含 username，并使用它匹配客户邮箱；customerCode 与 customerName 仅作为可选诊断上下文，不能作为权限查询条件。inputs 内可传 timeRangeText/timeStart/timeEnd/keywords。""
  },
  ""outputSchema"": {
    ""type"": ""object"",
    ""properties"": {
      ""structured"": {
        ""type"": ""object"",
        ""description"": ""可对外传递的历史沟通摘要状态、证据覆盖范围和已校验事实；不包含身份核验状态和内部查询细节"",
        ""properties"": {
          ""answerStatus"": {
            ""type"": ""string""
          },
          ""matchedConversationCount"": {
            ""type"": ""integer""
          },
          ""matchedMessageCount"": {
            ""type"": ""integer""
          },
          ""evidenceConversationCount"": {
            ""type"": ""integer""
          },
          ""evidenceMessageCount"": {
            ""type"": ""integer""
          },
          ""dataCompleteness"": {
            ""type"": ""string""
          },
          ""keyFacts"": {
            ""type"": ""array""
          },
          ""unconfirmedItems"": {
            ""type"": ""array""
          },
          ""evidenceRefs"": {
            ""type"": ""array""
          }
        }
      },
      ""analysis"": {
        ""type"": ""string"",
        ""description"": ""对客自然语言摘要：直接回答用户问题，并展示带日期的关键依据与未确认项；不得提及内部来源或输出完整聊天记录""
      }
    }
  }
}",
shipping-label,on,7665338893839220777,V1.0.0_20260722,rel-experts-20260626,查询尾程面单,查询客户账号下出库订单的已处理尾程面单 PDF，支持 WO 主单号、包裹号、trackingNo 和卖家订单号，按订单与跟踪号返回临时下载链接及逐单失败原因。Use when 用户要查询、下载、留档或用于平台申诉的尾程发货面单。,local_repo,experts/last-mile/shipping-label,"input_schema:
- orderIdentifiers（必填）：string[] — 1～10 个订单标识，可为 WO 主单号、WO...A 包裹号、trackingNo 或卖家订单号

x_invoke_contract（框架顶层，编排必看）:
orderIdentifiers 必填，单次最多提交 10 个非空标识；进入查询前会去重。客户与账号字段由调用框架顶层传入。

output_schema:
- analysis：string — 按订单和 trackingNo 列出的临时 PDF 下载链接、有效期与不可用于实际发货打印的提示，以及逐单失败原因
- structured：object — 尾程面单查询结果
  - orders：object[]
    - businessCode：string
    - labels：object[]
      - labelUrls：string[]
      - trackingNo：string
    - matchedFrom：string[]
    - message：string
    - orderNo：string
    - result：string
  - requestedIdentifiers：string[]
  - status：string
  - summary：object
    - failedOrderCount：integer
    - labelFileCount：integer
    - requestedCount：integer
    - resolvedOrderCount：integer
    - successOrderCount：integer
  - unresolvedIdentifiers：object[]
    - identifier：string
    - reason：string","{
  ""type"": ""object"",
  ""required"": [
    ""orderIdentifiers""
  ],
  ""properties"": {
    ""orderIdentifiers"": {
      ""type"": ""array"",
      ""minItems"": 1,
      ""maxItems"": 10,
      ""items"": {
        ""type"": ""string""
      },
      ""description"": ""1～10 个订单标识，可为 WO 主单号、WO...A 包裹号、trackingNo 或卖家订单号""
    }
  },
  ""x_invoke_contract"": ""orderIdentifiers 必填，单次最多提交 10 个非空标识；进入查询前会去重。客户与账号字段由调用框架顶层传入。""
}","{
  ""type"": ""object"",
  ""properties"": {
    ""structured"": {
      ""type"": ""object"",
      ""description"": ""尾程面单查询结果"",
      ""properties"": {
        ""status"": {
          ""type"": ""string"",
          ""enum"": [
            ""success"",
            ""partial_success"",
            ""failed"",
            ""need_input"",
            ""too_many_matches""
          ]
        },
        ""requestedIdentifiers"": {
          ""type"": ""array"",
          ""items"": {
            ""type"": ""string""
          }
        },
        ""orders"": {
          ""type"": ""array"",
          ""items"": {
            ""type"": ""object"",
            ""properties"": {
              ""orderNo"": {
                ""type"": ""string""
              },
              ""matchedFrom"": {
                ""type"": ""array"",
                ""items"": {
                  ""type"": ""string""
                }
              },
              ""result"": {
                ""type"": ""string"",
                ""enum"": [
                  ""success"",
                  ""no_label"",
                  ""not_found"",
                  ""not_supported"",
                  ""forbidden"",
                  ""service_error""
                ]
              },
              ""businessCode"": {
                ""type"": ""string""
              },
              ""message"": {
                ""type"": ""string""
              },
              ""labels"": {
                ""type"": ""array"",
                ""items"": {
                  ""type"": ""object"",
                  ""properties"": {
                    ""trackingNo"": {
                      ""type"": ""string""
                    },
                    ""labelUrls"": {
                      ""type"": ""array"",
                      ""items"": {
                        ""type"": ""string""
                      }
                    }
                  }
                }
              }
            }
          }
        },
        ""unresolvedIdentifiers"": {
          ""type"": ""array"",
          ""items"": {
            ""type"": ""object"",
            ""properties"": {
              ""identifier"": {
                ""type"": ""string""
              },
              ""reason"": {
                ""type"": ""string""
              }
            }
          }
        },
        ""summary"": {
          ""type"": ""object"",
          ""properties"": {
            ""requestedCount"": {
              ""type"": ""integer""
            },
            ""resolvedOrderCount"": {
              ""type"": ""integer""
            },
            ""successOrderCount"": {
              ""type"": ""integer""
            },
            ""failedOrderCount"": {
              ""type"": ""integer""
            },
            ""labelFileCount"": {
              ""type"": ""integer""
            }
          }
        }
      }
    },
    ""analysis"": {
      ""type"": ""string"",
      ""description"": ""按订单和 trackingNo 列出的临时 PDF 下载链接、有效期与不可用于实际发货打印的提示，以及逐单失败原因""
    }
  }
}","{
  ""id"": ""shipping-label"",
  ""domain"": ""last-mile"",
  ""name"": ""查询尾程面单"",
  ""description"": ""查询客户账号下出库订单的已处理尾程面单 PDF，支持 WO 主单号、包裹号、trackingNo 和卖家订单号，按订单与跟踪号返回临时下载链接及逐单失败原因。Use when 用户要查询、下载、留档或用于平台申诉的尾程发货面单。"",
  ""capabilities"": [
    ""尾程面单查询"",
    ""面单下载"",
    ""多单批量查询"",
    ""订单标识解析""
  ],
  ""version"": ""1.0.0"",
  ""inputSchema"": {
    ""type"": ""object"",
    ""required"": [
      ""orderIdentifiers""
    ],
    ""properties"": {
      ""orderIdentifiers"": {
        ""type"": ""array"",
        ""minItems"": 1,
        ""maxItems"": 10,
        ""items"": {
          ""type"": ""string""
        },
        ""description"": ""1～10 个订单标识，可为 WO 主单号、WO...A 包裹号、trackingNo 或卖家订单号""
      }
    },
    ""x_invoke_contract"": ""orderIdentifiers 必填，单次最多提交 10 个非空标识；进入查询前会去重。客户与账号字段由调用框架顶层传入。""
  },
  ""outputSchema"": {
    ""type"": ""object"",
    ""properties"": {
      ""structured"": {
        ""type"": ""object"",
        ""description"": ""尾程面单查询结果"",
        ""properties"": {
          ""status"": {
            ""type"": ""string"",
            ""enum"": [
              ""success"",
              ""partial_success"",
              ""failed"",
              ""need_input"",
              ""too_many_matches""
            ]
          },
          ""requestedIdentifiers"": {
            ""type"": ""array"",
            ""items"": {
              ""type"": ""string""
            }
          },
          ""orders"": {
            ""type"": ""array"",
            ""items"": {
              ""type"": ""object"",
              ""properties"": {
                ""orderNo"": {
                  ""type"": ""string""
                },
                ""matchedFrom"": {
                  ""type"": ""array"",
                  ""items"": {
                    ""type"": ""string""
                  }
                },
                ""result"": {
                  ""type"": ""string"",
                  ""enum"": [
                    ""success"",
                    ""no_label"",
                    ""not_found"",
                    ""not_supported"",
                    ""forbidden"",
                    ""service_error""
                  ]
                },
                ""businessCode"": {
                  ""type"": ""string""
                },
                ""message"": {
                  ""type"": ""string""
                },
                ""labels"": {
                  ""type"": ""array"",
                  ""items"": {
                    ""type"": ""object"",
                    ""properties"": {
                      ""trackingNo"": {
                        ""type"": ""string""
                      },
                      ""labelUrls"": {
                        ""type"": ""array"",
                        ""items"": {
                          ""type"": ""string""
                        }
                      }
                    }
                  }
                }
              }
            }
          },
          ""unresolvedIdentifiers"": {
            ""type"": ""array"",
            ""items"": {
              ""type"": ""object"",
              ""properties"": {
                ""identifier"": {
                  ""type"": ""string""
                },
                ""reason"": {
                  ""type"": ""string""
                }
              }
            }
          },
          ""summary"": {
            ""type"": ""object"",
            ""properties"": {
              ""requestedCount"": {
                ""type"": ""integer""
              },
              ""resolvedOrderCount"": {
                ""type"": ""integer""
              },
              ""successOrderCount"": {
                ""type"": ""integer""
              },
              ""failedOrderCount"": {
                ""type"": ""integer""
              },
              ""labelFileCount"": {
                ""type"": ""integer""
              }
            }
          }
        }
      },
      ""analysis"": {
        ""type"": ""string"",
        ""description"": ""按订单和 trackingNo 列出的临时 PDF 下载链接、有效期与不可用于实际发货打印的提示，以及逐单失败原因""
      }
    }
  }
}",
