序号,群名称,群ID,日期,开始时间,结束时间,讨论ID,发起人,增值产品,增值服务,客户/对象,仓库,关联单号,摘要,对话详情,艾特人员,命中艾特人员,参与人,原始消息ID,飞书链接,关键词
3,发货仓入库&增值运营（救火）- IB&VAS,oc_5b8848d27b7b3fa4a10eab865c4f9ffc,2026-08-03,2026-08-03 15:25,2026-08-07 08:20,omt_19082756afcf1a42,未知/系统,非标增值,拍照,,,VASC000000327483；VASC000000327489；VASC000000270000；EB0126072431576923；EB0126072431576914；EB0126072431576908；EB0126072431576851；B0126072431576923；B02926072300123；B0126072431576914；B02926072300121；B0126072431576908；B02926072300122；B0126072431576851；B02926072300119；B02926072300189,拍摄的有点乱，能否提供下对应关系，谢谢 CC@_user_1 都是先拍WB然后再拍商品啊 [File:EXPORT_INBOUND_ABNORMAL_ORDER_1003647_20260803120204.xlsx] WB和EB号的对应关系是这个 不是4个异常单，对应4个包裹嘛 [Image:img_v3_02148_fb9f6ceb-fb39-496e-8669-6df182c5410h] [Image:img_v3_02148_168286c8-7911-474f-9d07-4f73e3e3863h] 两个单...,"[2026-08-03 15:25] 王烜: 拍摄的有点乱，能否提供下对应关系，谢谢
[2026-08-03 15:25] 王烜: CC@_user_1
[2026-08-03 23:59] Christopher Deng: 都是先拍WB然后再拍商品啊
[2026-08-04 00:02] Christopher Deng: [File:EXPORT_INBOUND_ABNORMAL_ORDER_1003647_20260803120204.xlsx]
[2026-08-04 00:03] Christopher Deng: WB和EB号的对应关系是这个
[2026-08-04 00:18] 王烜: 不是4个异常单，对应4个包裹嘛
[2026-08-04 04:51] Christopher Deng: [Image:img_v3_02148_fb9f6ceb-fb39-496e-8669-6df182c5410h]
[2026-08-04 04:51] Christopher Deng: [Image:img_v3_02148_168286c8-7911-474f-9d07-4f73e3e3863h]
[2026-08-04 04:51] Christopher Deng: 两个单啊
[2026-08-04 09:27] 李润美: @_user_1 VASC000000327483，VASC000000327483两个增值单我们从增值里面下载下来会很乱，分不清哪张照片是哪个异常包裹的，所以照片需要文件需要命名一下，哪些照片是哪个异常这种
还有这个VASC000000327489 这个增值提交的是这4个异常单，照片里面只有两个包裹号，是不是漏上传了。另外一个增值比较多异常单，也帮忙核查重新文件命名一下的，谢谢
EB0126072431576923--WB02926072300123
EB0126072431576914--WB02926072300121
EB0126072431576908--WB02926072300122
EB0126072431576851--WB02926072300119
[2026-08-04 09:31] Christopher Deng: @_user_1 4个的那个，有两个我已经重新发在救火里了
[2026-08-04 09:31] Christopher Deng: 你问过一次了
[2026-08-04 09:31] Christopher Deng: 这是TOM系统上传的，我没办法命名文件
[2026-08-04 09:32] Christopher Deng: 扫枪拍照直接上传的，不经过电脑的啊
[2026-08-04 09:33] Christopher Deng: <p>我这照片拍的都是按顺序的。先拍一张WB，然后拍里面的商品。根据WB搜表格就能知道EB号了</p>
[2026-08-04 09:33] 王烜: @_user_1 那两个救火，CC我一下
[2026-08-04 09:33] Christopher Deng: 客户下载到的顺序不一样了吗
[2026-08-04 09:34] Christopher Deng: @_user_1 另一个救火我艾特你了
[2026-08-04 09:37] 李润美: <p>是的，我们下载下来就一团乱了，我也没法给客户分清楚。之前另外一个救火群问的是另外一个增值单，不是这两个@_user_1</p>
[2026-08-04 09:37] Christopher Deng: 不是同一个增值单，EB号有重复的
[2026-08-04 09:38] Christopher Deng: [Image:img_v3_02148_db71cdb8-bc40-4321-bcb9-0d6155d5d38h]
不能在这个界面下载吗
[2026-08-04 18:16] 雷宇: @_user_1 下载之后的显示顺序也不一定跟系统显示的是一致 无法判断下载的顺序是否正确的
[2026-08-05 08:29] Christopher Deng: @_user_1 麻烦看下这个要怎么解决的
[2026-08-05 11:22] 王烜: 麻烦看下，有没有办法按照顺序下载，客户这个异常已经好多天了
[2026-08-05 12:26] 赖敏: @_user_1 刚问过产品，目前系统确实没办法支持异常单和照片的对应关系。只能是在拍照的时候，旁边放一个纸条，上面写异常单号或WB单号，然后在救火这里吧图片发给@_user_2 
cc：@_user_3
[2026-08-05 14:08] 许晓妍: @_user_1 VASC000000270000可参考这个增值单
[2026-08-06 00:42] 王烜: @_user_1 那这些异常单，可以再这样拍个照吗
[2026-08-06 09:47] 李润美: @_user_1 这个有重新提供照片了吗，好几天了，每天会有临时仓租
[2026-08-06 10:13] Christopher Deng: @_user_1 没有，暂时没有多余的人安排全部重拍一遍了。仓库在第一次拍照的时候已经是按顺序拍摄了。现在客户等于要求重拍一次
[2026-08-06 11:26] 赖敏: @Christopher Deng VASC000000327489 有4个异常单，对应4个WB，但是只拍了2个，剩下2个WB要补
WB02926072300119 未拍
WB02926072300123 未拍
WB02926072300122 已拍
WB02926072300121 已拍
@李润美 系统上的增值照片是按顺序的，先拍WB，再拍里面的商品和商品标签，再承重，以下照片就是按顺序这么来的
[Image:img_v3_0214a_0b2470a2-7139-41a4-a0a5-2328ba94d49g]
[2026-08-06 11:30] Christopher Deng: 另一个救火里我拍过了也发了…
[2026-08-06 11:30] Christopher Deng: [Image:img_v3_0214a_9299ee91-d122-4b8f-be2a-da98217b180h]
[2026-08-06 11:30] Christopher Deng: [Image:img_v3_0214a_d46f9cea-284d-4c12-aa9b-59358fcc76ah]
[2026-08-06 11:30] Christopher Deng: [Image:img_v3_0214a_d478ed78-0f35-4d57-8488-d1d35ecd7a7h]
[2026-08-06 11:30] Christopher Deng: [Image:img_v3_0214a_334a86a1-1e44-4c60-938c-0e6c482d70bh]
[2026-08-06 11:30] Christopher Deng: [Image:img_v3_0214a_26340891-a2b8-4fd8-bd43-33c5a8d2b54h]
[2026-08-06 11:30] Christopher Deng: [Image:img_v3_0214a_a24f55bc-b955-4d16-b7ed-364d24b5453h]
[2026-08-06 11:37] 赖敏: @李润美 辛苦找客户说下，都是按顺序的，先拍WB，再拍里面的商品和商品标签，加上上面这两个所有的包裹都拍齐了，EB单和WB的对应关系如下
[Image:img_v3_0214a_8c6a1e41-4343-43d2-a644-0ae0086f5d8g]
[2026-08-06 17:50] 李润美: VASC000000327483 WB02926072300189 @_user_1 这个异常没有派送产品条码的照片，帮忙补拍一下
[2026-08-07 08:20] Christopher Deng: 增值完成了，包裹不存在了",李润美；Christopher Deng；王烜；赖敏；许晓妍,许晓妍,王烜；Christopher Deng；李润美；雷宇；赖敏；许晓妍,om_x100b69eeb73510a0dee4b55b900cecd,,增值；VASC；异常单；异常；EB；拍照；仓库；救火
8,发货仓入库&增值运营（救火）- IB&VAS,oc_5b8848d27b7b3fa4a10eab865c4f9ffc,2026-08-04,2026-08-04 01:07,2026-08-06 12:20,omt_190a7453cc0fdcb9,未知/系统,非标增值,包装,,,VASC000000330639,[Image:img_v3_02148_cc6e0bf3-5b08-4f49-ab44-3e6efa88428h] 三个异常 [Image:img_v3_02148_9eb402e6-9961-4bcc-a197-cab82987b2fg] @_user_1 请确认一下是库内导致，还是收货时，收到3件就是破损的。 @_user_1 cc @_user_1 哥，辛苦上班看下这个，有没有视频可以证明不是我们卸货导致的货损 @_user_1 辛苦帮忙看下 @_user_1 @_user_2 嗨，有空帮忙看看 <p>@_u...,"[2026-08-04 01:07] Boris Dong: [Image:img_v3_02148_cc6e0bf3-5b08-4f49-ab44-3e6efa88428h]
[2026-08-04 01:07] Boris Dong: 三个异常
[2026-08-04 11:29] 钟晓环: [Image:img_v3_02148_9eb402e6-9961-4bcc-a197-cab82987b2fg]
[2026-08-04 11:30] 钟晓环: @_user_1 请确认一下是库内导致，还是收货时，收到3件就是破损的。
[2026-08-04 12:23] 钟晓环: @_user_1 cc
[2026-08-04 20:49] 曾鹏荣: @_user_1 哥，辛苦上班看下这个，有没有视频可以证明不是我们卸货导致的货损
[2026-08-04 23:13] 曾鹏荣: @_user_1 辛苦帮忙看下
[2026-08-05 06:21] 曾鹏荣: @_user_1 @_user_2 嗨，有空帮忙看看
[2026-08-05 10:43] 钟晓环: <p>@_user_1请求协助，客户投诉了，这个case 看一下能否找仓库同事先确认货物破损是来源库内，还是货代导致。</p><p>最好提供视频证明，能确认收货的一个情况，谢谢</p>
[2026-08-05 12:53] Boris Dong: =下
[2026-08-05 13:18] Boris Dong: Merged and Forwarded Message
[2026-08-05 13:19] Boris Dong: 三个一共 第一个看的清 是因为员工踩货登高 这个在7月底我们有专项整治过，再给他们买登高平台，第二第三个看不大清
[2026-08-05 13:19] Boris Dong: @_user_1
[2026-08-05 13:23] Boris Dong: 他这一个柜子正好在整治的那段时间
[2026-08-05 13:30] 曾鹏荣: 好的
[2026-08-05 14:37] 钟晓环: @_user_1 1件破损踩踏原因导致，这个请重视一下，重新培训一下仓库 ，避免后续再次发生这个事情。
看监控员工很自然就直接踩着客户的货物进行卸货，这个问题下次不能再出现。视频都不敢发给客户了、[新月脸]
[2026-08-05 14:43] 廖丹: 因为踩货登高导致的破损这个仓库已经在采买登高凳了，质控也会随机抽查整柜的卸货质量@_user_1
[2026-08-06 11:49] 钟晓环: @_user_1 VASC000000330639 
3个包裹一起处理的，总收费：22.45USD

其中一个包裹是库内踩踏导致破损，这1件我登记客服退费的话，申请5.8usd退回。（加固包装4.5+商品标签0.55+包裹标签0.75）
[2026-08-06 11:57] 钟晓环: https://winitlink.feishu.cn/record/Jm1YrxVTMedg5ncBHVHcQ0zVnuh
@_user_1   cc
[2026-08-06 12:20] 耿文文: @_user_1 增值单我看还没处理，一个包裹的费用你根据实际收费结果计算",Boris Dong；曾鹏荣；Jianan Sun；廖丹；钟晓环；耿文文,耿文文,Boris Dong；钟晓环；曾鹏荣；廖丹；耿文文,om_x100b69cb87632cacb150150afbe5aab,,增值；VASC；异常；EB；库内；仓库
23,发货仓入库&增值运营（救火）- IB&VAS,oc_5b8848d27b7b3fa4a10eab865c4f9ffc,2026-08-03,2026-08-03 16:33,2026-08-03 16:33,omt_1915da918b0f5cbc,未知/系统,非标增值,"增值单\n仓库：DEBR2 Warehouse\n入库单号：VASC000000327621\n头程类型：无\n包裹条码：\nsku：\n救火原因：7月31确认报价的增值，请加急处理，里面的货物着急上架，谢谢""}], [{""tag"": ""button"", ""text"": ""确认受理"", ""type"": ""default""}, {""tag"": ""button"", ""text"": ""确认关闭"", ""type"": ""default""}], [{""tag"": ""hr""}], [{""tag"": ""text"", ""text"": ""来自 ""}, {""tag"": ""a"", ""href"": ""https://winitlink.feishu.cn/base/CBUkbTYbma2NAnsSzZ9cq7Qrnvc?ccm_open_type=im_card_automation_link"", ""text"": ""海外仓入库运营（救火）case管理表""}]]}；上架","19227270自由創新(香港)有限公司\n救火类型：增值单\n仓库：DEBR2 Warehouse\n入库单号：VASC000000327621\n头程类型：无\n包裹条码：\nsku：\n救火原因：7月31确认报价的增值，请加急处理，里面的货物着急上架，谢谢""}], [{""tag"": ""button"", ""text"": ""确认受理"", ""type"": ""default""}, {""tag"": ""button"", ""text"": ""确认关闭"", ""type"": ""default""}], [{""tag"": ""hr""}], [{""tag"": ""text"", ""text"": ""来自 ""}, {""tag"": ""a"", ""href"": ""https://winitlink.feishu.cn/base/CBUkbTYbma2NAnsSzZ9cq7Qrnvc?ccm_open_type=im_card_automation_link"", ""text"": ""海外仓入库运营（救火）case管理表""}]]}","DEBR2 Warehouse\n入库单号：VASC000000327621\n头程类型：无\n包裹条码：\nsku：\n救火原因：7月31确认报价的增值，请加急处理，里面的货物着急上架，谢谢""}], [{""tag"": ""button"", ""text"": ""确认受理"", ""type"": ""default""}, {""tag"": ""button"", ""text"": ""确认关闭"", ""type"": ""default""}], [{""tag"": ""hr""}], [{""tag"": ""text"", ""text"": ""来自 ""}, {""tag"": ""a"", ""href"": ""https://winitlink.feishu.cn/base/CBUkbTYbma2NAnsSzZ9cq7Qrnvc?ccm_open_type=im_card_automation_link"", ""text"": ""海外仓入库运营（救火）case管理表""}]]}",VASC000000327621,"{""title"": ""请关注入库救火case"", ""elements"": [[{""tag"": ""text"", ""text"": ""提交人：""}, {""tag"": ""at"", ""user_id"": ""@_user_1"", ""user_name"": ""钟晓环""}, {""tag"": ""text"", ""text"": ""\n仓库处理人：""}, {""tag"": ""at"", ""user_id"": ""@_user_2"", ""user_name"": ""Vesislava Yovkova""}, {""tag"": ""text"", ""text...","[2026-08-03 16:33] 未知/系统: {""title"": ""请关注入库救火case"", ""elements"": [[{""tag"": ""text"", ""text"": ""提交人：""}, {""tag"": ""at"", ""user_id"": ""@_user_1"", ""user_name"": ""钟晓环""}, {""tag"": ""text"", ""text"": ""\n仓库处理人：""}, {""tag"": ""at"", ""user_id"": ""@_user_2"", ""user_name"": ""Vesislava Yovkova""}, {""tag"": ""text"", ""text"": "",""}, {""tag"": ""at"", ""user_id"": ""@_user_3"", ""user_name"": ""Aleksandar Yovkov""}, {""tag"": ""text"", ""text"": "",""}, {""tag"": ""at"", ""user_id"": ""@_user_4"", ""user_name"": ""DANIELA""}, {""tag"": ""text"", ""text"": ""\n质控：""}, {""tag"": ""at"", ""user_id"": ""@_user_5"", ""user_name"": ""王成""}, {""tag"": ""text"", ""text"": ""\n客户：19227270自由創新(香港)有限公司\n救火类型：增值单\n仓库：DEBR2 Warehouse\n入库单号：VASC000000327621\n头程类型：无\n包裹条码：\nsku：\n救火原因：7月31确认报价的增值，请加急处理，里面的货物着急上架，谢谢""}], [{""tag"": ""button"", ""text"": ""确认受理"", ""type"": ""default""}, {""tag"": ""button"", ""text"": ""确认关闭"", ""type"": ""default""}], [{""tag"": ""hr""}], [{""tag"": ""text"", ""text"": ""来自 ""}, {""tag"": ""a"", ""href"": ""https://winitlink.feishu.cn/base/CBUkbTYbma2NAnsSzZ9cq7Qrnvc?ccm_open_type=im_card_automation_link"", ""text"": ""海外仓入库运营（救火）case管理表""}]]}",钟晓环；Vesislava Yovkova；Aleksandar Yovkov；DANIELA；王成,未知/系统,未知/系统,om_x100b68316b475ca4b10ca7e955965ce,,增值；VASC；EB；入库；上架；包裹条码；仓库；救火
32,发货仓入库&增值运营（救火）- IB&VAS,oc_5b8848d27b7b3fa4a10eab865c4f9ffc,2026-08-03,2026-08-03 17:55,2026-08-04 12:04,omt_1915edf222cf9b8d,未知/系统,非标增值,上架,,,EB0326080331871097；WI51261780；M010000000004967487；B0400000001435174044；B0326080331871097,[Image:img_v3_02147_3ba97902-5114-442d-8035-77835e04a21g] 这个明天上班确认下@Yang.cui @susan.li @代崎 麻烦协助查看下是历史有漏验货吗 客户包裹B0400000001435174044验货时少了1个 M010000000004967487 S500046000555432324 [Image:img_v3_02147_25f204d5-f01e-4f63-84af-af8aab0c604g] [Image:img_v3_02147_7ad...,"[2026-08-03 17:55] 李文通: [Image:img_v3_02147_3ba97902-5114-442d-8035-77835e04a21g]
这个明天上班确认下@Yang.cui @susan.li
[2026-08-03 17:57] 史绍玉: @代崎 麻烦协助查看下是历史有漏验货吗
客户包裹B0400000001435174044验货时少了1个
M010000000004967487
S500046000555432324
[Image:img_v3_02147_25f204d5-f01e-4f63-84af-af8aab0c604g]
[Image:img_v3_02147_7adf11a9-228c-4adf-87f5-d01409357bbg]
[2026-08-03 17:57] 代崎: 稍等
[2026-08-03 18:00] 代崎: 漏验了
[2026-08-04 06:24] susan.li: [Image:img_v3_02148_ec693291-3e23-4f3b-a7a9-ab02094ffb0h]
系统下单是5件  仓库都上架了  实物多了一件S500046000555432324
[2026-08-04 09:35] 史绍玉: @_user_1 WI51261780
空运-普货
国内漏验1个单品
到海外仓出现EB0326080331871097包裹内出现订单外商品异常
客户处理异常的增值费用，麻烦看下可以申请退费吗，谢谢
[2026-08-04 11:26] 李颖: @_user_1 为什么要退费，你们在提交增值申请时告知背景，这种WINIT自己责任的增值单我们审核都不会收费的。
[2026-08-04 12:03] 史绍玉: @_user_1 客户新单上架（客户创建   提交增值时，页面没备注栏

那这种是要他按非标申请吗，单独备注
[2026-08-04 12:04] 李颖: @_user_1 走非标",Yang.cui；susan.li；代崎；李颖；史绍玉,李颖,李文通；史绍玉；代崎；susan.li；李颖,om_x100b68321d7dc0a8c21a16d8ff95706,,非标；增值；异常；EB；上架；仓库
76,发货仓入库&增值运营（救火）- IB&VAS,oc_5b8848d27b7b3fa4a10eab865c4f9ffc,2026-08-05,2026-08-05 23:11,2026-08-06 16:59,omt_19177850b30ddbe5,未知/系统,标准库内增值/入库异常,未明确,,,WI51442381；M010000000013046285,@_user_1 客户直接提库内复测不就好了，这个仓库没有复测是因为客户在入库单没设置 <p>客户提复测会有费用产生；</p><p>@_user_1 @_user_2 帮看下元鼎代采购的样机，首次入库的，入库单：WI51442381，海外验-直发-海卡，这种海外验的仓库不会进行复测吗，要客户提交复测增值吗，</p><p>入库单我好像没找到有什么设置，帮看下，谢谢</p> @刘燕春 海外验不会系统发起的，客户有需求的话需要发起复测的增值 [Image:img_v3_0214a_2ba7b2dc-3db3-4ada-a...,"[2026-08-05 23:11] HE Junhan: @_user_1 客户直接提库内复测不就好了，这个仓库没有复测是因为客户在入库单没设置
[2026-08-06 10:32] 刘燕春: <p>客户提复测会有费用产生；</p><p>@_user_1 @_user_2 帮看下元鼎代采购的样机，首次入库的，入库单：WI51442381，海外验-直发-海卡，这种海外验的仓库不会进行复测吗，要客户提交复测增值吗，</p><p>入库单我好像没找到有什么设置，帮看下，谢谢</p>
[2026-08-06 15:17] 耿文文: @刘燕春  海外验不会系统发起的，客户有需求的话需要发起复测的增值
[Image:img_v3_0214a_2ba7b2dc-3db3-4ada-abb5-0603e36a8acg]
[2026-08-06 15:24] 刘燕春: <p>@_user_1 你截图这个是自验的，</p><p>海外验，SKU是新品首次入库，仓库不测量怎么会有核实尺寸呢</p>
[2026-08-06 15:26] 耿文文: @_user_1 单据是海外仓验货
[2026-08-06 15:31] 张珊丽: [Image:img_v3_0214a_b897cd6a-b4c3-4e8d-bc8a-ef7324fc6c6g]
@HE Junhan 正常新品入库无核实重量都需要走验货程序, 你说的入库单没设置是什么? 
@冯芷晴 海外验新品入库有新的入库标准?
[2026-08-06 15:32] 冯芷晴: @_user_1 没有新的流程呀，历史老的流程就是所有第一件入库的都需要去查验，确认核实尺重
[2026-08-06 15:34] 张珊丽: 所以这个是仓库那边操作有问题是吧....
现在只能走库内复核了?@_user_1   
耿文文说的也没看懂
[2026-08-06 15:35] 冯芷晴: @_user_1@_user_2  这个要帮忙看看，为什么首件入库没有触发库内去核实尺重的流程
[2026-08-06 16:26] 黄铿鸿: @_user_1 @_user_2 阿伟，我查不到，你看看上面的商品有没有进入你的抽验池里面。
[2026-08-06 16:39] 邹伟: @冯芷晴 @张珊丽 @刘燕春 哪个商品没有核实尺重
[Image:img_v3_0214a_6d0a30cf-2b35-4f31-b08d-d0ce40abcf4g]
[2026-08-06 16:40] 刘燕春: 都没有，示例：M010000000013046285
2026-07-31 13:20最新的这个修改记录，是直接根据注册信息更新的，仓库没有测量@邹伟 
[Image:img_v3_0214a_e13cd254-2dea-4b74-8c60-6026807e7c7g]
[2026-08-06 16:41] 张珊丽: @_user_1 我们的意思是, 这个是新品,到仓后应该验 客户反馈尺寸是不一样的,. 但是结果核实尺寸跟验货尺寸完全一致
[2026-08-06 16:41] 邹伟: @_user_1 你怎么知道不是仓库测量的，而是仓库根据注册尺重录的
[2026-08-06 16:42] 刘燕春: <p>@_user_1 6个SKU，核实尺寸和注册尺寸都一致，这是代采购的，所以客户不知道尺寸，注册尺寸是乱填的</p>
[2026-08-06 16:42] 邹伟: 没做新品验货 和 乱做新品验货是两回事，不能这么描述，一下子带偏了一大波人，这个拉质控调查下吧，实际上流程上是做了新品验货的
[2026-08-06 16:43] 张珊丽: @邹伟 要怎么描述?
[Image:img_v3_0214a_9ff31893-7fa4-43ed-b7fe-bd4bffeeac5g]
[2026-08-06 16:43] 邹伟: [Image:img_v3_0214a_db83077c-5d75-4818-948b-656327ec89fg]
仓库给回来的测量图片也是怪怪的，随便拍了几张照片
[2026-08-06 16:44] 张珊丽: 所以仓库昨晚说的 客户没在入库单里设置 这句话都没看懂.//
[2026-08-06 16:44] 邹伟: @_user_1 系统上验了，实际不知道怎么验的
[2026-08-06 16:48] 刘燕春: @_user_1 按照邹伟的回复，所以这个是有触发库内去核实尺重的，仓库那边操作有误对吗，
客户现在是不是只能走库内复核的，
[2026-08-06 16:49] 冯芷晴: 我不知道啊。。现场乱做需要质控调查，我回答不了
[2026-08-06 16:49] 刘燕春: @_user_1 您好，这个帮看下
[2026-08-06 16:55] 刘燕春: 元鼎现在的需求是：尽快确认这些SKU的尺寸重量的，麻烦看下是否要仓库重新复测，还是客户提交复测增值单，如果提交增值单，复测增值单的费用是否可以退回的，帮看下，谢谢@_user_1 @_user_2
[2026-08-06 16:57] 冯芷晴: 提交增值复测单让仓库测量，尺寸比起之前有差异的，系统自动有逻辑不会收取增值的费用
尺寸比起之前没有差异的，就说明仓库本来测量的没问题，正常收费
[2026-08-06 16:59] 刘燕春: @_user_1 好的，谢谢",刘燕春；耿文文；李颖；HE Junhan；冯芷晴；张珊丽；邹伟；黄铿鸿；廖丹,耿文文；李颖,HE Junhan；刘燕春；耿文文；张珊丽；冯芷晴；黄铿鸿；邹伟,om_x100b681b4754dc8cc4961a0eeae32a6,,增值；入库；库内；仓库
90,发货仓入库&增值运营（救火）- IB&VAS,oc_5b8848d27b7b3fa4a10eab865c4f9ffc,2026-08-05,2026-08-05 22:49,2026-08-05 22:49,omt_1916c55c8d0f1c87,未知/系统,入库/仓库异常,"其他\n仓库：USGA Warehouse\n入库单号：WI50399344\n头程类型：自验-直发-海运整柜-40HQ\n包裹条码：\nsku：\n救火原因：这条柜子报了很多包裹条码异常，场景为客户的A+包裹，包裹A验货信息绑定SKU1，但是实物上的箱唛包裹A上是SKU2的M码。\n目前这个柜子已经上架了307si，辛苦抽查几个已上架产品，看一下有没有以上问题，客户现在怀疑上架部分可能也存在异常。""}], [{""tag"": ""button"", ""text"": ""确认受理"", ""type"": ""default""}, {""tag"": ""button"", ""text"": ""确认关闭"", ""type"": ""default""}], [{""tag"": ""hr""}], [{""tag"": ""text"", ""text"": ""来自 ""}, {""tag"": ""a"", ""href"": ""https://winitlink.feishu.cn/base/CBUkbTYbma2NAnsSzZ9cq7Qrnvc?ccm_open_type=im_card_automation_link"", ""text"": ""海外仓入库运营（救火）case管理表""}]]}；上架","17792735华佩贸易（上海）有限公司\n救火类型：其他\n仓库：USGA Warehouse\n入库单号：WI50399344\n头程类型：自验-直发-海运整柜-40HQ\n包裹条码：\nsku：\n救火原因：这条柜子报了很多包裹条码异常，场景为客户的A+包裹，包裹A验货信息绑定SKU1，但是实物上的箱唛包裹A上是SKU2的M码。\n目前这个柜子已经上架了307si，辛苦抽查几个已上架产品，看一下有没有以上问题，客户现在怀疑上架部分可能也存在异常。""}], [{""tag"": ""button"", ""text"": ""确认受理"", ""type"": ""default""}, {""tag"": ""button"", ""text"": ""确认关闭"", ""type"": ""default""}], [{""tag"": ""hr""}], [{""tag"": ""text"", ""text"": ""来自 ""}, {""tag"": ""a"", ""href"": ""https://winitlink.feishu.cn/base/CBUkbTYbma2NAnsSzZ9cq7Qrnvc?ccm_open_type=im_card_automation_link"", ""text"": ""海外仓入库运营（救火）case管理表""}]]}","USGA Warehouse\n入库单号：WI50399344\n头程类型：自验-直发-海运整柜-40HQ\n包裹条码：\nsku：\n救火原因：这条柜子报了很多包裹条码异常，场景为客户的A+包裹，包裹A验货信息绑定SKU1，但是实物上的箱唛包裹A上是SKU2的M码。\n目前这个柜子已经上架了307si，辛苦抽查几个已上架产品，看一下有没有以上问题，客户现在怀疑上架部分可能也存在异常。""}], [{""tag"": ""button"", ""text"": ""确认受理"", ""type"": ""default""}, {""tag"": ""button"", ""text"": ""确认关闭"", ""type"": ""default""}], [{""tag"": ""hr""}], [{""tag"": ""text"", ""text"": ""来自 ""}, {""tag"": ""a"", ""href"": ""https://winitlink.feishu.cn/base/CBUkbTYbma2NAnsSzZ9cq7Qrnvc?ccm_open_type=im_card_automation_link"", ""text"": ""海外仓入库运营（救火）case管理表""}]]}",WI50399344,"{""title"": ""请关注入库救火case"", ""elements"": [[{""tag"": ""text"", ""text"": ""提交人：""}, {""tag"": ""at"", ""user_id"": ""@_user_1"", ""user_name"": ""康振扬""}, {""tag"": ""text"", ""text"": ""\n仓库处理人：""}, {""tag"": ""at"", ""user_id"": ""@_user_2"", ""user_name"": ""Boris Dong""}, {""tag"": ""text"", ""text"": "",""}...","[2026-08-05 22:49] 未知/系统: {""title"": ""请关注入库救火case"", ""elements"": [[{""tag"": ""text"", ""text"": ""提交人：""}, {""tag"": ""at"", ""user_id"": ""@_user_1"", ""user_name"": ""康振扬""}, {""tag"": ""text"", ""text"": ""\n仓库处理人：""}, {""tag"": ""at"", ""user_id"": ""@_user_2"", ""user_name"": ""Boris Dong""}, {""tag"": ""text"", ""text"": "",""}, {""tag"": ""at"", ""user_id"": ""@_user_3"", ""user_name"": ""Jianan Sun""}, {""tag"": ""text"", ""text"": ""\n质控：""}, {""tag"": ""at"", ""user_id"": ""@_user_4"", ""user_name"": ""王鑫隆""}, {""tag"": ""text"", ""text"": "",""}, {""tag"": ""at"", ""user_id"": ""@_user_5"", ""user_name"": ""廖丹""}, {""tag"": ""text"", ""text"": ""\n客户：17792735华佩贸易（上海）有限公司\n救火类型：其他\n仓库：USGA Warehouse\n入库单号：WI50399344\n头程类型：自验-直发-海运整柜-40HQ\n包裹条码：\nsku：\n救火原因：这条柜子报了很多包裹条码异常，场景为客户的A+包裹，包裹A验货信息绑定SKU1，但是实物上的箱唛包裹A上是SKU2的M码。\n目前这个柜子已经上架了307si，辛苦抽查几个已上架产品，看一下有没有以上问题，客户现在怀疑上架部分可能也存在异常。""}], [{""tag"": ""button"", ""text"": ""确认受理"", ""type"": ""default""}, {""tag"": ""button"", ""text"": ""确认关闭"", ""type"": ""default""}], [{""tag"": ""hr""}], [{""tag"": ""text"", ""text"": ""来自 ""}, {""tag"": ""a"", ""href"": ""https://winitlink.feishu.cn/base/CBUkbTYbma2NAnsSzZ9cq7Qrnvc?ccm_open_type=im_card_automation_link"", ""text"": ""海外仓入库运营（救火）case管理表""}]]}",康振扬；Boris Dong；Jianan Sun；王鑫隆；廖丹,未知/系统,未知/系统,om_x100b680097973ca0b2b6864d21c58db,,异常；入库；上架；包裹条码；仓库；救火
120,发货仓入库&增值运营（救火）- IB&VAS,oc_5b8848d27b7b3fa4a10eab865c4f9ffc,2026-08-10,2026-08-10 18:29,2026-08-19 18:45,omt_1911ea3c868e1b9f,未知/系统,非标增值,上架,,,VASC000000331560；VASC000000330879；EB0126080631994373；EB0126080631994361；EB0126080631994358；EB0126080431925643；EB0126080431925562；EB0126080331880004；WI50399106；B0126080631994373；B0126080631994361；B0126080631994358；B0126080431925643；B0126080431925562；B0126080331880004,"@_user_1,@_user_2上班后看看哈 工单超时了感谢 @_user_1,@_user_2 质控：@_user_3,@_user_4麻烦看下谢谢 @_user_1 师傅帮忙看看 <p>@_user_1,@_user_2</p><p>质控：@_user_3,@_user_4</p><p>如上这三个异常8.6日就已经登记了，现在还没回复是有什么问题的吗</p><p>客户需要确认是我们的问题还是货代那边的问题导致的，麻烦帮忙同步更新的，谢谢</p> 客户需要索赔 想核实下是不是我们仓库卸货的时候弄坏的 这个等今天...","[2026-08-10 18:29] 朱美霖: @_user_1,@_user_2上班后看看哈 工单超时了感谢
[2026-08-11 13:39] 朱美霖: @_user_1,@_user_2
质控：@_user_3,@_user_4麻烦看下谢谢
[2026-08-13 11:15] 朱美霖: @_user_1 师傅帮忙看看
[2026-08-13 11:22] 甘海燕: <p>@_user_1,@_user_2</p><p>质控：@_user_3,@_user_4</p><p>如上这三个异常8.6日就已经登记了，现在还没回复是有什么问题的吗</p><p>客户需要确认是我们的问题还是货代那边的问题导致的，麻烦帮忙同步更新的，谢谢</p>
[2026-08-13 11:27] 朱美霖: 客户需要索赔 想核实下是不是我们仓库卸货的时候弄坏的
[2026-08-13 11:40] 廖丹: 这个等今天有空我查一查，仓库的QC和HR都请假了，这周现场的管理有点紧缺@_user_1
[2026-08-13 11:41] 甘海燕: @_user_1 好的，麻烦了
[2026-08-13 12:08] 朱美霖: EB0126080631994373 EB0126080631994361 EB0126080631994358这个也辛苦看看哈也是他家的一样的入库商品破损2026-08-06 5:10:04登记的异常
入库单WI50399106        2026-07-24 签收的7.30卸货的
[2026-08-13 12:08] 朱美霖: @_user_1 辛苦了
[2026-08-14 04:40] Boris Dong: 是
[2026-08-14 09:23] 甘海燕: @_user_1 是啥的
[2026-08-15 02:30] Boris Dong: shicangku
[2026-08-15 02:30] Boris Dong: 是仓库造成的
[2026-08-18 18:32] 朱美霖: 这些也是吗我上面发的这些EB0126080631994373 EB0126080631994361 EB0126080631994358
[2026-08-18 18:32] 朱美霖: 仓库造成的吗是卸货的时候损坏的吗
[2026-08-18 18:32] 朱美霖: @_user_1 麻烦上班后看看哈
[2026-08-19 03:05] Boris Dong: 卸货的时候
[2026-08-19 18:19] 朱美霖: @_user_1 宝子麻烦看看这种卸货仓库卸货导致的异常 客户提交了增值上架了 增值费可以退费吗 谢谢
EB0126080631994358
EB0126080631994361
EB0126080631994373
VASC000000331560这个15.15usd

EB0126080431925643
EB0126080431925562
EB0126080331880004
VASC000000330879这个15.15usd
[2026-08-19 18:45] 耿文文: [骷髅]6个异常单都是啊？
[2026-08-19 18:45] 朱美霖: 是的 两个增值单
[2026-08-19 18:45] 耿文文: 提客服退费，附上仓库的截图吧@_user_1
[2026-08-19 18:45] 朱美霖: 好滴感谢",Boris Dong；Jianan Sun；王鑫隆；廖丹；甘海燕；耿文文；朱美霖,耿文文,朱美霖；甘海燕；廖丹；Boris Dong；耿文文,om_x100b6872619784b0c333f8f8450d0ab,,增值；VASC；异常单；异常；EB；入库；上架；仓库
134,发货仓入库&增值运营（救火）- IB&VAS,oc_5b8848d27b7b3fa4a10eab865c4f9ffc,2026-08-07,2026-08-07 13:32,2026-08-24 20:23,omt_1910e4ca260f1c86,未知/系统,非标增值,上架；包装,,,VASC000000339336；VASC000000339567；EB0126081332218077；EB0126081332218809；EB0126081432240145；EB0126081932322873；WI51293918；WO12195698097；B0400000001435870447；B0126081332218077；B0126081332218809；B0126081432240145；B0400000001435870396；B0126081932322873,"Okay, we'll keep an eye on them. @_user_1 辛苦确认一下是否全部已经卸货哈 <p>还有几个包裹没卸货</p> @_user_1 @_user_2 该包裹B0400000001435870447的异常单EB0126081332218077，麻烦是包裹外包装6个面都拍一下，特别是UPS的面单要清晰 [Image:img_v3_0214i_c04bfad0-7d8e-44fe-820a-8c5f6b1b161h] [Image:img_v3_0214i_deb8dda3-0d39-...","[2026-08-07 13:32] Ralitsa Ognyanova: Okay, we'll keep an eye on them.
[2026-08-10 17:18] 李娟: @_user_1 辛苦确认一下是否全部已经卸货哈
[2026-08-10 17:18] 李娟: <p>还有几个包裹没卸货</p>
[2026-08-14 12:50] 李娟: @_user_1 @_user_2 该包裹B0400000001435870447的异常单EB0126081332218077，麻烦是包裹外包装6个面都拍一下，特别是UPS的面单要清晰
[2026-08-14 15:58] Vesislava Yovkova: [Image:img_v3_0214i_c04bfad0-7d8e-44fe-820a-8c5f6b1b161h]
[Image:img_v3_0214i_deb8dda3-0d39-4846-bf02-03c61998072h]
[Image:img_v3_0214i_bd8be65f-46ed-489d-9b82-9a8d797b068h]
[Image:img_v3_0214i_0a5c464f-f02c-4546-a211-26b02b04b87h]
[Image:img_v3_0214i_b32c1e28-8802-4873-8ce4-069fe3f86dch]
[Image:img_v3_0214i_ba256959-49e9-4edd-aa9e-7342de3885fh]
[Image:img_v3_0214i_c3fcf65a-95ec-432b-a604-582cd96d497h]
[Image:img_v3_0214i_5bab65d2-c2e4-4b9c-91ac-ca026dfc7d3h]
[Image:img_v3_0214i_248e6e7e-32b1-4994-95bd-a5e7382099eh]
[2026-08-14 15:58] Vesislava Yovkova: @_user_1
[2026-08-17 15:40] 李娟: <p>@_user_1 泽森，客户这边2个包裹未上架产品，对应异常单EB0126081332218809和EB0126081432240145，一共25SI，客户确认属于不良品，要转到客户指定德国仓库，但是客户需要走万邑通尾程，无法自提；</p><p></p><p>现在我这边给的方案是客户下单把产品上架到不良品后，走万邑通尾程出库可以吗</p>
[2026-08-17 18:11] 李娟: @_user_1 辛苦看一下哦
[2026-08-17 18:12] 陈泽森: 那就正常处理异常单，将包裹上架后去下标准出库单呀
[2026-08-17 18:12] 陈泽森: 将商品都上架成不良品，然后下个不良品的出库单就行了
[2026-08-18 11:06] 李娟: @_user_1 B0400000001435870396该包裹你们报的异常是EB0126081432240145，商品条码异常，辛苦帮忙确认一下是条码异常还是商品质量影响销售
[2026-08-18 11:06] 李娟: 客户说他们条码没问题
[2026-08-18 14:34] Vesislava Yovkova: @李娟 The problem is the quality of the product, the pieces in the box were wet.
[Image:img_v3_0214m_cfa0a29e-8093-4f41-a2ac-2c40ad81500h]
[2026-08-18 14:35] 李娟: @_user_1 客户现在需要不良品上架，因为报的异常单是商品条码异常，客户需要更换条码才能上架，能不能改异常单正常报商品质量异常
[2026-08-18 14:36] 李娟: 该异常是EB0126081432240145，商品条码异常
[2026-08-18 14:38] Vesislava Yovkova: @_user_1 The exception must be closed first EB0126081432240145 @_user_2
[2026-08-18 17:51] 李娟: @_user_1 @_user_2 辛苦处理一下，客户手机受潮了，要抓紧拉走返修，不然损耗更严重
[2026-08-18 19:50] Vesislava Yovkova: @_user_1 Please close the exeption
[2026-08-18 20:15] 林佳志: @_user_1  EB0126081432240145  异常单登记错的情况太多了 cc@_user_2
[2026-08-18 20:16] 李雪: 这是之前的了
[2026-08-18 20:17] 林佳志: 这个是8月14号的，而且现在小工具作废异常的上架好像都上不了，会报错
[2026-08-18 20:18] 李雪: [Image:img_v3_0214m_186d5678-4e6d-46bb-84f3-538c8c2ee50g]
@Aleksandar Yovkov
[2026-08-19 11:20] 李娟: <p>@_user_1 @_user_2 EB0126081432240145这个异常能不能先关掉，让仓库重新登记</p>
[2026-08-19 11:38] 宋家和: @_user_1 关掉了
[2026-08-19 11:38] 李娟: @_user_1 辛苦给客户登记商品质量异常
[2026-08-19 11:38] 宋家和: @_user_1 Morning Vesi, exception is closed, create new pls
[2026-08-19 14:53] Vesislava Yovkova: @_user_1 ok,i make now
[2026-08-19 15:25] Vesislava Yovkova: @_user_1 EB0126081932322873 the new EB number
[2026-08-21 10:23] 李娟: <p>@_user_1 客户现在这两个异常单先操作不良品上架后，下标准出库单，我们尾程派送指定地址，</p><p>客户希望的是我们实物流不上架，客户下完单以后，我们直接打包出库，这个可以吗？</p>
[2026-08-21 12:13] 宋家和: @_user_1 可以，客户已经下了不良品上架增值不?
下了把入库单号给我下。
然后把出库单号给一下，今天拣选直接命中这些库存出库。
[2026-08-21 12:13] 李娟: @_user_1 还没有，我这边跟客户说
[2026-08-21 13:24] 李娟: @_user_1 :
EB0126081332218809---异常12件。可以已经操作原单上架不良品WI51293918
EB0126081932322873 --新异常13件，客户下原单上架增值报错，还再找helpdesk处理
[2026-08-21 13:28] 林佳志: @_user_1 新异常报错的 在哪？麻烦拉我一下
[2026-08-21 13:28] 李娟: @_user_1 刚报工单，还没拉群，拉群后拉你
[2026-08-21 13:38] 宋家和: @_user_1 morning Vesi, these items need put away to a specific location, later I send you the location barcode, could you please find these items first?
[2026-08-21 14:57] Vesislava Yovkova: @_user_1 Good morning boss, I'll check where they are now and take them to me just in case.
[2026-08-21 14:59] 宋家和: @_user_1 Thx[玫瑰]
[2026-08-21 15:06] Vesislava Yovkova: [Image:img_v3_0214p_ac8bb559-6e41-45e6-8a5b-284b909cfcfh]
[2026-08-21 15:10] 宋家和: @_user_1 okok, keep them pls, later I give you WI number and locations[双手合十]
[2026-08-24 15:20] Vesislava Yovkova: @宋家和 The VAS group has already asked me about one of the boxes EB0126081332218809, because there is already VAS-VASC000000339336, should I give it to them, what should I do?
[Image:img_v3_0214s_86d6aab2-c8c6-4c2d-bec6-2cdabff79b9h]
[2026-08-24 15:21] 宋家和: @_user_1 tell them this VAS we will do it, they don't need do it
[2026-08-24 15:55] Vesislava Yovkova: @_user_1
[2026-08-24 16:38] 宋家和: EB0126081332218809   VASC000000339336
EB0126081932322873   VASC000000339567
@_user_1 Vesi, could you put away these two boxes to Defective area?   and still keep them in your side, later will place outbound orders
[2026-08-24 17:00] Vesislava Yovkova: @宋家和 already on the shelf to DP-01-15-E-01.
[Image:img_v3_0214s_3a39ead8-7b4c-4954-a212-3aae8d68ef0h]
[2026-08-24 17:22] 宋家和: @_user_1 可以下出库单了，不良品出库单，下完后给我一下出库单号
[2026-08-24 17:32] 李娟: @_user_1 出库单建了，WO12195698097
[2026-08-24 17:56] 宋家和: @_user_1 伍丰，这里有个异常转仓的出库拣选单，我创建好拣选单号了，PI00000030311903，实物一会Vesi给你，你帮忙拣选出库哈
@_user_2 Vesi, please give these products to Tian
[2026-08-24 18:30] Vesislava Yovkova: @_user_1 Okay, I'll give them.
[2026-08-24 19:25] 宋家和: @_user_1 have you found Tian?
[2026-08-24 20:06] Vesislava Yovkova: @_user_1 I already sent them to him.
[2026-08-24 20:23] 田伍丰: @_user_1",Ralitsa Ognyanova；Vesislava Yovkova；DANIELA；李娟；陈泽森；王成；林佳志；Aleksandar Yovkov；李雪；宋家和；张凡；田伍丰；Artur Halkin,陈泽森,Ralitsa Ognyanova；李娟；Vesislava Yovkova；陈泽森；林佳志；李雪；宋家和；田伍丰,om_x100b68628efd8ca0b2afb1d6bf7cba1,,增值；VASC；异常单；异常；EB；入库；出库；上架；商品条码；仓库
144,发货仓入库&增值运营（救火）- IB&VAS,oc_5b8848d27b7b3fa4a10eab865c4f9ffc,2026-08-08,2026-08-08 23:09,2026-08-11 18:41,omt_191017f5070d9c98,未知/系统,非标增值,包装,,,VASC000000332142,"这个是库内破损的，入库的时候没异常 <p>@_user_1 那是库内操作造成的破损吗</p> <p>@_user_1 哥 帮忙确认下</p><p>CC@_user_2需要确认是不是我们库内操作不当导致客户产品外包装破损，客户现在对增值费用有异议，需要进一步确认，谢谢</p> 是库内操作造成的 <p>@_user_1 这种场景下客户提交了增值服务后要申请退费，需要用哪个发起</p> 我先查一下 memory 里退费流程的记录，再给你准确答案。 找到了关键决策树。再具体查一下入库破损场景的处理细节。 让我再具体查一下""...","[2026-08-08 23:09] Christopher Deng: 这个是库内破损的，入库的时候没异常
[2026-08-10 10:43] 张曼: <p>@_user_1 那是库内操作造成的破损吗</p>
[2026-08-11 00:29] 张曼: <p>@_user_1 哥 帮忙确认下</p><p>CC@_user_2需要确认是不是我们库内操作不当导致客户产品外包装破损，客户现在对增值费用有异议，需要进一步确认，谢谢</p>
[2026-08-11 05:42] Christopher Deng: 是库内操作造成的
[2026-08-11 18:34] 张曼: <p>@_user_1 这种场景下客户提交了增值服务后要申请退费，需要用哪个发起</p>
[2026-08-11 18:36] 未知/系统: 我先查一下 memory 里退费流程的记录，再给你准确答案。
[2026-08-11 18:36] 未知/系统: 找到了关键决策树。再具体查一下入库破损场景的处理细节。
[2026-08-11 18:36] 未知/系统: 让我再具体查一下""标准客服退费""的具体发起入口。
[2026-08-11 18:36] 未知/系统: 让我直接搜下近期""标准客服退费""和具体多维表格/退费入口。
[2026-08-11 18:36] 未知/系统: 按 2026-08-06 颖姐纠正的红线原则判断：
退费类型 = ""标准客服退费""（不是非标补贴 LC4.2.8）
判断逻辑：
- Christopher Deng 已确认""是库内操作造成的"" → WINIT 责任
- 仓库责任 = 标准客服退费，不是非标补贴（非标补贴只用于大额/非标准场景）
- 颖姐原话：WINIT 责任导致的异常增值费，审核时就不应收费（不是先收再退）
两种处理路径：
1. 如果客户已经按异常提交了增值单、被收了费 → 走""标准客服退费""类型退
2. 如果还没收 → 审核时识别为 WINIT 责任直接不收
PD 审核人： @冯芷晴 @李颖（库内环节，不@升级人/不@echo）
注意事项：
- 3 个月追溯期（M0→M3），超期可能退不了
- 退的是客户不该付的增值费，不是非标补贴
具体发起入口在客服退费流程里，类型字段选""标准客服退费""。
出处： memory/2026-08-10.md（颖姐 2026-08-06 纠正""WINIT 责任导致的异常增值费 = 审核时就不应收，不是事后退费""）
[2026-08-11 18:38] 张曼: 客户已经按异常提交了增值单VASC000000332142，需要退费，客服退费项里应选哪个退费项@_user_1
[2026-08-11 18:39] 未知/系统: 让我再具体查一下客服退费项的具体选项。
[2026-08-11 18:39] 未知/系统: 让我再查下 2026-04-11 笔记里关于客服退费的具体描述。
[2026-08-11 18:39] 未知/系统: 让我搜下""客服退费""的多维表格/表单。
[2026-08-11 18:39] 未知/系统: memory 里有""标准客服退费""这个类型原则，但没记录客服退费表单里""退费项""字段的具体选项名称列表（这种字段配置可能随时更新）。
基于原则推断（2026-08-06 颖姐纠正）：
这个 case 应该选 ""标准客服退费"" 这一项（不是非标补贴/商务补贴）。
判断依据：
- Christopher Deng 已确认是库内操作造成的 → WINIT 责任
- 仓库责任 = 标准客服退费，不是非标补贴
- 颖姐原话：WINIT 责任导致的异常增值费，审核时就不应收（不是先收再退）；既然已经按异常收了，走""标准客服退费""类型退
如果表单里没有""标准客服退费""这个准确名字，找最接近的：
- 关键词搜索：""仓库责任""、""WINIT责任""、""异常退费""、""标准退费""、""包装破损退费""
- 避开：""非标补贴""、""商务补贴""、""礼品卡补偿""（这些是大额/特殊场景）
PD 审核人： @冯芷晴 @李颖（库内环节，不@升级人/不@echo）
注意：
- 3 个月追溯期（M0→M3），确认下扣费时间在范围内
- 退费项的具体选项名我没记录，建议选完后截图发我一下，我存进 memory 避免下次还要再问
- 如果还拿不准，建议直接 @冯芷晴 或 @李颖 确认下选项名（他们是这个表单的PD）
出处： memory/2026-08-10.md（颖姐 2026-08-06 纠正""WINIT 责任导致的异常增值费 = 审核时就不应收，不是事后退费""）
[2026-08-11 18:40] 张曼: 标准客服退费里，退费类型选哪个？@_user_1 @_user_2
[2026-08-11 18:41] 未知/系统: 让我再具体查一下""标准客服退费""里的细分退费类型。
[2026-08-11 18:41] 未知/系统: memory 里没记录""标准客服退费""下""退费类型""这个二级字段的具体子选项（这种表单配置细节我没存）。
直接建议：@ 冯芷晴 或 @ 李颖 确认这个具体选哪个，他们是这个表单的PD。让我瞎猜（""包装破损""/""库内破损""）反而会让你选错。
我确定的部分（2026-08-06 颖姐纠正原则）：
- 一级分类：标准客服退费 ✅（不是非标补贴）
- 责任判定：WINIT库内责任 ✅（Christopher Deng已确认）
- 备注栏写清楚：""库内操作造成的破损 → 仓库责任""
选错的风险：
- 选成""非标补贴""路径 → 走陈总审批，慢，礼品卡优先
- 选成""非WINIT责任""类型 → 客户白退不出去
- 选成具体子类型但不对应 → 审核打回重来
所以宁可花1分钟 @ 冯芷晴 确认一下选项名，比选错再走流程快。
强烈建议：选完后把表单截图发我（特别是""退费类型""字段下拉选项），我存到 memory 避免下次还要问。这是这次的盲点。
出处： memory/2026-08-10.md（颖姐 2026-08-06 纠正决策树）+ memory/2026-08-11.md（今日沉淀）",Christopher Deng；赖敏；小灵通,未知/系统,Christopher Deng；张曼；未知/系统,om_x100b686dbd0f9c88b3454d0ab9e709b,,非标；增值；VASC；异常；入库；库内；补贴；仓库
151,发货仓入库&增值运营（救火）- IB&VAS,oc_5b8848d27b7b3fa4a10eab865c4f9ffc,2026-08-08,2026-08-08 16:48,2026-08-14 11:08,omt_1910336e61cfdbba,未知/系统,非标增值,未明确,,,VASC000000334494；EB0126080732049378；EB0126080732049417；EB0126081232187549；EB0126081232187537；EB0126081232187525；EB0126081232187522；EB0126081232187519；EB0126081232187513；EB0126081232187402；EB0126081232187396；EB0126081232187384；EB0126081232187318；EB0126081232187315；EB0126081232187186；EB0126081232187171；EB0126081232187123；EB0126081232187111；WI51694055；B0126080732049378；B0126080732049417；B0126081232187549；B0126081232187537；B0126081232187525；B0126081232187522；B0126081232187519；B0126081232187513；B0126081232187402；B0126081232187396；B0126081232187384；B0126081232187318；B0126081232187315；B0126081232187186；B0126081232187171；B0126081232187123；B0126081232187111,[Image:img_v3_0214c_5b0257e0-312d-45e6-ade0-186a1a4048dh] [Image:img_v3_0214c_92f31050-e741-469d-8273-6a119ded7deh] i have already added the qty of the abnormal parcels @Mohamad Kazan 麻烦看实际数量重新登记异常单，客户没法对应贴包裹条码，谢谢 [Image:img_v3_0214e_a1438b55-547d-4a5c-852c-b4...,"[2026-08-08 16:48] Mohamad Kazan : [Image:img_v3_0214c_5b0257e0-312d-45e6-ade0-186a1a4048dh]
[Image:img_v3_0214c_92f31050-e741-469d-8273-6a119ded7deh]
i have already added the qty of the abnormal parcels
[2026-08-10 15:06] 刘佳: @Mohamad Kazan  麻烦看实际数量重新登记异常单，客户没法对应贴包裹条码，谢谢
[Image:img_v3_0214e_a1438b55-547d-4a5c-852c-b41bcb49b89g]
@王成
[2026-08-10 19:04] 刘佳: @_user_1 请重新按：“包裹条码批量异常（需客户处理）”类型登记，谢谢
[2026-08-11 15:02] 刘佳: @_user_1有重新登记的异常单号吗？
[2026-08-11 15:04] 刘佳: @_user_1 原异常单你这边能关掉吗，客户目前只能做非标增值提交，费用比标准增值贵一倍，如仓库重新登记客户可以按标准增值提交处理，帮忙协助看下哈，谢谢

@_user_2 @_user_3 CC
[2026-08-11 15:13] 王成: [Image:img_v3_0214f_a3fa833a-77ae-4ff7-9f8a-6d1326a24dfg]
@Mohamad Kazan  @刘佳 The old two events were voided
[2026-08-11 15:14] 王成: @_user_1 pls create a new event, associate all packages with the new inbound order WI51694055
[2026-08-11 18:48] 刘泽雄: @_user_1麻烦生成新的异常单号，提供一下的
[2026-08-12 11:57] 刘泽雄: 原异常单号EB0126080732049378
EB0126080732049417
@_user_1 @_user_2 有新异常单号可以提供了吗
[2026-08-12 17:58] 刘佳: @_user_1 已经重新登记了的，我跟客户同步了，工单你可以关哈
[2026-08-12 17:58] 刘佳: EB0126081232187549
EB0126081232187537
EB0126081232187525
EB0126081232187522
EB0126081232187519
EB0126081232187513
EB0126081232187402
EB0126081232187396
EB0126081232187384
EB0126081232187318
EB0126081232187315
EB0126081232187186
EB0126081232187171
EB0126081232187123
EB0126081232187111
[2026-08-14 11:08] 刘佳: @_user_1 客户已经提交增值：VASC000000334494帮忙留意处理的，谢谢",Mohamad Kazan ；王成；肖勇文；耿文文；刘佳；刘泽雄,耿文文,Mohamad Kazan ；刘佳；王成；刘泽雄,om_x100b686ff4b9f0acc163129c5fe0afb,,非标；增值；VASC；异常单；异常；EB；包裹条码；仓库
157,发货仓入库&增值运营（救火）- IB&VAS,oc_5b8848d27b7b3fa4a10eab865c4f9ffc,2026-08-08,2026-08-08 17:34,2026-08-08 17:34,omt_191370f5bd0f1bef,未知/系统,非标增值,"增值单\n仓库：DEBR2 Warehouse\n入库单号：VASC000000330282\n头程类型：增值单\n包裹条码：\nsku：\n救火原因：VASC000000330282  增值单显示已完成\n但是对应入库单WI48601980还有六个包裹没有上架\n麻烦尽快操作、谢谢""}], [{""tag"": ""button"", ""text"": ""确认受理"", ""type"": ""default""}, {""tag"": ""button"", ""text"": ""确认关闭"", ""type"": ""default""}], [{""tag"": ""hr""}], [{""tag"": ""text"", ""text"": ""来自 ""}, {""tag"": ""a"", ""href"": ""https://winitlink.feishu.cn/base/CBUkbTYbma2NAnsSzZ9cq7Qrnvc?ccm_open_type=im_card_automation_link"", ""text"": ""海外仓入库运营（救火）case管理表""}]]}；上架","19226389SUPERLEX INTERNATIONAL LIMITED\n救火类型：增值单\n仓库：DEBR2 Warehouse\n入库单号：VASC000000330282\n头程类型：增值单\n包裹条码：\nsku：\n救火原因：VASC000000330282  增值单显示已完成\n但是对应入库单WI48601980还有六个包裹没有上架\n麻烦尽快操作、谢谢""}], [{""tag"": ""button"", ""text"": ""确认受理"", ""type"": ""default""}, {""tag"": ""button"", ""text"": ""确认关闭"", ""type"": ""default""}], [{""tag"": ""hr""}], [{""tag"": ""text"", ""text"": ""来自 ""}, {""tag"": ""a"", ""href"": ""https://winitlink.feishu.cn/base/CBUkbTYbma2NAnsSzZ9cq7Qrnvc?ccm_open_type=im_card_automation_link"", ""text"": ""海外仓入库运营（救火）case管理表""}]]}","DEBR2 Warehouse\n入库单号：VASC000000330282\n头程类型：增值单\n包裹条码：\nsku：\n救火原因：VASC000000330282  增值单显示已完成\n但是对应入库单WI48601980还有六个包裹没有上架\n麻烦尽快操作、谢谢""}], [{""tag"": ""button"", ""text"": ""确认受理"", ""type"": ""default""}, {""tag"": ""button"", ""text"": ""确认关闭"", ""type"": ""default""}], [{""tag"": ""hr""}], [{""tag"": ""text"", ""text"": ""来自 ""}, {""tag"": ""a"", ""href"": ""https://winitlink.feishu.cn/base/CBUkbTYbma2NAnsSzZ9cq7Qrnvc?ccm_open_type=im_card_automation_link"", ""text"": ""海外仓入库运营（救火）case管理表""}]]}",VASC000000330282；WI48601980,"{""title"": ""请关注入库救火case"", ""elements"": [[{""tag"": ""text"", ""text"": ""提交人：""}, {""tag"": ""at"", ""user_id"": ""@_user_1"", ""user_name"": ""吴洁玲""}, {""tag"": ""text"", ""text"": ""\n仓库处理人：""}, {""tag"": ""at"", ""user_id"": ""@_user_2"", ""user_name"": ""Vesislava Yovkova""}, {""tag"": ""text"", ""text...","[2026-08-08 17:34] 未知/系统: {""title"": ""请关注入库救火case"", ""elements"": [[{""tag"": ""text"", ""text"": ""提交人：""}, {""tag"": ""at"", ""user_id"": ""@_user_1"", ""user_name"": ""吴洁玲""}, {""tag"": ""text"", ""text"": ""\n仓库处理人：""}, {""tag"": ""at"", ""user_id"": ""@_user_2"", ""user_name"": ""Vesislava Yovkova""}, {""tag"": ""text"", ""text"": "",""}, {""tag"": ""at"", ""user_id"": ""@_user_3"", ""user_name"": ""Aleksandar Yovkov""}, {""tag"": ""text"", ""text"": "",""}, {""tag"": ""at"", ""user_id"": ""@_user_4"", ""user_name"": ""DANIELA""}, {""tag"": ""text"", ""text"": ""\n质控：""}, {""tag"": ""at"", ""user_id"": ""@_user_5"", ""user_name"": ""林佳志""}, {""tag"": ""text"", ""text"": ""\n客户：19226389SUPERLEX INTERNATIONAL LIMITED\n救火类型：增值单\n仓库：DEBR2 Warehouse\n入库单号：VASC000000330282\n头程类型：增值单\n包裹条码：\nsku：\n救火原因：VASC000000330282  增值单显示已完成\n但是对应入库单WI48601980还有六个包裹没有上架\n麻烦尽快操作、谢谢""}], [{""tag"": ""button"", ""text"": ""确认受理"", ""type"": ""default""}, {""tag"": ""button"", ""text"": ""确认关闭"", ""type"": ""default""}], [{""tag"": ""hr""}], [{""tag"": ""text"", ""text"": ""来自 ""}, {""tag"": ""a"", ""href"": ""https://winitlink.feishu.cn/base/CBUkbTYbma2NAnsSzZ9cq7Qrnvc?ccm_open_type=im_card_automation_link"", ""text"": ""海外仓入库运营（救火）case管理表""}]]}",吴洁玲；Vesislava Yovkova；Aleksandar Yovkov；DANIELA；林佳志,未知/系统,未知/系统,om_x100b685bcd043ca0c43a527e6e4b0bd,,增值；VASC；EB；入库；上架；包裹条码；仓库；救火
193,发货仓入库&增值运营（救火）- IB&VAS,oc_5b8848d27b7b3fa4a10eab865c4f9ffc,2026-08-11,2026-08-11 09:59,2026-08-11 09:59,omt_191f0931ad4d5b9b,未知/系统,入库/仓库异常,"时效内催上架\n仓库：USGA Warehouse\n入库单号：WI50630857\n头程类型：自验-直发-整柜\n包裹条码：WI50630857\nsku：\n救火原因：客户整柜到仓，麻烦尽快卸货上架，客户催还柜""}], [{""tag"": ""button"", ""text"": ""确认受理"", ""type"": ""default""}, {""tag"": ""button"", ""text"": ""确认关闭"", ""type"": ""default""}], [{""tag"": ""hr""}], [{""tag"": ""text"", ""text"": ""来自 ""}, {""tag"": ""a"", ""href"": ""https://winitlink.feishu.cn/base/CBUkbTYbma2NAnsSzZ9cq7Qrnvc?ccm_open_type=im_card_automation_link"", ""text"": ""海外仓入库运营（救火）case管理表""}]]}；上架","19884908香港奥海亞太發展有限公司\n救火类型：时效内催上架\n仓库：USGA Warehouse\n入库单号：WI50630857\n头程类型：自验-直发-整柜\n包裹条码：WI50630857\nsku：\n救火原因：客户整柜到仓，麻烦尽快卸货上架，客户催还柜""}], [{""tag"": ""button"", ""text"": ""确认受理"", ""type"": ""default""}, {""tag"": ""button"", ""text"": ""确认关闭"", ""type"": ""default""}], [{""tag"": ""hr""}], [{""tag"": ""text"", ""text"": ""来自 ""}, {""tag"": ""a"", ""href"": ""https://winitlink.feishu.cn/base/CBUkbTYbma2NAnsSzZ9cq7Qrnvc?ccm_open_type=im_card_automation_link"", ""text"": ""海外仓入库运营（救火）case管理表""}]]}","USGA Warehouse\n入库单号：WI50630857\n头程类型：自验-直发-整柜\n包裹条码：WI50630857\nsku：\n救火原因：客户整柜到仓，麻烦尽快卸货上架，客户催还柜""}], [{""tag"": ""button"", ""text"": ""确认受理"", ""type"": ""default""}, {""tag"": ""button"", ""text"": ""确认关闭"", ""type"": ""default""}], [{""tag"": ""hr""}], [{""tag"": ""text"", ""text"": ""来自 ""}, {""tag"": ""a"", ""href"": ""https://winitlink.feishu.cn/base/CBUkbTYbma2NAnsSzZ9cq7Qrnvc?ccm_open_type=im_card_automation_link"", ""text"": ""海外仓入库运营（救火）case管理表""}]]}",WI50630857,"{""title"": ""请关注入库救火case"", ""elements"": [[{""tag"": ""text"", ""text"": ""提交人：""}, {""tag"": ""at"", ""user_id"": ""@_user_1"", ""user_name"": ""刘勇""}, {""tag"": ""text"", ""text"": ""\n仓库处理人：""}, {""tag"": ""at"", ""user_id"": ""@_user_2"", ""user_name"": ""Boris Dong""}, {""tag"": ""text"", ""text"": "",""},...","[2026-08-11 09:59] 未知/系统: {""title"": ""请关注入库救火case"", ""elements"": [[{""tag"": ""text"", ""text"": ""提交人：""}, {""tag"": ""at"", ""user_id"": ""@_user_1"", ""user_name"": ""刘勇""}, {""tag"": ""text"", ""text"": ""\n仓库处理人：""}, {""tag"": ""at"", ""user_id"": ""@_user_2"", ""user_name"": ""Boris Dong""}, {""tag"": ""text"", ""text"": "",""}, {""tag"": ""at"", ""user_id"": ""@_user_3"", ""user_name"": ""Jianan Sun""}, {""tag"": ""text"", ""text"": ""\n质控：""}, {""tag"": ""at"", ""user_id"": ""@_user_4"", ""user_name"": ""王鑫隆""}, {""tag"": ""text"", ""text"": "",""}, {""tag"": ""at"", ""user_id"": ""@_user_5"", ""user_name"": ""廖丹""}, {""tag"": ""text"", ""text"": ""\n客户：19884908香港奥海亞太發展有限公司\n救火类型：时效内催上架\n仓库：USGA Warehouse\n入库单号：WI50630857\n头程类型：自验-直发-整柜\n包裹条码：WI50630857\nsku：\n救火原因：客户整柜到仓，麻烦尽快卸货上架，客户催还柜""}], [{""tag"": ""button"", ""text"": ""确认受理"", ""type"": ""default""}, {""tag"": ""button"", ""text"": ""确认关闭"", ""type"": ""default""}], [{""tag"": ""hr""}], [{""tag"": ""text"", ""text"": ""来自 ""}, {""tag"": ""a"", ""href"": ""https://winitlink.feishu.cn/base/CBUkbTYbma2NAnsSzZ9cq7Qrnvc?ccm_open_type=im_card_automation_link"", ""text"": ""海外仓入库运营（救火）case管理表""}]]}",刘勇；Boris Dong；Jianan Sun；王鑫隆；廖丹,未知/系统,未知/系统,om_x100b689c51453884c3731087f1cc731,,入库；上架；包裹条码；仓库；救火
197,发货仓入库&增值运营（救火）- IB&VAS,oc_5b8848d27b7b3fa4a10eab865c4f9ffc,2026-08-11,2026-08-11 10:50,2026-08-13 16:01,omt_191f058a3f4e5cb6,未知/系统,入库/仓库异常,包装,,,,[Image:img_v3_0214f_0a0aa8bb-b086-4aa2-90d5-be6cef75010g] 出库会加包装嘛，还是这销售包装出库 [Image:img_v3_0214f_15f7df34-03c2-40e9-ac40-a8c76e6fe8eg] @_user_1 @_user_2 这个不行吧 出库的如果加包装就问题不大，说也签署了《销售包装商品海外仓免责协议》 [Image:img_v3_0214f_21334d15-139f-4fc7-b167-8cab37c0015g] 他说就这个包装出库...,"[2026-08-11 10:50] 李文通: [Image:img_v3_0214f_0a0aa8bb-b086-4aa2-90d5-be6cef75010g]
出库会加包装嘛，还是这销售包装出库
[2026-08-11 10:51] 李文通: [Image:img_v3_0214f_15f7df34-03c2-40e9-ac40-a8c76e6fe8eg]
[2026-08-11 10:52] 李文通: @_user_1 @_user_2
[2026-08-11 11:04] Yang.cui: 这个不行吧
[2026-08-11 11:07] 李文通: 出库的如果加包装就问题不大，说也签署了《销售包装商品海外仓免责协议》
[2026-08-11 11:44] 朱美霖: [Image:img_v3_0214f_21334d15-139f-4fc7-b167-8cab37c0015g]
他说就这个包装出库
[2026-08-11 11:45] 李文通: @_user_1 泽纯。这客户销售包装发货，可以这么操作嘛
说是签署了《销售包装商品海外仓免责协议》
[2026-08-11 11:45] 朱美霖: [Image:img_v3_0214f_b81fb943-f4d3-44a0-a5c8-0968ca3b353g]
[2026-08-11 16:31] 朱美霖: @_user_1 麻烦帮忙看看。这客户销售包装发货，可以这么操作嘛
签署了《销售包装商品海外仓免责协议》 可以直接这样出库吗
[2026-08-12 09:49] 朱美霖: 他要这样出库 可以取消异常吗@_user_1
[2026-08-12 09:49] 朱美霖: 、
[2026-08-12 10:50] 郭泽纯: @_user_1 客户这样出 会有很高风险的啊，不能这样出呀
[2026-08-12 10:50] 郭泽纯: 至少也要 加快递袋啊
[2026-08-12 10:51] 朱美霖: 他说之前也是这样出 那就是及时签署什么协议也不行
[2026-08-12 10:51] 朱美霖: 必须加袋子处理哈
[2026-08-12 14:18] 朱美霖: [Image:img_v3_0214g_e65c29c1-802f-46ae-bfea-c8b63851787g]
@杜春霖  奥斯莱的客户 他说就要裸货出 不愿意承担费用 麻烦协助沟通下 谢谢
[2026-08-12 14:19] 杜春霖: 我问问情况
[2026-08-12 14:19] 朱美霖: 额
[2026-08-12 14:19] 朱美霖: 嗯嗯
[2026-08-12 15:08] 杜春霖: <p>就这样入吧，这个SKU 也直接这样出，客户风险点知道的并且产品利润很薄 也不愿加快递袋。在库还有同样的SKU：X001BCEML9  一直这样出的 客户没有问题。@_user_1 @_user_2 @_user_3</p>
[2026-08-12 22:26] 郭泽纯: @洪毓卿 echo客户两个SKU想要按以下包装直接出库（单一订单），在系统上维护了入库包装是 销售包装 并且签署了销售包装出库免责协议，这个可以吗
[Image:img_v3_0214g_9ac66a6a-bd09-4b89-b127-947bb38aa5eg]
[2026-08-12 22:41] 洪毓卿: 这个哪里是销售包装啊，这个是裸货啊。裸货必须加包装才能出呀
[2026-08-12 22:41] 洪毓卿: @_user_1
[2026-08-12 22:42] 洪毓卿: 这个有封口吗？包装很容易坏的呀
[2026-08-13 09:07] 杜春霖: 是密封的，这个包装容易坏的问题和客户沟通过的，并且建议加快递袋，这批客户因为加快递袋成本太高了，运营不愿意，还是先发。后续在备货的时候我和客户强调一下 加一个快递袋。@_user_1
[2026-08-13 10:23] 洪毓卿: @_user_1 这里面是什么东西 货值多少
[2026-08-13 10:43] 朱美霖: 逗猫棒
[2026-08-13 10:50] 郭泽纯: 一包是0.78USD
[2026-08-13 10:50] 郭泽纯: @_user_1
[2026-08-13 10:53] 洪毓卿: @_user_1 透明袋有封口，且货值很低，这种情况下仓库看到会自己加快递袋吗？
[2026-08-13 11:52] 龙成峰: @_user_1 这种仓库的标准都是默认得加包装
[2026-08-13 11:57] 杜春霖: 尺寸大于15*10CM，客户签了免责  也是默认加包装？
[2026-08-13 11:57] 洪毓卿: @_user_1 对仓库来说 应该严格按照出库单的指令，如果出库单不要求加包装，不应该加的。应该登记我们之前共识的异常，信息流是销售包装，实际是裸货。
@_user_2 @_user_3 @_user_4 按定义，销售包装应该是彩盒，透明袋是裸货，客户商品标签都打错了，这种应该要强制加包装才能出库的。
[2026-08-13 12:02] 龙成峰: @_user_1 登记异常修改属性，因为修改属性这个最近才准备上线，之前的流程还没正常跑起来
[2026-08-13 12:12] 洪毓卿: @_user_1 那仓库也应该严格按照订单的指令，不然会多花成本，没有包材收入
[2026-08-13 12:14] 杜春霖: @_user_1 商品标签没有打错的，我理解一下是不是透明袋包装 其实我们仓库都默认加快递袋的？快递袋费用目前还没收过？
[2026-08-13 12:18] 洪毓卿: @_user_1 透明袋包装，都算裸货。商品上应该标记裸货，这样订单就会强制加包装，否则下单失败。
如果客户隐瞒，把透明袋包装注册成销售包装，并且签署了免责协议，那订单就允许不加包装直接出库，下单成功。但是实际仓库在操作时，看到透明袋包装，为了货物安全起见，都自主加上快递袋，这样我们付出了成本，没有收入。
[2026-08-13 12:20] 杜春霖: 好 我知道了
[2026-08-13 12:20] 杜春霖: 我和客户沟通一下，这个费用要收
[2026-08-13 12:21] 杜春霖: <p>另外我想问一下 是不是尾程供应商 看到透明袋包装也不会收？所以我们主动加了快递袋</p>
[2026-08-13 12:22] 洪毓卿: @_user_1 你得跟他沟通这个要标记裸货，必须加包装才能出库，否则运输途中偷盗破损的比例比正常中性包装的要高很多的。
[2026-08-13 12:23] 洪毓卿: 是不是尾程供应商 看到透明袋包装也不会收？===这个问题需要尾程的同事来确认下
[2026-08-13 12:24] 杜春霖: <p>@_user_1 会的 历史发走的，我和他说清楚 其实我们出库是给他加快递袋的 只是客户不知道 所以没啥丢失和破碎</p>
[2026-08-13 15:22] 杜春霖: @_user_1 客户后续备货会套好快递袋 说好了。

这批货物，客户说之前有类似入库单我们没有报过异常，站在他的角度以为是没有问题的， 能不能这次的异常仓储费给他免了一共46.8USD. 剩下的 换贴条码包装的费用 我想办法让他们自己承担。
[2026-08-13 15:36] 洪毓卿: 什么异常
[2026-08-13 15:37] 杜春霖: [Image:img_v3_0214h_9cda3171-09ce-4c4a-9658-9d1c41fd08cg]
[2026-08-13 15:39] 洪毓卿: 那为啥客户一直不处理…… 这个你们只能走商务补贴额
[2026-08-13 15:41] 杜春霖: <p>今天和客户说清楚了，之前客户一直认为没问题的 以前都发过 所以就没有处理。不能补贴对吧@_user_1</p>
[2026-08-13 15:50] 洪毓卿: 产品这边没有补贴的流程
[2026-08-13 15:52] 杜春霖: 好 我知道了
[2026-08-13 16:00] 杜春霖: @_user_1 我让客户去操作了，费用问题 我和她说过了， 如果她在来问你 你就让他找我
[2026-08-13 16:01] 朱美霖: 好滴",朱美霖；Yang.cui；郭泽纯；李文通；杜春霖；洪毓卿；龙成峰,郭泽纯,李文通；Yang.cui；朱美霖；郭泽纯；杜春霖；洪毓卿；龙成峰,om_x100b689c9afc18b4b1a31bcfbc71235,,异常；入库；出库；补贴；仓库
198,发货仓入库&增值运营（救火）- IB&VAS,oc_5b8848d27b7b3fa4a10eab865c4f9ffc,2026-08-11,2026-08-11 11:02,2026-08-11 11:02,omt_191f1866d00f1a5a,未知/系统,入库/仓库异常,"时效内催上架\n仓库：USKY3 Warehouse\n入库单号：WI50799217\nWI50853094\n头程类型：自验-直发-海卡\n包裹条码：B0400000001428598094\nB0400000001428658846\n尽量多上\nsku：\n救火原因：客户着急补货出单，麻烦仓库尽快支持卸货上架，谢谢支持""}], [{""tag"": ""button"", ""text"": ""确认受理"", ""type"": ""default""}, {""tag"": ""button"", ""text"": ""确认关闭"", ""type"": ""default""}], [{""tag"": ""hr""}], [{""tag"": ""text"", ""text"": ""来自 ""}, {""tag"": ""a"", ""href"": ""https://winitlink.feishu.cn/base/CBUkbTYbma2NAnsSzZ9cq7Qrnvc?ccm_open_type=im_card_automation_link"", ""text"": ""海外仓入库运营（救火）case管理表""}]]}；上架","10007589义乌典森电子商务有限公司\n救火类型：时效内催上架\n仓库：USKY3 Warehouse\n入库单号：WI50799217\nWI50853094\n头程类型：自验-直发-海卡\n包裹条码：B0400000001428598094\nB0400000001428658846\n尽量多上\nsku：\n救火原因：客户着急补货出单，麻烦仓库尽快支持卸货上架，谢谢支持""}], [{""tag"": ""button"", ""text"": ""确认受理"", ""type"": ""default""}, {""tag"": ""button"", ""text"": ""确认关闭"", ""type"": ""default""}], [{""tag"": ""hr""}], [{""tag"": ""text"", ""text"": ""来自 ""}, {""tag"": ""a"", ""href"": ""https://winitlink.feishu.cn/base/CBUkbTYbma2NAnsSzZ9cq7Qrnvc?ccm_open_type=im_card_automation_link"", ""text"": ""海外仓入库运营（救火）case管理表""}]]}","USKY3 Warehouse\n入库单号：WI50799217\nWI50853094\n头程类型：自验-直发-海卡\n包裹条码：B0400000001428598094\nB0400000001428658846\n尽量多上\nsku：\n救火原因：客户着急补货出单，麻烦仓库尽快支持卸货上架，谢谢支持""}], [{""tag"": ""button"", ""text"": ""确认受理"", ""type"": ""default""}, {""tag"": ""button"", ""text"": ""确认关闭"", ""type"": ""default""}], [{""tag"": ""hr""}], [{""tag"": ""text"", ""text"": ""来自 ""}, {""tag"": ""a"", ""href"": ""https://winitlink.feishu.cn/base/CBUkbTYbma2NAnsSzZ9cq7Qrnvc?ccm_open_type=im_card_automation_link"", ""text"": ""海外仓入库运营（救火）case管理表""}]]}",WI50799217；WI50853094；B0400000001428598094；B0400000001428658846,"{""title"": ""请关注入库救火case"", ""elements"": [[{""tag"": ""text"", ""text"": ""提交人：""}, {""tag"": ""at"", ""user_id"": ""@_user_1"", ""user_name"": ""李锡汶""}, {""tag"": ""text"", ""text"": ""\n仓库处理人：""}, {""tag"": ""at"", ""user_id"": ""@_user_2"", ""user_name"": ""Ding kun""}, {""tag"": ""text"", ""text"": "",""}, ...","[2026-08-11 11:02] 未知/系统: {""title"": ""请关注入库救火case"", ""elements"": [[{""tag"": ""text"", ""text"": ""提交人：""}, {""tag"": ""at"", ""user_id"": ""@_user_1"", ""user_name"": ""李锡汶""}, {""tag"": ""text"", ""text"": ""\n仓库处理人：""}, {""tag"": ""at"", ""user_id"": ""@_user_2"", ""user_name"": ""Ding kun""}, {""tag"": ""text"", ""text"": "",""}, {""tag"": ""at"", ""user_id"": ""@_user_3"", ""user_name"": ""Katia Ayala""}, {""tag"": ""text"", ""text"": "",""}, {""tag"": ""at"", ""user_id"": ""@_user_4"", ""user_name"": ""Fuentes, Elias Matos""}, {""tag"": ""text"", ""text"": "",""}, {""tag"": ""at"", ""user_id"": ""@_user_5"", ""user_name"": ""Liu wenhong""}, {""tag"": ""text"", ""text"": ""\n质控：""}, {""tag"": ""at"", ""user_id"": ""@_user_6"", ""user_name"": ""魏佳欣""}, {""tag"": ""text"", ""text"": ""\n客户：10007589义乌典森电子商务有限公司\n救火类型：时效内催上架\n仓库：USKY3 Warehouse\n入库单号：WI50799217\nWI50853094\n头程类型：自验-直发-海卡\n包裹条码：B0400000001428598094\nB0400000001428658846\n尽量多上\nsku：\n救火原因：客户着急补货出单，麻烦仓库尽快支持卸货上架，谢谢支持""}], [{""tag"": ""button"", ""text"": ""确认受理"", ""type"": ""default""}, {""tag"": ""button"", ""text"": ""确认关闭"", ""type"": ""default""}], [{""tag"": ""hr""}], [{""tag"": ""text"", ""text"": ""来自 ""}, {""tag"": ""a"", ""href"": ""https://winitlink.feishu.cn/base/CBUkbTYbma2NAnsSzZ9cq7Qrnvc?ccm_open_type=im_card_automation_link"", ""text"": ""海外仓入库运营（救火）case管理表""}]]}","李锡汶；Ding kun；Katia Ayala；Fuentes, Elias Matos；Liu wenhong；魏佳欣",未知/系统,未知/系统,om_x100b689d4432eca0df645ddc76d7067,,入库；上架；包裹条码；仓库；救火
201,发货仓入库&增值运营（救火）- IB&VAS,oc_5b8848d27b7b3fa4a10eab865c4f9ffc,2026-08-11,2026-08-11 12:06,2026-08-11 12:06,omt_191f1773040e1a42,未知/系统,入库/仓库异常,"时效内催上架\n仓库：CATO Warehouse\n入库单号：WI50296200\n头程类型：海外验-直发-海运整柜-40HQ\n包裹条码：B0400000001418099411\nB0400000001418099428\nB0400000001418099438\nB0400000001418099444\nB0400000001418099451\nB0400000001418099460\nsku：M010000000010592049\n救火原因：8月7 货物已经送达仓库，这款单品缺货严重，请优先上，有单要推，谢谢""}], [{""tag"": ""button"", ""text"": ""确认受理"", ""type"": ""default""}, {""tag"": ""button"", ""text"": ""确认关闭"", ""type"": ""default""}], [{""tag"": ""hr""}], [{""tag"": ""text"", ""text"": ""来自 ""}, {""tag"": ""a"", ""href"": ""https://winitlink.feishu.cn/base/CBUkbTYbma2NAnsSzZ9cq7Qrnvc?ccm_open_type=im_card_automation_link"", ""text"": ""海外仓入库运营（救火）case管理表""}]]}；上架","19227270自由創新(香港)有限公司\n救火类型：时效内催上架\n仓库：CATO Warehouse\n入库单号：WI50296200\n头程类型：海外验-直发-海运整柜-40HQ\n包裹条码：B0400000001418099411\nB0400000001418099428\nB0400000001418099438\nB0400000001418099444\nB0400000001418099451\nB0400000001418099460\nsku：M010000000010592049\n救火原因：8月7 货物已经送达仓库，这款单品缺货严重，请优先上，有单要推，谢谢""}], [{""tag"": ""button"", ""text"": ""确认受理"", ""type"": ""default""}, {""tag"": ""button"", ""text"": ""确认关闭"", ""type"": ""default""}], [{""tag"": ""hr""}], [{""tag"": ""text"", ""text"": ""来自 ""}, {""tag"": ""a"", ""href"": ""https://winitlink.feishu.cn/base/CBUkbTYbma2NAnsSzZ9cq7Qrnvc?ccm_open_type=im_card_automation_link"", ""text"": ""海外仓入库运营（救火）case管理表""}]]}","CATO Warehouse\n入库单号：WI50296200\n头程类型：海外验-直发-海运整柜-40HQ\n包裹条码：B0400000001418099411\nB0400000001418099428\nB0400000001418099438\nB0400000001418099444\nB0400000001418099451\nB0400000001418099460\nsku：M010000000010592049\n救火原因：8月7 货物已经送达仓库，这款单品缺货严重，请优先上，有单要推，谢谢""}], [{""tag"": ""button"", ""text"": ""确认受理"", ""type"": ""default""}, {""tag"": ""button"", ""text"": ""确认关闭"", ""type"": ""default""}], [{""tag"": ""hr""}], [{""tag"": ""text"", ""text"": ""来自 ""}, {""tag"": ""a"", ""href"": ""https://winitlink.feishu.cn/base/CBUkbTYbma2NAnsSzZ9cq7Qrnvc?ccm_open_type=im_card_automation_link"", ""text"": ""海外仓入库运营（救火）case管理表""}]]}",WI50296200；M010000000010592049；B0400000001418099411；B0400000001418099428；B0400000001418099438；B0400000001418099444；B0400000001418099451；B0400000001418099460,"{""title"": ""请关注入库救火case"", ""elements"": [[{""tag"": ""text"", ""text"": ""提交人：""}, {""tag"": ""at"", ""user_id"": ""@_user_1"", ""user_name"": ""钟晓环""}, {""tag"": ""text"", ""text"": ""\n仓库处理人：""}, {""tag"": ""at"", ""user_id"": ""@_user_2"", ""user_name"": ""魏佳欣""}, {""tag"": ""text"", ""text"": ""\n质控：""}, {...","[2026-08-11 12:06] 未知/系统: {""title"": ""请关注入库救火case"", ""elements"": [[{""tag"": ""text"", ""text"": ""提交人：""}, {""tag"": ""at"", ""user_id"": ""@_user_1"", ""user_name"": ""钟晓环""}, {""tag"": ""text"", ""text"": ""\n仓库处理人：""}, {""tag"": ""at"", ""user_id"": ""@_user_2"", ""user_name"": ""魏佳欣""}, {""tag"": ""text"", ""text"": ""\n质控：""}, {""tag"": ""at"", ""user_id"": ""@_user_3"", ""user_name"": ""魏佳欣""}, {""tag"": ""text"", ""text"": ""\n客户：19227270自由創新(香港)有限公司\n救火类型：时效内催上架\n仓库：CATO Warehouse\n入库单号：WI50296200\n头程类型：海外验-直发-海运整柜-40HQ\n包裹条码：B0400000001418099411\nB0400000001418099428\nB0400000001418099438\nB0400000001418099444\nB0400000001418099451\nB0400000001418099460\nsku：M010000000010592049\n救火原因：8月7 货物已经送达仓库，这款单品缺货严重，请优先上，有单要推，谢谢""}], [{""tag"": ""button"", ""text"": ""确认受理"", ""type"": ""default""}, {""tag"": ""button"", ""text"": ""确认关闭"", ""type"": ""default""}], [{""tag"": ""hr""}], [{""tag"": ""text"", ""text"": ""来自 ""}, {""tag"": ""a"", ""href"": ""https://winitlink.feishu.cn/base/CBUkbTYbma2NAnsSzZ9cq7Qrnvc?ccm_open_type=im_card_automation_link"", ""text"": ""海外仓入库运营（救火）case管理表""}]]}",钟晓环；魏佳欣,未知/系统,未知/系统,om_x100b689db56facb0dee5351c67a33c7,,入库；上架；包裹条码；仓库；救火
205,发货仓入库&增值运营（救火）- IB&VAS,oc_5b8848d27b7b3fa4a10eab865c4f9ffc,2026-08-11,2026-08-11 14:19,2026-08-11 14:19,omt_191f37c7074e1b8f,未知/系统,入库/仓库异常,"已超时效催上架\n仓库：USGA Warehouse\n入库单号：WI50563058+WI50655662+WI50660135 WI50562392 WI50563411+WI50701506  WI50598603+\nWI50626685+WI50760608\n头程类型：自验-直发-海运整柜-40HQ\n包裹条码：B0400000001423033122等\nsku：\n救火原因：当地时间8月6日到仓，安排优先上架。""}], [{""tag"": ""button"", ""text"": ""确认受理"", ""type"": ""default""}, {""tag"": ""button"", ""text"": ""确认关闭"", ""type"": ""default""}], [{""tag"": ""hr""}], [{""tag"": ""text"", ""text"": ""来自 ""}, {""tag"": ""a"", ""href"": ""https://winitlink.feishu.cn/base/CBUkbTYbma2NAnsSzZ9cq7Qrnvc?ccm_open_type=im_card_automation_link"", ""text"": ""海外仓入库运营（救火）case管理表""}]]}；上架","17572367香港四权贸易集团有限公司\n救火类型：已超时效催上架\n仓库：USGA Warehouse\n入库单号：WI50563058+WI50655662+WI50660135 WI50562392 WI50563411+WI50701506  WI50598603+\nWI50626685+WI50760608\n头程类型：自验-直发-海运整柜-40HQ\n包裹条码：B0400000001423033122等\nsku：\n救火原因：当地时间8月6日到仓，安排优先上架。""}], [{""tag"": ""button"", ""text"": ""确认受理"", ""type"": ""default""}, {""tag"": ""button"", ""text"": ""确认关闭"", ""type"": ""default""}], [{""tag"": ""hr""}], [{""tag"": ""text"", ""text"": ""来自 ""}, {""tag"": ""a"", ""href"": ""https://winitlink.feishu.cn/base/CBUkbTYbma2NAnsSzZ9cq7Qrnvc?ccm_open_type=im_card_automation_link"", ""text"": ""海外仓入库运营（救火）case管理表""}]]}","USGA Warehouse\n入库单号：WI50563058+WI50655662+WI50660135 WI50562392 WI50563411+WI50701506  WI50598603+\nWI50626685+WI50760608\n头程类型：自验-直发-海运整柜-40HQ\n包裹条码：B0400000001423033122等\nsku：\n救火原因：当地时间8月6日到仓，安排优先上架。""}], [{""tag"": ""button"", ""text"": ""确认受理"", ""type"": ""default""}, {""tag"": ""button"", ""text"": ""确认关闭"", ""type"": ""default""}], [{""tag"": ""hr""}], [{""tag"": ""text"", ""text"": ""来自 ""}, {""tag"": ""a"", ""href"": ""https://winitlink.feishu.cn/base/CBUkbTYbma2NAnsSzZ9cq7Qrnvc?ccm_open_type=im_card_automation_link"", ""text"": ""海外仓入库运营（救火）case管理表""}]]}",WI50563058；WI50655662；WI50660135；WI50562392；WI50563411；WI50701506；WI50598603；WI50626685；WI50760608；B0400000001423033122,"{""title"": ""请关注入库救火case"", ""elements"": [[{""tag"": ""text"", ""text"": ""提交人：""}, {""tag"": ""at"", ""user_id"": ""@_user_1"", ""user_name"": ""杜春霖""}, {""tag"": ""text"", ""text"": ""\n仓库处理人：""}, {""tag"": ""at"", ""user_id"": ""@_user_2"", ""user_name"": ""Boris Dong""}, {""tag"": ""text"", ""text"": "",""}...","[2026-08-11 14:19] 未知/系统: {""title"": ""请关注入库救火case"", ""elements"": [[{""tag"": ""text"", ""text"": ""提交人：""}, {""tag"": ""at"", ""user_id"": ""@_user_1"", ""user_name"": ""杜春霖""}, {""tag"": ""text"", ""text"": ""\n仓库处理人：""}, {""tag"": ""at"", ""user_id"": ""@_user_2"", ""user_name"": ""Boris Dong""}, {""tag"": ""text"", ""text"": "",""}, {""tag"": ""at"", ""user_id"": ""@_user_3"", ""user_name"": ""Jianan Sun""}, {""tag"": ""text"", ""text"": ""\n质控：""}, {""tag"": ""at"", ""user_id"": ""@_user_4"", ""user_name"": ""王鑫隆""}, {""tag"": ""text"", ""text"": "",""}, {""tag"": ""at"", ""user_id"": ""@_user_5"", ""user_name"": ""廖丹""}, {""tag"": ""text"", ""text"": ""\n客户：17572367香港四权贸易集团有限公司\n救火类型：已超时效催上架\n仓库：USGA Warehouse\n入库单号：WI50563058+WI50655662+WI50660135 WI50562392 WI50563411+WI50701506  WI50598603+\nWI50626685+WI50760608\n头程类型：自验-直发-海运整柜-40HQ\n包裹条码：B0400000001423033122等\nsku：\n救火原因：当地时间8月6日到仓，安排优先上架。""}], [{""tag"": ""button"", ""text"": ""确认受理"", ""type"": ""default""}, {""tag"": ""button"", ""text"": ""确认关闭"", ""type"": ""default""}], [{""tag"": ""hr""}], [{""tag"": ""text"", ""text"": ""来自 ""}, {""tag"": ""a"", ""href"": ""https://winitlink.feishu.cn/base/CBUkbTYbma2NAnsSzZ9cq7Qrnvc?ccm_open_type=im_card_automation_link"", ""text"": ""海外仓入库运营（救火）case管理表""}]]}",杜春霖；Boris Dong；Jianan Sun；王鑫隆；廖丹,未知/系统,未知/系统,om_x100b689fbe2f98b0c23c83268e983e7,,入库；上架；包裹条码；仓库；救火
219,发货仓入库&增值运营（救火）- IB&VAS,oc_5b8848d27b7b3fa4a10eab865c4f9ffc,2026-08-11,2026-08-11 17:16,2026-08-19 15:06,omt_191f6f340f0d1a70,未知/系统,非标增值,贴标；拍照；上架；辨识,,,VASC000000336390；EB0126080732049348；WI51068552；B0126080732049348,[Image:img_v3_0214f_a2800c6e-c080-4ff2-96d7-42c1221da62g] @_user_1 @_user_2 雪姐正在处理这个 OK，麻烦登记新的异常后，反馈出来，谢谢 咋又来了 要一个一个的贴wb没有批量登记的功能 上次不说了一次吗？ 那你们要与产品沟通呀，这种提交不了增值，要提交非标、 [新月脸]提交非标要写原因，这种又不给我们通过 系统没批量登记的功能 就这么写 @_user_1 @_user_2 @_user_1 @_user_1 以后这种异常就这样登记吗？ 只能提...,"[2026-08-11 17:16] 钟晓环: [Image:img_v3_0214f_a2800c6e-c080-4ff2-96d7-42c1221da62g]
[2026-08-11 17:26] 林佳志: @_user_1  @_user_2 雪姐正在处理这个
[2026-08-11 17:30] 钟晓环: OK，麻烦登记新的异常后，反馈出来，谢谢
[2026-08-11 17:30] 李雪: 咋又来了
[2026-08-11 17:31] 李雪: 要一个一个的贴wb没有批量登记的功能
[2026-08-11 17:31] 李雪: 上次不说了一次吗？
[2026-08-11 17:33] 钟晓环: 那你们要与产品沟通呀，这种提交不了增值，要提交非标、
[2026-08-11 17:33] 钟晓环: [新月脸]提交非标要写原因，这种又不给我们通过
[2026-08-11 17:33] 李雪: 系统没批量登记的功能
[2026-08-11 17:33] 李雪: 就这么写
[2026-08-11 17:33] 李雪: @_user_1 @_user_2
[2026-08-11 17:34] 李雪: @_user_1
[2026-08-11 17:34] 钟晓环: @_user_1   以后这种异常就这样登记吗？ 
只能提交非标，能否直接审核，我也不想找仓库沟通重新登记异常。[新月脸]
[2026-08-11 18:55] 耿文文: @_user_1 在没有变更流程之前就是要按包裹登记的呀，这样登记异常处理费都收不回来
@_user_2 @_user_3  这老不登记包裹批量异常的也不行啊  。。。
[2026-08-11 18:56] 耿文文: @_user_1 自由创新这客户是咋回事，最近要么不上传单品条码，要么包裹扫不上
[2026-08-11 18:57] 李雪: @_user_1 要一个一个贴wb，拍照，还得二次复合，现场扛不住
[2026-08-11 19:01] 耿文文: <p>在没有变更之前，有标准操作就按标准流程，别的仓库也没有说实际是批量的就登记一个包裹的啊@_user_1</p>
[2026-08-11 19:20] 钟晓环: @_user_1  自由创新这客户是咋回事，最近要么不上传单品条码，要么包裹扫不上 
----EB0126080732049348 -这个60件，都是条形码出问题的了，我查看一下图，是客户打印机的墨水问题导致条形糊了，无法扫描识别出来。
[2026-08-11 19:21] 钟晓环: [Image:img_v3_0214f_63d67c66-331c-48bd-8d12-a3431ca1bf5g]
@耿文文 @李雪
[2026-08-11 19:24] 李雪: @_user_1 哪个仓库一次性登记几百个
[2026-08-11 21:41] 耿文文: @_user_1 这60个包裹只登记一个。。也不行嘞
@_user_2 先提个非标处理吧   让客户检查下他们打印机吧
[2026-08-12 10:05] 钟晓环: @_user_1 以后怎么办  他家最近的sn一直出问题，是不是他家的，都可以直接提交非标。
我懒得每次都找仓库沟通了
[2026-08-12 10:35] 耿文文: 他家的SN出问题后续有啥改进措施没有？@_user_1 
仓库操作的问题我答复不了 @_user_2
[2026-08-12 10:43] 钟晓环: @耿文文 
[Image:img_v3_0214g_ca0c06f0-dc6d-44b1-a97e-e4f50037956g]
[2026-08-12 10:43] 钟晓环: @_user_1 1.2.场景最近比较多出现的，但是已在路上的货物解决不了，应该还有货sn码无法扫描，只能后续补货的避免。
[2026-08-12 10:54] 耿文文: 又是大批量的...[泪奔]
[2026-08-12 10:59] 钟晓环: @_user_1 应该不是很多哦，
[2026-08-12 12:02] 钟晓环: @_user_1 @_user_2  EB0126080732049348   客户针对异常拍照的sn码定位到原单：WI51068552。
原单只有63件没上齐，但是异常登记了60件，少了3件，对不上数据。
现在的问题是客户没办法确认这60件对应sku编码是哪个，无法提交增值新单上架，对应贴标签。

客户反馈需要仓库将60件sn码登记后反馈会数据给她去核对sku编码，才能提交增值。[新月脸]
[2026-08-12 12:09] 耿文文: @_user_1 对应到原单的话，那原单没上架完的就是这批异常的包裹了吧，SKU也能确认了
客户SN打印的不清楚，让仓库采集也少扫不上的，
[2026-08-12 12:11] 钟晓环: @_user_1 原单有63件没上，异常登记包裹是60件，原单里面有3款产品没上齐，客户不清楚对应关系。
[2026-08-12 12:29] 耿文文: 原单没上的重新下个新单能行吗？客户单品化管理理应知道是哪些单品发过来没上架的吧@_user_1
[2026-08-12 12:29] 钟晓环: @_user_1 [新月脸]主要现在几个柜子的货混一起登记异常了，仓库也不清楚对应入库单是那个批次的。
[2026-08-12 14:44] 钟晓环: @_user_1 雪姐，有空帮我看一下怎么办处理，不然客户也没办法执行增值
[2026-08-12 14:45] 李雪: @_user_1 她条码扫不是，怎么采集啊
[2026-08-12 14:45] 李雪: [Image:img_v3_0214g_1d002f24-9d0d-404c-ad7a-c4b8d1134f8g]
[2026-08-12 14:46] 李雪: 一种型号
[2026-08-12 14:46] 李雪: 这60都是一种
[2026-08-12 14:47] 钟晓环: 怎么判断的？ @李雪 
[Image:img_v3_0214g_12433d16-91f1-4774-aeab-09efb88d7e8g]
客户说这个型号无法对应关系
[2026-08-12 14:47] 李雪: 上面有个69码不是商品码吗
[2026-08-12 14:47] 李雪: 大标签
[2026-08-12 14:48] 钟晓环: @李雪 
[Image:img_v3_0214g_6c52cb2f-6a39-4c97-b2bb-51906e9e685g]
这个吗？
[2026-08-12 14:57] 李雪: 对
[2026-08-12 15:37] 李雪: @_user_1 整个条码，不是69
[2026-08-12 15:38] 钟晓环: @_user_1 灰色这个标签69客户说不能用来做对应关系，
[2026-08-12 15:39] 钟晓环: @李雪 
CP-GW-0000079-00-04——冰川白  PRO 
CP-GW-0000079-00-05——石墨灰 PRO
CP-GW-0000078-00-05——OC1-PRO 石墨灰
可以用sn码上面的颜色对应，麻烦识别核对一下60件所对应的颜色几件。
[Image:img_v3_0214g_bbee8f89-03e8-468f-b353-d4c8ca82dd2g]
[2026-08-14 11:33] 耿文文: @_user_1 按这个规则的话就下个增值让仓库辨识后反馈吧
[2026-08-14 11:35] 钟晓环: @_user_1 现在货物堆积在一起无法辨识，首先是仓库卸货柜不及时，没按照入库登记异常。
仓库将有异常的货物堆积在一起，我不认为这个要走辨识收费。

昨天已和雪姐沟通了一下，客户大概已能辨识对应sku数据了，今天会处理。
[2026-08-14 11:47] 耿文文: 就算仓库登记了异常，异常的也会堆叠在一起，客户要想知道具体有什么SKU也得做辨识；
异常处理费还得收回来呢@_user_1
[2026-08-14 11:48] 钟晓环: @_user_1 登记异常客户能辨识，现在是几个柜子的货物都堆放一起了，登记异常可以能从入库单品确认对应sku。
[2026-08-14 11:48] 钟晓环: @_user_1 而且客户是100a+的货物，现在根本辨识不出对应原入库单，
[2026-08-14 11:54] 耿文文: 那尽快走增值处理掉吧
[2026-08-17 14:16] 钟晓环: VASC000000336390 - EB0126080732049348 -60件
@_user_1 雪姐，客户先把60件确认是冰川白的，提交了增值，另外一个63件异常还没有办法提交，她们内部还没调查清楚货型。你们上班以后先将冰川白60件新单上了。

@_user_2 请优先审核，谢谢
[2026-08-19 15:06] 钟晓环: VASC000000336390  
@_user_1   这个增值17号提交现在都没开始做，请问什么时候可以完成？客户来催促中了，麻烦找个人帮忙做一下",李雪；钟晓环；宋家和；王鑫隆；丁童诗琦；耿文文；夏雨崇,耿文文,钟晓环；林佳志；李雪；耿文文,om_x100b689a311f1c80ddc41f990c8fca1,,非标；增值；VASC；异常；EB；入库；贴标；上架；拍照；仓库
233,发货仓入库&增值运营（救火）- IB&VAS,oc_5b8848d27b7b3fa4a10eab865c4f9ffc,2026-08-12,2026-08-12 01:29,2026-08-12 01:29,omt_191ed4c5a1cf5cb3,未知/系统,入库/仓库异常,"少包裹确认到仓\n仓库：USGA Warehouse\n入库单号：WI51399035\n头程类型：直发自验货整柜\n包裹条码：100%A+包\nsku：M010000000007307894\n救火原因：M010000000007307894 客户反馈该sku实际装柜135台\n到仓卸货显示134  麻烦再核查一下 是否有遗漏或者在异常区未登记的\n谢谢""}], [{""tag"": ""img"", ""image_key"": ""img_v3_0214g_139cfcdf-5b51-48aa-b92a-ae3d6a8243dg""}], [{""tag"": ""button"", ""text"": ""确认受理"", ""type"": ""default""}, {""tag"": ""button"", ""text"": ""确认关闭"", ""type"": ""default""}], [{""tag"": ""hr""}], [{""tag"": ""text"", ""text"": ""来自 ""}, {""tag"": ""a"", ""href"": ""https://winitlink.feishu.cn/base/CBUkbTYbma2NAnsSzZ9cq7Qrnvc?ccm_open_type=im_card_automation_link"", ""text"": ""海外仓入库运营（救火）case管理表""}]]}","19296066洛阳汉星家具有限公司\n救火类型：少包裹确认到仓\n仓库：USGA Warehouse\n入库单号：WI51399035\n头程类型：直发自验货整柜\n包裹条码：100%A+包\nsku：M010000000007307894\n救火原因：M010000000007307894 客户反馈该sku实际装柜135台\n到仓卸货显示134  麻烦再核查一下 是否有遗漏或者在异常区未登记的\n谢谢""}], [{""tag"": ""img"", ""image_key"": ""img_v3_0214g_139cfcdf-5b51-48aa-b92a-ae3d6a8243dg""}], [{""tag"": ""button"", ""text"": ""确认受理"", ""type"": ""default""}, {""tag"": ""button"", ""text"": ""确认关闭"", ""type"": ""default""}], [{""tag"": ""hr""}], [{""tag"": ""text"", ""text"": ""来自 ""}, {""tag"": ""a"", ""href"": ""https://winitlink.feishu.cn/base/CBUkbTYbma2NAnsSzZ9cq7Qrnvc?ccm_open_type=im_card_automation_link"", ""text"": ""海外仓入库运营（救火）case管理表""}]]}","USGA Warehouse\n入库单号：WI51399035\n头程类型：直发自验货整柜\n包裹条码：100%A+包\nsku：M010000000007307894\n救火原因：M010000000007307894 客户反馈该sku实际装柜135台\n到仓卸货显示134  麻烦再核查一下 是否有遗漏或者在异常区未登记的\n谢谢""}], [{""tag"": ""img"", ""image_key"": ""img_v3_0214g_139cfcdf-5b51-48aa-b92a-ae3d6a8243dg""}], [{""tag"": ""button"", ""text"": ""确认受理"", ""type"": ""default""}, {""tag"": ""button"", ""text"": ""确认关闭"", ""type"": ""default""}], [{""tag"": ""hr""}], [{""tag"": ""text"", ""text"": ""来自 ""}, {""tag"": ""a"", ""href"": ""https://winitlink.feishu.cn/base/CBUkbTYbma2NAnsSzZ9cq7Qrnvc?ccm_open_type=im_card_automation_link"", ""text"": ""海外仓入库运营（救火）case管理表""}]]}",WI51399035；M010000000007307894,"{""title"": ""请关注入库救火case"", ""elements"": [[{""tag"": ""text"", ""text"": ""提交人：""}, {""tag"": ""at"", ""user_id"": ""@_user_1"", ""user_name"": ""杨超""}, {""tag"": ""text"", ""text"": ""\n仓库处理人：""}, {""tag"": ""at"", ""user_id"": ""@_user_2"", ""user_name"": ""Boris Dong""}, {""tag"": ""text"", ""text"": "",""},...","[2026-08-12 01:29] 未知/系统: {""title"": ""请关注入库救火case"", ""elements"": [[{""tag"": ""text"", ""text"": ""提交人：""}, {""tag"": ""at"", ""user_id"": ""@_user_1"", ""user_name"": ""杨超""}, {""tag"": ""text"", ""text"": ""\n仓库处理人：""}, {""tag"": ""at"", ""user_id"": ""@_user_2"", ""user_name"": ""Boris Dong""}, {""tag"": ""text"", ""text"": "",""}, {""tag"": ""at"", ""user_id"": ""@_user_3"", ""user_name"": ""Jianan Sun""}, {""tag"": ""text"", ""text"": ""\n质控：""}, {""tag"": ""at"", ""user_id"": ""@_user_4"", ""user_name"": ""王鑫隆""}, {""tag"": ""text"", ""text"": "",""}, {""tag"": ""at"", ""user_id"": ""@_user_5"", ""user_name"": ""廖丹""}, {""tag"": ""text"", ""text"": ""\n客户：19296066洛阳汉星家具有限公司\n救火类型：少包裹确认到仓\n仓库：USGA Warehouse\n入库单号：WI51399035\n头程类型：直发自验货整柜\n包裹条码：100%A+包\nsku：M010000000007307894\n救火原因：M010000000007307894 客户反馈该sku实际装柜135台\n到仓卸货显示134  麻烦再核查一下 是否有遗漏或者在异常区未登记的\n谢谢""}], [{""tag"": ""img"", ""image_key"": ""img_v3_0214g_139cfcdf-5b51-48aa-b92a-ae3d6a8243dg""}], [{""tag"": ""button"", ""text"": ""确认受理"", ""type"": ""default""}, {""tag"": ""button"", ""text"": ""确认关闭"", ""type"": ""default""}], [{""tag"": ""hr""}], [{""tag"": ""text"", ""text"": ""来自 ""}, {""tag"": ""a"", ""href"": ""https://winitlink.feishu.cn/base/CBUkbTYbma2NAnsSzZ9cq7Qrnvc?ccm_open_type=im_card_automation_link"", ""text"": ""海外仓入库运营（救火）case管理表""}]]}",杨超；Boris Dong；Jianan Sun；王鑫隆；廖丹,未知/系统,未知/系统,om_x100b68818e05f0a4b1fb5c3cba1eb15,,异常；入库；包裹条码；仓库；救火
268,发货仓入库&增值运营（救火）- IB&VAS,oc_5b8848d27b7b3fa4a10eab865c4f9ffc,2026-08-12,2026-08-12 19:03,2026-08-12 19:03,omt_1919dbdcfa0e1cb9,未知/系统,入库/仓库异常,"时效内催上架\n仓库：UKTW Warehouse\n入库单号：WI51626858\nWI51628208\nWI51628386\n头程类型：海外验-直发-快递\n包裹条码：B0400000001442363027\nsku：\n救火原因：8月10日已到仓，客户着急发货，今天辛苦加急上架，谢谢""}], [{""tag"": ""button"", ""text"": ""确认受理"", ""type"": ""default""}, {""tag"": ""button"", ""text"": ""确认关闭"", ""type"": ""default""}], [{""tag"": ""hr""}], [{""tag"": ""text"", ""text"": ""来自 ""}, {""tag"": ""a"", ""href"": ""https://winitlink.feishu.cn/base/CBUkbTYbma2NAnsSzZ9cq7Qrnvc?ccm_open_type=im_card_automation_link"", ""text"": ""海外仓入库运营（救火）case管理表""}]]}；上架","20275540图灵科技有限公司\n救火类型：时效内催上架\n仓库：UKTW Warehouse\n入库单号：WI51626858\nWI51628208\nWI51628386\n头程类型：海外验-直发-快递\n包裹条码：B0400000001442363027\nsku：\n救火原因：8月10日已到仓，客户着急发货，今天辛苦加急上架，谢谢""}], [{""tag"": ""button"", ""text"": ""确认受理"", ""type"": ""default""}, {""tag"": ""button"", ""text"": ""确认关闭"", ""type"": ""default""}], [{""tag"": ""hr""}], [{""tag"": ""text"", ""text"": ""来自 ""}, {""tag"": ""a"", ""href"": ""https://winitlink.feishu.cn/base/CBUkbTYbma2NAnsSzZ9cq7Qrnvc?ccm_open_type=im_card_automation_link"", ""text"": ""海外仓入库运营（救火）case管理表""}]]}","UKTW Warehouse\n入库单号：WI51626858\nWI51628208\nWI51628386\n头程类型：海外验-直发-快递\n包裹条码：B0400000001442363027\nsku：\n救火原因：8月10日已到仓，客户着急发货，今天辛苦加急上架，谢谢""}], [{""tag"": ""button"", ""text"": ""确认受理"", ""type"": ""default""}, {""tag"": ""button"", ""text"": ""确认关闭"", ""type"": ""default""}], [{""tag"": ""hr""}], [{""tag"": ""text"", ""text"": ""来自 ""}, {""tag"": ""a"", ""href"": ""https://winitlink.feishu.cn/base/CBUkbTYbma2NAnsSzZ9cq7Qrnvc?ccm_open_type=im_card_automation_link"", ""text"": ""海外仓入库运营（救火）case管理表""}]]}",WI51626858；WI51628208；WI51628386；B0400000001442363027,"{""title"": ""请关注入库救火case"", ""elements"": [[{""tag"": ""text"", ""text"": ""提交人：""}, {""tag"": ""at"", ""user_id"": ""@_user_1"", ""user_name"": ""赖俊蓉""}, {""tag"": ""text"", ""text"": ""\n仓库处理人：""}, {""tag"": ""at"", ""user_id"": ""@_user_2"", ""user_name"": ""王婉清""}, {""tag"": ""text"", ""text"": ""\n质控：""}, {...","[2026-08-12 19:03] 未知/系统: {""title"": ""请关注入库救火case"", ""elements"": [[{""tag"": ""text"", ""text"": ""提交人：""}, {""tag"": ""at"", ""user_id"": ""@_user_1"", ""user_name"": ""赖俊蓉""}, {""tag"": ""text"", ""text"": ""\n仓库处理人：""}, {""tag"": ""at"", ""user_id"": ""@_user_2"", ""user_name"": ""王婉清""}, {""tag"": ""text"", ""text"": ""\n质控：""}, {""tag"": ""at"", ""user_id"": ""@_user_3"", ""user_name"": ""罗澳""}, {""tag"": ""text"", ""text"": ""\n客户：20275540图灵科技有限公司\n救火类型：时效内催上架\n仓库：UKTW Warehouse\n入库单号：WI51626858\nWI51628208\nWI51628386\n头程类型：海外验-直发-快递\n包裹条码：B0400000001442363027\nsku：\n救火原因：8月10日已到仓，客户着急发货，今天辛苦加急上架，谢谢""}], [{""tag"": ""button"", ""text"": ""确认受理"", ""type"": ""default""}, {""tag"": ""button"", ""text"": ""确认关闭"", ""type"": ""default""}], [{""tag"": ""hr""}], [{""tag"": ""text"", ""text"": ""来自 ""}, {""tag"": ""a"", ""href"": ""https://winitlink.feishu.cn/base/CBUkbTYbma2NAnsSzZ9cq7Qrnvc?ccm_open_type=im_card_automation_link"", ""text"": ""海外仓入库运营（救火）case管理表""}]]}",赖俊蓉；王婉清；罗澳,未知/系统,未知/系统,om_x100b68f17f904cb0b1505dea681ea46,,入库；上架；包裹条码；仓库；救火
277,发货仓入库&增值运营（救火）- IB&VAS,oc_5b8848d27b7b3fa4a10eab865c4f9ffc,2026-08-13,2026-08-13 11:36,2026-08-13 11:36,omt_1918b36cb643dc8d,未知/系统,入库/仓库异常,"时效内催上架\n仓库：DENW3 Warehouse\n入库单号：WI50780583\nWI50764116\nWI50762496\nWI50389201\n头程类型：自验-直发-海运整柜-40HQ\n包裹条码：已卸货未上包裹总56个包裹\nsku：\n救火原因：这四单都是部分包裹卸货未上，一共56个包裹，请仓库全部尽快上架完毕，客户怕后期时间长没有上架，货物丢失了，谢谢""}], [{""tag"": ""button"", ""text"": ""确认受理"", ""type"": ""default""}, {""tag"": ""button"", ""text"": ""确认关闭"", ""type"": ""default""}], [{""tag"": ""hr""}], [{""tag"": ""text"", ""text"": ""来自 ""}, {""tag"": ""a"", ""href"": ""https://winitlink.feishu.cn/base/CBUkbTYbma2NAnsSzZ9cq7Qrnvc?ccm_open_type=im_card_automation_link"", ""text"": ""海外仓入库运营（救火）case管理表""}]]}；上架","19263669香港荣畅实业有限公司\n救火类型：时效内催上架\n仓库：DENW3 Warehouse\n入库单号：WI50780583\nWI50764116\nWI50762496\nWI50389201\n头程类型：自验-直发-海运整柜-40HQ\n包裹条码：已卸货未上包裹总56个包裹\nsku：\n救火原因：这四单都是部分包裹卸货未上，一共56个包裹，请仓库全部尽快上架完毕，客户怕后期时间长没有上架，货物丢失了，谢谢""}], [{""tag"": ""button"", ""text"": ""确认受理"", ""type"": ""default""}, {""tag"": ""button"", ""text"": ""确认关闭"", ""type"": ""default""}], [{""tag"": ""hr""}], [{""tag"": ""text"", ""text"": ""来自 ""}, {""tag"": ""a"", ""href"": ""https://winitlink.feishu.cn/base/CBUkbTYbma2NAnsSzZ9cq7Qrnvc?ccm_open_type=im_card_automation_link"", ""text"": ""海外仓入库运营（救火）case管理表""}]]}","DENW3 Warehouse\n入库单号：WI50780583\nWI50764116\nWI50762496\nWI50389201\n头程类型：自验-直发-海运整柜-40HQ\n包裹条码：已卸货未上包裹总56个包裹\nsku：\n救火原因：这四单都是部分包裹卸货未上，一共56个包裹，请仓库全部尽快上架完毕，客户怕后期时间长没有上架，货物丢失了，谢谢""}], [{""tag"": ""button"", ""text"": ""确认受理"", ""type"": ""default""}, {""tag"": ""button"", ""text"": ""确认关闭"", ""type"": ""default""}], [{""tag"": ""hr""}], [{""tag"": ""text"", ""text"": ""来自 ""}, {""tag"": ""a"", ""href"": ""https://winitlink.feishu.cn/base/CBUkbTYbma2NAnsSzZ9cq7Qrnvc?ccm_open_type=im_card_automation_link"", ""text"": ""海外仓入库运营（救火）case管理表""}]]}",WI50780583；WI50764116；WI50762496；WI50389201,"{""title"": ""请关注入库救火case"", ""elements"": [[{""tag"": ""text"", ""text"": ""提交人：""}, {""tag"": ""at"", ""user_id"": ""@_user_1"", ""user_name"": ""钟晓环""}, {""tag"": ""text"", ""text"": ""\n仓库处理人：""}, {""tag"": ""at"", ""user_id"": ""@_user_2"", ""user_name"": ""Mohamad Kazan ""}, {""tag"": ""text"", ""text"": ...","[2026-08-13 11:36] 未知/系统: {""title"": ""请关注入库救火case"", ""elements"": [[{""tag"": ""text"", ""text"": ""提交人：""}, {""tag"": ""at"", ""user_id"": ""@_user_1"", ""user_name"": ""钟晓环""}, {""tag"": ""text"", ""text"": ""\n仓库处理人：""}, {""tag"": ""at"", ""user_id"": ""@_user_2"", ""user_name"": ""Mohamad Kazan ""}, {""tag"": ""text"", ""text"": ""\n质控：""}, {""tag"": ""at"", ""user_id"": ""@_user_3"", ""user_name"": ""林佳志""}, {""tag"": ""text"", ""text"": ""\n客户：19263669香港荣畅实业有限公司\n救火类型：时效内催上架\n仓库：DENW3 Warehouse\n入库单号：WI50780583\nWI50764116\nWI50762496\nWI50389201\n头程类型：自验-直发-海运整柜-40HQ\n包裹条码：已卸货未上包裹总56个包裹\nsku：\n救火原因：这四单都是部分包裹卸货未上，一共56个包裹，请仓库全部尽快上架完毕，客户怕后期时间长没有上架，货物丢失了，谢谢""}], [{""tag"": ""button"", ""text"": ""确认受理"", ""type"": ""default""}, {""tag"": ""button"", ""text"": ""确认关闭"", ""type"": ""default""}], [{""tag"": ""hr""}], [{""tag"": ""text"", ""text"": ""来自 ""}, {""tag"": ""a"", ""href"": ""https://winitlink.feishu.cn/base/CBUkbTYbma2NAnsSzZ9cq7Qrnvc?ccm_open_type=im_card_automation_link"", ""text"": ""海外仓入库运营（救火）case管理表""}]]}",钟晓环；Mohamad Kazan ；林佳志,未知/系统,未知/系统,om_x100b68e7f494886cb2121a5b1e19c43,,入库；上架；包裹条码；仓库；救火
282,发货仓入库&增值运营（救火）- IB&VAS,oc_5b8848d27b7b3fa4a10eab865c4f9ffc,2026-08-13,2026-08-13 15:53,2026-08-13 15:53,omt_1918ff376e0d1ce5,未知/系统,入库/仓库异常,"时效内催上架\n仓库：UKTW Warehouse\n入库单号： WI50456460\n头程类型：海运散货-递延清关（新）\n包裹条码：B0400000001420764174\nB0400000001420764185\nB0400000001420764193\nB0400000001420764208\nB0400000001420764212\nB0400000001420764224\nB0400000001420764235\nB0400000001420764245\nB0400000001420764255\nB0400000001420764267\nB0400000001420764278\nB0400000001420764281\n\nsku：M010000000006085247\nM010000000006085248\n救火原因：以上2个sku客户需要搞活动需要大量出库，对应包裹8月11号都已卸货，麻烦看下今天能否优先上架以上sku的包裹的""}], [{""tag"": ""button"", ""text"": ""确认受理"", ""type"": ""default""}, {""tag"": ""button"", ""text"": ""确认关闭"", ""type"": ""default""}], [{""tag"": ""hr""}], [{""tag"": ""text"", ""text"": ""来自 ""}, {""tag"": ""a"", ""href"": ""https://winitlink.feishu.cn/base/CBUkbTYbma2NAnsSzZ9cq7Qrnvc?ccm_open_type=im_card_automation_link"", ""text"": ""海外仓入库运营（救火）case管理表""}]]}；上架","1000255新倫有限公司\n救火类型：时效内催上架\n仓库：UKTW Warehouse\n入库单号： WI50456460\n头程类型：海运散货-递延清关（新）\n包裹条码：B0400000001420764174\nB0400000001420764185\nB0400000001420764193\nB0400000001420764208\nB0400000001420764212\nB0400000001420764224\nB0400000001420764235\nB0400000001420764245\nB0400000001420764255\nB0400000001420764267\nB0400000001420764278\nB0400000001420764281\n\nsku：M010000000006085247\nM010000000006085248\n救火原因：以上2个sku客户需要搞活动需要大量出库，对应包裹8月11号都已卸货，麻烦看下今天能否优先上架以上sku的包裹的""}], [{""tag"": ""button"", ""text"": ""确认受理"", ""type"": ""default""}, {""tag"": ""button"", ""text"": ""确认关闭"", ""type"": ""default""}], [{""tag"": ""hr""}], [{""tag"": ""text"", ""text"": ""来自 ""}, {""tag"": ""a"", ""href"": ""https://winitlink.feishu.cn/base/CBUkbTYbma2NAnsSzZ9cq7Qrnvc?ccm_open_type=im_card_automation_link"", ""text"": ""海外仓入库运营（救火）case管理表""}]]}","UKTW Warehouse\n入库单号： WI50456460\n头程类型：海运散货-递延清关（新）\n包裹条码：B0400000001420764174\nB0400000001420764185\nB0400000001420764193\nB0400000001420764208\nB0400000001420764212\nB0400000001420764224\nB0400000001420764235\nB0400000001420764245\nB0400000001420764255\nB0400000001420764267\nB0400000001420764278\nB0400000001420764281\n\nsku：M010000000006085247\nM010000000006085248\n救火原因：以上2个sku客户需要搞活动需要大量出库，对应包裹8月11号都已卸货，麻烦看下今天能否优先上架以上sku的包裹的""}], [{""tag"": ""button"", ""text"": ""确认受理"", ""type"": ""default""}, {""tag"": ""button"", ""text"": ""确认关闭"", ""type"": ""default""}], [{""tag"": ""hr""}], [{""tag"": ""text"", ""text"": ""来自 ""}, {""tag"": ""a"", ""href"": ""https://winitlink.feishu.cn/base/CBUkbTYbma2NAnsSzZ9cq7Qrnvc?ccm_open_type=im_card_automation_link"", ""text"": ""海外仓入库运营（救火）case管理表""}]]}",WI50456460；M010000000006085247；M010000000006085248；B0400000001420764174；B0400000001420764185；B0400000001420764193；B0400000001420764208；B0400000001420764212；B0400000001420764224；B0400000001420764235；B0400000001420764245；B0400000001420764255；B0400000001420764267；B0400000001420764278；B0400000001420764281,"{""title"": ""请关注入库救火case"", ""elements"": [[{""tag"": ""text"", ""text"": ""提交人：""}, {""tag"": ""at"", ""user_id"": ""@_user_1"", ""user_name"": ""陈志颖""}, {""tag"": ""text"", ""text"": ""\n仓库处理人：""}, {""tag"": ""at"", ""user_id"": ""@_user_2"", ""user_name"": ""王婉清""}, {""tag"": ""text"", ""text"": ""\n质控：""}, {...","[2026-08-13 15:53] 未知/系统: {""title"": ""请关注入库救火case"", ""elements"": [[{""tag"": ""text"", ""text"": ""提交人：""}, {""tag"": ""at"", ""user_id"": ""@_user_1"", ""user_name"": ""陈志颖""}, {""tag"": ""text"", ""text"": ""\n仓库处理人：""}, {""tag"": ""at"", ""user_id"": ""@_user_2"", ""user_name"": ""王婉清""}, {""tag"": ""text"", ""text"": ""\n质控：""}, {""tag"": ""at"", ""user_id"": ""@_user_3"", ""user_name"": ""罗澳""}, {""tag"": ""text"", ""text"": ""\n客户：1000255新倫有限公司\n救火类型：时效内催上架\n仓库：UKTW Warehouse\n入库单号： WI50456460\n头程类型：海运散货-递延清关（新）\n包裹条码：B0400000001420764174\nB0400000001420764185\nB0400000001420764193\nB0400000001420764208\nB0400000001420764212\nB0400000001420764224\nB0400000001420764235\nB0400000001420764245\nB0400000001420764255\nB0400000001420764267\nB0400000001420764278\nB0400000001420764281\n\nsku：M010000000006085247\nM010000000006085248\n救火原因：以上2个sku客户需要搞活动需要大量出库，对应包裹8月11号都已卸货，麻烦看下今天能否优先上架以上sku的包裹的""}], [{""tag"": ""button"", ""text"": ""确认受理"", ""type"": ""default""}, {""tag"": ""button"", ""text"": ""确认关闭"", ""type"": ""default""}], [{""tag"": ""hr""}], [{""tag"": ""text"", ""text"": ""来自 ""}, {""tag"": ""a"", ""href"": ""https://winitlink.feishu.cn/base/CBUkbTYbma2NAnsSzZ9cq7Qrnvc?ccm_open_type=im_card_automation_link"", ""text"": ""海外仓入库运营（救火）case管理表""}]]}",陈志颖；王婉清；罗澳,未知/系统,未知/系统,om_x100b68e331290c80b498732db72891f,,入库；出库；上架；包裹条码；仓库；救火
294,发货仓入库&增值运营（救火）- IB&VAS,oc_5b8848d27b7b3fa4a10eab865c4f9ffc,2026-08-14,2026-08-14 17:28,2026-08-20 15:56,omt_19181ec1ec4e5c97,未知/系统,非标增值,未明确,,,VASC000000331809；VASC000000331797,@_user_1 @_user_2 麻烦跟进下 @_user_1 麻烦提供一下包裹预分拣的摄像头点位 @_user_1 @_user_2 @这个是涉及商品预分拣过程的视频监控，目前CCTV是没有的在DEBR2仓。 现在看看能不能在五面扫图片和重量看看 [Image:img_v3_0214l_2bd0f23f-6091-476a-9a04-3575a5c049cg] [Image:img_v3_0214l_3903caed-156a-436b-86cd-a963992cfb5g] @陈志颖 五面扫的重量与供应商提供的...,"[2026-08-14 17:28] 陈志颖: @_user_1 @_user_2 麻烦跟进下
[2026-08-17 10:49] 刘晓韵: @_user_1 麻烦提供一下包裹预分拣的摄像头点位
[2026-08-17 11:33] 林佳志: @_user_1 @_user_2 @这个是涉及商品预分拣过程的视频监控，目前CCTV是没有的在DEBR2仓。 现在看看能不能在五面扫图片和重量看看
[2026-08-17 15:39] 刘晓韵: [Image:img_v3_0214l_2bd0f23f-6091-476a-9a04-3575a5c049cg]
[Image:img_v3_0214l_3903caed-156a-436b-86cd-a963992cfb5g]
@陈志颖 五面扫的重量与供应商提供的不一致  
[Image:img_v3_0214l_fc49564d-4ade-4ef6-9bdf-2c836590b76g]
[Image:img_v3_0214l_76a8fd59-27a8-45b1-a94f-5f6cb313946g]
五面扫图片
[2026-08-17 15:51] 陈志颖: @林佳志 @刘晓韵 提供不了视频增值能驳回吗
[Image:img_v3_0214l_75c2db9d-5518-456c-8104-7d684d44f96g]
[2026-08-17 15:55] 刘晓韵: @_user_1 2仓的商品预分拣都没有视频
[2026-08-17 15:59] 陈志颖: @_user_1 我是指增值单要关闭一下，超时几天了
[2026-08-17 16:09] 刘晓韵: @_user_1  麻烦增值驳回一下
[2026-08-17 23:48] 林佳志: @_user_1 @_user_2 @_user_3 看这个驳回的动作是谁做一下
[2026-08-18 00:10] 伍维: @_user_1 哪个单据要驳回。
[2026-08-18 00:11] 林佳志: [Image:img_v3_0214m_abb7c6c6-9c8d-49ba-a404-8cec9e3f032g]
[2026-08-18 00:11] 林佳志: @_user_1
[2026-08-18 00:35] 伍维: [Image:img_v3_0214m_05ae0c74-0932-4477-9e10-9ecb8c5bfa2g]
@林佳志 谁有权限啊，我这是没有权限吧？可以找谁申请权限
[2026-08-18 12:01] 陈志颖: @_user_1 增值处理中还能终止退回吗，我记得之前有说过不支持，是不是只能更新已完成了
[2026-08-18 14:53] 陈志颖: @_user_1 @_user_2 今天能关闭这个case不
[2026-08-18 14:59] 林佳志: @_user_1  文文呢，请问这种增值处理中的 能退回吗？如果不能退回这个是不是只能退费了
[2026-08-18 15:02] 耿文文: 我现在看我没有权限取消，这个仓库那边也不能退回吗？@_user_1
[2026-08-18 15:03] 林佳志: @_user_1  这个增值单是处理中状态，麻烦看一下是否还可以退回
[2026-08-18 15:05] HelpDesk: 我看下，VASC000000331809这个单是吗
[2026-08-18 20:06] 林佳志: 是的@_user_1
[2026-08-18 20:06] 林佳志: 今天一定要关闭，麻烦帮我看看有什么处理方案
[2026-08-18 20:08] 林佳志: @_user_1   雪姐，这个增值单已经是处理中了，我们目前没有商品预分拣的视频能提供客户，只能驳回是吗？ 目前这个状态 如何驳回？
[2026-08-18 20:13] 李雪: @_user_1 这个增值关了把
[2026-08-18 20:28] 张凡: [Image:img_v3_0214m_33dd712b-ddc5-40fe-8f50-37741de3381h]
[2026-08-19 11:10] 陈志颖: @_user_1 @_user_2 现在增值要怎么处理
[2026-08-19 11:10] 陈志颖: 已经超时5个工作日了
[2026-08-19 11:55] 林佳志: @_user_1 @_user_2
[2026-08-19 12:01] 林佳志: @_user_1  这个处理中状态我问了其他人，目前是关不掉的。关掉就会扣费@_user_2
[2026-08-19 12:02] 林佳志: @_user_1
[2026-08-19 12:03] 林佳志: 我们明确一下，DE/DEBR2 至少这两个仓库的 商品预分拣入库视频是无法查视频的 ，以后这类增值不能下下来了，除非仓库现场补充了摄像头数量
[2026-08-19 12:03] 陈志颖: 那如果只能关闭那就先关闭再申请退费吧@林佳志 
[Image:img_v3_0214n_ea4a63b1-3c6d-4be5-9e3b-87ee648b31cg]
[2026-08-19 12:04] 林佳志: @_user_1 @_user_2 @_user_3 @_user_4
[2026-08-19 12:04] 林佳志: 目前入库调查只能通过 五面扫和重量去判断
[2026-08-19 12:05] 陈志颖: 如果DE/DEBR2都无法提供商品预分拣入库视频，看下能否把这两个仓库少单品调查增值先下线掉？
[2026-08-19 12:05] 许晓妍: @_user_1 五面扫也没有视频对吗？
[2026-08-19 12:06] 林佳志: <p>五面扫有照片，只能粗略判断 外箱是否原装的，只是辅助证明而且是部分发货时客户外箱完好的场景@_user_1   2.五面扫能看到包裹是否到货，是包裹级别的查看</p>
[2026-08-19 12:07] 林佳志: 如果客户发货是有封签，我们五面扫时封签被打开过，那就是说明到仓前被开过箱，是这样理解的。 重量也是同理，看实际重量和预报重量的区别@_user_1
[2026-08-19 12:08] 林佳志: @_user_1
[2026-08-19 12:08] 许晓妍: @_user_1 帮忙查下，德国仓库无法退回这个增值的原因是什么？
[2026-08-19 12:09] 许晓妍: <p>@_user_1 这个无法退回的case你报障，让技术看看呢？</p>
[2026-08-19 12:21] 林佳志: 处理中的按流程是不能退回的，只能完结。这个产品设计的时候应该就是这样的吧@_user_1
[2026-08-19 13:17] 许晓妍: @_user_1 云仓的产品设计流程我不清楚诶，那这样的话，为啥仓库在看到增值做不了的情况下没有直接退回而是开始处理呢？
[2026-08-19 13:45] 林佳志: @_user_1 看视频一直都是国内做的，看视频类的仓库有些工人不知道能不能做，只会接单，forward to 国内
[2026-08-19 13:47] 林佳志: <p>所以等debr2真的有相关查询商品预分拣环节 摄像头的话再 下发此类增值是最好的，如果国内能控制；仓库员工也能控制的情况下，让现场去控制不是很好的办法。所以我才由上面的那个短期内的建议</p>
[2026-08-19 16:23] 林佳志: @_user_1 @_user_2  麻烦关闭并作废，我们再退费@_user_3 @_user_4
[2026-08-19 17:58] 张凡: @_user_1 pls tell me how should i do？ in system there is no option to return it
[2026-08-19 18:07] 林佳志: 选完成就好了@_user_1
[2026-08-19 18:37] 张凡: @_user_1 DEBR2，WINIT-REQ-20251111-0216，pls check here，here have same case
[2026-08-19 18:38] 林佳志: 加我一下
[2026-08-19 18:38] 林佳志: @_user_1
[2026-08-19 18:39] 林佳志: @_user_1 这个增值可以关吗？这个也是好久了
[2026-08-19 18:40] 李雪: 关掉啊
[2026-08-19 18:40] 李雪: 要PDA好些
[2026-08-19 18:41] 林佳志: @_user_1 张凡不知道怎么关啊，这个处理中状态是关不掉吗？@_user_2
[2026-08-19 18:41] 李雪: @_user_1 开什么玩笑
[2026-08-19 18:43] 林佳志: @_user_1  辛苦看一下现场 这个增值能不能选择完成，把他完结掉。
[2026-08-19 18:50] 张凡: [Image:img_v3_0214n_3b6abc68-4b64-4f20-bd25-7bdd378e0eah]
[2026-08-19 18:51] 张凡: @_user_1 not i can do
[2026-08-19 18:52] 李雪: @_user_1 这是什么流程，增值单退回要提OA，仓库是执行的，这个流程没法执行啊
[2026-08-19 18:58] 林佳志: @_user_1 这个完结，再退费啊
[2026-08-19 18:59] 丁童诗琦: @_user_1 你没视频提供，就让 pd 不要限制这个入口一定要提供视频呀。
[2026-08-20 15:30] 张凡: [Image:img_v3_0214o_3477ed34-721e-4434-9822-8af404d5e1bh]
[2026-08-20 15:31] 张凡: <p>@_user_1 as you ask me to close this task, i jusy upload the video from VASC000000331797 , now already update to task finish @_user_2</p>
[2026-08-20 15:56] 林佳志: @_user_1 这个申请一下退费吧，[双手合十]",林佳志；刘晓韵；田伍丰；钟晓环；陈志颖；张凡；伍维；Aleksandar Yovkov；HelpDesk；耿文文；李雪；徐献勇；许晓妍；李颖；丁童诗琦,许晓妍；耿文文；李颖,陈志颖；刘晓韵；林佳志；伍维；耿文文；HelpDesk；李雪；张凡；许晓妍；丁童诗琦,om_x100b68ed2e4128b4b3b1c9a9100631f,,增值；VASC；EB；入库；仓库
295,发货仓入库&增值运营（救火）- IB&VAS,oc_5b8848d27b7b3fa4a10eab865c4f9ffc,2026-08-13,2026-08-13 18:20,2026-08-13 18:20,omt_191812b5c14f9be0,未知/系统,入库/仓库异常,"时效内催上架\n仓库：UKTW Warehouse\n入库单号：WI50613690\n头程类型：自验-直发-海卡\n包裹条码：M010000000010449951-6X\nM010000000010449946-20X\nsku：\n救火原因：该订单预约的8月13号送仓，预约单Y0101766389\n麻烦今天收货后看下能否加急上架以下SKU的箱产品，客户后续需要批量出库""}], [{""tag"": ""button"", ""text"": ""确认受理"", ""type"": ""default""}, {""tag"": ""button"", ""text"": ""确认关闭"", ""type"": ""default""}], [{""tag"": ""hr""}], [{""tag"": ""text"", ""text"": ""来自 ""}, {""tag"": ""a"", ""href"": ""https://winitlink.feishu.cn/base/CBUkbTYbma2NAnsSzZ9cq7Qrnvc?ccm_open_type=im_card_automation_link"", ""text"": ""海外仓入库运营（救火）case管理表""}]]}；上架","17306226睿联创新有限公司\n救火类型：时效内催上架\n仓库：UKTW Warehouse\n入库单号：WI50613690\n头程类型：自验-直发-海卡\n包裹条码：M010000000010449951-6X\nM010000000010449946-20X\nsku：\n救火原因：该订单预约的8月13号送仓，预约单Y0101766389\n麻烦今天收货后看下能否加急上架以下SKU的箱产品，客户后续需要批量出库""}], [{""tag"": ""button"", ""text"": ""确认受理"", ""type"": ""default""}, {""tag"": ""button"", ""text"": ""确认关闭"", ""type"": ""default""}], [{""tag"": ""hr""}], [{""tag"": ""text"", ""text"": ""来自 ""}, {""tag"": ""a"", ""href"": ""https://winitlink.feishu.cn/base/CBUkbTYbma2NAnsSzZ9cq7Qrnvc?ccm_open_type=im_card_automation_link"", ""text"": ""海外仓入库运营（救火）case管理表""}]]}","UKTW Warehouse\n入库单号：WI50613690\n头程类型：自验-直发-海卡\n包裹条码：M010000000010449951-6X\nM010000000010449946-20X\nsku：\n救火原因：该订单预约的8月13号送仓，预约单Y0101766389\n麻烦今天收货后看下能否加急上架以下SKU的箱产品，客户后续需要批量出库""}], [{""tag"": ""button"", ""text"": ""确认受理"", ""type"": ""default""}, {""tag"": ""button"", ""text"": ""确认关闭"", ""type"": ""default""}], [{""tag"": ""hr""}], [{""tag"": ""text"", ""text"": ""来自 ""}, {""tag"": ""a"", ""href"": ""https://winitlink.feishu.cn/base/CBUkbTYbma2NAnsSzZ9cq7Qrnvc?ccm_open_type=im_card_automation_link"", ""text"": ""海外仓入库运营（救火）case管理表""}]]}",WI50613690；M010000000010449951；M010000000010449946,"{""title"": ""请关注入库救火case"", ""elements"": [[{""tag"": ""text"", ""text"": ""提交人：""}, {""tag"": ""at"", ""user_id"": ""@_user_1"", ""user_name"": ""陈志颖""}, {""tag"": ""text"", ""text"": ""\n仓库处理人：""}, {""tag"": ""at"", ""user_id"": ""@_user_2"", ""user_name"": ""王婉清""}, {""tag"": ""text"", ""text"": ""\n质控：""}, {...","[2026-08-13 18:20] 未知/系统: {""title"": ""请关注入库救火case"", ""elements"": [[{""tag"": ""text"", ""text"": ""提交人：""}, {""tag"": ""at"", ""user_id"": ""@_user_1"", ""user_name"": ""陈志颖""}, {""tag"": ""text"", ""text"": ""\n仓库处理人：""}, {""tag"": ""at"", ""user_id"": ""@_user_2"", ""user_name"": ""王婉清""}, {""tag"": ""text"", ""text"": ""\n质控：""}, {""tag"": ""at"", ""user_id"": ""@_user_3"", ""user_name"": ""罗澳""}, {""tag"": ""text"", ""text"": ""\n客户：17306226睿联创新有限公司\n救火类型：时效内催上架\n仓库：UKTW Warehouse\n入库单号：WI50613690\n头程类型：自验-直发-海卡\n包裹条码：M010000000010449951-6X\nM010000000010449946-20X\nsku：\n救火原因：该订单预约的8月13号送仓，预约单Y0101766389\n麻烦今天收货后看下能否加急上架以下SKU的箱产品，客户后续需要批量出库""}], [{""tag"": ""button"", ""text"": ""确认受理"", ""type"": ""default""}, {""tag"": ""button"", ""text"": ""确认关闭"", ""type"": ""default""}], [{""tag"": ""hr""}], [{""tag"": ""text"", ""text"": ""来自 ""}, {""tag"": ""a"", ""href"": ""https://winitlink.feishu.cn/base/CBUkbTYbma2NAnsSzZ9cq7Qrnvc?ccm_open_type=im_card_automation_link"", ""text"": ""海外仓入库运营（救火）case管理表""}]]}",陈志颖；王婉清；罗澳,未知/系统,未知/系统,om_x100b68ede903f8a8c4c1de0f55ff785,,入库；出库；上架；包裹条码；仓库；救火
297,发货仓入库&增值运营（救火）- IB&VAS,oc_5b8848d27b7b3fa4a10eab865c4f9ffc,2026-08-13,2026-08-13 18:31,2026-08-13 18:31,omt_191814229f4f1b9a,未知/系统,入库/仓库异常,"时效内催上架\n仓库：DENW3 Warehouse\n入库单号：WI51278130\n头程类型：海外验-直发-海运整柜-40HQ\n包裹条码：124个包裹未上\nsku：\n救火原因：还有124个包裹没有上，请加急上完，客户这边有订单发推，谢谢""}], [{""tag"": ""button"", ""text"": ""确认受理"", ""type"": ""default""}, {""tag"": ""button"", ""text"": ""确认关闭"", ""type"": ""default""}], [{""tag"": ""hr""}], [{""tag"": ""text"", ""text"": ""来自 ""}, {""tag"": ""a"", ""href"": ""https://winitlink.feishu.cn/base/CBUkbTYbma2NAnsSzZ9cq7Qrnvc?ccm_open_type=im_card_automation_link"", ""text"": ""海外仓入库运营（救火）case管理表""}]]}；上架","19227270自由創新(香港)有限公司\n救火类型：时效内催上架\n仓库：DENW3 Warehouse\n入库单号：WI51278130\n头程类型：海外验-直发-海运整柜-40HQ\n包裹条码：124个包裹未上\nsku：\n救火原因：还有124个包裹没有上，请加急上完，客户这边有订单发推，谢谢""}], [{""tag"": ""button"", ""text"": ""确认受理"", ""type"": ""default""}, {""tag"": ""button"", ""text"": ""确认关闭"", ""type"": ""default""}], [{""tag"": ""hr""}], [{""tag"": ""text"", ""text"": ""来自 ""}, {""tag"": ""a"", ""href"": ""https://winitlink.feishu.cn/base/CBUkbTYbma2NAnsSzZ9cq7Qrnvc?ccm_open_type=im_card_automation_link"", ""text"": ""海外仓入库运营（救火）case管理表""}]]}","DENW3 Warehouse\n入库单号：WI51278130\n头程类型：海外验-直发-海运整柜-40HQ\n包裹条码：124个包裹未上\nsku：\n救火原因：还有124个包裹没有上，请加急上完，客户这边有订单发推，谢谢""}], [{""tag"": ""button"", ""text"": ""确认受理"", ""type"": ""default""}, {""tag"": ""button"", ""text"": ""确认关闭"", ""type"": ""default""}], [{""tag"": ""hr""}], [{""tag"": ""text"", ""text"": ""来自 ""}, {""tag"": ""a"", ""href"": ""https://winitlink.feishu.cn/base/CBUkbTYbma2NAnsSzZ9cq7Qrnvc?ccm_open_type=im_card_automation_link"", ""text"": ""海外仓入库运营（救火）case管理表""}]]}",WI51278130,"{""title"": ""请关注入库救火case"", ""elements"": [[{""tag"": ""text"", ""text"": ""提交人：""}, {""tag"": ""at"", ""user_id"": ""@_user_1"", ""user_name"": ""钟晓环""}, {""tag"": ""text"", ""text"": ""\n仓库处理人：""}, {""tag"": ""at"", ""user_id"": ""@_user_2"", ""user_name"": ""Mohamad Kazan ""}, {""tag"": ""text"", ""text"": ...","[2026-08-13 18:31] 未知/系统: {""title"": ""请关注入库救火case"", ""elements"": [[{""tag"": ""text"", ""text"": ""提交人：""}, {""tag"": ""at"", ""user_id"": ""@_user_1"", ""user_name"": ""钟晓环""}, {""tag"": ""text"", ""text"": ""\n仓库处理人：""}, {""tag"": ""at"", ""user_id"": ""@_user_2"", ""user_name"": ""Mohamad Kazan ""}, {""tag"": ""text"", ""text"": ""\n质控：""}, {""tag"": ""at"", ""user_id"": ""@_user_3"", ""user_name"": ""林佳志""}, {""tag"": ""text"", ""text"": ""\n客户：19227270自由創新(香港)有限公司\n救火类型：时效内催上架\n仓库：DENW3 Warehouse\n入库单号：WI51278130\n头程类型：海外验-直发-海运整柜-40HQ\n包裹条码：124个包裹未上\nsku：\n救火原因：还有124个包裹没有上，请加急上完，客户这边有订单发推，谢谢""}], [{""tag"": ""button"", ""text"": ""确认受理"", ""type"": ""default""}, {""tag"": ""button"", ""text"": ""确认关闭"", ""type"": ""default""}], [{""tag"": ""hr""}], [{""tag"": ""text"", ""text"": ""来自 ""}, {""tag"": ""a"", ""href"": ""https://winitlink.feishu.cn/base/CBUkbTYbma2NAnsSzZ9cq7Qrnvc?ccm_open_type=im_card_automation_link"", ""text"": ""海外仓入库运营（救火）case管理表""}]]}",钟晓环；Mohamad Kazan ；林佳志,未知/系统,未知/系统,om_x100b68ed807618a0c360e15e5a14356,,入库；上架；包裹条码；仓库；救火
321,发货仓入库&增值运营（救火）- IB&VAS,oc_5b8848d27b7b3fa4a10eab865c4f9ffc,2026-08-14,2026-08-14 15:00,2026-08-19 12:52,omt_191b343c118edbbd,未知/系统,入库/仓库异常,上架；包装,,,EB0426081132127765；WI49965093；WO12145403164；B0426081132127765；B0400000001411804714；B0400000001417244150,@赖敏 我重新发了入库救火，帮忙跟仓库人员核实一下，这个破损有点大 [Image:img_v3_0214i_d7eea6bd-b9ce-4c90-abed-00208591b7bg] [Image:img_v3_0214i_b75c15d5-2b4f-4d98-b120-b2579189a98g] 这个位置是可以看到少了俩件货物，因为客户的货物都是整箱打包好的 @_user_1 帮忙看下这个包裹是不是库内原因导致的破损和少件 [Image:img_v3_0214j_fcac2bfe-b6ee-4e20-8ca8-4...,"[2026-08-14 15:00] 张文宣: @赖敏 我重新发了入库救火，帮忙跟仓库人员核实一下，这个破损有点大
[Image:img_v3_0214i_d7eea6bd-b9ce-4c90-abed-00208591b7bg]
[2026-08-14 15:01] 张文宣: [Image:img_v3_0214i_b75c15d5-2b4f-4d98-b120-b2579189a98g]
这个位置是可以看到少了俩件货物，因为客户的货物都是整箱打包好的
[2026-08-14 15:16] 赖敏: @_user_1 帮忙看下这个包裹是不是库内原因导致的破损和少件
[2026-08-15 08:02] Christopher Deng: [Image:img_v3_0214j_fcac2bfe-b6ee-4e20-8ca8-4d3f871289eh]
[Image:img_v3_0214j_8d3eb44e-2ec7-4524-9715-2be2d72f90ah]
[Image:img_v3_0214j_e50573e7-1af1-4418-be65-dba32054463h]
[Image:img_v3_0214j_e3e4ef1d-4dab-48e1-833e-ac21c4d69f9h]
[Image:img_v3_0214j_88cec699-3529-45d9-aec6-e0f8170ebcch]
[Image:img_v3_0214j_86c36cf5-04e0-42ff-b514-52e27eff002h]
入库的时候应该是没破损的。是库内原因
[2026-08-15 10:02] 张文宣: @_user_1 这种能确认是否因为啥导致包装破损吗？
[2026-08-17 11:13] 赖敏: @_user_1 这种应该比较难确认是库内什么原因导致的破损了，得追踪这个包裹入库之后所有位置的视频[捂脸]
[2026-08-17 11:13] 张文宣: <p>@_user_1 我这边走退费吧，让客服登记</p>
[2026-08-17 11:13] 赖敏: 嗯嗯 是整箱都不能卖了吗
[2026-08-17 11:14] 张文宣: 能卖，我让客户先把异常关了，重新更换个包装重新上架，少的那俩个我问了索赔的人员，说走客服退费，因为标准索赔场景没有涵盖这个
[2026-08-17 14:13] 赖敏: @麦震宇 刚你找我的，就是这个case发起的退费
@张文宣 帮忙确认下，是不是只需要赔丢了两件呀，现在发起的赔付是整个箱产品都要赔噢
[Image:img_v3_0214l_19374782-be71-4cb7-b817-200c1e1c517g]
[2026-08-17 14:13] 麦震宇: 你问一下为什么仓库把整个箱产品都做成了丢失
[2026-08-17 14:13] 麦震宇: 我这单先退回了
[2026-08-17 14:13] 赖敏: @_user_1 你问的EB0426081132127765 的也就是这个
[2026-08-17 14:15] 许晓妍: @_user_1 仓库确认了是仓库原因导致的丢失和破损吗
[2026-08-17 14:15] 赖敏: @麦震宇 仓库还没有操作整个单据丢失的，看上面的记录应该是商务或者客服同事发起的退费？等商务同事回复吧
[Image:img_v3_0214l_951775be-9098-467b-a741-bb9cc8ffb4cg]
[2026-08-17 14:15] 麦震宇: 不是啊 做了整个M码箱产品的丢失
[2026-08-17 14:16] 赖敏: @_user_1 入库的时候包裹完好无损，你看上面Chris发的
[2026-08-17 14:16] 麦震宇: 这里是内部索赔
[2026-08-17 14:17] 赖敏: @_user_1 在哪里可以看到是仓库做了整个M码的丢失呀
[2026-08-17 14:17] 许晓妍: @_user_1 能知道是库内啥原因导致的吗
[2026-08-17 14:17] 张文宣: @_user_1 @_user_2 目前客户看照片只能看到 丢了2件，因为整个包裹是50件货物为一箱
[2026-08-17 14:19] 赖敏: @麦震宇 目前该箱产品在库库存，只有登记了异常单的这个库位的库存都是冻结的，异常单现在仓库以及我这边都还没有操作信息流的丢失确认哈
[Image:img_v3_0214l_14694ab6-600f-4763-82f8-66fa42e332dg]
[2026-08-17 14:20] 赖敏: @张文宣 那这一单是要怎么赔付呀，是可以只赔少了的两件吗
[Image:img_v3_0214l_53d432d0-630a-4c1e-9a86-12873cba82dg]
[2026-08-17 14:21] 张文宣: @_user_1 对不用全部登记一箱，其他货物没问题的，也没丢，我们只需要赔付丢的那2件就好了
[2026-08-17 14:25] 赖敏: <p>@_user_1 箱产品，里面的产品部分丢失，请问应如何做只丢失部分的赔付</p>
[2026-08-17 14:25] 未知/系统: {""title"": null, ""elements"": [[{""tag"": ""img"", ""image_key"": ""img_v3_02ad_e19fca1f-912a-450e-95de-3c229091b53g""}, {""tag"": ""text"", ""text"": ""请升级至最新版本客户端，以查看内容""}, {""tag"": ""text"", ""text"": """"}]]}
[2026-08-17 14:26] 麦震宇: [Image:img_v3_0214l_0c6995c0-4321-4b2f-86a7-fd552cedc39g]
[2026-08-17 14:26] 麦震宇: 仓库做了一箱的丢失
[2026-08-17 14:32] 赖敏: 能截图看下详情吗，看下是谁操作的，我这没有这个界面，ADJ调整单查到只有盘盈的信息
[Image:img_v3_0214l_8ebf417f-0813-40f3-9228-d81ee7d45eag]
[2026-08-17 14:34] 麦震宇: 我也看不到
[2026-08-17 14:39] 赖敏: @麦震宇 我查到了，仓库8.6操作的盘亏（因为少单品，又着急发货，只能先操作盘亏，用其他可用库存发货），后续在8.10操作盘盈，并登记了库内异常单
[Image:img_v3_0214l_0ed2bfa1-6f7b-42c8-873b-8b1dcccdf1dg]
[Image:img_v3_0214l_c7d2144d-74e0-4167-9020-9b9f95d7699g]
[2026-08-17 14:40] 赖敏: 反正我理解你那边先把这个赔付退回就行~
[2026-08-17 14:40] 麦震宇: 过了那么多天才盘盈 要是货值小 就赔掉了
[2026-08-17 14:40] 麦震宇: 这样做肯定是不合规的
[2026-08-17 14:41] 赖敏: 是当时操作盘盈报错了
[2026-08-17 14:41] 赖敏: 报工单改数解决的
[2026-08-17 14:43] 赖敏: @_user_1 yanyan，这个救火就是上周你们找成峰哥盘盈的单（WINIT-INC-20260807-0132），Chris上面发的图入库包裹包装完好的，确认是库内原单导致的破损和少单品哈
[2026-08-17 14:45] 赖敏: @_user_1 卫红姐，一件箱产品，在库内报异常（EB0426081132127765 包装破损），实际除了包装破损还有少单品的情况，客户同意只赔付丢失的2件单品，请问你知道要怎么实现箱产品只赔付部分单品不
[2026-08-18 04:13] He yanyan: 这个问题我重新说明一下具体情况：@赖敏 @张文宣 @许晓妍 @麦震宇 @龙成峰 @韦卫红 @Christopher Deng @Lyu Yan 
8/6，WO12145403164，客户自提出库，员工打包时发现这个包裹B0400000001411804714中少了3件单品，并且包裹外有缺口，用胶带再封口；该包裹入库单号WI49965093，6/19入库上架机区库位AGV_LX114946，8/5从该机区库位被拣选
[Image:img_v3_0214m_bf412322-21ee-4b1d-bdf2-70bb242d4eeh]
[Image:img_v3_0214m_3ae267e5-f981-4472-b0fd-3453be0aacdh]
[Image:img_v3_0214m_bf1bd437-349b-431a-b251-f5212e754d5h]
[Image:img_v3_0214m_34fc25db-28cd-438b-a7fb-6f270a211afh]
为了不影响客户的出库，仓库当天从人区VNA库位VNA-05-58-G-03盘亏了另一箱B0400000001417244150，用实物4150代替4714完成发货；后续仓库查明了原因，从入库六面扫图片可以看出，4714包裹从入库时就已经有缺口和破损
[Image:img_v3_0214m_43909af5-f109-4028-841f-4bef9bdafe4h]
[Image:img_v3_0214m_3fe4a3e9-5e18-40a2-b2de-c0ea296d61fh]
[Image:img_v3_0214m_85398fb8-8006-4502-8416-56551d8c975h]
于是仓库想要对4717登记库内包裹破损异常；但是出库员工盘亏时选择的是L05-仓库原因导致商品破损，导致仓库端无法对该包裹操作盘盈再登记异常，于是报了helpdesk改数；同时，因为这件是箱产品，所以对于少单品的4714实物，我们用了已经盘亏的4150包裹信息登记了异常，图片里之所以会看到4150的包裹码信息，是库内处理异常的员工在登记异常时因为要输入包裹条码，补贴上去的，原包裹码是4714
[Image:img_v3_0214m_2f12ceba-cb0a-4d4f-9d6f-05dbd323d22h]
[Image:img_v3_0214m_8def9ba3-a703-4f65-8ddb-5ed48c6ababh]
[Image:img_v3_0214m_503a0e14-d539-4a55-8596-d683300baa2h]
[Image:img_v3_0214m_3ddee9f1-afc1-477b-9d8c-8cd68d1a74bh]
基于上述情况，我们需要客户知悉这个异常，并且仓库不应该对这个包裹进行赔付，因为这个包裹中的3件单品丢失，在该包裹入库前就发生了
[2026-08-18 11:16] 张文宣: @He yanyan @赖敏 @麦震宇 
1、所以可以理解为，你们针对这个包裹B0400000001411804714中少了3件单品，仓库使用胶带封口
但是为了不影响客户出库，仓库用4150代替4714这个包裹进行出库，所以WO12145403164这笔出库单实际还是出库四个包裹
仓库想要登记4714这个包裹异常，但是没有没办法更改异常（员工盘亏时选择的是L05-仓库原因导致商品破损，导致仓库端无法对该包裹操作盘盈再登记异常，所以找了Helpdesk进行改数），实际的货物信息还是4714这个包裹
4714这个包裹总共是少了三件单品？
2、第二个问题，我看了这个异常照片，感觉像是丢了2件货物哎，如果是下方的货物有丢失，正常上方的货物会下降到下方哦
[Image:img_v3_0214m_88d7d606-43fd-4a1c-9e87-b3d90afdfeag]
3、第三个问题，通过入库时显示4714这个包裹照片，是此订单WI49965093，但是客户是海外验呀，这么明显的包裹破损，我们是否有报异常呢？其次如果异常单号EB0426081132127765，拍摄的照片实际是4714这个包裹的话，那为啥入库时破损位置再中间，异常照片的位置再边角哦
[Image:img_v3_0214m_a30e5acd-d4ab-434c-9907-ccac66e38cbg]
[Image:img_v3_0214m_d52cef51-02dd-4a18-ad07-fd9af1a0c8bg]
[2026-08-18 11:17] 张文宣: <p>@_user_1 请帮忙解答一下上述俩个问题，这个也需要跟客户解释的谢谢</p>
[2026-08-18 12:17] He yanyan: @张文宣 
1. B0400000001411804714中少了3件单品，不是仓库使用的胶带封口，仓库拿到这个货，上面就已经有缺口和胶带了；可以看六面扫图片，入库时包裹角上就有胶带反光；其他理解的没有问题
2. 这个图片看起来只少2件是因为，当时为了确认数量，处理异常的员工把里面的单品又拿出来数了一遍，放回去的时候没有放好，底下的商品有的是竖着放的，所以会更高一点，看起来只少了2件，但实际少3件
3. 六面扫的这个图片是把包裹两个面的照片拼在了一起；你可以看我绿色箭头的地方，是图片的边界，即上面黄色框是包裹的一个侧面，下面绿色框的包裹是包裹的另一个面，所以缺口就是在包裹的角上；同时这个客户这件商品是箱产品，即这一箱货是一件商品，做海外验也只是验了仓库收到这一箱是一件，箱产品不会拆开包裹去看里面有多少件
[Image:img_v3_0214m_58e0fb8c-8961-4d0f-bba1-e8ec288419ch]
[2026-08-18 12:20] 张文宣: @_user_1 那这种入库时候已经破损了，没有报异常吗[捂脸]
[2026-08-18 12:22] 张文宣: 这种入库有胶带已经补过了，但是它包装还是有问题哎
[2026-08-18 12:25] He yanyan: 入库的时候缺口那里的包裹的皮还在，只是贴了胶带，员工看不见包裹里面是什么情况，也不会知道少件了@_user_1
[2026-08-18 12:48] 张文宣: @_user_1 就是掉的那块皮还在上面用胶带贴着？
[2026-08-18 12:49] 张文宣: 如果是报了包装破损的话，这样客户直接可以找货代了，但是我们没报，客户就会怀疑是我们，因为它还是海外验
[2026-08-19 11:53] He yanyan: @_user_1 @_user_2 仓库的六面扫图片就可以看出这个包裹本身那个角就是破损的；虽然是海外验，但客户是箱产品，箱产品的海外验标准是验我们有没有收到这件货，不会去打开一个箱产品再去看里面的单品有没有少；同时这个包裹入库的时候皮还在，还用胶带贴起来了，从外观上看这个包裹是没有开过的，员工没有理由去特别关注到并且打开查看；同时入库上架以后，机区就是无人区，没有人可以触碰到这个包裹
我可以把仓库内这个包裹整个入库，拣选，打包流程的相关视频发出来，@_user_3 帮忙跟进关注下这个包裹最后的处理结果，有任何问题可以在质控群直接找我
[2026-08-19 11:56] He yanyan: 入库进料箱上架
[media]
[2026-08-19 11:56] He yanyan: 拣选
[media]
[2026-08-19 11:57] He yanyan: 运输把拣选桶运到打包台
[media]
[2026-08-19 11:58] He yanyan: 打包时员工从包裹正面正常打开包裹，发现里面少了3件单品
[media]
[2026-08-19 12:52] 张文宣: @_user_1 了解，我这边先和客户内部沟通一下
[2026-08-19 12:52] 张文宣: 谢谢啦",赖敏；Christopher Deng；张文宣；麦震宇；许晓妍；WMS助手Bot；He yanyan；韦卫红；龙成峰；Lyu Yan,许晓妍；未知/系统,张文宣；赖敏；Christopher Deng；麦震宇；许晓妍；未知/系统；He yanyan,om_x100b68df819ef4bcc11fc5209ad71ca,,异常单；异常；EB；入库；出库；库内；补贴；上架；包裹条码；仓库；救火
324,发货仓入库&增值运营（救火）- IB&VAS,oc_5b8848d27b7b3fa4a10eab865c4f9ffc,2026-08-14,2026-08-14 17:27,2026-08-18 19:15,omt_191b5782ed8e1a70,未知/系统,非标增值,未明确,,,VASC000000334455；M010000000009384354,[Image:img_v3_0214i_ef7b9927-fbf6-4e12-8ea4-2282621ed91g] 客户反馈这个尺寸与实际他们内部复测尺寸差异过大，实际尺寸：26*19*23.5CM，请人工复测一遍，谢谢 @_user_1 我了解了一下，好像我们都是机器测，准确率比人高。这个增值有要求必须人测吗 <p>你是说这个包裹的标签导致了测量数据不准吗？</p> @林佳志 因为这快纸 凸出了，是否会影响尺寸准确率？ [Image:img_v3_0214i_cdf94e6b-589b-4c53-9c39-12c...,"[2026-08-14 17:27] 钟晓环: [Image:img_v3_0214i_ef7b9927-fbf6-4e12-8ea4-2282621ed91g]
客户反馈这个尺寸与实际他们内部复测尺寸差异过大，实际尺寸：26*19*23.5CM，请人工复测一遍，谢谢
[2026-08-14 17:30] 林佳志: @_user_1 我了解了一下，好像我们都是机器测，准确率比人高。这个增值有要求必须人测吗
[2026-08-14 17:31] 林佳志: <p>你是说这个包裹的标签导致了测量数据不准吗？</p>
[2026-08-14 17:31] 钟晓环: @林佳志 因为这快纸 凸出了，是否会影响尺寸准确率？
[Image:img_v3_0214i_cdf94e6b-589b-4c53-9c39-12c836d45eag]
[2026-08-14 17:32] 林佳志: @_user_1 这个是员工操作问题，和机器无关的。@_user_2 @_user_3 关注一下这个问题
[2026-08-14 18:03] DANIELA: [Image:img_v3_0214i_2f40693f-728a-46ae-bf97-3133a7bcdf7h]
[2026-08-14 18:03] DANIELA: [Image:img_v3_0214i_b16f3476-e91b-46a4-a814-0d193a607a0h]
[2026-08-14 18:04] DANIELA: [Image:img_v3_0214i_db7813e4-ca78-4425-ae58-c6f0a4aa33dh]
[2026-08-14 18:04] DANIELA: [Image:img_v3_0214i_53f34369-87a5-4e83-85aa-31943e3d4a3h]
[2026-08-14 18:04] DANIELA: @_user_1
[2026-08-14 18:06] 林佳志: [Image:img_v3_0214i_7c5232fe-e3da-46bd-acab-acc0f3088cbg]
Hi Daniela, I don't know who did the measurement, but this is ridiculous,[emotion] @DANIELA
[2026-08-14 18:07] 钟晓环: @_user_1   请问这个是不是要重新提交新的增值，仓库才能修改尺寸？
[2026-08-14 18:10] 许晓妍: @_user_1 这种情况仓库可以更新尺寸不用客户重新提增值吧？
[2026-08-14 18:10] 林佳志: 我提库内复测
[2026-08-17 10:28] 钟晓环: @_user_1 VASC000000334455，怎么尺寸还没修改改过来？
M010000000009384354 -SKT001DE
[2026-08-17 10:28] 钟晓环: 客户来催促中
[2026-08-17 10:50] 林佳志: @DANIELA  morning , please help to modify the measurement today
[Image:img_v3_0214l_a79e37a4-9949-4754-93f3-14f65559fa4g]
[2026-08-18 13:47] 钟晓环: @_user_1 @_user_2  麻烦看一下，能否找到协助处理一下，
[2026-08-18 14:15] 张凡: we will finish in SLA
[2026-08-18 14:20] 钟晓环: @_user_1 凡哥 今天能处理吗，这个是历史增值早过了sla拉
[2026-08-18 19:15] 张凡: @_user_1 已完成",钟晓环；林佳志；张凡；伍维；DANIELA；许晓妍,许晓妍,钟晓环；林佳志；DANIELA；许晓妍；张凡,om_x100b68d9ba7134b0ddcecae014d41a8,,增值；VASC；库内；仓库
328,发货仓入库&增值运营（救火）- IB&VAS,oc_5b8848d27b7b3fa4a10eab865c4f9ffc,2026-08-14,2026-08-14 17:43,2026-08-18 23:41,omt_191b6bebc68f1a70,未知/系统,非标增值,上架,,,EB0126081832302125；EB0126081832302053；WI51282811；B0126081832302125；B0126081832302053,[Image:img_v3_0214i_6371b5ab-80a4-4663-9caa-77f22124b2bg] [Image:img_v3_0214i_8d55eebe-c095-4665-a299-4a3462e26abg] [Image:img_v3_0214j_746bfd5f-106a-4cfe-adaa-4bafe905ecfh] [Image:img_v3_0214j_7b2736f0-29c7-402b-b0e2-c0531fb4f80h] <p>@_user_1 员工在报异常时，看到包裹有写开箱...,"[2026-08-14 17:43] 张曼: [Image:img_v3_0214i_6371b5ab-80a4-4663-9caa-77f22124b2bg]
[Image:img_v3_0214i_8d55eebe-c095-4665-a299-4a3462e26abg]
[2026-08-15 01:46] Zhou Haiyang: [Image:img_v3_0214j_746bfd5f-106a-4cfe-adaa-4bafe905ecfh]
[2026-08-15 01:46] Zhou Haiyang: [Image:img_v3_0214j_7b2736f0-29c7-402b-b0e2-c0531fb4f80h]
[2026-08-15 01:48] Zhou Haiyang: <p>@_user_1 员工在报异常时，看到包裹有写开箱确认数量，所以按实际数量报的异常，现在你看是否需要取消原异常单，重新申报</p><p>@CC@_user_2</p>
[2026-08-15 12:59] 张曼: 一箱里面10件，那应该按一箱报才对吧@_user_1
[2026-08-17 18:04] 张曼: @_user_1 哥，麻烦帮忙看看谢谢
[2026-08-17 23:50] Haoxian Lai: @_user_1 麻烦帮忙看一下这个case，订单外商品无箱单业务类系统没有该类异常申报类型。理论上仓库只能操作批量包裹条码异常申报对应每一个产品，这样很费时间也有可能客户认为是仓库登记错误，帮忙看看要怎么操作处理
CC@_user_2
[2026-08-18 11:09] 张曼: @_user_1
[2026-08-18 11:21] 张曼: @_user_1 文文，麻烦看看这个场景下，如果客户要做成si上架的话，是不是只能提入库非标特批增值了
[2026-08-18 11:22] 李超亮: <p>@_user_1 @_user_2 我先确认下，这个异常真实场景是什么，是订单外商品吗？</p>
[2026-08-18 11:23] Haoxian Lai: @_user_1 是的，订单已经全上架完成了
[2026-08-18 11:23] Geng,Wandi: @_user_1 客户下单A+包裹100%入库单，我们也没别的法子给他登记异常了，A+包裹入库单里怎么能混两个A箱的
[2026-08-18 11:24] 张曼: <p>@_user_1 客户不是第一次100%A+包裹里面混A包也不下单，请培训好客户，谢谢</p>
[2026-08-18 11:24] 李超亮: @_user_1客户现在是想做成A包上架还是A+包上架
[2026-08-18 11:24] 张曼: A包
[2026-08-18 11:26] 李超亮: @_user_1 @_user_2 那我作废异常单，仓库按照两个包裹重新登记下异常吧。

@_user_3 @_user_4 你们好好跟客户说一下吧，下次的话直接让客户下非标入库了；
[2026-08-18 11:34] 李超亮: 已作废
[2026-08-18 11:35] Geng,Wandi: @_user_1 登记什么异常？无主货流程么
[2026-08-18 11:36] 张曼: @_user_1 包裹条码异常！2箱！
[2026-08-18 11:40] Geng,Wandi: @_user_1 其实就是无主货流程，只是扫描商品会识别到客户。没有入库单没法直接登记包裹条码[看]
[2026-08-18 11:41] Geng,Wandi: @_user_1 赖总明天登记完毕这边反馈下哦
[2026-08-18 11:53] 张曼: @_user_1 随着这个入库单WI51282811来的 柜子里卸出来的
[2026-08-18 11:55] Geng,Wandi: @_user_1 您说的有道理 @_user_2
[2026-08-18 23:41] Haoxian Lai: @_user_1已重新申报
 EB0126081832302125
EB0126081832302053","张曼；Haoxian Lai；李超亮；Geng,Wandi；耿文文；霍岩岩",耿文文,"张曼；Zhou Haiyang；Haoxian Lai；李超亮；Geng,Wandi",om_x100b68da7ce384a0ddc42effcdb31d4,,非标；增值；异常单；异常；EB；入库；上架；包裹条码；仓库
329,发货仓入库&增值运营（救火）- IB&VAS,oc_5b8848d27b7b3fa4a10eab865c4f9ffc,2026-08-14,2026-08-14 17:44,2026-08-14 17:44,omt_191b6ba0e40f9c86,未知/系统,入库/仓库异常,"时效内催上架\n仓库：DENW3 Warehouse\n入库单号： WI48539941\n头程类型：自验-直发-海运整柜-40HQ\n包裹条码：整单\nsku：M010000000008426558\n救火原因：预约是今天到仓，麻烦收到货物以后，整单加急上只有1款产品，有单要出，谢谢""}], [{""tag"": ""button"", ""text"": ""确认受理"", ""type"": ""default""}, {""tag"": ""button"", ""text"": ""确认关闭"", ""type"": ""default""}], [{""tag"": ""hr""}], [{""tag"": ""text"", ""text"": ""来自 ""}, {""tag"": ""a"", ""href"": ""https://winitlink.feishu.cn/base/CBUkbTYbma2NAnsSzZ9cq7Qrnvc?ccm_open_type=im_card_automation_link"", ""text"": ""海外仓入库运营（救火）case管理表""}]]}；上架","19226389SUPERLEX INTERNATIONAL LIMITED\n救火类型：时效内催上架\n仓库：DENW3 Warehouse\n入库单号： WI48539941\n头程类型：自验-直发-海运整柜-40HQ\n包裹条码：整单\nsku：M010000000008426558\n救火原因：预约是今天到仓，麻烦收到货物以后，整单加急上只有1款产品，有单要出，谢谢""}], [{""tag"": ""button"", ""text"": ""确认受理"", ""type"": ""default""}, {""tag"": ""button"", ""text"": ""确认关闭"", ""type"": ""default""}], [{""tag"": ""hr""}], [{""tag"": ""text"", ""text"": ""来自 ""}, {""tag"": ""a"", ""href"": ""https://winitlink.feishu.cn/base/CBUkbTYbma2NAnsSzZ9cq7Qrnvc?ccm_open_type=im_card_automation_link"", ""text"": ""海外仓入库运营（救火）case管理表""}]]}","DENW3 Warehouse\n入库单号： WI48539941\n头程类型：自验-直发-海运整柜-40HQ\n包裹条码：整单\nsku：M010000000008426558\n救火原因：预约是今天到仓，麻烦收到货物以后，整单加急上只有1款产品，有单要出，谢谢""}], [{""tag"": ""button"", ""text"": ""确认受理"", ""type"": ""default""}, {""tag"": ""button"", ""text"": ""确认关闭"", ""type"": ""default""}], [{""tag"": ""hr""}], [{""tag"": ""text"", ""text"": ""来自 ""}, {""tag"": ""a"", ""href"": ""https://winitlink.feishu.cn/base/CBUkbTYbma2NAnsSzZ9cq7Qrnvc?ccm_open_type=im_card_automation_link"", ""text"": ""海外仓入库运营（救火）case管理表""}]]}",WI48539941；M010000000008426558,"{""title"": ""请关注入库救火case"", ""elements"": [[{""tag"": ""text"", ""text"": ""提交人：""}, {""tag"": ""at"", ""user_id"": ""@_user_1"", ""user_name"": ""钟晓环""}, {""tag"": ""text"", ""text"": ""\n仓库处理人：""}, {""tag"": ""at"", ""user_id"": ""@_user_2"", ""user_name"": ""Mohamad Kazan ""}, {""tag"": ""text"", ""text"": ...","[2026-08-14 17:44] 未知/系统: {""title"": ""请关注入库救火case"", ""elements"": [[{""tag"": ""text"", ""text"": ""提交人：""}, {""tag"": ""at"", ""user_id"": ""@_user_1"", ""user_name"": ""钟晓环""}, {""tag"": ""text"", ""text"": ""\n仓库处理人：""}, {""tag"": ""at"", ""user_id"": ""@_user_2"", ""user_name"": ""Mohamad Kazan ""}, {""tag"": ""text"", ""text"": ""\n质控：""}, {""tag"": ""at"", ""user_id"": ""@_user_3"", ""user_name"": ""林佳志""}, {""tag"": ""text"", ""text"": ""\n客户：19226389SUPERLEX INTERNATIONAL LIMITED\n救火类型：时效内催上架\n仓库：DENW3 Warehouse\n入库单号： WI48539941\n头程类型：自验-直发-海运整柜-40HQ\n包裹条码：整单\nsku：M010000000008426558\n救火原因：预约是今天到仓，麻烦收到货物以后，整单加急上只有1款产品，有单要出，谢谢""}], [{""tag"": ""button"", ""text"": ""确认受理"", ""type"": ""default""}, {""tag"": ""button"", ""text"": ""确认关闭"", ""type"": ""default""}], [{""tag"": ""hr""}], [{""tag"": ""text"", ""text"": ""来自 ""}, {""tag"": ""a"", ""href"": ""https://winitlink.feishu.cn/base/CBUkbTYbma2NAnsSzZ9cq7Qrnvc?ccm_open_type=im_card_automation_link"", ""text"": ""海外仓入库运营（救火）case管理表""}]]}",钟晓环；Mohamad Kazan ；林佳志,未知/系统,未知/系统,om_x100b68da7851aca8b2a9e0b0e73c110,,入库；上架；包裹条码；仓库；救火
333,发货仓入库&增值运营（救火）- IB&VAS,oc_5b8848d27b7b3fa4a10eab865c4f9ffc,2026-08-14,2026-08-14 18:23,2026-09-09 14:15,omt_191b6440e14e5cbd,未知/系统,非标增值,上架,,,EB0126090332751708；WI50573438；WI50505665；WI50551681；WI50668837；WI50751547；WI50474107；WI50590146；B0126090332751708,WI50573438这个单也是同一个柜子的货物，烦请一并加急，谢谢 WI50505665—— 此单实际发货数量是：489； 目前已卸货：487； 少了两箱 WI50551681 此单实际发货数量是：1205 目前已卸货：1204 少了1箱 麻烦看下是不是漏卸货了的，谢谢@_user_1 @_user_2 <p>WI50505665——</p><p>此单实际发货数量是：489；</p><p>目前已卸货：487；</p><p>少了两箱</p><p></p><p>WI50551681</p><p>此单实际发货数量是：12...,"[2026-08-14 18:23] 刘佳: WI50573438这个单也是同一个柜子的货物，烦请一并加急，谢谢
[2026-08-17 18:45] 刘佳: WI50505665——
此单实际发货数量是：489；
目前已卸货：487；
少了两箱

WI50551681
此单实际发货数量是：1205
目前已卸货：1204
少了1箱

麻烦看下是不是漏卸货了的，谢谢@_user_1 @_user_2
[2026-08-17 23:27] 林佳志: <p>WI50505665——</p><p>此单实际发货数量是：489；</p><p>目前已卸货：487；</p><p>少了两箱</p><p></p><p>WI50551681</p><p>此单实际发货数量是：1205</p><p>目前已卸货：1204</p><p>少了1箱</p><p></p><p>麻烦看下是不是漏卸货了的，谢谢@_user_1 @_user_2</p><p>---------------------------------------------------------------------------那这些未卸货的我全部终止了，到仓未卸货质控调查， 如果找回来了剩余三个包裹还是可以正常上架的。@_user_3 @_user_4</p>
[2026-08-17 23:29] 林佳志: @_user_1 如果没几个入库单是准的数量，那就别自验了@_user_2
[2026-08-17 23:32] 林佳志: WI50668837--------ustx?@_user_1
[2026-08-17 23:33] 林佳志: WI50751547---------USTX @_user_1
[2026-08-17 23:51] 李雪: 听我说谢谢你哦，USTX的入库单还来凑热闹
[2026-08-18 01:56] 刘佳: 抱歉，客户一起发的看错了[捂脸]
[2026-08-21 19:36] 刘佳: @李雪 @林佳志 这几单还有差异数量，麻烦协助再查找一下的，谢谢
[Image:img_v3_0214p_8f1daf65-7502-45c4-a131-ea6599b1296g]
WI50474107差异4
WI50505665差异2
WI50551681差异94
[2026-08-21 19:38] 林佳志: @_user_1   Kazan , please check this
[2026-08-24 10:20] 刘佳: @Mohamad Kazan 有找到吗？帮忙再看看，谢谢
WI50474107差异4
WI50505665差异2
WI50551681差异74
[Image:img_v3_0214s_07e41928-334b-494c-864a-7e9c616e6e5g]
[2026-08-24 11:08] 肖勇文: [Image:img_v3_0214s_55ca1aaf-a95e-4a0b-aed7-6ec63bd81efg]
@麦植荣 麦总，DENW3现在到底什么情况呀，为什么每条柜都这样子，卸了货上架怎么每条柜都少一些，特别是这个救火的客户的柜子，14号至今10天了，还这么多差异
[2026-08-25 14:05] 刘佳: [Image:img_v3_0214t_82ebf08b-3214-45d4-98f4-5e3b032d8a2g]
WI50474107差异4
WI50505665差异2，这两单差异数量无卸货记录麻烦核实是否未收到还是有异常的
WI50551681剩余58箱已卸货未上架，麻烦尽快处理完结订单
@Mohamad Kazan @林佳志 @李雪 以上订单烦请协助尽快确认的，谢谢
[2026-08-25 14:36] 肖勇文: @_user_1 你好，
WI50505665——
此单实际发货数量是：489；
目前已卸货上架：487；
少了两箱

WI50474107——
此单实际发货数量是：516
目前已卸货上架：512
少了四箱
这两单到仓未卸货麻烦进行质控调查， 反馈一下调查结果，客户多次核实了发货数量准确，麻烦仓库调查清楚，非常感谢[双手合十][双手合十]，收到信息麻烦回复一下。
[2026-08-25 15:01] 肖勇文: 还有14号到仓的WI50551681，今天已经第7个工作日了，还有58件未上架，麻烦尽快处理上架吧，客户现在意见挺大的，拜托了[双手合十][双手合十][双手合十][双手合十][双手合十][双手合十][双手合十][双手合十][双手合十][双手合十][双手合十][双手合十][双手合十][双手合十][双手合十][双手合十]@_user_1 @_user_2 @_user_3 @_user_4
[2026-08-25 15:15] 林佳志: @_user_1 雪姐，这个是哪个垃圾桶的产品，今天看看能不能找到[双手合十]
[2026-08-25 15:17] 李雪: 没卸货的周六去盘
[2026-08-25 15:17] 李雪: 又卸货的这二天会上
[2026-08-25 15:18] 李雪: 别着急
[2026-08-25 15:25] 林佳志: @_user_1 
这几个包裹全都是未卸货的（信息流未扫描过的，待上架区目前也没实物）
 两个情况：
1.实物没到仓；
2.可能和其他已经有卸货记录的产品 自主打托 上架到货位了， 即实物上架但是信息流没更新，这种得大范围盘点，

仓库现场目前优先做已经有扫描记录但未上架的和积压有实物的，就是确定到仓的这些。

以上任务 预计最晚周六完成
[2026-08-25 15:33] 肖勇文: @_user_1 辛苦了，非常感谢，周六处理完也麻烦反馈一下结果，这边客户意思要我们赔付，找到与否也麻烦通知一下，麻烦了[双手合十][双手合十]
[2026-08-27 17:37] 刘佳: WI50590146此单实际发货数量：436
WI50551681此单实际发货数量：1205
这两单已卸货未上架完成，帮忙再加急下的，谢谢@_user_1
[2026-08-31 11:18] 肖勇文: @_user_1 @_user_2 你好，我看这两个入库单的上架数据没有任何变化，仓库周六盘点完是确认丢件了是吗？
[2026-08-31 18:58] 刘佳: WI50505665：卸货时间：2026-08-13，发货数量：489，卸货数量：487 上架数量：487，少2件未卸货的
WI50590146：卸货时间：2026-08-21，发货数量：436，卸货数量：436上架数量：435，少1件已卸货的
WI50474107：卸货时间：2026-08-06，发货数量：516，卸货数量：512上架数量：512，少4件未卸货的
WI50551681：卸货时间：2026-08-14，发货数量：1205，卸货数量：1205上架数量：1185，少20件已卸货的

目前这个客户一共这些单都是有差异数量的，帮忙尽快核实的，已卸货的烦请尽快操作，谢谢@_user_1 @_user_2
[2026-09-04 10:55] 刘佳: [Image:img_v3_02157_11d79e4d-613d-4993-a237-2a57f01985bg]
WI50474107：卸货时间：2026-08-06，发货数量：516，卸货数量：512上架数量：512，少4件未卸货的——对应这个单少包裹的已经发现有异常单了
@Mohamad Kazan @林佳志 EB0126090332751708但是异常单4箱是登记一起的，选的不是包裹批量条码异常(需客户处理)
客户没法区分四个包裹处理，麻烦按4个数量登记或者选包裹批量条码异常(需客户处理)类型给到客户处理的，谢谢
[2026-09-04 10:56] 刘佳: WI50505665：卸货时间：2026-08-13，发货数量：489，卸货数量：487 上架数量：487，少2件未卸货的——这个单有找到有异常包裹情况吗，帮忙再看下的，谢谢@_user_1 @_user_2 @_user_3
[2026-09-04 11:10] 肖勇文: @_user_1 麦总，帮忙看一下，又一周过去了，仓库已经不再反馈信息了，@_user_2 帮忙看一下
[2026-09-04 11:12] 肖勇文: @_user_1
[2026-09-04 11:27] 马斯桐: @_user_1
[2026-09-04 11:31] 高嵩阳: @_user_1 客户都是整柜的，这些没有卸货的，是不是和之前自由创新的一样，都是仓库没有扫描放在旁边了？但是我看客户的这些是有包裹条码的啊。

两个问题：针对现有这些漏的包裹，我们什么时候能找出来处理登记异常？另外这部分如果有异常的，应该在卸货的时候，发现了直接扫描登记异常啊，无箱单有预报单的就是贴WB码登记异常？
[2026-09-04 14:22] 麦植荣: @_user_1 目前就是这个单 WI50505665 少2个包裹吗? 还有其他需调查的入库单否?
[2026-09-04 14:25] 麦植荣: [Image:img_v3_02157_fa3ae1f7-2d85-40f0-9fa7-025f3c90829g]
@刘佳 怎么识别出来客户发货是489个包裹额..? 客户自己的发货单记录吗还是?
[2026-09-04 14:27] 刘佳: @_user_1 目前就剩下这个单WI50505665 了
WI50505665：卸货时间：2026-08-13，发货数量：489，卸货数量：487 上架数量：487，少2件未卸货的

其他订单数量都对上了

实际发货数量是客户提供的
[2026-09-07 18:25] 林佳志: [Image:img_v3_0215a_d5b2408e-df6d-4aca-b981-90e7b7249bcg]
WI50474107：卸货时间：2026-08-06，发货数量：516，卸货数量：512上架数量：512，少4件未卸货的——对应这个单少包裹的已经发现有异常单了
@Mohamad Kazan @林佳志 EB0126090332751708但是异常单4箱是登记一起的，选的不是包裹批量条码异常(需客户处理)
客户没法区分四个包裹处理，麻烦按4个数量登记或者选包裹批量条码异常(需客户处理)类型给到客户处理的，谢谢-------------------------------------------------------------------------------------------------------------------成哥，这个我看9月3日创建，一共4件，怎么只登记了一个包裹@王成
[2026-09-07 18:26] 林佳志: @_user_1 看下能不能重新登记一下，我这里把原有的异常单作废
[2026-09-08 14:50] 刘佳: @_user_1 这个异常情况帮忙看下能否重新登记，谢谢
[2026-09-08 17:33] 刘佳: @耿文文 文文，这个异常单EB0126090332751708实际4箱仓库登记成1箱了，一直没有重新登记；
标准增值补贴包裹条码提不了，只能非标特批提，标准跟非标增值的最低收费差价，可以退费处理吗，帮忙确认一下的，谢谢
[Image:img_v3_0215b_d2218758-bed2-4707-81df-74d69a3aecbg]
[2026-09-08 18:04] 耿文文: @_user_1 这个能把另外的三个包补充登记吗？
[2026-09-09 14:15] 林佳志: @_user_1  please inform me if you guys registered correctly",李雪；林佳志；刘佳；Mohamad Kazan ；麦植荣；肖勇文；马斯桐；高嵩阳；王成；耿文文,耿文文,刘佳；林佳志；李雪；肖勇文；马斯桐；高嵩阳；麦植荣；耿文文,om_x100b68da8651f8b4b1189e8cbbccf0c,,非标；增值；异常单；异常；EB；入库；补贴；上架；包裹条码；仓库；救火
346,发货仓入库&增值运营（救火）- IB&VAS,oc_5b8848d27b7b3fa4a10eab865c4f9ffc,2026-08-17,2026-08-17 16:54,2026-08-21 18:53,omt_19e446c96a0f5c9a,未知/系统,非标增值,贴标；上架,,,WI50792163,"I will check now Back when exceptions were made for these boxes, the B code was not connected, now it is connected, but to make a putaway we need VAS, it took us too long to show the problem for each box [Image:img_v3_0214l_c4e3edae-6c5a-460a-b21c-4768dc17688h...","[2026-08-17 16:54] Vesislava Yovkova: I will check now
[2026-08-17 17:29] Vesislava Yovkova: Back when exceptions were made for these boxes, the B code was not connected, now it is connected, but to make a putaway we need VAS, it took us too long to show the problem for each box
[2026-08-17 17:29] Vesislava Yovkova: [Image:img_v3_0214l_c4e3edae-6c5a-460a-b21c-4768dc17688h]
[2026-08-17 18:33] 吴秋生: 仓库处理人：@_user_1,@_user_2,@_user_3
质控：@_user_4

辛苦帮忙看看上面情况，这个入库单包裹异常登记场景是错误的，客户不是没贴标签，正常是做入库单状态异常的，现在客户已经完成验货了，可以正常上架的，需要关闭异常才能扫描上架
[2026-08-18 08:43] 吴秋生: @_user_1 麻烦帮忙看看能不能关闭这些包裹异常上架
[2026-08-18 15:05] Aleksandar Yovkov: @_user_1 in time for receved this ctns costumer not conneckt with our system and we make Abnormal ,then costumer conneckt but when we already have EB numbest shuld give VAS .this is SOP
[2026-08-18 16:52] 吴秋生: @_user_1
[2026-08-19 08:51] 吴秋生: @_user_1 异常场景并不正确，正常的异常是【入库单状态异常】，并不是包裹无条码异常，【入库单状态异常】是可以客户做完验货后直接上架的
[2026-08-19 08:51] 吴秋生: @_user_1 辛苦帮忙看看这些异常
[2026-08-19 11:15] 林佳志: <p>@_user_1 @_user_2 以上已作废10条登记错误异常，后面可能出现上架报错情况，请留意@_user_3</p>
[2026-08-19 14:34] Aleksandar Yovkov: @林佳志 i not undarstand why we close this EB .When packeges come we make EB with Packege Recommend 
exsaple:
[Image:img_v3_0214n_8586cf52-1f8f-4d2d-bfb4-81f7364a332h]
[Image:img_v3_0214n_e261fb7e-f1fa-47c0-8c5f-d8de0eace10h]
here we write SKU and WI
[Image:img_v3_0214n_3fb592af-f122-4a39-9cea-17a62acfe1bh]
we can't chouse the tape
[2026-08-19 14:35] 林佳志: @_user_1 Ill check later
[2026-08-19 14:38] Aleksandar Yovkov: [Image:img_v3_0214n_7527f090-ce99-42ed-bd08-eff90026c23h]
@吴秋生 real the barcode for packeges is abnormal ,becose we can't scan ,becose cotumer shuld conneckt this barcode with Winit system  befor packeges come to Warehouse.
[2026-08-19 15:44] 吴秋生: 客户未做验货，到仓的包裹应该登记的入库场景异常是：【入库单状态异常】
[Image:img_v3_0214n_46005799-0660-4354-b681-0ffa8662abbg]
[2026-08-19 15:44] 吴秋生: @_user_1 cc
[2026-08-19 15:52] Aleksandar Yovkov: @_user_1 then why system not make event automatically?cc@_user_2
[2026-08-19 15:59] 李雪: @_user_1 帮忙看下这个问题，这个订单状态异常应该是系统自动生成的，不是仓库登记的
[2026-08-19 15:59] 李雪: @_user_1 系统出了啥问题
[2026-08-19 16:03] 丁童诗琦: @_user_1 具体啥问题？
[2026-08-19 16:04] 李雪: @丁童诗琦 
[Image:img_v3_0214n_c5be3ff1-98e4-45d4-9e0d-12539f828acg]
[2026-08-19 16:08] 丁童诗琦: @_user_1 麻烦把具体场景说一下
[2026-08-19 20:41] 吴秋生: @_user_1 
正常按标准流程是未做自验货到仓后，仓库登记【入库单状态异常】，客户做完自验后，自动关闭异常，仓库去处理上架

当前问题是 ：客户没做自验货到仓后，仓库登记的异常场景是【包裹条码异常(需客户处理)  】
[2026-08-19 20:42] 吴秋生: @_user_1 辛苦帮忙看看，这批货能不能先操作扫描上架？
[2026-08-19 20:43] 李雪: @_user_1 入库单状态异常仓库是判断不出来的，是系统自动生成的
[2026-08-19 20:44] 吴秋生: @_user_1 为啥系统没识别到
[2026-08-20 08:57] 吴秋生: @_user_1 @_user_2 
可以先将这部分货物处理上架吗
WI50792163
[2026-08-20 10:11] 丁童诗琦: @_user_1 客户没做自验货到仓后，仓库登记的异常场景是【包裹条码异常(需客户处理)  】==》包裹条码异常是人为登记的，得问问仓库。
[2026-08-20 10:45] 丁童诗琦: @_user_1 @_user_2 入库单状态异常是系统判断的，要查一下操作轨迹，是不是系统跳转了登记入库单状态异常，但是取消登记，然后转头登记【包裹条码异常(需客户处理)  】
[2026-08-20 18:42] 吴秋生: @_user_1 @_user_2 
可以先将这部分货物处理上架吗
WI50792163
[2026-08-20 18:43] 李雪: @_user_1 有异常单不一定能上架
[2026-08-20 18:44] 吴秋生: 上面的包裹条码异常单已经取消掉了
[2026-08-20 18:44] 李雪: 那不是异常费都没收到？
[2026-08-20 18:45] 李雪: 这么一大堆
[2026-08-20 18:46] 李雪: [Image:img_v3_0214o_d8900c88-eaab-4c1f-ae72-85c84d5e93eg]
@丁童诗琦 看看是不是BUG，没有生成异常
[2026-08-20 18:46] 李雪: @_user_1 建个工单
[2026-08-20 18:47] 吴秋生: @_user_1 费用补扣这方面可以单独处理，但是不能一直压着货不上架吧

比如，是否可以让商务和客户那边沟通，让客户提个入库特批异常，然后让产品那边报价入库异常费用，直接补收

货物就先正常上架
[2026-08-20 18:47] 李雪: @_user_1 货已经进了异常区了也没增值服务
[2026-08-20 18:48] 李雪: @_user_1 跟产品确认怎么收费处理？
[2026-08-20 18:48] 李雪: 确认好先，单独处理谁给处理
[2026-08-20 18:50] 吴秋生: @_user_1 麻烦帮忙看看这里，客户实际场景是入库时没做自验，到仓系统未登记入库单状态异常，仓库直接登记的包裹条码异常，但是异常场景不正确

这个费用补收的问题，能否按我上面说的办法让客户做特批补收，然后先把客户那边的货先上架了
[2026-08-20 19:51] 林佳志: [Image:img_v3_0214o_409f958e-61e9-4322-aa53-55c0d1f7b1bg]
包裹进入五面扫，异常口流出，然后在员工操作包裹推荐，就有报错了
[Image:img_v3_0214o_d2a2ecb8-76b9-453c-9f37-ebab67a9ef6g]
@李雪 @Aleksandar Yovkov 
@丁童诗琦
[2026-08-20 19:52] 林佳志: 根据报错，员工登记了package exception
[2026-08-20 19:52] 李雪: 这流程不对吧，拉群找人看啥问题，不然天天搞这一出@_user_1
[2026-08-20 20:11] 耿文文: 客户着急上架就先提交非标增值吧，应收的异常单费用会在增值单内补收@李雪 @吴秋生 @林佳志 
这个异常登记的流程有结论也通知下
[Image:img_v3_0214o_353ab455-036e-4316-a763-f6dc79c8c6bg]
[2026-08-20 20:13] 李雪: 你收300大洋，我们尝试上架能不能行@_user_1
[2026-08-20 20:55] 林佳志: 020203260529#{""guide"":""1. If the package has a barcode, but cannot be identified by scanning, please register [Package Exception]\r\n2. If the package has no barcode, please register [Package Exceptio------------------------------------这个完整描述是什么你知道吗？ 仓库好像是根据这个提示操作的登记异常@_user_1
[2026-08-20 21:00] 耿文文: https://winitlink.feishu.cn/wiki/NivEwuvKoiCNgmka7jUcT7q9nWb@_user_1
[2026-08-20 21:06] 林佳志: 所以应该系统自动做入库单状态异常，但是系统没自动触发。 又因为报错的提示，员工理所当然的去做了包裹异常登记。是这样没错吧@_user_1
[2026-08-20 21:07] 耿文文: 我不知道PDA系统的逻辑 [泪奔]  
正常的提示应该是什么？@_user_1
[2026-08-20 21:08] 林佳志: [Image:img_v3_0214o_7fee4c1d-f215-43db-b071-6527c2a1621g]
看上面文档 正常不应该是这个吗@耿文文
[2026-08-20 21:10] 耿文文: [Image:img_v3_0214o_060348df-90a4-4c8f-b215-18593c87b4cg]
@林佳志 上面丁童的回复也是得查下操作轨迹 ，这个轨迹到底怎么查我不清楚  麻烦helpdesk帮忙看看，这个文档我只是搜索了那个异常编号搜出来的
[2026-08-20 21:10] 林佳志: 轨迹我查了啊
[2026-08-20 21:12] 林佳志: 所有的包裹先过五面扫，未识别，从异常口流出。 员工正常用包裹推荐扫描包裹号， 提示报错就是我发的那段，连续试了4个包裹都提示报错。 员工就把所有包裹都登记包裹条码异常了
[2026-08-20 21:12] 林佳志: @_user_1
[2026-08-20 21:13] 林佳志: @_user_1 辛苦帮忙看看
[2026-08-21 10:28] 丁童诗琦: @_user_1 @_user_2 这种情况就不是“入库单状态异常”了，有包裹条码，扫到的时候wms系统在区域中心都查不到这个入库单；是有这种情况的。 这种情况下只能建议仓库登记包裹无条码  @_user_3 你要看看你们那边如何处理这种场景，新增异常还是如何“新增异常的场景是包裹有条码但系统查不到入库单”？
[2026-08-21 10:36] 耿文文: @_user_1 有包裹码但是查不到入库单，在什么情况下会查不到入库单？没太理解这个异常产生的根本原因是什么？
[2026-08-21 10:46] 丁童诗琦: @_user_1 在什么情况下会查不到入库单==》 oms 没有把入库单同步到 gmic
[2026-08-21 10:47] 丁童诗琦: @_user_1 @_user_2 短期救火，先把异常单全部“异常处理”，收异常单的钱。
[2026-08-21 10:54] 耿文文: oms 没有把入库单同步到 gmic----这个是系统推送BUG嘛？
原本仓库登记的异常单全部都被作废了[泪奔]@_user_1   那是仓库重新登记包裹条码异常，根据异常单客户做新单上架？
[2026-08-21 10:54] 丁童诗琦: @_user_1 都作废了也没得办法了； 你可以向 OMS 了解一下前半段的事情。
[2026-08-21 11:05] 耿文文: @_user_1 建个工单群聊吧
[2026-08-21 11:07] 耿文文: @_user_1 客户能下新单上架么？能的话，仓库就补充登记异常单，客户走非标补贴新单标签上架
[2026-08-21 12:00] 林佳志: @_user_1  你可以参考一下这个订单的问题
[2026-08-21 12:22] 吴秋生: 下仓内上架单？还是哪个场景的新单
[2026-08-21 12:22] 吴秋生: @_user_1
[2026-08-21 14:25] 耿文文: @_user_1 仓内上架单也行的
[2026-08-21 18:49] 吴秋生: @_user_1 我已经告知客户上面方案

下周一会让客户下仓内上架单。然后我会把仓内上架单发到这里，后面辛苦仓库登记异常，我再让客户那边提非标处理
[2026-08-21 18:53] 耿文文: 这个异常登记的问题也在让it排查",Vesislava Yovkova；Aleksandar Yovkov；DANIELA；林佳志；吴秋生；吴爱红；李雪；HelpDesk；丁童诗琦；耿文文；吴杰,耿文文,Vesislava Yovkova；吴秋生；Aleksandar Yovkov；林佳志；李雪；丁童诗琦；耿文文,om_x100b6728aec94ca4b36946f4c054a94,,非标；增值；异常单；异常；EB；入库；贴标；补贴；上架；包裹条码；SOP；仓库；救火
354,发货仓入库&增值运营（救火）- IB&VAS,oc_5b8848d27b7b3fa4a10eab865c4f9ffc,2026-08-17,2026-08-17 11:54,2026-08-18 14:51,omt_19e70d83148f9c87,未知/系统,标准库内增值/入库异常,未明确,,,M010000000012553864,比如M010000000012553864系统维护记录 [Image:img_v3_0214l_45a4d6ee-4c8d-45b5-9030-58441771fbeg] 但实际尺寸抽验服务单号V1201592203，还是按照注册的尺重来对比校验 [Image:img_v3_0214l_6e607ed5-126b-4bb3-af75-3e82d90a0f6g] CC@_user_1 @_user_2 @_user_1 帮忙看下这个 @王烜 这个【客户诚信机制修改条件表格】是啥，搜到的知识库是这个，是客户可以自己改商...,"[2026-08-17 11:54] 王烜: 比如M010000000012553864系统维护记录
[Image:img_v3_0214l_45a4d6ee-4c8d-45b5-9030-58441771fbeg]
但实际尺寸抽验服务单号V1201592203，还是按照注册的尺重来对比校验
[Image:img_v3_0214l_6e607ed5-126b-4bb3-af75-3e82d90a0f6g]
[2026-08-17 11:56] 王烜: CC@_user_1 @_user_2
[2026-08-18 04:39] Christopher Deng: @_user_1 帮忙看下这个
[2026-08-18 11:14] 赖敏: @王烜 这个【客户诚信机制修改条件表格】是啥，搜到的知识库是这个，是客户可以自己改商品尺寸的意思？@陈泽森 这个你清楚吗
[Image:img_v3_0214m_ef021a9d-19d6-46f6-a9e1-13a46f36dedg]
你上面说的这个场景意思是：V1201592203的下单信息长宽高应该按照7.22提交的数据来是吗
[2026-08-18 11:15] 房友祝: @_user_1 你解释一下这个诚信机制的场景内容
[2026-08-18 11:22] 吴杰: @赖敏 客户一开始验货错了，后续用诚信机制修改了验货尺重，仓库复测尺重是否收费，是不是应该以修改后的尺重差异，进行收取增值费用？那尺寸差异应该是没有超过误差范围，不应该收这个增值费用@陈泽森 
[Image:img_v3_0214m_33626b0f-d7dc-4ae2-9532-b457d079996g]
[2026-08-18 11:23] 王烜: @_user_1 客户诚信机制，指的是在途（入库前）和退货中，客户主动申请的修改商品尺重，然后经过商品组审核，在系统中修改商品尺重；客户出于诚信机制，主动把实际尺重修改的情况
[2026-08-18 11:31] 陈泽森: @_user_1 文文，你看看这个。新品入库抽验的
[2026-08-18 11:37] 赖敏: @耿文文 看商品尺寸最新的维护记录，即入库抽验数据，确实是在客户7.22修改的基础上调整的，收费标准需要产品同事看下，我理解应该也是要以7.22修改的数据来计算
[Image:img_v3_0214m_62549a0c-1201-49e7-95cb-51f61073039g]
[2026-08-18 11:47] 耿文文: [Image:img_v3_0214m_e70d80b3-3ba3-408b-ad72-59e592e729eg]
[Image:img_v3_0214m_8d6f617e-fd7e-4315-ad52-ed03abac9d6g]
@黄铿鸿 还是之前的问题，入库抽验单自动生成后，尺重信息有更新的话没有同步更新到抽验单上  ，这个我记得提过需求的  ，能优先排不？
[2026-08-18 11:50] 耿文文: https://project.feishu.cn/winitdevops/brd_mgt/detail/7048209292   @_user_1
[2026-08-18 11:53] 耿文文: [Image:img_v3_0214m_275c90ea-a375-4117-9b9b-8e69e69c65fg]
@王烜 @吴杰 核实后先提客服退费吧  选上面的类型
[2026-08-18 14:51] 吴杰: @_user_1 现在就提了是吗",房友祝；吴杰；赖敏；王烜；陈泽森；耿文文；黄铿鸿,耿文文；陈泽森,王烜；Christopher Deng；赖敏；房友祝；吴杰；陈泽森；耿文文,om_x100b671c1a6ea4a8b2be51b02201146,,增值；入库；仓库
362,发货仓入库&增值运营（救火）- IB&VAS,oc_5b8848d27b7b3fa4a10eab865c4f9ffc,2026-08-17,2026-08-17 17:03,2026-08-19 14:32,omt_19e7338d08cf1a55,未知/系统,非标增值,贴标；上架；辨识,,,VASC000000337968；VASC000000337947；EB0126081432249664；EB0126081432249544；EB0126081432249337；EB0126081832301348；WI51335976；WI51257137；WI51277087；M010000000012591892；B0126081432249664；B0126081432249544；B0126081432249337；B0126081832301348,@_user_1凯文 帮忙看一下这个异常 知道 正在拍 上周不在，還再確認 [Image:img_v3_0214l_9c1e9b1a-f700-46ec-964e-6efac7079a4h] [Image:img_v3_0214l_45d812f0-1f51-4512-899d-1367d0b150fh] [Image:img_v3_0214l_94cfef56-7fd7-4799-b1e0-7214bce8acch] [Image:img_v3_0214l_d643b504-abfe-44b0-bf62-c922...,"[2026-08-17 17:03] 钟晓环: @_user_1凯文 帮忙看一下这个异常
[2026-08-17 17:04] 蕭凱文: 知道 正在拍 上周不在，還再確認
[2026-08-17 17:06] 蕭凱文: [Image:img_v3_0214l_9c1e9b1a-f700-46ec-964e-6efac7079a4h]
[2026-08-17 17:07] 蕭凱文: [Image:img_v3_0214l_45d812f0-1f51-4512-899d-1367d0b150fh]
[2026-08-17 17:07] 蕭凱文: [Image:img_v3_0214l_94cfef56-7fd7-4799-b1e0-7214bce8acch]
[2026-08-17 17:07] 蕭凱文: [Image:img_v3_0214l_d643b504-abfe-44b0-bf62-c9223c4976eh]
[2026-08-17 17:10] 蕭凱文: @_user_1
[2026-08-17 17:10] 蕭凱文: 4個sku的條碼
[2026-08-17 17:14] 钟晓环: <p>@_user_1 你们是可以直接辨识出这541件，分别有4款sku吗？</p>
[2026-08-17 17:20] 蕭凱文: @_user_1 就是只能按照客戶怎麼貼來辨識
[2026-08-17 17:43] 蕭凱文: @_user_1 搞錯了， 有兩個入庫號的
EB0126081432249664-WI51335976(541 ctns)
EB0126081432249544-WI51257137
EB0126081432249337-WI51257137
[2026-08-17 17:45] 钟晓环: @_user_1 什么意思？  我没明白
[2026-08-17 17:45] 钟晓环: 其他的异常不要混在一起回复我，客户现在已经搞完了
[2026-08-17 17:46] 蕭凱文: @_user_1 因為都放一起 你這入庫單只有四個 我剛好也看到4個 現在跟我說有三個異常號...
[2026-08-17 17:47] 蕭凱文: [Image:img_v3_0214l_f9b8ca1d-acb0-41dd-a681-72f06a98453h]
[2026-08-17 17:47] 钟晓环: EB0126081432249664-WI51335976  -----你只回传我这个入库单对应的541件   补拍几张给我。
[2026-08-17 17:47] 蕭凱文: @_user_1  These two only 1 piece each?
[2026-08-17 17:49] 蕭凱文: @钟晓环 
[Image:img_v3_0214l_0f1d8756-e27a-4cd2-8fe4-2cdadfb220fh]
 那應該沒問題 確實 另一個SKU剩兩件 不關這一整批的 我拍的都在托盤上 整托的
[2026-08-17 17:52] 钟晓环: @_user_1 那没事了，不要把这两个异常单混起来就可以了，因为现在客户处理的是（EB0126081432249664-WI51335976）
EB0126081432249544-WI51257137
EB0126081432249337-WI51257137
[2026-08-17 17:56] 蕭凱文: @_user_1 我知道， 所以才說剛剛可能有說錯...
[2026-08-18 12:24] 孟登科: <p>@_user_1 凯文，我确认下信息哈</p><p>WI51335976-EB0126081432249664，共计541个产品条码无法识别？</p><p></p><p>无法识别的具体原因是啥？客户使用的三方SN码，条码都是已经导入的，异常信息里面也没有反馈条码识别具体什么问题，客户在处理异常的时候有点头疼。</p>
[2026-08-18 13:52] 蕭凱文: @_user_1 好，等等給你
[2026-08-18 14:26] 蕭凱文: @_user_1 說是沒法掃描， 我看現在都可以沒問題了
[2026-08-18 14:27] 孟登科: @_user_1 又可以扫描了是吧，那异常会关闭吗？
[2026-08-18 14:28] 蕭凱文: 不是又，你問看看是不是誰去關連了
[2026-08-18 14:28] 蕭凱文: 異常關閉的話得找下 @_user_1
[2026-08-18 14:30] 蕭凱文: @_user_1 我現在讓人操作上架 搞定跟你說
[2026-08-18 14:30] 孟登科: @_user_1 好的呢，能扫描就行@_user_2 佳志，辛苦看下这异常怎么关
[2026-08-18 14:31] 蕭凱文: [Image:img_v3_0214m_b72effed-eeb8-4e15-99c5-50c9a7ff682h]
 不對 是你這條碼 掃出來沒訊息 你看下異常登記有照片的
[2026-08-18 14:32] 蕭凱文: 正常來說得帶出WINIT 產品碼 M打頭的
[2026-08-18 14:32] 蕭凱文: @_user_1 你再看看
[2026-08-18 14:32] 孟登科: @_user_1 就是这个异常看不懂。他们用的是三方单品化条码，也维护了三方码的
[2026-08-18 14:32] 钟晓环: @蕭凱文 
[Image:img_v3_0214m_67d521c5-b2f9-4341-8929-9f1c515f636g]
[2026-08-18 14:33] 钟晓环: @_user_1 sn码：WA1HMSMLW2607040640  客户系统有导入，对应：M010000000012591892
[2026-08-18 14:33] 蕭凱文: @_user_1 @_user_2 好 那我先讓人試試
[2026-08-18 14:36] Aleksandar Yovkov: [Image:img_v3_0214m_06811f53-28c5-4042-9a4a-c912fbf0b01h]
[2026-08-18 14:37] Aleksandar Yovkov: this is inspections
[2026-08-18 14:38] Aleksandar Yovkov: [Image:img_v3_0214m_f7844836-f97d-4130-8018-cb0e153ed73h]
[2026-08-18 14:39] Aleksandar Yovkov: EB0126081432249544-WI51257137
EB0126081432249337-WI51257137
for this we need VAS with 2 new labels
[2026-08-18 14:40] 蕭凱文: @_user_1 @_user_2 那抱歉啊， 真的眼瞎，他上面明明就是有英文寫不在這些訂單上面
[2026-08-18 14:40] 蕭凱文: [Image:img_v3_0214m_6f6bf4a5-c79f-42d9-8718-08b4c498462h]
[2026-08-18 14:41] 孟登科: @_user_1 实际原因是到仓货物不在订单内？所以扫描会报错？
[2026-08-18 14:41] Aleksandar Yovkov: EB0126081432249664-WI51335976
for this we need VAS which conneckt the thurd part barcode with WI51335976 or maybe anather way
[2026-08-18 14:42] 钟晓环: @_user_1 （EB0126081432249664-WI51335976） 541psc
我们与客户沟通确认，这541件，是另外一个入库单的货物，请问可以帮我们之间上到对应另外一个入库单名下吗？  单号WI51277087
[2026-08-18 14:43] 蕭凱文: <p>@_user_1 那你們不應該是得修改訂單嗎還是提交增值？</p>
[2026-08-18 14:43] 钟晓环: 客户的柜子互相装反拉
[2026-08-18 14:45] 蕭凱文: @_user_1 你去問下產品怎搞， 我沒法直接給你這麼搞
[2026-08-18 14:46] 蕭凱文: @_user_1 抱歉啊， 請忽略上面的@  我還沒進入狀況[捂脸]
[2026-08-18 14:47] 钟晓环: @_user_1   文文，请问（EB0126081432249664-WI51335976） 541psc，实际货物对应的原单是WI51277087，请问怎么提交增值处理，客户想用sn码入库。现在货物是与WI51335976一起到了仓库，所以仓库将异常货物登记在WI51335976名下。
[2026-08-18 15:14] 耿文文: @_user_1 现在最简单的方式提增值做新单上架，上架到正常的入库单上
[2026-08-18 15:15] 钟晓环: @_user_1 新单是下仓内上架，一般这个都要补贴标签，是用winit标签上。
不能使用sn码入库了。
[2026-08-18 15:18] 耿文文: WI51277087  这个原单还是100%A+，走标准增值可以用这个无箱单上@_user_1
[2026-08-18 15:20] 钟晓环: @耿文文 异常没按照标准登记，无法提交标准增值，只能提交非标增值。
仓库将541 ，只登记数量1，
请问下新单，是选择这个类型吗？
[Image:img_v3_0214m_48528741-da9e-4fb9-ac82-62de9c0f0d3g]
[2026-08-18 15:40] 耿文文: [Image:img_v3_0214m_3e04e2e9-f7c8-4637-84b9-91a4699cc13g]
@钟晓环 我记得有这个直接上架  单号填原单入库单
[2026-08-18 15:41] 钟晓环: <p>@_user_1 那直接入库单，是怎么下？</p>
[2026-08-18 15:44] 耿文文: 啥意思@_user_1
[2026-08-18 15:46] 钟晓环: @_user_1 用原单WI51277087  上架的话，请问原单是否要预约个时间段，不然仓库无法卸货吧。
@_user_2  请问100%A+，不预约的话，你们是不是没办法卸货？
[2026-08-18 15:46] 耿文文: 原 入库单下单的时候都没预约的吗？@_user_1   要预约
[2026-08-18 15:47] 钟晓环: @_user_1 两个入库柜子装错了，实际原单WI51277087 没预约，客户以为柜子还在海运上。
[2026-08-18 15:50] 耿文文: 让客户先预约吧   @_user_1
[2026-08-18 18:06] 钟晓环: @耿文文 你给的这个增值方案不支持提交
[Image:img_v3_0214m_8664578f-92bf-402f-b656-08b3e6ac5c9g]
[2026-08-18 18:06] 钟晓环: @_user_1 你能提供权限不校验 入库单属于什么类型吗？
[2026-08-18 18:21] 钟晓环: <p>@_user_1 怎么提交增值，客户要催这批货物上架，他入库单走了增值预约，预约8月18号</p>
[2026-08-18 18:21] 钟晓环: [Image:img_v3_0214m_afc603f7-2a5d-40e1-afc5-05749bd1507g]
[2026-08-18 18:22] 钟晓环: 能提交非标入库特批，处理原单上不？
[2026-08-18 18:26] 钟晓环: @_user_1 哥 这个单增值还没提交，客户为什么就直接预约18号送呀？
[2026-08-18 18:26] 孟登科: @_user_1 这一票是正常的入库单，预约的8月18号
[2026-08-18 18:27] 钟晓环: @_user_1 那她不是说这批对应异常货物541件这个异常单的入库单么？
[2026-08-18 18:27] 耿文文: 我也不知道还有这个校验   @_user_1  那先提非标吧
[2026-08-18 18:27] 钟晓环: @_user_1 这个校验一直有，你们看一下后期能否优化一下
[2026-08-18 18:28] 孟登科: @_user_1 不是的哈
WI51277087、WI51335976这两个单子的货混在了一起
087里面有976的货，976里面有087的货
[2026-08-19 11:50] 钟晓环: @_user_1 
背景：这两个入库单的货物，两个柜子互相货物部分装反了，导致部分的货物无法上，客户现在提交了增值，WI51335976异常货物剩下的货物上到WI51277087入库单名下，然后WI51277087入库单异常货物上到WI51335976名下，按照原单上架扫描sn码，请审核，谢谢
EB0126081432249664 - WI51335976——VASC000000337968 
EB0126081832301348 - WI51277087——VASC000000337947

@_user_2 @_user_3 同步仓库，接受到任务以后，请按照需求里面指示操作货物上到对应入库单名下。
@_user_4 cc
[2026-08-19 13:51] 蕭凱文: @_user_1 我還沒看到有提過來
[2026-08-19 14:19] 耿文文: @_user_1  已审核
[2026-08-19 14:29] 钟晓环: @_user_1 客户确认报价了，增值任务已到仓库了，现在应该可以查看到了
[2026-08-19 14:31] 蕭凱文: 好， 今天給搞定了
[2026-08-19 14:32] 钟晓环: @_user_1 好滴，谢谢~  有什么问题再这里反馈给我，没问题就不用反馈拉",蕭凱文；钟晓环；Aleksandar Yovkov；孟登科；林佳志；耿文文,耿文文,钟晓环；蕭凱文；孟登科；Aleksandar Yovkov；耿文文,om_x100b671ffa8f60a0df9a90a8338312b,,非标；增值；VASC；异常单；异常；EB；入库；贴标；补贴；上架；仓库
370,发货仓入库&增值运营（救火）- IB&VAS,oc_5b8848d27b7b3fa4a10eab865c4f9ffc,2026-08-17,2026-08-17 20:02,2026-09-09 12:09,omt_19e76f114f0f5b9a,未知/系统,入库/仓库异常,未明确,,,,"@_user_1 please check All of these orders arrived on time, but were processed by us at later hours, as there are many incoming orders during these periods. @_user_1 如上这种场景，实际订单订单均按时送达，但由于该时段内涌入的订单数量较多，仓库是在晚些时候才完成处理的，导致产生了 入库异常-直发头程未准时送货 的费用。 提交客服退费，应该提交什么类型的 @...","[2026-08-17 20:02] Vesislava Yovkova: @_user_1 please check
[2026-08-17 21:09] Antonio Dimitrov: All of these orders arrived on time, but were processed by us at later hours, as there are many incoming orders during these periods.
[2026-08-18 19:01] 刘泽雄: @_user_1 如上这种场景，实际订单订单均按时送达，但由于该时段内涌入的订单数量较多，仓库是在晚些时候才完成处理的，导致产生了 入库异常-直发头程未准时送货 的费用。
提交客服退费，应该提交什么类型的
[2026-08-18 19:02] 未知/系统: @提问者 这类场景应该提交 「仓库未及时点到仓导致产生预约违规费」（退费类型及解决方案 序号21）。
核心信息：
- 责任方：仓库
- PD负责人：何榕港（头程产品）
- 退费费用项：1）直发头程未准时送货违规费 2）直发头程未预约违规费
- 审核要求：超1000原币需PD审核
必填信息：
1. 退费类型/客户ID/入库单号/原因
2. 带仓库签收日期的WINIT POD文件（2024/9/9后）
3. 订单预约记录截图
4. 扣费记录截图
@人提醒： 客服退费只@PD审核人何榕港（ou_e31a98420cd635465d2caee20588a91f），不要@升级人。
出处：《退费类型及解决方案》多维表格，查询时间2026-06-11（该退费类型每月602次，是高频标准场景）。
[2026-08-18 19:03] 未知/系统: @刘泽雄 这类场景应该提交 「仓库未及时点到仓导致产生预约违规费」（退费类型及解决方案 序号21）。
核心信息：
- 责任方：仓库
- PD负责人：何榕港（头程产品，ou_e31a98420cd635465d2caee20588a91f）
- 退费费用项：1）直发头程未准时送货违规费 2）直发头程未预约违规费
- 审核要求：超1000原币需PD审核
必填信息：
1. 退费类型/客户ID/入库单号/原因
2. 带仓库签收日期的WINIT POD文件（2024/9/9后）
3. 订单预约记录截图
4. 扣费记录截图
@人提醒：客服退费只@PD审核人何榕港，不要@升级人。
出处：《退费类型及解决方案》多维表格，查询时间2026-06-11（该退费类型每月602次，是高频标准场景）。
[2026-08-18 19:03] 未知/系统: 我注意到刚才的消息里 @提问者 是个占位符文字，不是真的@。让我用正确的飞书@格式重新发。
[2026-08-18 19:03] 未知/系统: 已在群聊里用正确的@格式回复了提问者。核心结论：
退费类型：第21条「仓库未及时点到仓导致产生预约违规费」
- 责任方：仓库
- PD审核人：何榕港（头程产品）
- 退费费用项：直发头程未准时送货违规费 / 直发头程未预约违规费
- 必填信息：退费类型/客户ID/入库单号/原因 + WINIT POD + 预约记录截图 + 扣费记录截图
- 审核阈值：超1000原币需PD审核
出处：《退费类型及解决方案》多维表格，查询时间2026-06-11（该类型每月602次，高频标准场景）。
[2026-09-09 11:48] 陈鑫: @_user_1 迟迟，客户这些订单有申请退费吗？
[2026-09-09 12:07] 刘泽雄: @_user_1 客户无法提供winit的pod签收单，无法提交客服退费申请
[2026-09-09 12:09] 陈鑫: @_user_1 榕港，这些订单仓库已经确认是按时到仓，由于处理其他订单导致系统没有及时更新触发了收费，这种我们也不支持退费吗?",Antonio Dimitrov；小灵通；刘泽雄；陈鑫；何榕港,未知/系统,Vesislava Yovkova；Antonio Dimitrov；刘泽雄；未知/系统；陈鑫,om_x100b671a334b1ca4c3662536a50a07f,,异常；入库；仓库
399,发货仓入库&增值运营（救火）- IB&VAS,oc_5b8848d27b7b3fa4a10eab865c4f9ffc,2026-08-18,2026-08-18 17:11,2026-08-18 17:11,omt_19e1a90c6cce5bef,未知/系统,入库/仓库异常,"时效内催上架\n仓库：DENW3 Warehouse\n入库单号：WI51111784\nWI51392463\n头程类型：自验-直发-海运整柜-40HQ\n包裹条码：B0400000001433252964\nsku：\n救火原因：以上2单8.17已卸货，请帮忙今天安排上架，谢谢""}], [{""tag"": ""button"", ""text"": ""确认受理"", ""type"": ""default""}, {""tag"": ""button"", ""text"": ""确认关闭"", ""type"": ""default""}], [{""tag"": ""hr""}], [{""tag"": ""text"", ""text"": ""来自 ""}, {""tag"": ""a"", ""href"": ""https://winitlink.feishu.cn/base/CBUkbTYbma2NAnsSzZ9cq7Qrnvc?ccm_open_type=im_card_automation_link"", ""text"": ""海外仓入库运营（救火）case管理表""}]]}；上架","16758605Anker Technology (UK) Ltd.-3\n救火类型：时效内催上架\n仓库：DENW3 Warehouse\n入库单号：WI51111784\nWI51392463\n头程类型：自验-直发-海运整柜-40HQ\n包裹条码：B0400000001433252964\nsku：\n救火原因：以上2单8.17已卸货，请帮忙今天安排上架，谢谢""}], [{""tag"": ""button"", ""text"": ""确认受理"", ""type"": ""default""}, {""tag"": ""button"", ""text"": ""确认关闭"", ""type"": ""default""}], [{""tag"": ""hr""}], [{""tag"": ""text"", ""text"": ""来自 ""}, {""tag"": ""a"", ""href"": ""https://winitlink.feishu.cn/base/CBUkbTYbma2NAnsSzZ9cq7Qrnvc?ccm_open_type=im_card_automation_link"", ""text"": ""海外仓入库运营（救火）case管理表""}]]}","DENW3 Warehouse\n入库单号：WI51111784\nWI51392463\n头程类型：自验-直发-海运整柜-40HQ\n包裹条码：B0400000001433252964\nsku：\n救火原因：以上2单8.17已卸货，请帮忙今天安排上架，谢谢""}], [{""tag"": ""button"", ""text"": ""确认受理"", ""type"": ""default""}, {""tag"": ""button"", ""text"": ""确认关闭"", ""type"": ""default""}], [{""tag"": ""hr""}], [{""tag"": ""text"", ""text"": ""来自 ""}, {""tag"": ""a"", ""href"": ""https://winitlink.feishu.cn/base/CBUkbTYbma2NAnsSzZ9cq7Qrnvc?ccm_open_type=im_card_automation_link"", ""text"": ""海外仓入库运营（救火）case管理表""}]]}",WI51111784；WI51392463；B0400000001433252964,"{""title"": ""请关注入库救火case"", ""elements"": [[{""tag"": ""text"", ""text"": ""提交人：""}, {""tag"": ""at"", ""user_id"": ""@_user_1"", ""user_name"": ""徐丽红""}, {""tag"": ""text"", ""text"": ""\n仓库处理人：""}, {""tag"": ""at"", ""user_id"": ""@_user_2"", ""user_name"": ""Mohamad Kazan ""}, {""tag"": ""text"", ""text"": ...","[2026-08-18 17:11] 未知/系统: {""title"": ""请关注入库救火case"", ""elements"": [[{""tag"": ""text"", ""text"": ""提交人：""}, {""tag"": ""at"", ""user_id"": ""@_user_1"", ""user_name"": ""徐丽红""}, {""tag"": ""text"", ""text"": ""\n仓库处理人：""}, {""tag"": ""at"", ""user_id"": ""@_user_2"", ""user_name"": ""Mohamad Kazan ""}, {""tag"": ""text"", ""text"": ""\n质控：""}, {""tag"": ""at"", ""user_id"": ""@_user_3"", ""user_name"": ""林佳志""}, {""tag"": ""text"", ""text"": ""\n客户：16758605Anker Technology (UK) Ltd.-3\n救火类型：时效内催上架\n仓库：DENW3 Warehouse\n入库单号：WI51111784\nWI51392463\n头程类型：自验-直发-海运整柜-40HQ\n包裹条码：B0400000001433252964\nsku：\n救火原因：以上2单8.17已卸货，请帮忙今天安排上架，谢谢""}], [{""tag"": ""button"", ""text"": ""确认受理"", ""type"": ""default""}, {""tag"": ""button"", ""text"": ""确认关闭"", ""type"": ""default""}], [{""tag"": ""hr""}], [{""tag"": ""text"", ""text"": ""来自 ""}, {""tag"": ""a"", ""href"": ""https://winitlink.feishu.cn/base/CBUkbTYbma2NAnsSzZ9cq7Qrnvc?ccm_open_type=im_card_automation_link"", ""text"": ""海外仓入库运营（救火）case管理表""}]]}",徐丽红；Mohamad Kazan ；林佳志,未知/系统,未知/系统,om_x100b6776529920b4c43c3ab5c0d97bc,,入库；上架；包裹条码；仓库；救火
404,发货仓入库&增值运营（救火）- IB&VAS,oc_5b8848d27b7b3fa4a10eab865c4f9ffc,2026-08-18,2026-08-18 17:32,2026-08-18 17:32,omt_19e1ae02924f5b93,未知/系统,入库/仓库异常,"时效内催上架\n仓库：UKTW Warehouse\n入库单号：WI51617107\n头程类型：自验-直发-空派\n包裹条码：B0400000001442281286\nsku：M010000000003962503\n救火原因：卸货时间：2026-08-18，客户有订单着急发，辛苦优先将这个A包裹处理上架，谢谢""}], [{""tag"": ""button"", ""text"": ""确认受理"", ""type"": ""default""}, {""tag"": ""button"", ""text"": ""确认关闭"", ""type"": ""default""}], [{""tag"": ""hr""}], [{""tag"": ""text"", ""text"": ""来自 ""}, {""tag"": ""a"", ""href"": ""https://winitlink.feishu.cn/base/CBUkbTYbma2NAnsSzZ9cq7Qrnvc?ccm_open_type=im_card_automation_link"", ""text"": ""海外仓入库运营（救火）case管理表""}]]}；上架","10006848广州典昂贸易有限公司\n救火类型：时效内催上架\n仓库：UKTW Warehouse\n入库单号：WI51617107\n头程类型：自验-直发-空派\n包裹条码：B0400000001442281286\nsku：M010000000003962503\n救火原因：卸货时间：2026-08-18，客户有订单着急发，辛苦优先将这个A包裹处理上架，谢谢""}], [{""tag"": ""button"", ""text"": ""确认受理"", ""type"": ""default""}, {""tag"": ""button"", ""text"": ""确认关闭"", ""type"": ""default""}], [{""tag"": ""hr""}], [{""tag"": ""text"", ""text"": ""来自 ""}, {""tag"": ""a"", ""href"": ""https://winitlink.feishu.cn/base/CBUkbTYbma2NAnsSzZ9cq7Qrnvc?ccm_open_type=im_card_automation_link"", ""text"": ""海外仓入库运营（救火）case管理表""}]]}","UKTW Warehouse\n入库单号：WI51617107\n头程类型：自验-直发-空派\n包裹条码：B0400000001442281286\nsku：M010000000003962503\n救火原因：卸货时间：2026-08-18，客户有订单着急发，辛苦优先将这个A包裹处理上架，谢谢""}], [{""tag"": ""button"", ""text"": ""确认受理"", ""type"": ""default""}, {""tag"": ""button"", ""text"": ""确认关闭"", ""type"": ""default""}], [{""tag"": ""hr""}], [{""tag"": ""text"", ""text"": ""来自 ""}, {""tag"": ""a"", ""href"": ""https://winitlink.feishu.cn/base/CBUkbTYbma2NAnsSzZ9cq7Qrnvc?ccm_open_type=im_card_automation_link"", ""text"": ""海外仓入库运营（救火）case管理表""}]]}",WI51617107；M010000000003962503；B0400000001442281286,"{""title"": ""请关注入库救火case"", ""elements"": [[{""tag"": ""text"", ""text"": ""提交人：""}, {""tag"": ""at"", ""user_id"": ""@_user_1"", ""user_name"": ""吴秋生""}, {""tag"": ""text"", ""text"": ""\n仓库处理人：""}, {""tag"": ""at"", ""user_id"": ""@_user_2"", ""user_name"": ""王婉清""}, {""tag"": ""text"", ""text"": ""\n质控：""}, {...","[2026-08-18 17:32] 未知/系统: {""title"": ""请关注入库救火case"", ""elements"": [[{""tag"": ""text"", ""text"": ""提交人：""}, {""tag"": ""at"", ""user_id"": ""@_user_1"", ""user_name"": ""吴秋生""}, {""tag"": ""text"", ""text"": ""\n仓库处理人：""}, {""tag"": ""at"", ""user_id"": ""@_user_2"", ""user_name"": ""王婉清""}, {""tag"": ""text"", ""text"": ""\n质控：""}, {""tag"": ""at"", ""user_id"": ""@_user_3"", ""user_name"": ""罗澳""}, {""tag"": ""text"", ""text"": ""\n客户：10006848广州典昂贸易有限公司\n救火类型：时效内催上架\n仓库：UKTW Warehouse\n入库单号：WI51617107\n头程类型：自验-直发-空派\n包裹条码：B0400000001442281286\nsku：M010000000003962503\n救火原因：卸货时间：2026-08-18，客户有订单着急发，辛苦优先将这个A包裹处理上架，谢谢""}], [{""tag"": ""button"", ""text"": ""确认受理"", ""type"": ""default""}, {""tag"": ""button"", ""text"": ""确认关闭"", ""type"": ""default""}], [{""tag"": ""hr""}], [{""tag"": ""text"", ""text"": ""来自 ""}, {""tag"": ""a"", ""href"": ""https://winitlink.feishu.cn/base/CBUkbTYbma2NAnsSzZ9cq7Qrnvc?ccm_open_type=im_card_automation_link"", ""text"": ""海外仓入库运营（救火）case管理表""}]]}",吴秋生；王婉清；罗澳,未知/系统,未知/系统,om_x100b67762276c8a4c3f23f4cf73a834,,入库；上架；包裹条码；仓库；救火
405,发货仓入库&增值运营（救火）- IB&VAS,oc_5b8848d27b7b3fa4a10eab865c4f9ffc,2026-08-18,2026-08-18 18:02,2026-08-18 18:02,omt_19e1a508bc0fda7f,未知/系统,入库/仓库异常,"少包裹确认到仓\n仓库：USGA Warehouse\n入库单号：WI50525283\n头程类型：自验-直发-海运整柜-40HQ\n包裹条码：B0400000001422079625\nB0400000001422080182\nB0400000001422979977\nsku：\n救火原因：8.1号签收的 客户这边是整柜送达 麻烦看看这些有收到吗 谢谢""}], [{""tag"": ""img"", ""image_key"": ""img_v3_0214m_1f1dc351-903b-43f4-8391-af767d1d3acg""}], [{""tag"": ""button"", ""text"": ""确认受理"", ""type"": ""default""}, {""tag"": ""button"", ""text"": ""确认关闭"", ""type"": ""default""}], [{""tag"": ""hr""}], [{""tag"": ""text"", ""text"": ""来自 ""}, {""tag"": ""a"", ""href"": ""https://winitlink.feishu.cn/base/CBUkbTYbma2NAnsSzZ9cq7Qrnvc?ccm_open_type=im_card_automation_link"", ""text"": ""海外仓入库运营（救火）case管理表""}]]}","17792735华佩贸易（上海）有限公司\n救火类型：少包裹确认到仓\n仓库：USGA Warehouse\n入库单号：WI50525283\n头程类型：自验-直发-海运整柜-40HQ\n包裹条码：B0400000001422079625\nB0400000001422080182\nB0400000001422979977\nsku：\n救火原因：8.1号签收的 客户这边是整柜送达 麻烦看看这些有收到吗 谢谢""}], [{""tag"": ""img"", ""image_key"": ""img_v3_0214m_1f1dc351-903b-43f4-8391-af767d1d3acg""}], [{""tag"": ""button"", ""text"": ""确认受理"", ""type"": ""default""}, {""tag"": ""button"", ""text"": ""确认关闭"", ""type"": ""default""}], [{""tag"": ""hr""}], [{""tag"": ""text"", ""text"": ""来自 ""}, {""tag"": ""a"", ""href"": ""https://winitlink.feishu.cn/base/CBUkbTYbma2NAnsSzZ9cq7Qrnvc?ccm_open_type=im_card_automation_link"", ""text"": ""海外仓入库运营（救火）case管理表""}]]}","USGA Warehouse\n入库单号：WI50525283\n头程类型：自验-直发-海运整柜-40HQ\n包裹条码：B0400000001422079625\nB0400000001422080182\nB0400000001422979977\nsku：\n救火原因：8.1号签收的 客户这边是整柜送达 麻烦看看这些有收到吗 谢谢""}], [{""tag"": ""img"", ""image_key"": ""img_v3_0214m_1f1dc351-903b-43f4-8391-af767d1d3acg""}], [{""tag"": ""button"", ""text"": ""确认受理"", ""type"": ""default""}, {""tag"": ""button"", ""text"": ""确认关闭"", ""type"": ""default""}], [{""tag"": ""hr""}], [{""tag"": ""text"", ""text"": ""来自 ""}, {""tag"": ""a"", ""href"": ""https://winitlink.feishu.cn/base/CBUkbTYbma2NAnsSzZ9cq7Qrnvc?ccm_open_type=im_card_automation_link"", ""text"": ""海外仓入库运营（救火）case管理表""}]]}",WI50525283；B0400000001422079625；B0400000001422080182；B0400000001422979977,"{""title"": ""请关注入库救火case"", ""elements"": [[{""tag"": ""text"", ""text"": ""提交人：""}, {""tag"": ""at"", ""user_id"": ""@_user_1"", ""user_name"": ""朱美霖""}, {""tag"": ""text"", ""text"": ""\n仓库处理人：""}, {""tag"": ""at"", ""user_id"": ""@_user_2"", ""user_name"": ""Boris Dong""}, {""tag"": ""text"", ""text"": "",""}...","[2026-08-18 18:02] 未知/系统: {""title"": ""请关注入库救火case"", ""elements"": [[{""tag"": ""text"", ""text"": ""提交人：""}, {""tag"": ""at"", ""user_id"": ""@_user_1"", ""user_name"": ""朱美霖""}, {""tag"": ""text"", ""text"": ""\n仓库处理人：""}, {""tag"": ""at"", ""user_id"": ""@_user_2"", ""user_name"": ""Boris Dong""}, {""tag"": ""text"", ""text"": "",""}, {""tag"": ""at"", ""user_id"": ""@_user_3"", ""user_name"": ""Jianan Sun""}, {""tag"": ""text"", ""text"": ""\n质控：""}, {""tag"": ""at"", ""user_id"": ""@_user_4"", ""user_name"": ""王鑫隆""}, {""tag"": ""text"", ""text"": "",""}, {""tag"": ""at"", ""user_id"": ""@_user_5"", ""user_name"": ""廖丹""}, {""tag"": ""text"", ""text"": ""\n客户：17792735华佩贸易（上海）有限公司\n救火类型：少包裹确认到仓\n仓库：USGA Warehouse\n入库单号：WI50525283\n头程类型：自验-直发-海运整柜-40HQ\n包裹条码：B0400000001422079625\nB0400000001422080182\nB0400000001422979977\nsku：\n救火原因：8.1号签收的 客户这边是整柜送达 麻烦看看这些有收到吗 谢谢""}], [{""tag"": ""img"", ""image_key"": ""img_v3_0214m_1f1dc351-903b-43f4-8391-af767d1d3acg""}], [{""tag"": ""button"", ""text"": ""确认受理"", ""type"": ""default""}, {""tag"": ""button"", ""text"": ""确认关闭"", ""type"": ""default""}], [{""tag"": ""hr""}], [{""tag"": ""text"", ""text"": ""来自 ""}, {""tag"": ""a"", ""href"": ""https://winitlink.feishu.cn/base/CBUkbTYbma2NAnsSzZ9cq7Qrnvc?ccm_open_type=im_card_automation_link"", ""text"": ""海外仓入库运营（救火）case管理表""}]]}",朱美霖；Boris Dong；Jianan Sun；王鑫隆；廖丹,未知/系统,未知/系统,om_x100b677692d42cacdd33fa573f890bb,,入库；包裹条码；仓库；救火
406,发货仓入库&增值运营（救火）- IB&VAS,oc_5b8848d27b7b3fa4a10eab865c4f9ffc,2026-08-18,2026-08-18 18:05,2026-08-18 18:05,omt_19e1a6b0ba8f5b9f,未知/系统,入库/仓库异常,"时效内催上架\n仓库：USGA Warehouse\n入库单号：WI49794218\n头程类型：自验 直发 整柜\n包裹条码：B0400000001408917647等\nsku：M010000000010585580\n救火原因：M010000000010585580 今天优先安排上架""}], [{""tag"": ""button"", ""text"": ""确认受理"", ""type"": ""default""}, {""tag"": ""button"", ""text"": ""确认关闭"", ""type"": ""default""}], [{""tag"": ""hr""}], [{""tag"": ""text"", ""text"": ""来自 ""}, {""tag"": ""a"", ""href"": ""https://winitlink.feishu.cn/base/CBUkbTYbma2NAnsSzZ9cq7Qrnvc?ccm_open_type=im_card_automation_link"", ""text"": ""海外仓入库运营（救火）case管理表""}]]}；上架","17572367香港四权贸易集团有限公司\n救火类型：时效内催上架\n仓库：USGA Warehouse\n入库单号：WI49794218\n头程类型：自验 直发 整柜\n包裹条码：B0400000001408917647等\nsku：M010000000010585580\n救火原因：M010000000010585580 今天优先安排上架""}], [{""tag"": ""button"", ""text"": ""确认受理"", ""type"": ""default""}, {""tag"": ""button"", ""text"": ""确认关闭"", ""type"": ""default""}], [{""tag"": ""hr""}], [{""tag"": ""text"", ""text"": ""来自 ""}, {""tag"": ""a"", ""href"": ""https://winitlink.feishu.cn/base/CBUkbTYbma2NAnsSzZ9cq7Qrnvc?ccm_open_type=im_card_automation_link"", ""text"": ""海外仓入库运营（救火）case管理表""}]]}","USGA Warehouse\n入库单号：WI49794218\n头程类型：自验 直发 整柜\n包裹条码：B0400000001408917647等\nsku：M010000000010585580\n救火原因：M010000000010585580 今天优先安排上架""}], [{""tag"": ""button"", ""text"": ""确认受理"", ""type"": ""default""}, {""tag"": ""button"", ""text"": ""确认关闭"", ""type"": ""default""}], [{""tag"": ""hr""}], [{""tag"": ""text"", ""text"": ""来自 ""}, {""tag"": ""a"", ""href"": ""https://winitlink.feishu.cn/base/CBUkbTYbma2NAnsSzZ9cq7Qrnvc?ccm_open_type=im_card_automation_link"", ""text"": ""海外仓入库运营（救火）case管理表""}]]}",WI49794218；M010000000010585580；B0400000001408917647,"{""title"": ""请关注入库救火case"", ""elements"": [[{""tag"": ""text"", ""text"": ""提交人：""}, {""tag"": ""at"", ""user_id"": ""@_user_1"", ""user_name"": ""杜春霖""}, {""tag"": ""text"", ""text"": ""\n仓库处理人：""}, {""tag"": ""at"", ""user_id"": ""@_user_2"", ""user_name"": ""Boris Dong""}, {""tag"": ""text"", ""text"": "",""}...","[2026-08-18 18:05] 未知/系统: {""title"": ""请关注入库救火case"", ""elements"": [[{""tag"": ""text"", ""text"": ""提交人：""}, {""tag"": ""at"", ""user_id"": ""@_user_1"", ""user_name"": ""杜春霖""}, {""tag"": ""text"", ""text"": ""\n仓库处理人：""}, {""tag"": ""at"", ""user_id"": ""@_user_2"", ""user_name"": ""Boris Dong""}, {""tag"": ""text"", ""text"": "",""}, {""tag"": ""at"", ""user_id"": ""@_user_3"", ""user_name"": ""Jianan Sun""}, {""tag"": ""text"", ""text"": ""\n质控：""}, {""tag"": ""at"", ""user_id"": ""@_user_4"", ""user_name"": ""王鑫隆""}, {""tag"": ""text"", ""text"": "",""}, {""tag"": ""at"", ""user_id"": ""@_user_5"", ""user_name"": ""廖丹""}, {""tag"": ""text"", ""text"": ""\n客户：17572367香港四权贸易集团有限公司\n救火类型：时效内催上架\n仓库：USGA Warehouse\n入库单号：WI49794218\n头程类型：自验 直发 整柜\n包裹条码：B0400000001408917647等\nsku：M010000000010585580\n救火原因：M010000000010585580 今天优先安排上架""}], [{""tag"": ""button"", ""text"": ""确认受理"", ""type"": ""default""}, {""tag"": ""button"", ""text"": ""确认关闭"", ""type"": ""default""}], [{""tag"": ""hr""}], [{""tag"": ""text"", ""text"": ""来自 ""}, {""tag"": ""a"", ""href"": ""https://winitlink.feishu.cn/base/CBUkbTYbma2NAnsSzZ9cq7Qrnvc?ccm_open_type=im_card_automation_link"", ""text"": ""海外仓入库运营（救火）case管理表""}]]}",杜春霖；Boris Dong；Jianan Sun；王鑫隆；廖丹,未知/系统,未知/系统,om_x100b6776a95444a4c33a60c98ef74aa,,入库；上架；包裹条码；仓库；救火
409,发货仓入库&增值运营（救火）- IB&VAS,oc_5b8848d27b7b3fa4a10eab865c4f9ffc,2026-08-18,2026-08-18 18:58,2026-08-18 18:58,omt_19e1b22d06cf1c9e,未知/系统,入库/仓库异常,"少包裹确认到仓\n仓库：USGA Warehouse\n入库单号：WI50751600\n头程类型：海外验-Winit承运-港提派\n包裹条码：B0400000001426278821\nsku：M010000000008320018\nM010000000008319964\nM010000000008545167\n救火原因：柜号： MRSU2856482\n112013372C 预收20 实收19 少1件\n112012172C 预收10 预收6  少4件\n111872281C 预收35 实收34 少1件\n麻烦看下是不是有异常漏登记的，谢谢""}], [{""tag"": ""img"", ""image_key"": ""img_v3_0214m_556c1de1-6bfa-4e3a-99a9-d0307dd1c13g""}], [{""tag"": ""button"", ""text"": ""确认受理"", ""type"": ""default""}, {""tag"": ""button"", ""text"": ""确认关闭"", ""type"": ""default""}], [{""tag"": ""hr""}], [{""tag"": ""text"", ""text"": ""来自 ""}, {""tag"": ""a"", ""href"": ""https://winitlink.feishu.cn/base/CBUkbTYbma2NAnsSzZ9cq7Qrnvc?ccm_open_type=im_card_automation_link"", ""text"": ""海外仓入库运营（救火）case管理表""}]]}","19104098RED NOW LIMITED\n救火类型：少包裹确认到仓\n仓库：USGA Warehouse\n入库单号：WI50751600\n头程类型：海外验-Winit承运-港提派\n包裹条码：B0400000001426278821\nsku：M010000000008320018\nM010000000008319964\nM010000000008545167\n救火原因：柜号： MRSU2856482\n112013372C 预收20 实收19 少1件\n112012172C 预收10 预收6  少4件\n111872281C 预收35 实收34 少1件\n麻烦看下是不是有异常漏登记的，谢谢""}], [{""tag"": ""img"", ""image_key"": ""img_v3_0214m_556c1de1-6bfa-4e3a-99a9-d0307dd1c13g""}], [{""tag"": ""button"", ""text"": ""确认受理"", ""type"": ""default""}, {""tag"": ""button"", ""text"": ""确认关闭"", ""type"": ""default""}], [{""tag"": ""hr""}], [{""tag"": ""text"", ""text"": ""来自 ""}, {""tag"": ""a"", ""href"": ""https://winitlink.feishu.cn/base/CBUkbTYbma2NAnsSzZ9cq7Qrnvc?ccm_open_type=im_card_automation_link"", ""text"": ""海外仓入库运营（救火）case管理表""}]]}","USGA Warehouse\n入库单号：WI50751600\n头程类型：海外验-Winit承运-港提派\n包裹条码：B0400000001426278821\nsku：M010000000008320018\nM010000000008319964\nM010000000008545167\n救火原因：柜号： MRSU2856482\n112013372C 预收20 实收19 少1件\n112012172C 预收10 预收6  少4件\n111872281C 预收35 实收34 少1件\n麻烦看下是不是有异常漏登记的，谢谢""}], [{""tag"": ""img"", ""image_key"": ""img_v3_0214m_556c1de1-6bfa-4e3a-99a9-d0307dd1c13g""}], [{""tag"": ""button"", ""text"": ""确认受理"", ""type"": ""default""}, {""tag"": ""button"", ""text"": ""确认关闭"", ""type"": ""default""}], [{""tag"": ""hr""}], [{""tag"": ""text"", ""text"": ""来自 ""}, {""tag"": ""a"", ""href"": ""https://winitlink.feishu.cn/base/CBUkbTYbma2NAnsSzZ9cq7Qrnvc?ccm_open_type=im_card_automation_link"", ""text"": ""海外仓入库运营（救火）case管理表""}]]}",WI50751600；M010000000008320018；M010000000008319964；M010000000008545167；B0400000001426278821,"{""title"": ""请关注入库救火case"", ""elements"": [[{""tag"": ""text"", ""text"": ""提交人：""}, {""tag"": ""at"", ""user_id"": ""@_user_1"", ""user_name"": ""刘佳""}, {""tag"": ""text"", ""text"": ""\n仓库处理人：""}, {""tag"": ""at"", ""user_id"": ""@_user_2"", ""user_name"": ""Boris Dong""}, {""tag"": ""text"", ""text"": "",""},...","[2026-08-18 18:58] 未知/系统: {""title"": ""请关注入库救火case"", ""elements"": [[{""tag"": ""text"", ""text"": ""提交人：""}, {""tag"": ""at"", ""user_id"": ""@_user_1"", ""user_name"": ""刘佳""}, {""tag"": ""text"", ""text"": ""\n仓库处理人：""}, {""tag"": ""at"", ""user_id"": ""@_user_2"", ""user_name"": ""Boris Dong""}, {""tag"": ""text"", ""text"": "",""}, {""tag"": ""at"", ""user_id"": ""@_user_3"", ""user_name"": ""Jianan Sun""}, {""tag"": ""text"", ""text"": ""\n质控：""}, {""tag"": ""at"", ""user_id"": ""@_user_4"", ""user_name"": ""王鑫隆""}, {""tag"": ""text"", ""text"": "",""}, {""tag"": ""at"", ""user_id"": ""@_user_5"", ""user_name"": ""廖丹""}, {""tag"": ""text"", ""text"": ""\n客户：19104098RED NOW LIMITED\n救火类型：少包裹确认到仓\n仓库：USGA Warehouse\n入库单号：WI50751600\n头程类型：海外验-Winit承运-港提派\n包裹条码：B0400000001426278821\nsku：M010000000008320018\nM010000000008319964\nM010000000008545167\n救火原因：柜号： MRSU2856482\n112013372C 预收20 实收19 少1件\n112012172C 预收10 预收6  少4件\n111872281C 预收35 实收34 少1件\n麻烦看下是不是有异常漏登记的，谢谢""}], [{""tag"": ""img"", ""image_key"": ""img_v3_0214m_556c1de1-6bfa-4e3a-99a9-d0307dd1c13g""}], [{""tag"": ""button"", ""text"": ""确认受理"", ""type"": ""default""}, {""tag"": ""button"", ""text"": ""确认关闭"", ""type"": ""default""}], [{""tag"": ""hr""}], [{""tag"": ""text"", ""text"": ""来自 ""}, {""tag"": ""a"", ""href"": ""https://winitlink.feishu.cn/base/CBUkbTYbma2NAnsSzZ9cq7Qrnvc?ccm_open_type=im_card_automation_link"", ""text"": ""海外仓入库运营（救火）case管理表""}]]}",刘佳；Boris Dong；Jianan Sun；王鑫隆；廖丹,未知/系统,未知/系统,om_x100b6777e08f80a0b32c9ff5b4ae74e,,异常；入库；包裹条码；仓库；救火
410,发货仓入库&增值运营（救火）- IB&VAS,oc_5b8848d27b7b3fa4a10eab865c4f9ffc,2026-08-18,2026-08-18 19:52,2026-08-20 14:02,omt_19e1b662e356dbb3,未知/系统,入库/仓库异常,贴标；上架,,,EB0126080732081367；EB0126080732069745；EB0126080732069652；EB0126080732069622；EB0126080732069535；EB0126080732069532；EB0126080732069280；EB0126080732069043；EB0126080732068740；EB0126080732068620；EB0126080732068599；EB0126080732068506；EB0126080732068503；EB0126080732068287；EB0126080732049555；EB0126080732049411；EB0126080732049369；EB0126080732049363；EB0126080732049360；EB0126080732049303；EB0126080732049264；EB0126080732048496；EB0126080732048493；EB0126080732048415；EB0126080732047077；EB0126080632046930；EB0126080632046924；EB0126080632046411；EB0126080632046108；EB0126080632046018；EB0126080632046021；EB0126080632045958；EB0126080632045190；EB0126080632044539；EB0126080632043357；EB0126080632042895；EB0126080632042541；WI51698370；B0126080732081367；B0126080732069745；B0126080732069652；B0126080732069622；B0126080732069535；B0126080732069532；B0126080732069280；B0126080732069043；B0126080732068740；B0126080732068620；B0126080732068599；B0126080732068506；B0126080732068503；B0126080732068287；B0126080732049555；B0126080732049411；B0126080732049369；B0126080732049363；B0126080732049360；B0126080732049303；B0126080732049264；B0126080732048496；B0126080732048493；B0126080732048415；B0126080732047077；B0126080632046930；B0126080632046924；B0126080632046411；B0126080632046108；B0126080632046018；B0126080632046021；B0126080632045958；B0126080632045190；B0126080632044539；B0126080632043357；B0126080632042895；B0126080632042541,"@_user_1 [Image:img_v3_0214m_7d61511b-4d15-4dae-995b-81099e5138ah] 50 b code labels, 50 putaway @_user_1 但是实物应该有87箱吧，现在货物还在异常区吗，能否找出来贴标上架？ @_user_1 文文，客户说这个包裹标签文件不是他上传的，是你审核的时候漏传了吗 [File:Order - 2026-08-19T120527.139.pdf] @_user_1 应该是我只导出了第一页的包裹条码 @_user_2 @_u...","[2026-08-18 19:52] Aleksandar Yovkov: @_user_1
[2026-08-18 20:31] 张凡: [Image:img_v3_0214m_7d61511b-4d15-4dae-995b-81099e5138ah]
50 b code labels, 50 putaway
[2026-08-19 11:15] 陈志颖: @_user_1 但是实物应该有87箱吧，现在货物还在异常区吗，能否找出来贴标上架？
[2026-08-19 11:28] 陈志颖: @_user_1 文文，客户说这个包裹标签文件不是他上传的，是你审核的时候漏传了吗
[2026-08-19 12:06] 耿文文: [File:Order - 2026-08-19T120527.139.pdf]
[2026-08-19 12:07] 耿文文: @_user_1 应该是我只导出了第一页的包裹条码  
@_user_2 @_user_3 全部包裹码见上，麻烦看看能否接着做？
[2026-08-19 14:06] 张凡: pls send us the EB not putaway finsih, we need searching them
[2026-08-19 14:49] 陈志颖: @_user_1 EB0126080732081367
EB0126080732069745
EB0126080732069652
EB0126080732069622
EB0126080732069535
EB0126080732069532
EB0126080732069280
EB0126080732069043
EB0126080732068740
EB0126080732068620
EB0126080732068599
EB0126080732068506
EB0126080732068503
EB0126080732068287
EB0126080732049555
EB0126080732049411
EB0126080732049369
EB0126080732049363
EB0126080732049360
EB0126080732049303
EB0126080732049264
EB0126080732048496
EB0126080732048493
EB0126080732048415
EB0126080732047077
EB0126080632046930
EB0126080632046924
EB0126080632046411
EB0126080632046108
EB0126080632046018
EB0126080632046021
EB0126080632045958
EB0126080632045190
EB0126080632044539
EB0126080632043357
EB0126080632042895
EB0126080632042541
[2026-08-19 22:46] 张凡: already all putaway to LX box , later will be all putaway in AGV
[2026-08-20 13:59] 陈志颖: @张凡 WI51698370还剩2箱，请今天完成上架
[Image:img_v3_0214o_c03d571d-8283-4acb-97dd-7ace66c47d5g]
[2026-08-20 14:02] 张凡: [Image:img_v3_0214o_92f53f49-66a4-423a-8efb-692250248b1h]
[2026-08-20 14:02] 张凡: [Image:img_v3_0214o_7d09ca3c-7129-4290-9a9b-be652cba845h]
[2026-08-20 14:02] 张凡: all item from this WI already all putaway",张凡；耿文文；陈志颖；Aleksandar Yovkov,耿文文,Aleksandar Yovkov；张凡；陈志颖；耿文文,om_x100b6777a471d93cc1fea4eb0886d6b,,异常；EB；贴标；上架；包裹条码
412,发货仓入库&增值运营（救火）- IB&VAS,oc_5b8848d27b7b3fa4a10eab865c4f9ffc,2026-08-18,2026-08-18 19:41,2026-08-18 19:41,omt_19e1cc25ad8f5caf,未知/系统,入库/仓库异常,"时效内催上架\n仓库：USGA Warehouse\n入库单号：WI51708427\n头程类型：海外验-直发-海卡\n包裹条码：B0400000001444080166\nsku：M010000000008187436\nM010000000009628578\n救火原因：客户两个SKU客户缺货严重，帮忙优先上架下，已经卸货部分货物了，谢谢""}], [{""tag"": ""button"", ""text"": ""确认受理"", ""type"": ""default""}, {""tag"": ""button"", ""text"": ""确认关闭"", ""type"": ""default""}], [{""tag"": ""hr""}], [{""tag"": ""text"", ""text"": ""来自 ""}, {""tag"": ""a"", ""href"": ""https://winitlink.feishu.cn/base/CBUkbTYbma2NAnsSzZ9cq7Qrnvc?ccm_open_type=im_card_automation_link"", ""text"": ""海外仓入库运营（救火）case管理表""}]]}；上架","18870935YAT USA,Inc.\n救火类型：时效内催上架\n仓库：USGA Warehouse\n入库单号：WI51708427\n头程类型：海外验-直发-海卡\n包裹条码：B0400000001444080166\nsku：M010000000008187436\nM010000000009628578\n救火原因：客户两个SKU客户缺货严重，帮忙优先上架下，已经卸货部分货物了，谢谢""}], [{""tag"": ""button"", ""text"": ""确认受理"", ""type"": ""default""}, {""tag"": ""button"", ""text"": ""确认关闭"", ""type"": ""default""}], [{""tag"": ""hr""}], [{""tag"": ""text"", ""text"": ""来自 ""}, {""tag"": ""a"", ""href"": ""https://winitlink.feishu.cn/base/CBUkbTYbma2NAnsSzZ9cq7Qrnvc?ccm_open_type=im_card_automation_link"", ""text"": ""海外仓入库运营（救火）case管理表""}]]}","USGA Warehouse\n入库单号：WI51708427\n头程类型：海外验-直发-海卡\n包裹条码：B0400000001444080166\nsku：M010000000008187436\nM010000000009628578\n救火原因：客户两个SKU客户缺货严重，帮忙优先上架下，已经卸货部分货物了，谢谢""}], [{""tag"": ""button"", ""text"": ""确认受理"", ""type"": ""default""}, {""tag"": ""button"", ""text"": ""确认关闭"", ""type"": ""default""}], [{""tag"": ""hr""}], [{""tag"": ""text"", ""text"": ""来自 ""}, {""tag"": ""a"", ""href"": ""https://winitlink.feishu.cn/base/CBUkbTYbma2NAnsSzZ9cq7Qrnvc?ccm_open_type=im_card_automation_link"", ""text"": ""海外仓入库运营（救火）case管理表""}]]}",WI51708427；M010000000008187436；M010000000009628578；B0400000001444080166,"{""title"": ""请关注入库救火case"", ""elements"": [[{""tag"": ""text"", ""text"": ""提交人：""}, {""tag"": ""at"", ""user_id"": ""@_user_1"", ""user_name"": ""袁帅""}, {""tag"": ""text"", ""text"": ""\n仓库处理人：""}, {""tag"": ""at"", ""user_id"": ""@_user_2"", ""user_name"": ""Boris Dong""}, {""tag"": ""text"", ""text"": "",""},...","[2026-08-18 19:41] 未知/系统: {""title"": ""请关注入库救火case"", ""elements"": [[{""tag"": ""text"", ""text"": ""提交人：""}, {""tag"": ""at"", ""user_id"": ""@_user_1"", ""user_name"": ""袁帅""}, {""tag"": ""text"", ""text"": ""\n仓库处理人：""}, {""tag"": ""at"", ""user_id"": ""@_user_2"", ""user_name"": ""Boris Dong""}, {""tag"": ""text"", ""text"": "",""}, {""tag"": ""at"", ""user_id"": ""@_user_3"", ""user_name"": ""Jianan Sun""}, {""tag"": ""text"", ""text"": ""\n质控：""}, {""tag"": ""at"", ""user_id"": ""@_user_4"", ""user_name"": ""王鑫隆""}, {""tag"": ""text"", ""text"": "",""}, {""tag"": ""at"", ""user_id"": ""@_user_5"", ""user_name"": ""廖丹""}, {""tag"": ""text"", ""text"": ""\n客户：18870935YAT USA,Inc.\n救火类型：时效内催上架\n仓库：USGA Warehouse\n入库单号：WI51708427\n头程类型：海外验-直发-海卡\n包裹条码：B0400000001444080166\nsku：M010000000008187436\nM010000000009628578\n救火原因：客户两个SKU客户缺货严重，帮忙优先上架下，已经卸货部分货物了，谢谢""}], [{""tag"": ""button"", ""text"": ""确认受理"", ""type"": ""default""}, {""tag"": ""button"", ""text"": ""确认关闭"", ""type"": ""default""}], [{""tag"": ""hr""}], [{""tag"": ""text"", ""text"": ""来自 ""}, {""tag"": ""a"", ""href"": ""https://winitlink.feishu.cn/base/CBUkbTYbma2NAnsSzZ9cq7Qrnvc?ccm_open_type=im_card_automation_link"", ""text"": ""海外仓入库运营（救火）case管理表""}]]}",袁帅；Boris Dong；Jianan Sun；王鑫隆；廖丹,未知/系统,未知/系统,om_x100b6770000534a4b0301ae4b22cf2a,,入库；上架；包裹条码；仓库；救火
416,发货仓入库&增值运营（救火）- IB&VAS,oc_5b8848d27b7b3fa4a10eab865c4f9ffc,2026-08-19,2026-08-19 09:54,2026-08-19 09:54,omt_19e0843bad0e9a7d,未知/系统,入库/仓库异常,"时效内催上架\n仓库：USGA Warehouse\n入库单号： WI49782185\n头程类型：客户自验货-Winit承运-港提派\n包裹条码：B0400000001408693854\nB0400000001408693863\nB0400000001408693871\nB0400000001408693880\nB0400000001408693890\nB0400000001408693908\nB0400000001408693917\nB0400000001408693924等\nsku： M010000000009417389/M010000000007351774\n救火原因： M010000000009417389/M010000000007351774   查看所有的包裹都已经卸货了\n客户说这两个SKU 比较着急\n可以的话帮忙操作下上架吧，谢谢""}], [{""tag"": ""button"", ""text"": ""确认受理"", ""type"": ""default""}, {""tag"": ""button"", ""text"": ""确认关闭"", ""type"": ""default""}], [{""tag"": ""hr""}], [{""tag"": ""text"", ""text"": ""来自 ""}, {""tag"": ""a"", ""href"": ""https://winitlink.feishu.cn/base/CBUkbTYbma2NAnsSzZ9cq7Qrnvc?ccm_open_type=im_card_automation_link"", ""text"": ""海外仓入库运营（救火）case管理表""}]]}；上架","18888729洛阳鑫锐创品贸易有限公司\n救火类型：时效内催上架\n仓库：USGA Warehouse\n入库单号： WI49782185\n头程类型：客户自验货-Winit承运-港提派\n包裹条码：B0400000001408693854\nB0400000001408693863\nB0400000001408693871\nB0400000001408693880\nB0400000001408693890\nB0400000001408693908\nB0400000001408693917\nB0400000001408693924等\nsku： M010000000009417389/M010000000007351774\n救火原因： M010000000009417389/M010000000007351774   查看所有的包裹都已经卸货了\n客户说这两个SKU 比较着急\n可以的话帮忙操作下上架吧，谢谢""}], [{""tag"": ""button"", ""text"": ""确认受理"", ""type"": ""default""}, {""tag"": ""button"", ""text"": ""确认关闭"", ""type"": ""default""}], [{""tag"": ""hr""}], [{""tag"": ""text"", ""text"": ""来自 ""}, {""tag"": ""a"", ""href"": ""https://winitlink.feishu.cn/base/CBUkbTYbma2NAnsSzZ9cq7Qrnvc?ccm_open_type=im_card_automation_link"", ""text"": ""海外仓入库运营（救火）case管理表""}]]}","USGA Warehouse\n入库单号： WI49782185\n头程类型：客户自验货-Winit承运-港提派\n包裹条码：B0400000001408693854\nB0400000001408693863\nB0400000001408693871\nB0400000001408693880\nB0400000001408693890\nB0400000001408693908\nB0400000001408693917\nB0400000001408693924等\nsku： M010000000009417389/M010000000007351774\n救火原因： M010000000009417389/M010000000007351774   查看所有的包裹都已经卸货了\n客户说这两个SKU 比较着急\n可以的话帮忙操作下上架吧，谢谢""}], [{""tag"": ""button"", ""text"": ""确认受理"", ""type"": ""default""}, {""tag"": ""button"", ""text"": ""确认关闭"", ""type"": ""default""}], [{""tag"": ""hr""}], [{""tag"": ""text"", ""text"": ""来自 ""}, {""tag"": ""a"", ""href"": ""https://winitlink.feishu.cn/base/CBUkbTYbma2NAnsSzZ9cq7Qrnvc?ccm_open_type=im_card_automation_link"", ""text"": ""海外仓入库运营（救火）case管理表""}]]}",WI49782185；M010000000009417389；M010000000007351774；B0400000001408693854；B0400000001408693863；B0400000001408693871；B0400000001408693880；B0400000001408693890；B0400000001408693908；B0400000001408693917；B0400000001408693924,"{""title"": ""请关注入库救火case"", ""elements"": [[{""tag"": ""text"", ""text"": ""提交人：""}, {""tag"": ""at"", ""user_id"": ""@_user_1"", ""user_name"": ""吴洁玲""}, {""tag"": ""text"", ""text"": ""\n仓库处理人：""}, {""tag"": ""at"", ""user_id"": ""@_user_2"", ""user_name"": ""Boris Dong""}, {""tag"": ""text"", ""text"": "",""}...","[2026-08-19 09:54] 未知/系统: {""title"": ""请关注入库救火case"", ""elements"": [[{""tag"": ""text"", ""text"": ""提交人：""}, {""tag"": ""at"", ""user_id"": ""@_user_1"", ""user_name"": ""吴洁玲""}, {""tag"": ""text"", ""text"": ""\n仓库处理人：""}, {""tag"": ""at"", ""user_id"": ""@_user_2"", ""user_name"": ""Boris Dong""}, {""tag"": ""text"", ""text"": "",""}, {""tag"": ""at"", ""user_id"": ""@_user_3"", ""user_name"": ""Jianan Sun""}, {""tag"": ""text"", ""text"": ""\n质控：""}, {""tag"": ""at"", ""user_id"": ""@_user_4"", ""user_name"": ""王鑫隆""}, {""tag"": ""text"", ""text"": "",""}, {""tag"": ""at"", ""user_id"": ""@_user_5"", ""user_name"": ""廖丹""}, {""tag"": ""text"", ""text"": ""\n客户：18888729洛阳鑫锐创品贸易有限公司\n救火类型：时效内催上架\n仓库：USGA Warehouse\n入库单号： WI49782185\n头程类型：客户自验货-Winit承运-港提派\n包裹条码：B0400000001408693854\nB0400000001408693863\nB0400000001408693871\nB0400000001408693880\nB0400000001408693890\nB0400000001408693908\nB0400000001408693917\nB0400000001408693924等\nsku： M010000000009417389/M010000000007351774\n救火原因： M010000000009417389/M010000000007351774   查看所有的包裹都已经卸货了\n客户说这两个SKU 比较着急\n可以的话帮忙操作下上架吧，谢谢""}], [{""tag"": ""button"", ""text"": ""确认受理"", ""type"": ""default""}, {""tag"": ""button"", ""text"": ""确认关闭"", ""type"": ""default""}], [{""tag"": ""hr""}], [{""tag"": ""text"", ""text"": ""来自 ""}, {""tag"": ""a"", ""href"": ""https://winitlink.feishu.cn/base/CBUkbTYbma2NAnsSzZ9cq7Qrnvc?ccm_open_type=im_card_automation_link"", ""text"": ""海外仓入库运营（救火）case管理表""}]]}",吴洁玲；Boris Dong；Jianan Sun；王鑫隆；廖丹,未知/系统,未知/系统,om_x100b676481e53cb8dd13ca56cfbf65b,,入库；上架；包裹条码；仓库；救火
419,发货仓入库&增值运营（救火）- IB&VAS,oc_5b8848d27b7b3fa4a10eab865c4f9ffc,2026-08-19,2026-08-19 10:13,2026-08-19 10:13,omt_19e099f1c90f5c86,未知/系统,非标增值,"增值单\n仓库：USGA Warehouse\n入库单号：VASC000000317112\n头程类型：1\n包裹条码：\nsku：\n救火原因：增值：入库-覆盖包裹标签\n分批送仓的货物8.17已经送仓，增值已经超时，帮尽快完成增值处理上架的，谢谢""}], [{""tag"": ""button"", ""text"": ""确认受理"", ""type"": ""default""}, {""tag"": ""button"", ""text"": ""确认关闭"", ""type"": ""default""}], [{""tag"": ""hr""}], [{""tag"": ""text"", ""text"": ""来自 ""}, {""tag"": ""a"", ""href"": ""https://winitlink.feishu.cn/base/CBUkbTYbma2NAnsSzZ9cq7Qrnvc?ccm_open_type=im_card_automation_link"", ""text"": ""海外仓入库运营（救火）case管理表""}]]}；上架","18513540Aiper Intelligent, LLC\n救火类型：增值单\n仓库：USGA Warehouse\n入库单号：VASC000000317112\n头程类型：1\n包裹条码：\nsku：\n救火原因：增值：入库-覆盖包裹标签\n分批送仓的货物8.17已经送仓，增值已经超时，帮尽快完成增值处理上架的，谢谢""}], [{""tag"": ""button"", ""text"": ""确认受理"", ""type"": ""default""}, {""tag"": ""button"", ""text"": ""确认关闭"", ""type"": ""default""}], [{""tag"": ""hr""}], [{""tag"": ""text"", ""text"": ""来自 ""}, {""tag"": ""a"", ""href"": ""https://winitlink.feishu.cn/base/CBUkbTYbma2NAnsSzZ9cq7Qrnvc?ccm_open_type=im_card_automation_link"", ""text"": ""海外仓入库运营（救火）case管理表""}]]}","USGA Warehouse\n入库单号：VASC000000317112\n头程类型：1\n包裹条码：\nsku：\n救火原因：增值：入库-覆盖包裹标签\n分批送仓的货物8.17已经送仓，增值已经超时，帮尽快完成增值处理上架的，谢谢""}], [{""tag"": ""button"", ""text"": ""确认受理"", ""type"": ""default""}, {""tag"": ""button"", ""text"": ""确认关闭"", ""type"": ""default""}], [{""tag"": ""hr""}], [{""tag"": ""text"", ""text"": ""来自 ""}, {""tag"": ""a"", ""href"": ""https://winitlink.feishu.cn/base/CBUkbTYbma2NAnsSzZ9cq7Qrnvc?ccm_open_type=im_card_automation_link"", ""text"": ""海外仓入库运营（救火）case管理表""}]]}",VASC000000317112,"{""title"": ""请关注入库救火case"", ""elements"": [[{""tag"": ""text"", ""text"": ""提交人：""}, {""tag"": ""at"", ""user_id"": ""@_user_1"", ""user_name"": ""刘燕春""}, {""tag"": ""text"", ""text"": ""\n仓库处理人：""}, {""tag"": ""at"", ""user_id"": ""@_user_2"", ""user_name"": ""Boris Dong""}, {""tag"": ""text"", ""text"": "",""}...","[2026-08-19 10:13] 未知/系统: {""title"": ""请关注入库救火case"", ""elements"": [[{""tag"": ""text"", ""text"": ""提交人：""}, {""tag"": ""at"", ""user_id"": ""@_user_1"", ""user_name"": ""刘燕春""}, {""tag"": ""text"", ""text"": ""\n仓库处理人：""}, {""tag"": ""at"", ""user_id"": ""@_user_2"", ""user_name"": ""Boris Dong""}, {""tag"": ""text"", ""text"": "",""}, {""tag"": ""at"", ""user_id"": ""@_user_3"", ""user_name"": ""Jianan Sun""}, {""tag"": ""text"", ""text"": ""\n质控：""}, {""tag"": ""at"", ""user_id"": ""@_user_4"", ""user_name"": ""王鑫隆""}, {""tag"": ""text"", ""text"": "",""}, {""tag"": ""at"", ""user_id"": ""@_user_5"", ""user_name"": ""廖丹""}, {""tag"": ""text"", ""text"": ""\n客户：18513540Aiper Intelligent, LLC\n救火类型：增值单\n仓库：USGA Warehouse\n入库单号：VASC000000317112\n头程类型：1\n包裹条码：\nsku：\n救火原因：增值：入库-覆盖包裹标签\n分批送仓的货物8.17已经送仓，增值已经超时，帮尽快完成增值处理上架的，谢谢""}], [{""tag"": ""button"", ""text"": ""确认受理"", ""type"": ""default""}, {""tag"": ""button"", ""text"": ""确认关闭"", ""type"": ""default""}], [{""tag"": ""hr""}], [{""tag"": ""text"", ""text"": ""来自 ""}, {""tag"": ""a"", ""href"": ""https://winitlink.feishu.cn/base/CBUkbTYbma2NAnsSzZ9cq7Qrnvc?ccm_open_type=im_card_automation_link"", ""text"": ""海外仓入库运营（救火）case管理表""}]]}",刘燕春；Boris Dong；Jianan Sun；王鑫隆；廖丹,未知/系统,未知/系统,om_x100b67655d437ca4b2a1f8f88ea1395,,增值；VASC；入库；上架；包裹条码；仓库；救火
422,发货仓入库&增值运营（救火）- IB&VAS,oc_5b8848d27b7b3fa4a10eab865c4f9ffc,2026-08-20,2026-08-20 02:05,2026-08-27 16:15,omt_19e0a301708fdcb4,未知/系统,非标增值,上架；包装,,,VASC000000341604,@_user_1 商品JIM哥有交给你吗？ @_user_1 我看登记的是包装破损，指的是外箱吧？但是照片里我没有看到外箱，只看到两个单件。所以发现的时候当时应该是完全没有外箱了对吗？ @_user_1 有 @_user_1 是完全没有外箱 @_user_1 @_user_2 完全没有外箱，也无法得知为什么现在没有了，上架的时候是有的。按库内破损做异常，然后让客人提交增值补外箱，补标，最后退还增值费，你看可以吗 @_user_1 @耿文文 帮忙确认一下这个方案，是否可以退费 [Image:img_v3_0214o_...,"[2026-08-20 02:05] Chen feiyu: @_user_1 商品JIM哥有交给你吗？
[2026-08-20 02:08] Chen feiyu: @_user_1 我看登记的是包装破损，指的是外箱吧？但是照片里我没有看到外箱，只看到两个单件。所以发现的时候当时应该是完全没有外箱了对吗？
[2026-08-20 02:16] Wang.Yanhua: @_user_1 有
[2026-08-20 03:03] Yu Chingnien: @_user_1 是完全没有外箱
[2026-08-20 03:08] Chen feiyu: @_user_1 @_user_2 完全没有外箱，也无法得知为什么现在没有了，上架的时候是有的。按库内破损做异常，然后让客人提交增值补外箱，补标，最后退还增值费，你看可以吗
[2026-08-20 03:09] Zha.Xinge: @_user_1
[2026-08-20 11:29] 李超亮: @耿文文 帮忙确认一下这个方案，是否可以退费
[Image:img_v3_0214o_6cb661fa-1a2e-4509-9a15-f4faef73060g]
[2026-08-20 11:57] 耿文文: 仓库确认过是库内造成的那就正常仓库做增值操作，客户认可增加外箱的话，提非标更换WINIT包装，增值不收费@_user_1 @_user_2    @_user_3 @_user_4
[2026-08-27 16:08] 钟晓环: [Image:img_v3_0214v_531e7711-2ec4-4119-996a-f621395cceag]
增值单号: VASC000000341604 @耿文文 
客户提交了标准增值，产生增值扣费，我这边申请“客服退费”可以吗？
[2026-08-27 16:15] 耿文文: @_user_1 怎么不走非标哇[笑哭]   
退费的时候你附上仓库反馈的截图吧",Wang.Yanhua；Yu Chingnien；Chen feiyu；钟晓环；Zha.Xinge；李超亮；耿文文；许晓妍,许晓妍；耿文文,Chen feiyu；Wang.Yanhua；Yu Chingnien；Zha.Xinge；李超亮；耿文文；钟晓环,om_x100b6766f248e4acb18edd8f8a18444,,非标；增值；VASC；异常；库内；上架；仓库
426,发货仓入库&增值运营（救火）- IB&VAS,oc_5b8848d27b7b3fa4a10eab865c4f9ffc,2026-08-19,2026-08-19 12:49,2026-08-19 12:49,omt_19e0bd381e8f9cb1,未知/系统,入库/仓库异常,"时效内催上架\n仓库：USKY3 Warehouse\n入库单号：WI51311945\n头程类型：自验-直发-海派\n包裹条码：B0400000001436184782\nsku：M010000000003981766\n救火原因：M010000000003981766 此SKU缺货 着急售卖 麻烦看看能不能优先安排上架 谢谢""}], [{""tag"": ""button"", ""text"": ""确认受理"", ""type"": ""default""}, {""tag"": ""button"", ""text"": ""确认关闭"", ""type"": ""default""}], [{""tag"": ""hr""}], [{""tag"": ""text"", ""text"": ""来自 ""}, {""tag"": ""a"", ""href"": ""https://winitlink.feishu.cn/base/CBUkbTYbma2NAnsSzZ9cq7Qrnvc?ccm_open_type=im_card_automation_link"", ""text"": ""海外仓入库运营（救火）case管理表""}]]}；上架","11100931青岛明致进出口有限公司\n救火类型：时效内催上架\n仓库：USKY3 Warehouse\n入库单号：WI51311945\n头程类型：自验-直发-海派\n包裹条码：B0400000001436184782\nsku：M010000000003981766\n救火原因：M010000000003981766 此SKU缺货 着急售卖 麻烦看看能不能优先安排上架 谢谢""}], [{""tag"": ""button"", ""text"": ""确认受理"", ""type"": ""default""}, {""tag"": ""button"", ""text"": ""确认关闭"", ""type"": ""default""}], [{""tag"": ""hr""}], [{""tag"": ""text"", ""text"": ""来自 ""}, {""tag"": ""a"", ""href"": ""https://winitlink.feishu.cn/base/CBUkbTYbma2NAnsSzZ9cq7Qrnvc?ccm_open_type=im_card_automation_link"", ""text"": ""海外仓入库运营（救火）case管理表""}]]}","USKY3 Warehouse\n入库单号：WI51311945\n头程类型：自验-直发-海派\n包裹条码：B0400000001436184782\nsku：M010000000003981766\n救火原因：M010000000003981766 此SKU缺货 着急售卖 麻烦看看能不能优先安排上架 谢谢""}], [{""tag"": ""button"", ""text"": ""确认受理"", ""type"": ""default""}, {""tag"": ""button"", ""text"": ""确认关闭"", ""type"": ""default""}], [{""tag"": ""hr""}], [{""tag"": ""text"", ""text"": ""来自 ""}, {""tag"": ""a"", ""href"": ""https://winitlink.feishu.cn/base/CBUkbTYbma2NAnsSzZ9cq7Qrnvc?ccm_open_type=im_card_automation_link"", ""text"": ""海外仓入库运营（救火）case管理表""}]]}",WI51311945；M010000000003981766；B0400000001436184782,"{""title"": ""请关注入库救火case"", ""elements"": [[{""tag"": ""text"", ""text"": ""提交人：""}, {""tag"": ""at"", ""user_id"": ""@_user_1"", ""user_name"": ""吴爱红""}, {""tag"": ""text"", ""text"": ""\n仓库处理人：""}, {""tag"": ""at"", ""user_id"": ""@_user_2"", ""user_name"": ""Ding kun""}, {""tag"": ""text"", ""text"": "",""}, ...","[2026-08-19 12:49] 未知/系统: {""title"": ""请关注入库救火case"", ""elements"": [[{""tag"": ""text"", ""text"": ""提交人：""}, {""tag"": ""at"", ""user_id"": ""@_user_1"", ""user_name"": ""吴爱红""}, {""tag"": ""text"", ""text"": ""\n仓库处理人：""}, {""tag"": ""at"", ""user_id"": ""@_user_2"", ""user_name"": ""Ding kun""}, {""tag"": ""text"", ""text"": "",""}, {""tag"": ""at"", ""user_id"": ""@_user_3"", ""user_name"": ""Katia Ayala""}, {""tag"": ""text"", ""text"": "",""}, {""tag"": ""at"", ""user_id"": ""@_user_4"", ""user_name"": ""Fuentes, Elias Matos""}, {""tag"": ""text"", ""text"": "",""}, {""tag"": ""at"", ""user_id"": ""@_user_5"", ""user_name"": ""Liu wenhong""}, {""tag"": ""text"", ""text"": ""\n质控：""}, {""tag"": ""at"", ""user_id"": ""@_user_6"", ""user_name"": ""魏佳欣""}, {""tag"": ""text"", ""text"": ""\n客户：11100931青岛明致进出口有限公司\n救火类型：时效内催上架\n仓库：USKY3 Warehouse\n入库单号：WI51311945\n头程类型：自验-直发-海派\n包裹条码：B0400000001436184782\nsku：M010000000003981766\n救火原因：M010000000003981766 此SKU缺货 着急售卖 麻烦看看能不能优先安排上架 谢谢""}], [{""tag"": ""button"", ""text"": ""确认受理"", ""type"": ""default""}, {""tag"": ""button"", ""text"": ""确认关闭"", ""type"": ""default""}], [{""tag"": ""hr""}], [{""tag"": ""text"", ""text"": ""来自 ""}, {""tag"": ""a"", ""href"": ""https://winitlink.feishu.cn/base/CBUkbTYbma2NAnsSzZ9cq7Qrnvc?ccm_open_type=im_card_automation_link"", ""text"": ""海外仓入库运营（救火）case管理表""}]]}","吴爱红；Ding kun；Katia Ayala；Fuentes, Elias Matos；Liu wenhong；魏佳欣",未知/系统,未知/系统,om_x100b676711de04a8b1d5ef2da0819ed,,入库；上架；包裹条码；仓库；救火
440,发货仓入库&增值运营（救火）- IB&VAS,oc_5b8848d27b7b3fa4a10eab865c4f9ffc,2026-08-19,2026-08-19 18:18,2026-08-19 18:18,omt_19e00a28610f1c95,未知/系统,入库/仓库异常,"已超时效催上架\n仓库：DENW3 Warehouse\n入库单号：WI51456458\n头程类型：自验-直发-空卡\n包裹条码：B0400000001438809963\nB0400000001438810188\nsku：\n救火原因：8.7已卸货，无异常登记，超时未上架，麻烦找回货物尽快安排上架的，谢谢\nB0400000001438810543还有一个包裹无卸货记录的，无异常登记，麻烦核实是否收到，异常区域也帮找下的，谢谢""}], [{""tag"": ""button"", ""text"": ""确认受理"", ""type"": ""default""}, {""tag"": ""button"", ""text"": ""确认关闭"", ""type"": ""default""}], [{""tag"": ""hr""}], [{""tag"": ""text"", ""text"": ""来自 ""}, {""tag"": ""a"", ""href"": ""https://winitlink.feishu.cn/base/CBUkbTYbma2NAnsSzZ9cq7Qrnvc?ccm_open_type=im_card_automation_link"", ""text"": ""海外仓入库运营（救火）case管理表""}]]}；上架","20056441FR DFS-2\n救火类型：已超时效催上架\n仓库：DENW3 Warehouse\n入库单号：WI51456458\n头程类型：自验-直发-空卡\n包裹条码：B0400000001438809963\nB0400000001438810188\nsku：\n救火原因：8.7已卸货，无异常登记，超时未上架，麻烦找回货物尽快安排上架的，谢谢\nB0400000001438810543还有一个包裹无卸货记录的，无异常登记，麻烦核实是否收到，异常区域也帮找下的，谢谢""}], [{""tag"": ""button"", ""text"": ""确认受理"", ""type"": ""default""}, {""tag"": ""button"", ""text"": ""确认关闭"", ""type"": ""default""}], [{""tag"": ""hr""}], [{""tag"": ""text"", ""text"": ""来自 ""}, {""tag"": ""a"", ""href"": ""https://winitlink.feishu.cn/base/CBUkbTYbma2NAnsSzZ9cq7Qrnvc?ccm_open_type=im_card_automation_link"", ""text"": ""海外仓入库运营（救火）case管理表""}]]}","DENW3 Warehouse\n入库单号：WI51456458\n头程类型：自验-直发-空卡\n包裹条码：B0400000001438809963\nB0400000001438810188\nsku：\n救火原因：8.7已卸货，无异常登记，超时未上架，麻烦找回货物尽快安排上架的，谢谢\nB0400000001438810543还有一个包裹无卸货记录的，无异常登记，麻烦核实是否收到，异常区域也帮找下的，谢谢""}], [{""tag"": ""button"", ""text"": ""确认受理"", ""type"": ""default""}, {""tag"": ""button"", ""text"": ""确认关闭"", ""type"": ""default""}], [{""tag"": ""hr""}], [{""tag"": ""text"", ""text"": ""来自 ""}, {""tag"": ""a"", ""href"": ""https://winitlink.feishu.cn/base/CBUkbTYbma2NAnsSzZ9cq7Qrnvc?ccm_open_type=im_card_automation_link"", ""text"": ""海外仓入库运营（救火）case管理表""}]]}",WI51456458；B0400000001438809963；B0400000001438810188；B0400000001438810543,"{""title"": ""请关注入库救火case"", ""elements"": [[{""tag"": ""text"", ""text"": ""提交人：""}, {""tag"": ""at"", ""user_id"": ""@_user_1"", ""user_name"": ""刘燕春""}, {""tag"": ""text"", ""text"": ""\n仓库处理人：""}, {""tag"": ""at"", ""user_id"": ""@_user_2"", ""user_name"": ""Mohamad Kazan ""}, {""tag"": ""text"", ""text"": ...","[2026-08-19 18:18] 未知/系统: {""title"": ""请关注入库救火case"", ""elements"": [[{""tag"": ""text"", ""text"": ""提交人：""}, {""tag"": ""at"", ""user_id"": ""@_user_1"", ""user_name"": ""刘燕春""}, {""tag"": ""text"", ""text"": ""\n仓库处理人：""}, {""tag"": ""at"", ""user_id"": ""@_user_2"", ""user_name"": ""Mohamad Kazan ""}, {""tag"": ""text"", ""text"": ""\n质控：""}, {""tag"": ""at"", ""user_id"": ""@_user_3"", ""user_name"": ""林佳志""}, {""tag"": ""text"", ""text"": ""\n客户：20056441FR DFS-2\n救火类型：已超时效催上架\n仓库：DENW3 Warehouse\n入库单号：WI51456458\n头程类型：自验-直发-空卡\n包裹条码：B0400000001438809963\nB0400000001438810188\nsku：\n救火原因：8.7已卸货，无异常登记，超时未上架，麻烦找回货物尽快安排上架的，谢谢\nB0400000001438810543还有一个包裹无卸货记录的，无异常登记，麻烦核实是否收到，异常区域也帮找下的，谢谢""}], [{""tag"": ""button"", ""text"": ""确认受理"", ""type"": ""default""}, {""tag"": ""button"", ""text"": ""确认关闭"", ""type"": ""default""}], [{""tag"": ""hr""}], [{""tag"": ""text"", ""text"": ""来自 ""}, {""tag"": ""a"", ""href"": ""https://winitlink.feishu.cn/base/CBUkbTYbma2NAnsSzZ9cq7Qrnvc?ccm_open_type=im_card_automation_link"", ""text"": ""海外仓入库运营（救火）case管理表""}]]}",刘燕春；Mohamad Kazan ；林佳志,未知/系统,未知/系统,om_x100b676c60d9fca0b39fad8cfd4d314,,异常；入库；上架；包裹条码；仓库；救火
441,发货仓入库&增值运营（救火）- IB&VAS,oc_5b8848d27b7b3fa4a10eab865c4f9ffc,2026-08-19,2026-08-19 18:19,2026-08-19 18:19,omt_19e00bfa9b4fdcb6,未知/系统,入库/仓库异常,"已超时效催上架\n仓库：DENW3 Warehouse\n入库单号：WI51456428\n头程类型：自验-直发-空卡\n包裹条码：B0400000001438809845\nsku：\n救火原因：8.7已卸货，无异常登记，超时未上架，麻烦找回货物尽快安排上架的，谢谢""}], [{""tag"": ""button"", ""text"": ""确认受理"", ""type"": ""default""}, {""tag"": ""button"", ""text"": ""确认关闭"", ""type"": ""default""}], [{""tag"": ""hr""}], [{""tag"": ""text"", ""text"": ""来自 ""}, {""tag"": ""a"", ""href"": ""https://winitlink.feishu.cn/base/CBUkbTYbma2NAnsSzZ9cq7Qrnvc?ccm_open_type=im_card_automation_link"", ""text"": ""海外仓入库运营（救火）case管理表""}]]}；上架","20056441FR DFS-2\n救火类型：已超时效催上架\n仓库：DENW3 Warehouse\n入库单号：WI51456428\n头程类型：自验-直发-空卡\n包裹条码：B0400000001438809845\nsku：\n救火原因：8.7已卸货，无异常登记，超时未上架，麻烦找回货物尽快安排上架的，谢谢""}], [{""tag"": ""button"", ""text"": ""确认受理"", ""type"": ""default""}, {""tag"": ""button"", ""text"": ""确认关闭"", ""type"": ""default""}], [{""tag"": ""hr""}], [{""tag"": ""text"", ""text"": ""来自 ""}, {""tag"": ""a"", ""href"": ""https://winitlink.feishu.cn/base/CBUkbTYbma2NAnsSzZ9cq7Qrnvc?ccm_open_type=im_card_automation_link"", ""text"": ""海外仓入库运营（救火）case管理表""}]]}","DENW3 Warehouse\n入库单号：WI51456428\n头程类型：自验-直发-空卡\n包裹条码：B0400000001438809845\nsku：\n救火原因：8.7已卸货，无异常登记，超时未上架，麻烦找回货物尽快安排上架的，谢谢""}], [{""tag"": ""button"", ""text"": ""确认受理"", ""type"": ""default""}, {""tag"": ""button"", ""text"": ""确认关闭"", ""type"": ""default""}], [{""tag"": ""hr""}], [{""tag"": ""text"", ""text"": ""来自 ""}, {""tag"": ""a"", ""href"": ""https://winitlink.feishu.cn/base/CBUkbTYbma2NAnsSzZ9cq7Qrnvc?ccm_open_type=im_card_automation_link"", ""text"": ""海外仓入库运营（救火）case管理表""}]]}",WI51456428；B0400000001438809845,"{""title"": ""请关注入库救火case"", ""elements"": [[{""tag"": ""text"", ""text"": ""提交人：""}, {""tag"": ""at"", ""user_id"": ""@_user_1"", ""user_name"": ""刘燕春""}, {""tag"": ""text"", ""text"": ""\n仓库处理人：""}, {""tag"": ""at"", ""user_id"": ""@_user_2"", ""user_name"": ""Mohamad Kazan ""}, {""tag"": ""text"", ""text"": ...","[2026-08-19 18:19] 未知/系统: {""title"": ""请关注入库救火case"", ""elements"": [[{""tag"": ""text"", ""text"": ""提交人：""}, {""tag"": ""at"", ""user_id"": ""@_user_1"", ""user_name"": ""刘燕春""}, {""tag"": ""text"", ""text"": ""\n仓库处理人：""}, {""tag"": ""at"", ""user_id"": ""@_user_2"", ""user_name"": ""Mohamad Kazan ""}, {""tag"": ""text"", ""text"": ""\n质控：""}, {""tag"": ""at"", ""user_id"": ""@_user_3"", ""user_name"": ""林佳志""}, {""tag"": ""text"", ""text"": ""\n客户：20056441FR DFS-2\n救火类型：已超时效催上架\n仓库：DENW3 Warehouse\n入库单号：WI51456428\n头程类型：自验-直发-空卡\n包裹条码：B0400000001438809845\nsku：\n救火原因：8.7已卸货，无异常登记，超时未上架，麻烦找回货物尽快安排上架的，谢谢""}], [{""tag"": ""button"", ""text"": ""确认受理"", ""type"": ""default""}, {""tag"": ""button"", ""text"": ""确认关闭"", ""type"": ""default""}], [{""tag"": ""hr""}], [{""tag"": ""text"", ""text"": ""来自 ""}, {""tag"": ""a"", ""href"": ""https://winitlink.feishu.cn/base/CBUkbTYbma2NAnsSzZ9cq7Qrnvc?ccm_open_type=im_card_automation_link"", ""text"": ""海外仓入库运营（救火）case管理表""}]]}",刘燕春；Mohamad Kazan ；林佳志,未知/系统,未知/系统,om_x100b676c7df658acb1a9d9faa708e27,,异常；入库；上架；包裹条码；仓库；救火
450,发货仓入库&增值运营（救火）- IB&VAS,oc_5b8848d27b7b3fa4a10eab865c4f9ffc,2026-08-20,2026-08-20 09:36,2026-08-20 09:36,omt_19e3d2fc1b8e9b82,未知/系统,入库/仓库异常,"其他\n仓库：USKY3 Warehouse\n入库单号：WI51254914\n头程类型：自验-直发-海派\n包裹条码：\nsku：\n救火原因：客户有待发订单，麻烦尽快安排24-CF-11 E2604CA09 WI51254884 E2603HD01这几个sku上架，谢谢""}], [{""tag"": ""button"", ""text"": ""确认受理"", ""type"": ""default""}, {""tag"": ""button"", ""text"": ""确认关闭"", ""type"": ""default""}], [{""tag"": ""hr""}], [{""tag"": ""text"", ""text"": ""来自 ""}, {""tag"": ""a"", ""href"": ""https://winitlink.feishu.cn/base/CBUkbTYbma2NAnsSzZ9cq7Qrnvc?ccm_open_type=im_card_automation_link"", ""text"": ""海外仓入库运营（救火）case管理表""}]]}；上架","13256007淄博铠璘机械有限公司\n救火类型：其他\n仓库：USKY3 Warehouse\n入库单号：WI51254914\n头程类型：自验-直发-海派\n包裹条码：\nsku：\n救火原因：客户有待发订单，麻烦尽快安排24-CF-11 E2604CA09 WI51254884 E2603HD01这几个sku上架，谢谢""}], [{""tag"": ""button"", ""text"": ""确认受理"", ""type"": ""default""}, {""tag"": ""button"", ""text"": ""确认关闭"", ""type"": ""default""}], [{""tag"": ""hr""}], [{""tag"": ""text"", ""text"": ""来自 ""}, {""tag"": ""a"", ""href"": ""https://winitlink.feishu.cn/base/CBUkbTYbma2NAnsSzZ9cq7Qrnvc?ccm_open_type=im_card_automation_link"", ""text"": ""海外仓入库运营（救火）case管理表""}]]}","USKY3 Warehouse\n入库单号：WI51254914\n头程类型：自验-直发-海派\n包裹条码：\nsku：\n救火原因：客户有待发订单，麻烦尽快安排24-CF-11 E2604CA09 WI51254884 E2603HD01这几个sku上架，谢谢""}], [{""tag"": ""button"", ""text"": ""确认受理"", ""type"": ""default""}, {""tag"": ""button"", ""text"": ""确认关闭"", ""type"": ""default""}], [{""tag"": ""hr""}], [{""tag"": ""text"", ""text"": ""来自 ""}, {""tag"": ""a"", ""href"": ""https://winitlink.feishu.cn/base/CBUkbTYbma2NAnsSzZ9cq7Qrnvc?ccm_open_type=im_card_automation_link"", ""text"": ""海外仓入库运营（救火）case管理表""}]]}",WI51254914；WI51254884,"{""title"": ""请关注入库救火case"", ""elements"": [[{""tag"": ""text"", ""text"": ""提交人：""}, {""tag"": ""at"", ""user_id"": ""@_user_1"", ""user_name"": ""吴杰""}, {""tag"": ""text"", ""text"": ""\n仓库处理人：""}, {""tag"": ""at"", ""user_id"": ""@_user_2"", ""user_name"": ""Ding kun""}, {""tag"": ""text"", ""text"": "",""}, {...","[2026-08-20 09:36] 未知/系统: {""title"": ""请关注入库救火case"", ""elements"": [[{""tag"": ""text"", ""text"": ""提交人：""}, {""tag"": ""at"", ""user_id"": ""@_user_1"", ""user_name"": ""吴杰""}, {""tag"": ""text"", ""text"": ""\n仓库处理人：""}, {""tag"": ""at"", ""user_id"": ""@_user_2"", ""user_name"": ""Ding kun""}, {""tag"": ""text"", ""text"": "",""}, {""tag"": ""at"", ""user_id"": ""@_user_3"", ""user_name"": ""Katia Ayala""}, {""tag"": ""text"", ""text"": "",""}, {""tag"": ""at"", ""user_id"": ""@_user_4"", ""user_name"": ""Fuentes, Elias Matos""}, {""tag"": ""text"", ""text"": "",""}, {""tag"": ""at"", ""user_id"": ""@_user_5"", ""user_name"": ""Liu wenhong""}, {""tag"": ""text"", ""text"": ""\n质控：""}, {""tag"": ""at"", ""user_id"": ""@_user_6"", ""user_name"": ""魏佳欣""}, {""tag"": ""text"", ""text"": ""\n客户：13256007淄博铠璘机械有限公司\n救火类型：其他\n仓库：USKY3 Warehouse\n入库单号：WI51254914\n头程类型：自验-直发-海派\n包裹条码：\nsku：\n救火原因：客户有待发订单，麻烦尽快安排24-CF-11 E2604CA09 WI51254884 E2603HD01这几个sku上架，谢谢""}], [{""tag"": ""button"", ""text"": ""确认受理"", ""type"": ""default""}, {""tag"": ""button"", ""text"": ""确认关闭"", ""type"": ""default""}], [{""tag"": ""hr""}], [{""tag"": ""text"", ""text"": ""来自 ""}, {""tag"": ""a"", ""href"": ""https://winitlink.feishu.cn/base/CBUkbTYbma2NAnsSzZ9cq7Qrnvc?ccm_open_type=im_card_automation_link"", ""text"": ""海外仓入库运营（救火）case管理表""}]]}","吴杰；Ding kun；Katia Ayala；Fuentes, Elias Matos；Liu wenhong；魏佳欣",未知/系统,未知/系统,om_x100b6751ed9e54b8c2ebb3704b6b95b,,入库；上架；包裹条码；仓库；救火
457,发货仓入库&增值运营（救火）- IB&VAS,oc_5b8848d27b7b3fa4a10eab865c4f9ffc,2026-08-20,2026-08-20 11:38,2026-08-21 12:10,omt_19e3fe8933cf5cb0,未知/系统,非标增值,上架,,,EB0126080431884540；EB0126080431884468；EB0126080431884402；EB0126080431884357；EB0126080431884354；EB0126080431884282；EB0126080431884243；EB0126080431884198；EB0126080431884195；EB0126080431884147；EB0126080331881006；EB0126080331880823；EB0126080331880757；EB0126080331880685；EB0126080331880634；EB0126080331880547；EB0126080331880535；EB0126080331880493；EB0126080331880187；WI49357413；B0126080431884540；B0126080431884468；B0126080431884402；B0126080431884357；B0126080431884354；B0126080431884282；B0126080431884243；B0126080431884198；B0126080431884195；B0126080431884147；B0126080331881006；B0126080331880823；B0126080331880757；B0126080331880685；B0126080331880634；B0126080331880547；B0126080331880535；B0126080331880493；B0126080331880187,跟踪号 1Z0R6D896817948446 1Z0R6D896819187256 1Z0R6D896812669462 1Z0R6D896815871077 1Z0R6D896808908087 1Z0R6D896804136490 1Z0R6D896819752304 1Z0R6D896817391510 1Z0R6D896803730125 1Z0R6D896816084130 1Z0R6D896812009540 1Z0R6D896802902352 1Z0R6D896811598568 1Z0R6D896...,"[2026-08-20 11:38] 吴杰: 跟踪号
1Z0R6D896817948446
1Z0R6D896819187256
1Z0R6D896812669462
1Z0R6D896815871077
1Z0R6D896808908087
1Z0R6D896804136490
1Z0R6D896819752304
1Z0R6D896817391510
1Z0R6D896803730125
1Z0R6D896816084130
1Z0R6D896812009540
1Z0R6D896802902352
1Z0R6D896811598568
1Z0R6D896813974175
1Z0R6D896804545182
1Z0R6D896806067598
1Z0R6D896803137400
1Z0R6D896819790611
1Z0R6D896801103226
[2026-08-20 11:38] 吴杰: [Image:img_v3_0214o_89af5889-b4a8-4db5-848d-170a07f59e4g]
7-31已经有卸货记录了
[2026-08-20 15:33] Vesislava Yovkova: EB0126080431884540
EB0126080431884468
EB0126080431884402
EB0126080431884357
EB0126080431884354
EB0126080431884282
EB0126080431884243
EB0126080431884198
EB0126080431884195
EB0126080431884147
EB0126080331881006
EB0126080331880823
EB0126080331880757
EB0126080331880685
EB0126080331880634
EB0126080331880547
EB0126080331880535
EB0126080331880493
EB0126080331880187
They all have an exception because the B code is not connected and cannot be worked on.
@吴杰 
[Image:img_v3_0214o_d34e47ab-3e4f-4e4f-9941-104d2223adbh]
[2026-08-20 15:44] 吴杰: <p>@_user_1 @_user_2 仓库没有登记入库单状态异常，我看客户现在已经处理入库单状态，WI49357413看看能不能处理上架，取消异常？</p>
[2026-08-20 15:49] Vesislava Yovkova: @_user_1 For this purpose we need VAS, when we made the exception B code was not connected.
[2026-08-20 15:56] 吴杰: <p>@_user_1 麻烦协助看看，仓库回复我这边翻译看不懂</p>
[2026-08-20 16:01] 吴杰: 首先仓库登记了包裹条码异常，不是登记入库单状态异常，仓库登记有误，客户现在已经更新入库单状态，那正常来说现在是可以扫描处理上架了，仓库说的意思是要客户做增值，换包裹条码吗？@_user_1
[2026-08-20 16:03] Vesislava Yovkova: @_user_1 @_user_2
[2026-08-20 16:07] Aleksandar Yovkov: @_user_1 for time which we receved this order costumer not conneckt labels with Winit system for this costumer need to make VAS and tell already is conneckt .
[2026-08-20 16:11] Aleksandar Yovkov: @_user_1 please check the same problem like anather group . Normaly when we can't make putaway for some packege we write event then costumer shuld give us VAS ,even after this he fix the problem still shuld give VAS ,becose we already lost our time to show the problem.
[2026-08-20 16:11] Aleksandar Yovkov: cc@_user_1 @_user_2
[2026-08-20 16:45] 丁童诗琦: @_user_1查一下包裹的扫描轨迹，是不是扫描时系统有触发入库单状态异常的登记，而是人没有登记。 入库单状态异常不应该登记包裹无条码异常。
[2026-08-20 17:19] 吴杰: 如果是仓库登记错了异常，客户现在处理了入库单状态，不是包裹条码的问题，客户肯定不认可，做这个补贴包裹条码增值的@_user_1 麻烦核实一下，谢谢
[2026-08-21 11:41] 吴杰: @_user_1 有结果了吗？
[2026-08-21 11:52] 林佳志: @_user_1 事情有点多，这个漏掉了，我现在看，抱歉
[2026-08-21 12:01] 林佳志: <p>轨迹：7月31日，所有包裹过五面扫，未识别订单号码。包裹从异常口流出。 当日仓库员工尝试包裹推荐，但是识别不到入库单号。 系统应该自动触发入库单状态异常 ，但看轨迹是没有</p>
[2026-08-21 12:01] 林佳志: <p>次日仓库登记包裹异常</p>
[2026-08-21 12:02] 吴杰: @_user_1 这是要提非标增值的意思吗？
[2026-08-21 12:03] 林佳志: [Image:img_v3_0214p_ed0a4e6f-51d3-4ba0-a3b9-bdf72618bb8g]
[Image:img_v3_0214p_3d360a08-87b9-44f6-b798-645df8fca62g]
[2026-08-21 12:03] 林佳志: @_user_1  @_user_2
[2026-08-21 12:05] 林佳志: 文文，这个也是类似情况，这个怎么处理@_user_1
[2026-08-21 12:06] 林佳志: 这个全程读取包裹号码的 记录里 也是没关联到入库单单号
[2026-08-21 12:08] 耿文文: @_user_1 这个全程读取包裹号码的 记录里 也是没关联到入库单单号----这个报障吧，发生两次同样的情况得知道具体没关联到入库单号是什么原因
[2026-08-21 12:10] 林佳志: 这个救火 呢？就是客户下增值吗
[2026-08-21 12:10] 耿文文: @_user_1 这单先根据正常流程先走吧，客户走增值处理异常单做新单上架",吴杰；Vesislava Yovkova；林佳志；Aleksandar Yovkov；李雪；丁童诗琦；耿文文,耿文文,吴杰；Vesislava Yovkova；Aleksandar Yovkov；丁童诗琦；林佳志；耿文文,om_x100b67532accd0a4b1c19a011cce175,,非标；增值；异常单；异常；EB；入库；补贴；上架；包裹条码；仓库；救火
471,发货仓入库&增值运营（救火）- IB&VAS,oc_5b8848d27b7b3fa4a10eab865c4f9ffc,2026-08-20,2026-08-20 17:43,2026-09-02 19:03,omt_19e34336460f9b85,未知/系统,标准库内增值/入库异常,上架,,,EB0126082032362524；EB0126082032333139；WI50495343；B0126082032362524；B0126082032333139；B0400000001421492082；B0400000001421492566；B0400000001421492535；B0400000001421492528；B0400000001421491745；B0400000001421492153；B0400000001421492478；B0400000001421491946；B0400000001421492487；B0400000001421491935,[Image:img_v3_0214o_b4b139cd-e009-40b7-8fad-307adfba9b5g] @_user_1@_user_2 上班了麻烦今天确认下，客户等着处理异常上架的 @_user_1 @_user_2 [Image:img_v3_0214p_b6cfa8aa-e5ae-4480-922b-8eebc137020g] 还有这个异常EB0126082032362524 这是后面登记的，加起来是77个包裹 @_user_1 今天能回复下吗，已经4天了 @_user_1 帮忙推进下 客户内部还...,"[2026-08-20 17:43] 陈志颖: [Image:img_v3_0214o_b4b139cd-e009-40b7-8fad-307adfba9b5g]
[2026-08-21 14:06] 陈志颖: @_user_1@_user_2 上班了麻烦今天确认下，客户等着处理异常上架的
[2026-08-21 15:19] 林佳志: @_user_1 @_user_2
[2026-08-21 15:20] 林佳志: [Image:img_v3_0214p_b6cfa8aa-e5ae-4480-922b-8eebc137020g]
[2026-08-21 18:08] 陈志颖: 还有这个异常EB0126082032362524
这是后面登记的，加起来是77个包裹
[2026-08-24 14:07] 陈志颖: @_user_1 今天能回复下吗，已经4天了
[2026-08-24 18:40] 陈志颖: @_user_1 帮忙推进下
[2026-08-24 19:27] 程飞: 客户内部还在确认，预计明天反馈
[2026-08-24 20:03] 陈志颖: @_user_1 我要等仓库确认，不是客户[新月脸]
[2026-08-24 20:57] 程飞: @_user_1 帮忙看看这些异常预计什么时间能反馈完成，客户这边好提交异常处理
[2026-08-24 20:58] 林佳志: @_user_1 雪姐在北威吗
[2026-08-24 22:46] 李雪: 我去看看
[2026-08-24 23:19] 李雪: 不是已经上架了么
[2026-08-24 23:19] 李雪: 就一个包裹今天卸货的
[2026-08-24 23:19] 李雪: 要干啥
[2026-08-25 10:50] 程飞: @_user_1 看下这单 还有问题吗？
[2026-08-25 11:16] 陈志颖: @李雪 这个订单被拆了好多个入库单，实际没有上架完的，现在登记了5个异常，都还没处理，要确认产生异常的原因，以及需要按包裹分开登记异常，客户才可以对应异常上传包裹条码
[Image:img_v3_0214t_0a4f34e8-e285-46ec-b32e-f5011d08903g]
客户拆单你清楚的啊@程飞
[2026-08-25 14:26] 陈志颖: 实例EB0126082032333139，8月20号登记的异常，登记反馈有16个标签无法扫描，但是仓库仅拍了10个标签，根据所拍图片，包裹码有B0400000001421492082，B0400000001421492566，B0400000001421492535，B0400000001421492528，B0400000001421491745，B0400000001421492153，B0400000001421492478，B0400000001421491946，B0400000001421492487，B0400000001421491935
而这些包裹查询在8月24号被上架了
问题1：需要确认是仓库拿了这些异常货物直接扫描了上面的包裹条码做上架了吗，如果是的话，对应的异常单麻烦一并关闭，且底下重复的单品条码也需要操作覆盖，否则后续仓库可能还会继续登记条码异常
问题2：如果被上架的包裹和登记异常的包裹不是同个货物，也就是意味着客户贴了两个相同的包裹条码入库，这种情况需按1箱一个包裹登记异常，并且提供对应异常单的箱唛图片给客户，这样客户才能识别对应sku提交增值更换箱唛上架@_user_1 @_user_2 
以上麻烦核实今天回复，这些异常已经问了5天了都没有进展
[2026-08-26 15:49] 雷宇: @_user_1 看一下
[2026-08-26 18:38] 程飞: @_user_1 雪姐啊 这个异常
[2026-08-26 22:04] 程飞: @_user_1 这个异常回一下客服啊，客服这里面的问题 写的比较清楚了，
这个异常时间很久了，需要仓库告知问题，客户才好下一步啊
[2026-08-26 22:05] 程飞: @_user_1 @_user_2  这个异常回一下客服啊，客服这里面的问题 写的比较清楚了，
这个异常时间很久了，需要仓库告知问题，客户才好下一步啊
赶紧找人帮忙看看
[2026-08-26 22:15] 伍维: @_user_1 现在看，
[2026-08-26 22:17] 伍维: @_user_1是DENW3仓的吧， 需要@_user_2 看下
[2026-08-27 15:00] 程飞: @_user_1
[2026-08-27 16:06] 王成: @_user_1 收到
@_user_2 pls check
[2026-08-27 19:49] 王成: @陈志颖 1. 客户为啥要贴不生效的单品标签？
2. 谁拆的入库单啊，是同一批到仓的吗？
[2026-08-27 21:14] 程飞: 入库单不都是同一批到仓的
[2026-08-27 21:15] 程飞: 1 的问题，我们再问客户实际情况
[2026-08-27 21:15] Mohamad Kazan : @_user_1 These pallets came a week before the scheduled date. 
I couldn’t put them in the shelf.  because the order hasn’t been arrived yet. That’s why I let the workers make exception for this pallet.
Right now already we finished this 4 pallets and we put them in the shelf
[2026-08-27 21:27] 程飞: 还有多少货，没有处理？
已经处理的货物 异常单 是不是要关掉？
[2026-08-28 13:58] 陈志颖: @_user_1 按仓库描述，是不是异常货物已经拿去上架了啊，如果实际不需要处理，异常单要关闭掉才可以啊
[2026-08-28 18:28] 陈志颖: @_user_1 @_user_2 @_user_3 能来个人回复下不[骷髅]
[2026-08-31 18:46] 程飞: DENW3 Warehouse
[2026-08-31 18:50] 李雪: 这个是说货已经上架了
[2026-08-31 18:50] 李雪: 4个托盘
[2026-08-31 18:53] 陈志颖: @李雪 @林佳志 货物实际已上架为什么异常不关闭啊
[Image:img_v3_02153_179a29b3-41ee-4fc7-a6fe-9a5c557cb15g]
[2026-09-01 15:56] 陈志颖: @_user_1 异常什么时候能关闭？
[2026-09-01 16:02] 林佳志: @_user_1 我没看懂发生了什么
[2026-09-01 16:02] 林佳志: @_user_1
[2026-09-01 16:02] 林佳志: WI50495343 这个入库单什么时候下发到WMS @_user_1
[2026-09-01 16:03] 未知/系统: {""title"": null, ""elements"": [[{""tag"": ""img"", ""image_key"": ""img_v3_02ad_e19fca1f-912a-450e-95de-3c229091b53g""}, {""tag"": ""text"", ""text"": ""请升级至最新版本客户端，以查看内容""}, {""tag"": ""text"", ""text"": """"}]]}
[2026-09-02 19:03] 林佳志: 异常已作废",Mohamad Kazan ；林佳志；王成；程飞；李雪；陈志颖；伍维；WMS助手Bot,未知/系统,陈志颖；林佳志；程飞；李雪；雷宇；伍维；王成；Mohamad Kazan ；未知/系统,om_x100b6758f13b8ca8c29afc51b916eff,,增值；异常单；异常；EB；入库；上架；包裹条码；仓库
475,发货仓入库&增值运营（救火）- IB&VAS,oc_5b8848d27b7b3fa4a10eab865c4f9ffc,2026-08-20,2026-08-20 18:27,2026-08-20 18:27,omt_19e35e5bba0f1a42,未知/系统,入库/仓库异常,"时效内催上架\n仓库：UKTW Warehouse\n入库单号：WI51654484\n头程类型：自验-直发-国际快递\n\n包裹条码：B0400000001443067924\nB0400000001443072721\nsku：\n救火原因：这两个包裹已断货，麻烦优先处理下上架的""}], [{""tag"": ""button"", ""text"": ""确认受理"", ""type"": ""default""}, {""tag"": ""button"", ""text"": ""确认关闭"", ""type"": ""default""}], [{""tag"": ""hr""}], [{""tag"": ""text"", ""text"": ""来自 ""}, {""tag"": ""a"", ""href"": ""https://winitlink.feishu.cn/base/CBUkbTYbma2NAnsSzZ9cq7Qrnvc?ccm_open_type=im_card_automation_link"", ""text"": ""海外仓入库运营（救火）case管理表""}]]}；上架","20157121广州市贤龙电子商务有限公司\n救火类型：时效内催上架\n仓库：UKTW Warehouse\n入库单号：WI51654484\n头程类型：自验-直发-国际快递\n\n包裹条码：B0400000001443067924\nB0400000001443072721\nsku：\n救火原因：这两个包裹已断货，麻烦优先处理下上架的""}], [{""tag"": ""button"", ""text"": ""确认受理"", ""type"": ""default""}, {""tag"": ""button"", ""text"": ""确认关闭"", ""type"": ""default""}], [{""tag"": ""hr""}], [{""tag"": ""text"", ""text"": ""来自 ""}, {""tag"": ""a"", ""href"": ""https://winitlink.feishu.cn/base/CBUkbTYbma2NAnsSzZ9cq7Qrnvc?ccm_open_type=im_card_automation_link"", ""text"": ""海外仓入库运营（救火）case管理表""}]]}","UKTW Warehouse\n入库单号：WI51654484\n头程类型：自验-直发-国际快递\n\n包裹条码：B0400000001443067924\nB0400000001443072721\nsku：\n救火原因：这两个包裹已断货，麻烦优先处理下上架的""}], [{""tag"": ""button"", ""text"": ""确认受理"", ""type"": ""default""}, {""tag"": ""button"", ""text"": ""确认关闭"", ""type"": ""default""}], [{""tag"": ""hr""}], [{""tag"": ""text"", ""text"": ""来自 ""}, {""tag"": ""a"", ""href"": ""https://winitlink.feishu.cn/base/CBUkbTYbma2NAnsSzZ9cq7Qrnvc?ccm_open_type=im_card_automation_link"", ""text"": ""海外仓入库运营（救火）case管理表""}]]}",WI51654484；B0400000001443067924；B0400000001443072721,"{""title"": ""请关注入库救火case"", ""elements"": [[{""tag"": ""text"", ""text"": ""提交人：""}, {""tag"": ""at"", ""user_id"": ""@_user_1"", ""user_name"": ""陈志颖""}, {""tag"": ""text"", ""text"": ""\n仓库处理人：""}, {""tag"": ""at"", ""user_id"": ""@_user_2"", ""user_name"": ""王婉清""}, {""tag"": ""text"", ""text"": ""\n质控：""}, {...","[2026-08-20 18:27] 未知/系统: {""title"": ""请关注入库救火case"", ""elements"": [[{""tag"": ""text"", ""text"": ""提交人：""}, {""tag"": ""at"", ""user_id"": ""@_user_1"", ""user_name"": ""陈志颖""}, {""tag"": ""text"", ""text"": ""\n仓库处理人：""}, {""tag"": ""at"", ""user_id"": ""@_user_2"", ""user_name"": ""王婉清""}, {""tag"": ""text"", ""text"": ""\n质控：""}, {""tag"": ""at"", ""user_id"": ""@_user_3"", ""user_name"": ""罗澳""}, {""tag"": ""text"", ""text"": ""\n客户：20157121广州市贤龙电子商务有限公司\n救火类型：时效内催上架\n仓库：UKTW Warehouse\n入库单号：WI51654484\n头程类型：自验-直发-国际快递\n\n包裹条码：B0400000001443067924\nB0400000001443072721\nsku：\n救火原因：这两个包裹已断货，麻烦优先处理下上架的""}], [{""tag"": ""button"", ""text"": ""确认受理"", ""type"": ""default""}, {""tag"": ""button"", ""text"": ""确认关闭"", ""type"": ""default""}], [{""tag"": ""hr""}], [{""tag"": ""text"", ""text"": ""来自 ""}, {""tag"": ""a"", ""href"": ""https://winitlink.feishu.cn/base/CBUkbTYbma2NAnsSzZ9cq7Qrnvc?ccm_open_type=im_card_automation_link"", ""text"": ""海外仓入库运营（救火）case管理表""}]]}",陈志颖；王婉清；罗澳,未知/系统,未知/系统,om_x100b675927e44ca0deee62d9e933a7b,,入库；上架；包裹条码；仓库；救火
482,发货仓入库&增值运营（救火）- IB&VAS,oc_5b8848d27b7b3fa4a10eab865c4f9ffc,2026-08-21,2026-08-21 09:50,2026-08-21 16:17,omt_19e368f8b20f5a52,未知/系统,标准库内增值/入库异常,未明确,,,,"@_user_1 这单不在云仓，怎么完成？ @耿文文@刘佳 补收费的增值不用仓库处理了，我记得很早之前应该就改了 [Image:img_v3_0214p_f1efe732-3281-4f9a-bef9-6072ce9295cg] CC@Geng,Wandi @_user_1 是你这边点完成吗，帮忙看看，谢谢 @_user_1 CC 已处理@_user_1","[2026-08-21 09:50] Geng,Wandi: @_user_1 这单不在云仓，怎么完成？
[2026-08-21 16:08] 李超亮: @耿文文@刘佳  补收费的增值不用仓库处理了，我记得很早之前应该就改了
[Image:img_v3_0214p_f1efe732-3281-4f9a-bef9-6072ce9295cg]
CC@Geng,Wandi
[2026-08-21 16:09] 刘佳: @_user_1 是你这边点完成吗，帮忙看看，谢谢
[2026-08-21 16:09] 刘佳: @_user_1 CC
[2026-08-21 16:17] 耿文文: 已处理@_user_1","李超亮；耿文文；刘佳；Geng,Wandi；钟晓环",耿文文,"Geng,Wandi；李超亮；刘佳；耿文文",om_x100b675a4dd4cca4dfe7585b4935358,,增值；仓库
483,发货仓入库&增值运营（救火）- IB&VAS,oc_5b8848d27b7b3fa4a10eab865c4f9ffc,2026-08-20,2026-08-20 19:19,2026-08-20 19:19,omt_19e36a1902ce5c87,未知/系统,入库/仓库异常,"其他\n仓库：USKY3 Warehouse\n入库单号：WI51799567\nWI51805688\n头程类型：自验-直发-国际快递\n包裹条码：\nsku：\n救火原因：WI51799567\nWI51805688\n客户反馈这两个都是直发国际快递的，预计妥投时间是今晚\n麻烦可以的话帮忙加急处理下，谢谢""}], [{""tag"": ""button"", ""text"": ""确认受理"", ""type"": ""default""}, {""tag"": ""button"", ""text"": ""确认关闭"", ""type"": ""default""}], [{""tag"": ""hr""}], [{""tag"": ""text"", ""text"": ""来自 ""}, {""tag"": ""a"", ""href"": ""https://winitlink.feishu.cn/base/CBUkbTYbma2NAnsSzZ9cq7Qrnvc?ccm_open_type=im_card_automation_link"", ""text"": ""海外仓入库运营（救火）case管理表""}]]}","17612493En Route Jewelry LLC\n救火类型：其他\n仓库：USKY3 Warehouse\n入库单号：WI51799567\nWI51805688\n头程类型：自验-直发-国际快递\n包裹条码：\nsku：\n救火原因：WI51799567\nWI51805688\n客户反馈这两个都是直发国际快递的，预计妥投时间是今晚\n麻烦可以的话帮忙加急处理下，谢谢""}], [{""tag"": ""button"", ""text"": ""确认受理"", ""type"": ""default""}, {""tag"": ""button"", ""text"": ""确认关闭"", ""type"": ""default""}], [{""tag"": ""hr""}], [{""tag"": ""text"", ""text"": ""来自 ""}, {""tag"": ""a"", ""href"": ""https://winitlink.feishu.cn/base/CBUkbTYbma2NAnsSzZ9cq7Qrnvc?ccm_open_type=im_card_automation_link"", ""text"": ""海外仓入库运营（救火）case管理表""}]]}","USKY3 Warehouse\n入库单号：WI51799567\nWI51805688\n头程类型：自验-直发-国际快递\n包裹条码：\nsku：\n救火原因：WI51799567\nWI51805688\n客户反馈这两个都是直发国际快递的，预计妥投时间是今晚\n麻烦可以的话帮忙加急处理下，谢谢""}], [{""tag"": ""button"", ""text"": ""确认受理"", ""type"": ""default""}, {""tag"": ""button"", ""text"": ""确认关闭"", ""type"": ""default""}], [{""tag"": ""hr""}], [{""tag"": ""text"", ""text"": ""来自 ""}, {""tag"": ""a"", ""href"": ""https://winitlink.feishu.cn/base/CBUkbTYbma2NAnsSzZ9cq7Qrnvc?ccm_open_type=im_card_automation_link"", ""text"": ""海外仓入库运营（救火）case管理表""}]]}",WI51799567；WI51805688,"{""title"": ""请关注入库救火case"", ""elements"": [[{""tag"": ""text"", ""text"": ""提交人：""}, {""tag"": ""at"", ""user_id"": ""@_user_1"", ""user_name"": ""吴洁玲""}, {""tag"": ""text"", ""text"": ""\n仓库处理人：""}, {""tag"": ""at"", ""user_id"": ""@_user_2"", ""user_name"": ""Ding kun""}, {""tag"": ""text"", ""text"": "",""}, ...","[2026-08-20 19:19] 未知/系统: {""title"": ""请关注入库救火case"", ""elements"": [[{""tag"": ""text"", ""text"": ""提交人：""}, {""tag"": ""at"", ""user_id"": ""@_user_1"", ""user_name"": ""吴洁玲""}, {""tag"": ""text"", ""text"": ""\n仓库处理人：""}, {""tag"": ""at"", ""user_id"": ""@_user_2"", ""user_name"": ""Ding kun""}, {""tag"": ""text"", ""text"": "",""}, {""tag"": ""at"", ""user_id"": ""@_user_3"", ""user_name"": ""Katia Ayala""}, {""tag"": ""text"", ""text"": "",""}, {""tag"": ""at"", ""user_id"": ""@_user_4"", ""user_name"": ""Fuentes, Elias Matos""}, {""tag"": ""text"", ""text"": "",""}, {""tag"": ""at"", ""user_id"": ""@_user_5"", ""user_name"": ""Liu wenhong""}, {""tag"": ""text"", ""text"": ""\n质控：""}, {""tag"": ""at"", ""user_id"": ""@_user_6"", ""user_name"": ""魏佳欣""}, {""tag"": ""text"", ""text"": ""\n客户：17612493En Route Jewelry LLC\n救火类型：其他\n仓库：USKY3 Warehouse\n入库单号：WI51799567\nWI51805688\n头程类型：自验-直发-国际快递\n包裹条码：\nsku：\n救火原因：WI51799567\nWI51805688\n客户反馈这两个都是直发国际快递的，预计妥投时间是今晚\n麻烦可以的话帮忙加急处理下，谢谢""}], [{""tag"": ""button"", ""text"": ""确认受理"", ""type"": ""default""}, {""tag"": ""button"", ""text"": ""确认关闭"", ""type"": ""default""}], [{""tag"": ""hr""}], [{""tag"": ""text"", ""text"": ""来自 ""}, {""tag"": ""a"", ""href"": ""https://winitlink.feishu.cn/base/CBUkbTYbma2NAnsSzZ9cq7Qrnvc?ccm_open_type=im_card_automation_link"", ""text"": ""海外仓入库运营（救火）case管理表""}]]}","吴洁玲；Ding kun；Katia Ayala；Fuentes, Elias Matos；Liu wenhong；魏佳欣",未知/系统,未知/系统,om_x100b675a63cfc0b4b2b35ddafe19bd6,,入库；包裹条码；仓库；救火
491,发货仓入库&增值运营（救火）- IB&VAS,oc_5b8848d27b7b3fa4a10eab865c4f9ffc,2026-08-21,2026-08-21 11:17,2026-08-21 11:17,omt_19e24bfb8f8f5c80,未知/系统,入库/仓库异常,"时效内催上架\n仓库：USGA Warehouse\n入库单号：WI49794218\n头程类型：自验-直发-海运整柜-40HQ\n包裹条码：B0400000001408917647\nsku：M010000000010585580\n救火原因：卸货实际 8月22日   M010000000010585580  协助优先安排上架""}], [{""tag"": ""button"", ""text"": ""确认受理"", ""type"": ""default""}, {""tag"": ""button"", ""text"": ""确认关闭"", ""type"": ""default""}], [{""tag"": ""hr""}], [{""tag"": ""text"", ""text"": ""来自 ""}, {""tag"": ""a"", ""href"": ""https://winitlink.feishu.cn/base/CBUkbTYbma2NAnsSzZ9cq7Qrnvc?ccm_open_type=im_card_automation_link"", ""text"": ""海外仓入库运营（救火）case管理表""}]]}；上架","17572367香港四权贸易集团有限公司\n救火类型：时效内催上架\n仓库：USGA Warehouse\n入库单号：WI49794218\n头程类型：自验-直发-海运整柜-40HQ\n包裹条码：B0400000001408917647\nsku：M010000000010585580\n救火原因：卸货实际 8月22日   M010000000010585580  协助优先安排上架""}], [{""tag"": ""button"", ""text"": ""确认受理"", ""type"": ""default""}, {""tag"": ""button"", ""text"": ""确认关闭"", ""type"": ""default""}], [{""tag"": ""hr""}], [{""tag"": ""text"", ""text"": ""来自 ""}, {""tag"": ""a"", ""href"": ""https://winitlink.feishu.cn/base/CBUkbTYbma2NAnsSzZ9cq7Qrnvc?ccm_open_type=im_card_automation_link"", ""text"": ""海外仓入库运营（救火）case管理表""}]]}","USGA Warehouse\n入库单号：WI49794218\n头程类型：自验-直发-海运整柜-40HQ\n包裹条码：B0400000001408917647\nsku：M010000000010585580\n救火原因：卸货实际 8月22日   M010000000010585580  协助优先安排上架""}], [{""tag"": ""button"", ""text"": ""确认受理"", ""type"": ""default""}, {""tag"": ""button"", ""text"": ""确认关闭"", ""type"": ""default""}], [{""tag"": ""hr""}], [{""tag"": ""text"", ""text"": ""来自 ""}, {""tag"": ""a"", ""href"": ""https://winitlink.feishu.cn/base/CBUkbTYbma2NAnsSzZ9cq7Qrnvc?ccm_open_type=im_card_automation_link"", ""text"": ""海外仓入库运营（救火）case管理表""}]]}",WI49794218；M010000000010585580；B0400000001408917647,"{""title"": ""请关注入库救火case"", ""elements"": [[{""tag"": ""text"", ""text"": ""提交人：""}, {""tag"": ""at"", ""user_id"": ""@_user_1"", ""user_name"": ""杜春霖""}, {""tag"": ""text"", ""text"": ""\n仓库处理人：""}, {""tag"": ""at"", ""user_id"": ""@_user_2"", ""user_name"": ""Boris Dong""}, {""tag"": ""text"", ""text"": "",""}...","[2026-08-21 11:17] 未知/系统: {""title"": ""请关注入库救火case"", ""elements"": [[{""tag"": ""text"", ""text"": ""提交人：""}, {""tag"": ""at"", ""user_id"": ""@_user_1"", ""user_name"": ""杜春霖""}, {""tag"": ""text"", ""text"": ""\n仓库处理人：""}, {""tag"": ""at"", ""user_id"": ""@_user_2"", ""user_name"": ""Boris Dong""}, {""tag"": ""text"", ""text"": "",""}, {""tag"": ""at"", ""user_id"": ""@_user_3"", ""user_name"": ""Jianan Sun""}, {""tag"": ""text"", ""text"": ""\n质控：""}, {""tag"": ""at"", ""user_id"": ""@_user_4"", ""user_name"": ""王鑫隆""}, {""tag"": ""text"", ""text"": "",""}, {""tag"": ""at"", ""user_id"": ""@_user_5"", ""user_name"": ""廖丹""}, {""tag"": ""text"", ""text"": ""\n客户：17572367香港四权贸易集团有限公司\n救火类型：时效内催上架\n仓库：USGA Warehouse\n入库单号：WI49794218\n头程类型：自验-直发-海运整柜-40HQ\n包裹条码：B0400000001408917647\nsku：M010000000010585580\n救火原因：卸货实际 8月22日   M010000000010585580  协助优先安排上架""}], [{""tag"": ""button"", ""text"": ""确认受理"", ""type"": ""default""}, {""tag"": ""button"", ""text"": ""确认关闭"", ""type"": ""default""}], [{""tag"": ""hr""}], [{""tag"": ""text"", ""text"": ""来自 ""}, {""tag"": ""a"", ""href"": ""https://winitlink.feishu.cn/base/CBUkbTYbma2NAnsSzZ9cq7Qrnvc?ccm_open_type=im_card_automation_link"", ""text"": ""海外仓入库运营（救火）case管理表""}]]}",杜春霖；Boris Dong；Jianan Sun；王鑫隆；廖丹,未知/系统,未知/系统,om_x100b67487de714a4b2c3ecaa84b1209,,入库；上架；包裹条码；仓库；救火
518,发货仓入库&增值运营（救火）- IB&VAS,oc_5b8848d27b7b3fa4a10eab865c4f9ffc,2026-08-24,2026-08-24 10:10,2026-08-24 10:10,omt_19ee20f8314eda7e,未知/系统,入库/仓库异常,"已超时效催上架\n仓库：DENW3 Warehouse\n入库单号：WI51111784\n头程类型：自验-直发-海运整柜-40HQ\n包裹条码：B0400000001433256962\nsku：\n救火原因：B0400000001433256962包裹已在08-17卸货，但是无上架记录，又登记了少货异常，请核实实际是否有收到，如收到请尽快上架谢谢""}], [{""tag"": ""button"", ""text"": ""确认受理"", ""type"": ""default""}, {""tag"": ""button"", ""text"": ""确认关闭"", ""type"": ""default""}], [{""tag"": ""hr""}], [{""tag"": ""text"", ""text"": ""来自 ""}, {""tag"": ""a"", ""href"": ""https://winitlink.feishu.cn/base/CBUkbTYbma2NAnsSzZ9cq7Qrnvc?ccm_open_type=im_card_automation_link"", ""text"": ""海外仓入库运营（救火）case管理表""}]]}；上架","16758605Anker Technology (UK) Ltd.-3\n救火类型：已超时效催上架\n仓库：DENW3 Warehouse\n入库单号：WI51111784\n头程类型：自验-直发-海运整柜-40HQ\n包裹条码：B0400000001433256962\nsku：\n救火原因：B0400000001433256962包裹已在08-17卸货，但是无上架记录，又登记了少货异常，请核实实际是否有收到，如收到请尽快上架谢谢""}], [{""tag"": ""button"", ""text"": ""确认受理"", ""type"": ""default""}, {""tag"": ""button"", ""text"": ""确认关闭"", ""type"": ""default""}], [{""tag"": ""hr""}], [{""tag"": ""text"", ""text"": ""来自 ""}, {""tag"": ""a"", ""href"": ""https://winitlink.feishu.cn/base/CBUkbTYbma2NAnsSzZ9cq7Qrnvc?ccm_open_type=im_card_automation_link"", ""text"": ""海外仓入库运营（救火）case管理表""}]]}","DENW3 Warehouse\n入库单号：WI51111784\n头程类型：自验-直发-海运整柜-40HQ\n包裹条码：B0400000001433256962\nsku：\n救火原因：B0400000001433256962包裹已在08-17卸货，但是无上架记录，又登记了少货异常，请核实实际是否有收到，如收到请尽快上架谢谢""}], [{""tag"": ""button"", ""text"": ""确认受理"", ""type"": ""default""}, {""tag"": ""button"", ""text"": ""确认关闭"", ""type"": ""default""}], [{""tag"": ""hr""}], [{""tag"": ""text"", ""text"": ""来自 ""}, {""tag"": ""a"", ""href"": ""https://winitlink.feishu.cn/base/CBUkbTYbma2NAnsSzZ9cq7Qrnvc?ccm_open_type=im_card_automation_link"", ""text"": ""海外仓入库运营（救火）case管理表""}]]}",WI51111784；B0400000001433256962,"{""title"": ""请关注入库救火case"", ""elements"": [[{""tag"": ""text"", ""text"": ""提交人：""}, {""tag"": ""at"", ""user_id"": ""@_user_1"", ""user_name"": ""徐丽红""}, {""tag"": ""text"", ""text"": ""\n仓库处理人：""}, {""tag"": ""at"", ""user_id"": ""@_user_2"", ""user_name"": ""Mohamad Kazan ""}, {""tag"": ""text"", ""text"": ...","[2026-08-24 10:10] 未知/系统: {""title"": ""请关注入库救火case"", ""elements"": [[{""tag"": ""text"", ""text"": ""提交人：""}, {""tag"": ""at"", ""user_id"": ""@_user_1"", ""user_name"": ""徐丽红""}, {""tag"": ""text"", ""text"": ""\n仓库处理人：""}, {""tag"": ""at"", ""user_id"": ""@_user_2"", ""user_name"": ""Mohamad Kazan ""}, {""tag"": ""text"", ""text"": ""\n质控：""}, {""tag"": ""at"", ""user_id"": ""@_user_3"", ""user_name"": ""林佳志""}, {""tag"": ""text"", ""text"": ""\n客户：16758605Anker Technology (UK) Ltd.-3\n救火类型：已超时效催上架\n仓库：DENW3 Warehouse\n入库单号：WI51111784\n头程类型：自验-直发-海运整柜-40HQ\n包裹条码：B0400000001433256962\nsku：\n救火原因：B0400000001433256962包裹已在08-17卸货，但是无上架记录，又登记了少货异常，请核实实际是否有收到，如收到请尽快上架谢谢""}], [{""tag"": ""button"", ""text"": ""确认受理"", ""type"": ""default""}, {""tag"": ""button"", ""text"": ""确认关闭"", ""type"": ""default""}], [{""tag"": ""hr""}], [{""tag"": ""text"", ""text"": ""来自 ""}, {""tag"": ""a"", ""href"": ""https://winitlink.feishu.cn/base/CBUkbTYbma2NAnsSzZ9cq7Qrnvc?ccm_open_type=im_card_automation_link"", ""text"": ""海外仓入库运营（救火）case管理表""}]]}",徐丽红；Mohamad Kazan ；林佳志,未知/系统,未知/系统,om_x100b678ecddcf8bcdd2bfec9df1073d,,异常；入库；上架；包裹条码；仓库；救火
519,发货仓入库&增值运营（救火）- IB&VAS,oc_5b8848d27b7b3fa4a10eab865c4f9ffc,2026-08-24,2026-08-24 10:14,2026-08-24 10:14,omt_19ee21d7b58e9a70,未知/系统,入库/仓库异常,"时效内催上架\n仓库：USKY3 Warehouse\n入库单号：WI51714306\n头程类型：海外验-直发-国际快递\n包裹条码：B0400000001444135663\nsku：\n救火原因：送仓快递单号：1635341971，预计今天送仓，是新品预售，请收到帮忙加急上架，谢谢""}], [{""tag"": ""button"", ""text"": ""确认受理"", ""type"": ""default""}, {""tag"": ""button"", ""text"": ""确认关闭"", ""type"": ""default""}], [{""tag"": ""hr""}], [{""tag"": ""text"", ""text"": ""来自 ""}, {""tag"": ""a"", ""href"": ""https://winitlink.feishu.cn/base/CBUkbTYbma2NAnsSzZ9cq7Qrnvc?ccm_open_type=im_card_automation_link"", ""text"": ""海外仓入库运营（救火）case管理表""}]]}；上架","17225006Plaud LLC\n救火类型：时效内催上架\n仓库：USKY3 Warehouse\n入库单号：WI51714306\n头程类型：海外验-直发-国际快递\n包裹条码：B0400000001444135663\nsku：\n救火原因：送仓快递单号：1635341971，预计今天送仓，是新品预售，请收到帮忙加急上架，谢谢""}], [{""tag"": ""button"", ""text"": ""确认受理"", ""type"": ""default""}, {""tag"": ""button"", ""text"": ""确认关闭"", ""type"": ""default""}], [{""tag"": ""hr""}], [{""tag"": ""text"", ""text"": ""来自 ""}, {""tag"": ""a"", ""href"": ""https://winitlink.feishu.cn/base/CBUkbTYbma2NAnsSzZ9cq7Qrnvc?ccm_open_type=im_card_automation_link"", ""text"": ""海外仓入库运营（救火）case管理表""}]]}","USKY3 Warehouse\n入库单号：WI51714306\n头程类型：海外验-直发-国际快递\n包裹条码：B0400000001444135663\nsku：\n救火原因：送仓快递单号：1635341971，预计今天送仓，是新品预售，请收到帮忙加急上架，谢谢""}], [{""tag"": ""button"", ""text"": ""确认受理"", ""type"": ""default""}, {""tag"": ""button"", ""text"": ""确认关闭"", ""type"": ""default""}], [{""tag"": ""hr""}], [{""tag"": ""text"", ""text"": ""来自 ""}, {""tag"": ""a"", ""href"": ""https://winitlink.feishu.cn/base/CBUkbTYbma2NAnsSzZ9cq7Qrnvc?ccm_open_type=im_card_automation_link"", ""text"": ""海外仓入库运营（救火）case管理表""}]]}",WI51714306；B0400000001444135663,"{""title"": ""请关注入库救火case"", ""elements"": [[{""tag"": ""text"", ""text"": ""提交人：""}, {""tag"": ""at"", ""user_id"": ""@_user_1"", ""user_name"": ""徐丽红""}, {""tag"": ""text"", ""text"": ""\n仓库处理人：""}, {""tag"": ""at"", ""user_id"": ""@_user_2"", ""user_name"": ""Ding kun""}, {""tag"": ""text"", ""text"": "",""}, ...","[2026-08-24 10:14] 未知/系统: {""title"": ""请关注入库救火case"", ""elements"": [[{""tag"": ""text"", ""text"": ""提交人：""}, {""tag"": ""at"", ""user_id"": ""@_user_1"", ""user_name"": ""徐丽红""}, {""tag"": ""text"", ""text"": ""\n仓库处理人：""}, {""tag"": ""at"", ""user_id"": ""@_user_2"", ""user_name"": ""Ding kun""}, {""tag"": ""text"", ""text"": "",""}, {""tag"": ""at"", ""user_id"": ""@_user_3"", ""user_name"": ""Fuentes, Elias Matos""}, {""tag"": ""text"", ""text"": "",""}, {""tag"": ""at"", ""user_id"": ""@_user_4"", ""user_name"": ""Liu wenhong""}, {""tag"": ""text"", ""text"": "",""}, {""tag"": ""at"", ""user_id"": ""@_user_5"", ""user_name"": ""Lebron Jose""}, {""tag"": ""text"", ""text"": ""\n质控：""}, {""tag"": ""at"", ""user_id"": ""@_user_6"", ""user_name"": ""魏佳欣""}, {""tag"": ""text"", ""text"": ""\n客户：17225006Plaud LLC\n救火类型：时效内催上架\n仓库：USKY3 Warehouse\n入库单号：WI51714306\n头程类型：海外验-直发-国际快递\n包裹条码：B0400000001444135663\nsku：\n救火原因：送仓快递单号：1635341971，预计今天送仓，是新品预售，请收到帮忙加急上架，谢谢""}], [{""tag"": ""button"", ""text"": ""确认受理"", ""type"": ""default""}, {""tag"": ""button"", ""text"": ""确认关闭"", ""type"": ""default""}], [{""tag"": ""hr""}], [{""tag"": ""text"", ""text"": ""来自 ""}, {""tag"": ""a"", ""href"": ""https://winitlink.feishu.cn/base/CBUkbTYbma2NAnsSzZ9cq7Qrnvc?ccm_open_type=im_card_automation_link"", ""text"": ""海外仓入库运营（救火）case管理表""}]]}","徐丽红；Ding kun；Fuentes, Elias Matos；Liu wenhong；Lebron Jose；魏佳欣",未知/系统,未知/系统,om_x100b678edf24b4b8ddc002d5ffce782,,EB；入库；上架；包裹条码；仓库；救火
521,发货仓入库&增值运营（救火）- IB&VAS,oc_5b8848d27b7b3fa4a10eab865c4f9ffc,2026-08-24,2026-08-24 10:27,2026-08-24 10:27,omt_19ee233cb48fda77,未知/系统,入库/仓库异常,"时效内催上架\n仓库：USGA Warehouse\n入库单号：WI50515504\n头程类型：自验-直发-海运整柜-40HQ\n包裹条码：B0400000001421935887\nsku：\n救火原因：8.20已卸货，客户着急上架，无异常登记，麻烦找下货物安排上架的，谢谢""}], [{""tag"": ""button"", ""text"": ""确认受理"", ""type"": ""default""}, {""tag"": ""button"", ""text"": ""确认关闭"", ""type"": ""default""}], [{""tag"": ""hr""}], [{""tag"": ""text"", ""text"": ""来自 ""}, {""tag"": ""a"", ""href"": ""https://winitlink.feishu.cn/base/CBUkbTYbma2NAnsSzZ9cq7Qrnvc?ccm_open_type=im_card_automation_link"", ""text"": ""海外仓入库运营（救火）case管理表""}]]}；上架","19945672香港烜晟商貿有限公司\n救火类型：时效内催上架\n仓库：USGA Warehouse\n入库单号：WI50515504\n头程类型：自验-直发-海运整柜-40HQ\n包裹条码：B0400000001421935887\nsku：\n救火原因：8.20已卸货，客户着急上架，无异常登记，麻烦找下货物安排上架的，谢谢""}], [{""tag"": ""button"", ""text"": ""确认受理"", ""type"": ""default""}, {""tag"": ""button"", ""text"": ""确认关闭"", ""type"": ""default""}], [{""tag"": ""hr""}], [{""tag"": ""text"", ""text"": ""来自 ""}, {""tag"": ""a"", ""href"": ""https://winitlink.feishu.cn/base/CBUkbTYbma2NAnsSzZ9cq7Qrnvc?ccm_open_type=im_card_automation_link"", ""text"": ""海外仓入库运营（救火）case管理表""}]]}","USGA Warehouse\n入库单号：WI50515504\n头程类型：自验-直发-海运整柜-40HQ\n包裹条码：B0400000001421935887\nsku：\n救火原因：8.20已卸货，客户着急上架，无异常登记，麻烦找下货物安排上架的，谢谢""}], [{""tag"": ""button"", ""text"": ""确认受理"", ""type"": ""default""}, {""tag"": ""button"", ""text"": ""确认关闭"", ""type"": ""default""}], [{""tag"": ""hr""}], [{""tag"": ""text"", ""text"": ""来自 ""}, {""tag"": ""a"", ""href"": ""https://winitlink.feishu.cn/base/CBUkbTYbma2NAnsSzZ9cq7Qrnvc?ccm_open_type=im_card_automation_link"", ""text"": ""海外仓入库运营（救火）case管理表""}]]}",WI50515504；B0400000001421935887,"{""title"": ""请关注入库救火case"", ""elements"": [[{""tag"": ""text"", ""text"": ""提交人：""}, {""tag"": ""at"", ""user_id"": ""@_user_1"", ""user_name"": ""刘燕春""}, {""tag"": ""text"", ""text"": ""\n仓库处理人：""}, {""tag"": ""at"", ""user_id"": ""@_user_2"", ""user_name"": ""Boris Dong""}, {""tag"": ""text"", ""text"": "",""}...","[2026-08-24 10:27] 未知/系统: {""title"": ""请关注入库救火case"", ""elements"": [[{""tag"": ""text"", ""text"": ""提交人：""}, {""tag"": ""at"", ""user_id"": ""@_user_1"", ""user_name"": ""刘燕春""}, {""tag"": ""text"", ""text"": ""\n仓库处理人：""}, {""tag"": ""at"", ""user_id"": ""@_user_2"", ""user_name"": ""Boris Dong""}, {""tag"": ""text"", ""text"": "",""}, {""tag"": ""at"", ""user_id"": ""@_user_3"", ""user_name"": ""Jianan Sun""}, {""tag"": ""text"", ""text"": ""\n质控：""}, {""tag"": ""at"", ""user_id"": ""@_user_4"", ""user_name"": ""王鑫隆""}, {""tag"": ""text"", ""text"": "",""}, {""tag"": ""at"", ""user_id"": ""@_user_5"", ""user_name"": ""廖丹""}, {""tag"": ""text"", ""text"": ""\n客户：19945672香港烜晟商貿有限公司\n救火类型：时效内催上架\n仓库：USGA Warehouse\n入库单号：WI50515504\n头程类型：自验-直发-海运整柜-40HQ\n包裹条码：B0400000001421935887\nsku：\n救火原因：8.20已卸货，客户着急上架，无异常登记，麻烦找下货物安排上架的，谢谢""}], [{""tag"": ""button"", ""text"": ""确认受理"", ""type"": ""default""}, {""tag"": ""button"", ""text"": ""确认关闭"", ""type"": ""default""}], [{""tag"": ""hr""}], [{""tag"": ""text"", ""text"": ""来自 ""}, {""tag"": ""a"", ""href"": ""https://winitlink.feishu.cn/base/CBUkbTYbma2NAnsSzZ9cq7Qrnvc?ccm_open_type=im_card_automation_link"", ""text"": ""海外仓入库运营（救火）case管理表""}]]}",刘燕春；Boris Dong；Jianan Sun；王鑫隆；廖丹,未知/系统,未知/系统,om_x100b678ef194a4acddbdbe5e912cc90,,异常；入库；上架；包裹条码；仓库；救火
530,发货仓入库&增值运营（救火）- IB&VAS,oc_5b8848d27b7b3fa4a10eab865c4f9ffc,2026-08-24,2026-08-24 12:41,2026-08-24 12:41,omt_19ee43b9858f1c80,未知/系统,非标增值,"增值单\n仓库：USGA Warehouse\n入库单号：VASC000000338748\n头程类型：测量商品尺重\n包裹条码：\nsku：\n救火原因：此增值快超时，麻烦协助尽快处理，谢谢""}], [{""tag"": ""button"", ""text"": ""确认受理"", ""type"": ""default""}, {""tag"": ""button"", ""text"": ""确认关闭"", ""type"": ""default""}], [{""tag"": ""hr""}], [{""tag"": ""text"", ""text"": ""来自 ""}, {""tag"": ""a"", ""href"": ""https://winitlink.feishu.cn/base/CBUkbTYbma2NAnsSzZ9cq7Qrnvc?ccm_open_type=im_card_automation_link"", ""text"": ""海外仓入库运营（救火）case管理表""}]]}","19104098RED NOW LIMITED\n救火类型：增值单\n仓库：USGA Warehouse\n入库单号：VASC000000338748\n头程类型：测量商品尺重\n包裹条码：\nsku：\n救火原因：此增值快超时，麻烦协助尽快处理，谢谢""}], [{""tag"": ""button"", ""text"": ""确认受理"", ""type"": ""default""}, {""tag"": ""button"", ""text"": ""确认关闭"", ""type"": ""default""}], [{""tag"": ""hr""}], [{""tag"": ""text"", ""text"": ""来自 ""}, {""tag"": ""a"", ""href"": ""https://winitlink.feishu.cn/base/CBUkbTYbma2NAnsSzZ9cq7Qrnvc?ccm_open_type=im_card_automation_link"", ""text"": ""海外仓入库运营（救火）case管理表""}]]}","USGA Warehouse\n入库单号：VASC000000338748\n头程类型：测量商品尺重\n包裹条码：\nsku：\n救火原因：此增值快超时，麻烦协助尽快处理，谢谢""}], [{""tag"": ""button"", ""text"": ""确认受理"", ""type"": ""default""}, {""tag"": ""button"", ""text"": ""确认关闭"", ""type"": ""default""}], [{""tag"": ""hr""}], [{""tag"": ""text"", ""text"": ""来自 ""}, {""tag"": ""a"", ""href"": ""https://winitlink.feishu.cn/base/CBUkbTYbma2NAnsSzZ9cq7Qrnvc?ccm_open_type=im_card_automation_link"", ""text"": ""海外仓入库运营（救火）case管理表""}]]}",VASC000000338748,"{""title"": ""请关注入库救火case"", ""elements"": [[{""tag"": ""text"", ""text"": ""提交人：""}, {""tag"": ""at"", ""user_id"": ""@_user_1"", ""user_name"": ""刘佳""}, {""tag"": ""text"", ""text"": ""\n仓库处理人：""}, {""tag"": ""at"", ""user_id"": ""@_user_2"", ""user_name"": ""Boris Dong""}, {""tag"": ""text"", ""text"": "",""},...","[2026-08-24 12:41] 未知/系统: {""title"": ""请关注入库救火case"", ""elements"": [[{""tag"": ""text"", ""text"": ""提交人：""}, {""tag"": ""at"", ""user_id"": ""@_user_1"", ""user_name"": ""刘佳""}, {""tag"": ""text"", ""text"": ""\n仓库处理人：""}, {""tag"": ""at"", ""user_id"": ""@_user_2"", ""user_name"": ""Boris Dong""}, {""tag"": ""text"", ""text"": "",""}, {""tag"": ""at"", ""user_id"": ""@_user_3"", ""user_name"": ""Jianan Sun""}, {""tag"": ""text"", ""text"": ""\n质控：""}, {""tag"": ""at"", ""user_id"": ""@_user_4"", ""user_name"": ""王鑫隆""}, {""tag"": ""text"", ""text"": "",""}, {""tag"": ""at"", ""user_id"": ""@_user_5"", ""user_name"": ""廖丹""}, {""tag"": ""text"", ""text"": ""\n客户：19104098RED NOW LIMITED\n救火类型：增值单\n仓库：USGA Warehouse\n入库单号：VASC000000338748\n头程类型：测量商品尺重\n包裹条码：\nsku：\n救火原因：此增值快超时，麻烦协助尽快处理，谢谢""}], [{""tag"": ""button"", ""text"": ""确认受理"", ""type"": ""default""}, {""tag"": ""button"", ""text"": ""确认关闭"", ""type"": ""default""}], [{""tag"": ""hr""}], [{""tag"": ""text"", ""text"": ""来自 ""}, {""tag"": ""a"", ""href"": ""https://winitlink.feishu.cn/base/CBUkbTYbma2NAnsSzZ9cq7Qrnvc?ccm_open_type=im_card_automation_link"", ""text"": ""海外仓入库运营（救火）case管理表""}]]}",刘佳；Boris Dong；Jianan Sun；王鑫隆；廖丹,未知/系统,未知/系统,om_x100b6788f9c7b4a0b2ca0b8877bbb09,,增值；VASC；入库；包裹条码；仓库；救火
551,发货仓入库&增值运营（救火）- IB&VAS,oc_5b8848d27b7b3fa4a10eab865c4f9ffc,2026-08-24,2026-08-24 18:01,2026-08-24 18:01,omt_19e99e48d24f9a76,未知/系统,非标增值,"增值单\n仓库：USGA Warehouse\n入库单号：VASC000000338835\n头程类型：库内-商品其他标签（非商品条码）\n包裹条码：\nsku：\n救火原因：辛苦帮忙优先安排一下，谢谢""}], [{""tag"": ""button"", ""text"": ""确认受理"", ""type"": ""default""}, {""tag"": ""button"", ""text"": ""确认关闭"", ""type"": ""default""}], [{""tag"": ""hr""}], [{""tag"": ""text"", ""text"": ""来自 ""}, {""tag"": ""a"", ""href"": ""https://winitlink.feishu.cn/base/CBUkbTYbma2NAnsSzZ9cq7Qrnvc?ccm_open_type=im_card_automation_link"", ""text"": ""海外仓入库运营（救火）case管理表""}]]}","18016987扬州米时玩具礼品有限公司\n救火类型：增值单\n仓库：USGA Warehouse\n入库单号：VASC000000338835\n头程类型：库内-商品其他标签（非商品条码）\n包裹条码：\nsku：\n救火原因：辛苦帮忙优先安排一下，谢谢""}], [{""tag"": ""button"", ""text"": ""确认受理"", ""type"": ""default""}, {""tag"": ""button"", ""text"": ""确认关闭"", ""type"": ""default""}], [{""tag"": ""hr""}], [{""tag"": ""text"", ""text"": ""来自 ""}, {""tag"": ""a"", ""href"": ""https://winitlink.feishu.cn/base/CBUkbTYbma2NAnsSzZ9cq7Qrnvc?ccm_open_type=im_card_automation_link"", ""text"": ""海外仓入库运营（救火）case管理表""}]]}","USGA Warehouse\n入库单号：VASC000000338835\n头程类型：库内-商品其他标签（非商品条码）\n包裹条码：\nsku：\n救火原因：辛苦帮忙优先安排一下，谢谢""}], [{""tag"": ""button"", ""text"": ""确认受理"", ""type"": ""default""}, {""tag"": ""button"", ""text"": ""确认关闭"", ""type"": ""default""}], [{""tag"": ""hr""}], [{""tag"": ""text"", ""text"": ""来自 ""}, {""tag"": ""a"", ""href"": ""https://winitlink.feishu.cn/base/CBUkbTYbma2NAnsSzZ9cq7Qrnvc?ccm_open_type=im_card_automation_link"", ""text"": ""海外仓入库运营（救火）case管理表""}]]}",VASC000000338835,"{""title"": ""请关注入库救火case"", ""elements"": [[{""tag"": ""text"", ""text"": ""提交人：""}, {""tag"": ""at"", ""user_id"": ""@_user_1"", ""user_name"": ""李润美""}, {""tag"": ""text"", ""text"": ""\n仓库处理人：""}, {""tag"": ""at"", ""user_id"": ""@_user_2"", ""user_name"": ""Boris Dong""}, {""tag"": ""text"", ""text"": "",""}...","[2026-08-24 18:01] 未知/系统: {""title"": ""请关注入库救火case"", ""elements"": [[{""tag"": ""text"", ""text"": ""提交人：""}, {""tag"": ""at"", ""user_id"": ""@_user_1"", ""user_name"": ""李润美""}, {""tag"": ""text"", ""text"": ""\n仓库处理人：""}, {""tag"": ""at"", ""user_id"": ""@_user_2"", ""user_name"": ""Boris Dong""}, {""tag"": ""text"", ""text"": "",""}, {""tag"": ""at"", ""user_id"": ""@_user_3"", ""user_name"": ""Jianan Sun""}, {""tag"": ""text"", ""text"": ""\n质控：""}, {""tag"": ""at"", ""user_id"": ""@_user_4"", ""user_name"": ""王鑫隆""}, {""tag"": ""text"", ""text"": "",""}, {""tag"": ""at"", ""user_id"": ""@_user_5"", ""user_name"": ""廖丹""}, {""tag"": ""text"", ""text"": ""\n客户：18016987扬州米时玩具礼品有限公司\n救火类型：增值单\n仓库：USGA Warehouse\n入库单号：VASC000000338835\n头程类型：库内-商品其他标签（非商品条码）\n包裹条码：\nsku：\n救火原因：辛苦帮忙优先安排一下，谢谢""}], [{""tag"": ""button"", ""text"": ""确认受理"", ""type"": ""default""}, {""tag"": ""button"", ""text"": ""确认关闭"", ""type"": ""default""}], [{""tag"": ""hr""}], [{""tag"": ""text"", ""text"": ""来自 ""}, {""tag"": ""a"", ""href"": ""https://winitlink.feishu.cn/base/CBUkbTYbma2NAnsSzZ9cq7Qrnvc?ccm_open_type=im_card_automation_link"", ""text"": ""海外仓入库运营（救火）case管理表""}]]}",李润美；Boris Dong；Jianan Sun；王鑫隆；廖丹,未知/系统,未知/系统,om_x100b67f526d2c8a8dda0d54007f7be7,,增值；VASC；入库；库内；包裹条码；商品条码；仓库；救火
567,发货仓入库&增值运营（救火）- IB&VAS,oc_5b8848d27b7b3fa4a10eab865c4f9ffc,2026-08-25,2026-08-25 10:51,2026-08-25 10:51,omt_19e88bf9514edb94,未知/系统,入库/仓库异常,"少包裹确认到仓\n仓库：UKTW Warehouse\n入库单号：WI51720274\n头程类型：自验-直发-空派\n包裹条码：B0400000001444298634\nB0400000001444298666\nB0400000001444298677\nB0400000001444298687\nsku：\n救火原因：6个包裹DPD 8月20日妥投其中4个包裹没有卸货记录和异常，麻烦排查有没有收到，谢谢\n15508350165757\n15508350165758\n15508350165756\n15508350165760\n15508350165759\n15508350165755""}], [{""tag"": ""img"", ""image_key"": ""img_v3_0214t_1c8078fe-766a-42ec-a12d-4b875b0255eg""}], [{""tag"": ""button"", ""text"": ""确认受理"", ""type"": ""default""}, {""tag"": ""button"", ""text"": ""确认关闭"", ""type"": ""default""}], [{""tag"": ""hr""}], [{""tag"": ""text"", ""text"": ""来自 ""}, {""tag"": ""a"", ""href"": ""https://winitlink.feishu.cn/base/CBUkbTYbma2NAnsSzZ9cq7Qrnvc?ccm_open_type=im_card_automation_link"", ""text"": ""海外仓入库运营（救火）case管理表""}]]}","10006683小蝌蚪（香港）互联网科技有限公司\n救火类型：少包裹确认到仓\n仓库：UKTW Warehouse\n入库单号：WI51720274\n头程类型：自验-直发-空派\n包裹条码：B0400000001444298634\nB0400000001444298666\nB0400000001444298677\nB0400000001444298687\nsku：\n救火原因：6个包裹DPD 8月20日妥投其中4个包裹没有卸货记录和异常，麻烦排查有没有收到，谢谢\n15508350165757\n15508350165758\n15508350165756\n15508350165760\n15508350165759\n15508350165755""}], [{""tag"": ""img"", ""image_key"": ""img_v3_0214t_1c8078fe-766a-42ec-a12d-4b875b0255eg""}], [{""tag"": ""button"", ""text"": ""确认受理"", ""type"": ""default""}, {""tag"": ""button"", ""text"": ""确认关闭"", ""type"": ""default""}], [{""tag"": ""hr""}], [{""tag"": ""text"", ""text"": ""来自 ""}, {""tag"": ""a"", ""href"": ""https://winitlink.feishu.cn/base/CBUkbTYbma2NAnsSzZ9cq7Qrnvc?ccm_open_type=im_card_automation_link"", ""text"": ""海外仓入库运营（救火）case管理表""}]]}","UKTW Warehouse\n入库单号：WI51720274\n头程类型：自验-直发-空派\n包裹条码：B0400000001444298634\nB0400000001444298666\nB0400000001444298677\nB0400000001444298687\nsku：\n救火原因：6个包裹DPD 8月20日妥投其中4个包裹没有卸货记录和异常，麻烦排查有没有收到，谢谢\n15508350165757\n15508350165758\n15508350165756\n15508350165760\n15508350165759\n15508350165755""}], [{""tag"": ""img"", ""image_key"": ""img_v3_0214t_1c8078fe-766a-42ec-a12d-4b875b0255eg""}], [{""tag"": ""button"", ""text"": ""确认受理"", ""type"": ""default""}, {""tag"": ""button"", ""text"": ""确认关闭"", ""type"": ""default""}], [{""tag"": ""hr""}], [{""tag"": ""text"", ""text"": ""来自 ""}, {""tag"": ""a"", ""href"": ""https://winitlink.feishu.cn/base/CBUkbTYbma2NAnsSzZ9cq7Qrnvc?ccm_open_type=im_card_automation_link"", ""text"": ""海外仓入库运营（救火）case管理表""}]]}",WI51720274；B0400000001444298634；B0400000001444298666；B0400000001444298677；B0400000001444298687,"{""title"": ""请关注入库救火case"", ""elements"": [[{""tag"": ""text"", ""text"": ""提交人：""}, {""tag"": ""at"", ""user_id"": ""@_user_1"", ""user_name"": ""郭锦萍""}, {""tag"": ""text"", ""text"": ""\n仓库处理人：""}, {""tag"": ""at"", ""user_id"": ""@_user_2"", ""user_name"": ""王婉清""}, {""tag"": ""text"", ""text"": ""\n质控：""}, {...","[2026-08-25 10:51] 未知/系统: {""title"": ""请关注入库救火case"", ""elements"": [[{""tag"": ""text"", ""text"": ""提交人：""}, {""tag"": ""at"", ""user_id"": ""@_user_1"", ""user_name"": ""郭锦萍""}, {""tag"": ""text"", ""text"": ""\n仓库处理人：""}, {""tag"": ""at"", ""user_id"": ""@_user_2"", ""user_name"": ""王婉清""}, {""tag"": ""text"", ""text"": ""\n质控：""}, {""tag"": ""at"", ""user_id"": ""@_user_3"", ""user_name"": ""罗澳""}, {""tag"": ""text"", ""text"": ""\n客户：10006683小蝌蚪（香港）互联网科技有限公司\n救火类型：少包裹确认到仓\n仓库：UKTW Warehouse\n入库单号：WI51720274\n头程类型：自验-直发-空派\n包裹条码：B0400000001444298634\nB0400000001444298666\nB0400000001444298677\nB0400000001444298687\nsku：\n救火原因：6个包裹DPD 8月20日妥投其中4个包裹没有卸货记录和异常，麻烦排查有没有收到，谢谢\n15508350165757\n15508350165758\n15508350165756\n15508350165760\n15508350165759\n15508350165755""}], [{""tag"": ""img"", ""image_key"": ""img_v3_0214t_1c8078fe-766a-42ec-a12d-4b875b0255eg""}], [{""tag"": ""button"", ""text"": ""确认受理"", ""type"": ""default""}, {""tag"": ""button"", ""text"": ""确认关闭"", ""type"": ""default""}], [{""tag"": ""hr""}], [{""tag"": ""text"", ""text"": ""来自 ""}, {""tag"": ""a"", ""href"": ""https://winitlink.feishu.cn/base/CBUkbTYbma2NAnsSzZ9cq7Qrnvc?ccm_open_type=im_card_automation_link"", ""text"": ""海外仓入库运营（救火）case管理表""}]]}",郭锦萍；王婉清；罗澳,未知/系统,未知/系统,om_x100b67e47dcaf8bcc380e8d1dc51a1e,,异常；入库；包裹条码；仓库；救火
568,发货仓入库&增值运营（救火）- IB&VAS,oc_5b8848d27b7b3fa4a10eab865c4f9ffc,2026-08-25,2026-08-25 11:31,2026-09-09 14:14,omt_19e88225120e9c86,未知/系统,非标增值,上架,,,VASC000000355257；VASC000000358683；VASC000000358689；EB0126082632480538；EB0126082732541729；EB0126082932616477；EB0126082932616474；EB0126082932616468；EB0126082932616420；EB0126082932616414；EB0126082932616378；EB0126082932616375；EB0126082932616372；EB0126082932616306；EB0126082932616252；EB0126082932616243；EB0126082932616195；EB0126082932616192；EB0126082932616135；EB0126082932616075；EB0126082932616072；EB0126082932616000；EB0126082932615997；EB0126082932615958；EB0126082932615919；EB0126082932613105；EB0126082932613102；EB0126082932613033；EB0126082932613027；EB0126082932613024；EB0126082932612907；EB0126082932612805；EB0126090532810499；WI50800560；B0126082632480538；B0126082732541729；B0126082932616477；B0126082932616474；B0126082932616468；B0126082932616420；B0126082932616414；B0126082932616378；B0126082932616375；B0126082932616372；B0126082932616306；B0126082932616252；B0126082932616243；B0126082932616195；B0126082932616192；B0126082932616135；B0126082932616075；B0126082932616072；B0126082932616000；B0126082932615997；B0126082932615958；B0126082932615919；B0126082932613105；B0126082932613102；B0126082932613033；B0126082932613027；B0126082932613024；B0126082932612907；B0126082932612805；B0126090532810499,Ky3和ky5之间有转运啊，转运过去了。 @_user_1 EB0126082632480538 大佬，看一下仓库怎么报异常了呢。 这个就是没送走，所以直接登记异常了。客户正常下增值处理吧 @_user_1 这个是咱们仓库给ky3的货拦在ky5了，没送去ky3报了异常，现在让客户处理异常合适吗？cc.@_user_2 @_user_1 确认下，如果是我们仓库员工卸了KY3的货，且没有重新装回去的话，确实不应该让客户来处理这个异常呢 那不是司机先送错吗？ 仓库这边拿到不属于仓库的货物登记串仓异常操作没问题啊 @_us...,"[2026-08-25 11:31] Christopher Deng: Ky3和ky5之间有转运啊，转运过去了。
[2026-08-26 09:43] 康振扬: @_user_1 EB0126082632480538 大佬，看一下仓库怎么报异常了呢。
[2026-08-26 12:21] Christopher Deng: 这个就是没送走，所以直接登记异常了。客户正常下增值处理吧
[2026-08-26 13:29] 康振扬: @_user_1 这个是咱们仓库给ky3的货拦在ky5了，没送去ky3报了异常，现在让客户处理异常合适吗？cc.@_user_2
[2026-08-26 15:37] 赖敏: @_user_1 确认下，如果是我们仓库员工卸了KY3的货，且没有重新装回去的话，确实不应该让客户来处理这个异常呢
[2026-08-27 03:29] Christopher Deng: 那不是司机先送错吗？
[2026-08-27 03:29] Christopher Deng: 仓库这边拿到不属于仓库的货物登记串仓异常操作没问题啊
[2026-08-27 10:10] 康振扬: @_user_1 不是司机送错了， 我这个客户发的散货，车上还有其他客户的货是送ky5的，第一站先去了ky5送货没问题。但是司机反馈说是仓库工作人员把ky3的货也卸了，所以需要核实下司机说的是否属实。
[2026-08-28 10:03] 康振扬: @_user_1 这个调查清楚了吗？现在异常单已经开始收临时仓储费了？
[2026-08-28 15:13] 康振扬: @_user_1 大佬，这个今天能给个答复不， 到底是谁的问题。如果是咱仓库给货拦下了，那现在给客户报异常收临时仓储费就不合理了
[2026-08-29 03:32] Christopher Deng: @_user_1 @_user_2 我确认不了，视频里看不清楚是哪个仓库的货。既然是散货那就应该有物理分割。现在物理分格里面混了别的仓库的货那也不是仓库责任啊
[2026-08-29 10:21] 康振扬: @_user_1  我理解，但是这个也不能是客户的责任啊，货不是客户送的也不是客户卸的。[捂脸]
而且司机给客户反馈的是他要去提这批ky3的货走，仓库工作人员说都是winit的货，没给提。
那现在这种情况仓库也没办法还原场景了，直接让客户承担结果是不是不太合适了。cc.@_user_2
[2026-08-31 11:18] 赖敏: @_user_1 确认下送仓有没有做物理分割
[2026-08-31 16:09] 康振扬: @_user_1  转运到ky3上架吧，客户着急销售。
@_user_2 这种情况客户怎么处理现在ky5报的异常单呢？
[2026-08-31 17:38] 赖敏: @_user_1 颖姐，我理解这种应该是客户下增值，然后从KY5转到KY3？
背景：客户自送的，有KY5和KY3的货，先到的KY5，卸货的时候把KY3的货也卸下来了，现在在KY5登记了串仓。现在无法确认客户送仓的时候，不同仓库的货是否有做物理分割，有物理分割的话，仓库也只会卸对应物理区域的货，里面混了别的仓库的货则不应是仓库的责任，如果没有做物理分割，那更不应该是仓库的责任了吧
[2026-08-31 21:31] 李颖: @_user_1 @_user_2 卸哪些货不应该是司机交待仓库卸的吗，司机不说仓库卸货怎么知道哪些货该卸在USKY5。
货到了KY5，KY5登记串仓异常也没有问题。现在如果要将异常单货物转到KY3那就提交入库增值单，将货物做调拨转运，按标准流程收取正常的异常费用及增值费用就行
[2026-08-31 21:34] 康振扬: @_user_1 知道了姐姐，没问题。
[2026-09-03 13:54] 康振扬: @_user_1
[2026-09-03 14:17] 朱美霖: EB0126082732541729这个异常应该也是串仓的但是登记成了包裹条码异常 
麻烦看看取消这个异常重新登记的@_user_1
@_user_2客户想转回KY3
[2026-09-03 14:17] 朱美霖: [Image:img_v3_02156_3423e792-e20f-492e-9e71-13835401512g]
[Image:img_v3_02156_91cf9ae0-6d45-4cad-8dbb-6f97aa81e5cg]
[2026-09-03 14:18] 朱美霖: @_user_1 颖姐 客户总共29个串仓的涉及入库单不同的有9个  他都要转去KY3  这种的可以下一个非标增值全部提交吗 还是需要入库单不同的要下9个非标增值吗
[2026-09-04 10:59] 李颖: @_user_1 下一个非标增值就行了
[2026-09-04 10:59] 朱美霖: 好滴感谢
[2026-09-04 10:59] 朱美霖: EB0126082732541729这个异常应该也是串仓的但是登记成了包裹条码异常 
麻烦看看取消这个异常重新登记的@_user_1
@_user_2客户想转回KY3 麻烦尽快取消 重新登记下 我们让客户一起下增值处理的
[2026-09-04 11:50] 赖敏: @_user_1 已作废
[2026-09-04 11:51] 朱美霖: @_user_1辛苦上班后重新登记下哈感谢
[2026-09-04 22:23] 朱美霖: 麻烦上班后登记下异常 登记成串仓的 然后吧入库单一起写上的  每天产生仓储费的 客户好一起处理感谢@Lyu Yan,@Morales, Gualberto,@Christopher Deng
[Image:img_v3_02157_caa869b5-16ef-4aed-9b8c-e03d27365bfg]
[Image:img_v3_02157_1eaf283e-6489-4155-a0e6-fbd46578f23g]
[Image:img_v3_02157_ca506f5a-0183-4de7-862c-99c408acb0bg]
[2026-09-05 03:46] Christopher Deng: 重新登记了
[2026-09-07 09:46] 朱美霖: 好的
[2026-09-07 10:22] 朱美霖: VASC000000355257@@_user_1 背景在这里 客户的异常29个是KY3的串仓到KY5了 现在需要全部送到KY3 就下了一个非标增值 麻烦看看这个增值可以吗  需要客户手动关联增值单到其他异常吗 辛苦看看
[2026-09-07 10:37] 耿文文: @_user_1 异常单号都关联上增值了吗？
[2026-09-07 10:37] 朱美霖: [Image:img_v3_0215a_1ab12e59-44ba-4973-96b5-04270b5c82fg]
有报错
[2026-09-07 10:38] 朱美霖: 不知道是不是要审核还是做什么
[2026-09-07 10:38] 朱美霖: @_user_1
[2026-09-07 10:40] 耿文文: 这是点击什么的时候报的错，异常单都是同个类型和同个入库单？@_user_1
[2026-09-07 10:41] 朱美霖: 不是同个入库单
[2026-09-07 10:41] 朱美霖: 异常是同一个类型
[2026-09-07 10:41] 朱美霖: @_user_1 用这个增值单VASC000000355257关联其他异常的时候报错的
[2026-09-07 11:09] 耿文文: 不是同个入库单那确实关联不了
[2026-09-07 11:13] 耿文文: 下一个非标的话 ，异常单无法关联上增值单做关闭了，@_user_1 没关联的异常单你们能手动关闭吗？
[2026-09-07 11:18] 赖敏: @_user_1 @_user_2 是哪个异常单需要手动关闭
[2026-09-07 11:18] 朱美霖: 很多EB0126082932616477
EB0126082932616474
EB0126082932616468
EB0126082932616420
EB0126082932616414
EB0126082932616378
EB0126082932616375
EB0126082932616372
EB0126082932616306
EB0126082932616252
EB0126082932616243
EB0126082932616195
EB0126082932616192
EB0126082932616135
EB0126082932616075
EB0126082932616072
EB0126082932616000
EB0126082932615997
EB0126082932615958
EB0126082932615919
EB0126082932613105
EB0126082932613102
EB0126082932613033
EB0126082932613027
EB0126082932613024
EB0126082932612907
EB0126082932612805
EB0126082632480538
[2026-09-07 11:18] 朱美霖: @_user_1
[2026-09-07 12:09] 赖敏: 这么多
[2026-09-07 12:10] 赖敏: @_user_1 手动关闭 操作倒是没问题，但是得看看会不会影响你们收费
[2026-09-07 12:22] 耿文文: 手动是关闭还是作废？@_user_1
[2026-09-07 14:07] 赖敏: 应该是可以点【处理异常】的@耿文文 
[Image:img_v3_0215a_24fff842-d713-4386-8e5b-8e53332dd00g]
[2026-09-07 14:17] 耿文文: 那可以正常关闭我就先把这个增值先审掉
[2026-09-08 10:31] 朱美霖: @_user_1 VASC000000355257辛苦审核下哈
[2026-09-08 10:45] 耿文文: @_user_1 需要帮忙报下转运车的成本，私发我哈   已给你留言了
[2026-09-08 10:47] 康振扬: @_user_1 @_user_2 加急处理一下各位大佬，这事儿已经两个周了。
[2026-09-08 19:02] 康振扬: @_user_1 现在是仓库给报价是吗，今晚能审核完吗？ 审核完成了还需要客户确认报价对吧？审核完了同步我一下。
[2026-09-09 03:16] Christopher Deng: <p>仓库不清楚怎么给报价啊。@_user_1 帮忙看看</p>
[2026-09-09 09:14] 康振扬: @_user_1
[2026-09-09 10:05] 房友祝: @_user_1 @_user_2 @_user_3 各位，现在先不管是司机的问题还是仓库的问题导致把货卸在了KY5，我们事后review，现在客户着急转运到KY3，这个应该不费劲吧？来回折腾了快2个周了还没进展，已经产生了大量临时仓储费和客诉，我们是不是应该先出救火方案关掉case？
cc.@_user_4 @_user_5
[2026-09-09 10:53] 耿文文: @_user_1 救火方案上面已经有了呀，客户提交了增值做转运，现在我需要的是仓库从KY5-KY3的转运成本[笑哭]
@_user_2 佳欣帮忙看看这个转运成本，麻烦报给我，谢谢
[2026-09-09 10:54] 洪毓卿: @耿文文 @朱美霖 @Christopher Deng 
[Image:img_v3_0215c_78be38f3-de97-45be-b170-4f955c564bcg]
就一个包裹是吗？
[2026-09-09 10:55] 洪毓卿: @_user_1@_user_2 KY3和KY5日常有转运的车辆吗
[2026-09-09 10:55] 赖敏: @_user_1 有的
[2026-09-09 10:56] 洪毓卿: @_user_1 那就让仓库安排尽快转运过去  @_user_2 运费报价0
[2026-09-09 10:56] 耿文文: @_user_1 不止一个包裹，起码25+个
[2026-09-09 10:57] 赖敏: @_user_1 Chris哥，明天帮忙安排转运过去呗，增值单今天也能下来了
[2026-09-09 10:57] 洪毓卿: [Image:img_v3_0215c_1103303c-df4c-4fec-95af-24a5b08bcbdg]
@房友祝 @康振扬 只有一个入库单是吗
[2026-09-09 11:01] 康振扬: @洪毓卿 不是的Echo姐， Y0101770253这个预约单号下的入库单都涉及，一共14个入库单。
[Image:img_v3_0215c_fd3b5cea-1553-40d1-aa88-e83501ca4a0g]
[2026-09-09 11:02] 耿文文: @_user_1 把涉及串仓的入库单和对应仓库报的异常单一起列出来；
下次救火的时候把涉及的单号都填上
[2026-09-09 11:03] 康振扬: @耿文文 异常单话题里客服已经发了啊。
[Image:img_v3_0215c_9fa8e5b6-73d7-48df-9150-31c3f87ac24g]
[2026-09-09 11:07] 朱美霖: [File:异常单号-潍坊磐隆经贸有限公司-USKY5仓库.xlsx]
[2026-09-09 11:07] 朱美霖: @_user_1 表格您看下清楚一点
[2026-09-09 11:08] 朱美霖: 提的增值只能先提一个关联一个异常 EB0126090532810499   VASC000000355257然后沟通仓库可以关掉其他异常 在这个增值收费
其他异常
需要手动关闭
EB0126082932616477
EB0126082932616474
EB0126082932616468
EB0126082932616420
EB0126082932616414
EB0126082932616378
EB0126082932616375
EB0126082932616372
EB0126082932616306
EB0126082932616252
EB0126082932616243
EB0126082932616195
EB0126082932616192
EB0126082932616135
EB0126082932616075
EB0126082932616072
EB0126082932616000
EB0126082932615997
EB0126082932615958
EB0126082932615919
EB0126082932613105
EB0126082932613102
EB0126082932613033
EB0126082932613027
EB0126082932613024
EB0126082932612907
EB0126082932612805
EB0126082632480538
[2026-09-09 11:09] Christopher Deng: 为什么不是下非标一次性全关联了
[2026-09-09 11:09] 朱美霖: 非标下的显示报错不是一个仓库
[2026-09-09 11:09] 朱美霖: 无法下全部的@_user_1
[2026-09-09 11:10] 洪毓卿: @_user_1 @_user_2 救火工单上要把入库单写全，登记异常后要敦促客户及时提交增加处理。@_user_3@_user_4  无论是谁的责任，救火都要先帮客户解决问题，从8月25日到现在将近2周了都没帮客户转运，如果中间货物又丢失了，内外部的损失更大的。

@_user_5 @_user_6 头程侧有没有同事在看异常的及时关闭情况，这个救火群得设置未关闭提醒，否则类似的情况一直拖延会有严重客诉的。
[2026-09-09 11:11] 洪毓卿: @_user_1 协助下@_user_2 看怎么下单，另外这次下单遇到的问题记录总结一下，看后续怎么优化
[2026-09-09 11:14] 朱美霖: 现在应该就是审核报价吧 然后仓库关掉其他的异常
[Image:img_v3_0215c_4c54096e-ce03-49d7-a0ce-fa08bca3045g]
[2026-09-09 11:22] 耿文文: @朱美霖 表里面的异常单大部分都是对应这个WI50800560这个单，同个入库单同类的异常可以一起提，这样也能少手动关闭一些异常单据；
报价我会后找下佳欣
[Image:img_v3_0215c_d8279994-3e97-4391-8ce9-2215b0e57c8g]
[2026-09-09 12:01] 魏佳欣: @_user_1 这个可以按照卡派询价单的报价吧，你找下ziyang帮忙问下大概价格呢CC@_user_2
[2026-09-09 12:24] 朱美霖: @_user_1 你看下让客户下这个异常WI50800560EB0126090532810499
EB0126082932616477
EB0126082932616474
EB0126082932616468
EB0126082932616420
EB0126082932616414
EB0126082932616378
EB0126082932616375
EB0126082932616372
EB0126082932616306
EB0126082932616252
EB0126082932616243
EB0126082932616195
EB0126082932616192
EB0126082932616135
EB0126082932616075
EB0126082932616072
EB0126082932616000
EB0126082932615958
EB0126082932615919的增值 
我们先取消这个增值VASC000000355257
[2026-09-09 12:26] 康振扬: @_user_1 又要让客户重新下增值吗？
[2026-09-09 12:26] 朱美霖: 我给他提吧
[2026-09-09 12:27] 康振扬: @_user_1 为啥之前的增值取消了？第一次下增值他就意见很大你忘了吗。再让客户重新下真要客诉了。[笑哭]
[2026-09-09 12:27] 康振扬: @_user_1 好的好的，辛苦啦
[2026-09-09 12:37] 朱美霖: VASC000000358683@_user_1 这个哈 辛苦尽快看看报价@_user_2 @_user_3
[2026-09-09 12:39] Fang Ziyang: @_user_1 这种询价我直接在非标里面返回成本？
[2026-09-09 12:41] 魏佳欣: @_user_1 麻烦线下给PD吧@_user_2
[2026-09-09 12:41] 魏佳欣: 或者给我
[2026-09-09 12:42] Fang Ziyang: @_user_1 29个包多少托？
[2026-09-09 12:42] Christopher Deng: @_user_1 2托
[2026-09-09 12:48] 朱美霖: 稍等我重新给增值单
[2026-09-09 12:52] 朱美霖: VASC000000358689以这个为准哈@_user_1 @_user_2@_user_3 @_user_4
[2026-09-09 14:14] 耿文文: @_user_1@_user_2  已审核","Christopher Deng；赖敏；康振扬；李颖；朱美霖；Lyu Yan；Morales, Gualberto；耿文文；房友祝；麦植荣；洪毓卿；魏佳欣；徐佳；何榕港；Fang Ziyang",耿文文；李颖,Christopher Deng；康振扬；赖敏；李颖；朱美霖；耿文文；房友祝；洪毓卿；魏佳欣；Fang Ziyang,om_x100b67e4e00eccb8b2aa4bb9877a5a5,,非标；增值；VASC；异常单；异常；EB；入库；上架；包裹条码；仓库；救火
581,发货仓入库&增值运营（救火）- IB&VAS,oc_5b8848d27b7b3fa4a10eab865c4f9ffc,2026-08-25,2026-08-25 16:00,2026-09-01 13:43,omt_19e8c34bc20fda42,未知/系统,非标增值,上架；拦截,,,VASC000000333588；WI51431736；M010000000012599283；M010000000012591892,"@_user_1 @_user_2 @_user_3 能帮我看一下现场这批货物是个啥情况吗？ 实际已上的300件，有没按照增值要求，补贴ce标签。 [Image:img_v3_0214t_2f35b182-c32d-41d6-915d-a5815e1c59bg] @钟晓环 我在看这个case，自由创新 @_user_1 Here is the box locations and corresponding product information, pls finish it asap [File:DENW3_VAS...","[2026-08-25 16:00] 钟晓环: @_user_1 @_user_2 @_user_3 
能帮我看一下现场这批货物是个啥情况吗？
[2026-08-25 16:00] 钟晓环: 实际已上的300件，有没按照增值要求，补贴ce标签。
[2026-08-25 19:47] 王成: [Image:img_v3_0214t_2f35b182-c32d-41d6-915d-a5815e1c59bg]
@钟晓环 我在看这个case，自由创新
[2026-08-25 19:48] 王成: @_user_1 Here is the box locations and corresponding product information, pls finish it asap
[2026-08-25 19:48] 王成: [File:DENW3_VASC000000333588_300boxes information.xlsx]
[2026-08-25 19:50] 王成: 之前卡住是因为自由创新包裹上面没用包裹码，只有单品码，现场通过增值服务的包裹码找不到商品
[2026-08-26 11:16] 钟晓环: @_user_1 那这批货物现在到底上架没有，能否将货物找出，先补贴ce标签？
[2026-08-26 17:06] 钟晓环: @_user_1   文文，麻烦看一下这个，增值仓库没按照要求操作，现在货物部分上架了...怎么办呀
[2026-08-26 17:19] 耿文文: @_user_1 上架就没有办法了，100%A+无包裹的确实很难拦得住，  要么全部上完算了，上完后库内或者是出库做
[2026-08-26 17:26] 钟晓环: @_user_1 库内增值，用单品条码去对应补贴ce标签能实现不？ 
出库做肯定来不及，要耽误出库时间。
[2026-08-26 17:30] 耿文文: 要是库内可以指定单品条码下架的话可以@_user_1
[2026-08-26 17:33] 钟晓环: @_user_1 VASC000000333588 -那这个增值怎么退回？ 仓库没有操作的话，现在是下单中
[2026-08-26 17:41] 耿文文: @_user_1 @_user_2 @_user_3 VASC000000333588 这单增值若已操作上架，仓库无法处理请退回该增值，谢谢
[2026-08-27 16:00] 钟晓环: @_user_1  VASC000000333588   麻烦看一下这个能否找个人退回来？
[2026-08-27 16:34] 钟晓环: WI51431736  -
M010000000012599283 -已上齐150件
M010000000012591892 -上架144件，差6件上齐。
@_user_1  这单能否想办法找个同事帮我上齐全部货物，因为“上架前拦截”没拦到这300件补贴CE标签。
现在客户准备要将这2款sku对应这入库所伤的单品条码指定冻结，但其中1款还没上齐，操作不了全部冻结。

刚我查看一下数据，其中M010000000012599283已出1件了，现在客户要求优先处理，麻烦看一下[捂脸]@_user_2 cc
[2026-08-27 17:12] 孟登科: @_user_1 @_user_2 雪姐帮忙看看哈，不要在出货了
[2026-08-27 17:12] 孟登科: 本来客户做了上架前拦截做增值，但是不知道为啥仓库直接就上架了
[2026-08-27 17:16] 李雪: 先把这些冻结住
[2026-08-27 17:16] 李雪: WI51431736 这个单的是吗，我先冻结住
[2026-08-27 17:18] 钟晓环: @_user_1 能不能把剩下的货物全部上齐了，在帮我冻结这2款产品。
[2026-08-27 18:28] 钟晓环: [Image:img_v3_0214v_613e4ec8-ba6e-404b-93f2-88475b1e8a1g]
@王成 哥，是你给我的文件里面51件这页，里面客户定位到有5件是对应WI51431736 - M010000000012591892，麻烦尝试扫描上了，还有1件是否标签破损定位不到，帮忙确认
[2026-08-27 23:03] 王成: [Image:img_v3_0214v_cbfe2422-2cac-4ecf-b822-799d60ddef2g]
[2026-08-27 23:04] 王成: @_user_1 好的
@_user_2 Pls check the 51 chairs in the unloading control tower area，some of them can be putaway
[2026-08-28 16:16] 钟晓环: @_user_1 请问怎么样了，能否成功？WI51431736
[2026-08-31 18:29] 孟登科: <p>@_user_1 @_user_2 @_user_3 辛苦确认一下此单的增值是否已经完成哈，客户下了入库前拦截，拦截之后需要对此订单内货物贴CE标签，当前增值单显示已经完成，辛苦确认下实物是否贴CE标，如果不贴CE标，给客户出库了，那事情大了</p><p>如果确认贴了CE标，辛苦反馈照片</p><p>CC@_user_4 @_user_5</p>
[2026-08-31 19:16] 李雪: 贴了
[2026-08-31 19:16] 李雪: [Image:img_v3_02153_f34f0607-b84b-4935-8de4-9d75242b830g]
[2026-08-31 19:16] 李雪: [Image:img_v3_02153_aac480d6-e309-4fd2-b15c-eca950822d1g]
[2026-08-31 19:16] 孟登科: 好的好的，万分感谢
[2026-09-01 11:37] 钟晓环: @_user_1 还有6件没上齐，找个人给我们上了可以不~  
WI51431736
@_user_2 cc
[2026-09-01 13:42] 钟晓环: @王成 能来个人，看一下吗
[Image:img_v3_02154_75a0e4db-b488-40e4-ac6d-245552dd01ag]
[2026-09-01 13:43] 钟晓环: @_user_1 这个仓库能否拉个群专门处理创新的问题，现在这个异常真的是满天飞",王成；李雪；林佳志；钟晓环；Mohamad Kazan ；耿文文；Alex Peng；孟登科；Bin Guo；高嵩阳；房友祝,耿文文,钟晓环；王成；耿文文；孟登科；李雪,om_x100b67e0f6e3ccacdee8f7aca524284,,增值；VASC；异常；入库；出库；库内；补贴；上架；仓库；库内增值
585,发货仓入库&增值运营（救火）- IB&VAS,oc_5b8848d27b7b3fa4a10eab865c4f9ffc,2026-08-25,2026-08-25 18:41,2026-08-25 18:41,omt_19e8f998b60f1a78,未知/系统,入库/仓库异常,"时效内催上架\n仓库：USKY3 Warehouse\n入库单号：WI51331655\n头程类型：自验-直发-海派\n包裹条码：B0400000001436460105\nB0400000001436460117\nB0400000001436460221\nB0400000001436461003\nsku：M010000000012454342\nM010000000012454349\nM010000000012454352\nM010000000012454346\n救火原因：以上sku都已断货，对应包裹8月25号已卸货，麻烦加急上架""}], [{""tag"": ""button"", ""text"": ""确认受理"", ""type"": ""default""}, {""tag"": ""button"", ""text"": ""确认关闭"", ""type"": ""default""}], [{""tag"": ""hr""}], [{""tag"": ""text"", ""text"": ""来自 ""}, {""tag"": ""a"", ""href"": ""https://winitlink.feishu.cn/base/CBUkbTYbma2NAnsSzZ9cq7Qrnvc?ccm_open_type=im_card_automation_link"", ""text"": ""海外仓入库运营（救火）case管理表""}]]}；上架","20157121广州市贤龙电子商务有限公司\n救火类型：时效内催上架\n仓库：USKY3 Warehouse\n入库单号：WI51331655\n头程类型：自验-直发-海派\n包裹条码：B0400000001436460105\nB0400000001436460117\nB0400000001436460221\nB0400000001436461003\nsku：M010000000012454342\nM010000000012454349\nM010000000012454352\nM010000000012454346\n救火原因：以上sku都已断货，对应包裹8月25号已卸货，麻烦加急上架""}], [{""tag"": ""button"", ""text"": ""确认受理"", ""type"": ""default""}, {""tag"": ""button"", ""text"": ""确认关闭"", ""type"": ""default""}], [{""tag"": ""hr""}], [{""tag"": ""text"", ""text"": ""来自 ""}, {""tag"": ""a"", ""href"": ""https://winitlink.feishu.cn/base/CBUkbTYbma2NAnsSzZ9cq7Qrnvc?ccm_open_type=im_card_automation_link"", ""text"": ""海外仓入库运营（救火）case管理表""}]]}","USKY3 Warehouse\n入库单号：WI51331655\n头程类型：自验-直发-海派\n包裹条码：B0400000001436460105\nB0400000001436460117\nB0400000001436460221\nB0400000001436461003\nsku：M010000000012454342\nM010000000012454349\nM010000000012454352\nM010000000012454346\n救火原因：以上sku都已断货，对应包裹8月25号已卸货，麻烦加急上架""}], [{""tag"": ""button"", ""text"": ""确认受理"", ""type"": ""default""}, {""tag"": ""button"", ""text"": ""确认关闭"", ""type"": ""default""}], [{""tag"": ""hr""}], [{""tag"": ""text"", ""text"": ""来自 ""}, {""tag"": ""a"", ""href"": ""https://winitlink.feishu.cn/base/CBUkbTYbma2NAnsSzZ9cq7Qrnvc?ccm_open_type=im_card_automation_link"", ""text"": ""海外仓入库运营（救火）case管理表""}]]}",WI51331655；M010000000012454342；M010000000012454349；M010000000012454352；M010000000012454346；B0400000001436460105；B0400000001436460117；B0400000001436460221；B0400000001436461003,"{""title"": ""请关注入库救火case"", ""elements"": [[{""tag"": ""text"", ""text"": ""提交人：""}, {""tag"": ""at"", ""user_id"": ""@_user_1"", ""user_name"": ""陈志颖""}, {""tag"": ""text"", ""text"": ""\n仓库处理人：""}, {""tag"": ""at"", ""user_id"": ""@_user_2"", ""user_name"": ""Ding kun""}, {""tag"": ""text"", ""text"": "",""}, ...","[2026-08-25 18:41] 未知/系统: {""title"": ""请关注入库救火case"", ""elements"": [[{""tag"": ""text"", ""text"": ""提交人：""}, {""tag"": ""at"", ""user_id"": ""@_user_1"", ""user_name"": ""陈志颖""}, {""tag"": ""text"", ""text"": ""\n仓库处理人：""}, {""tag"": ""at"", ""user_id"": ""@_user_2"", ""user_name"": ""Ding kun""}, {""tag"": ""text"", ""text"": "",""}, {""tag"": ""at"", ""user_id"": ""@_user_3"", ""user_name"": ""Fuentes, Elias Matos""}, {""tag"": ""text"", ""text"": "",""}, {""tag"": ""at"", ""user_id"": ""@_user_4"", ""user_name"": ""Liu wenhong""}, {""tag"": ""text"", ""text"": "",""}, {""tag"": ""at"", ""user_id"": ""@_user_5"", ""user_name"": ""Lebron Jose""}, {""tag"": ""text"", ""text"": ""\n质控：""}, {""tag"": ""at"", ""user_id"": ""@_user_6"", ""user_name"": ""魏佳欣""}, {""tag"": ""text"", ""text"": ""\n客户：20157121广州市贤龙电子商务有限公司\n救火类型：时效内催上架\n仓库：USKY3 Warehouse\n入库单号：WI51331655\n头程类型：自验-直发-海派\n包裹条码：B0400000001436460105\nB0400000001436460117\nB0400000001436460221\nB0400000001436461003\nsku：M010000000012454342\nM010000000012454349\nM010000000012454352\nM010000000012454346\n救火原因：以上sku都已断货，对应包裹8月25号已卸货，麻烦加急上架""}], [{""tag"": ""button"", ""text"": ""确认受理"", ""type"": ""default""}, {""tag"": ""button"", ""text"": ""确认关闭"", ""type"": ""default""}], [{""tag"": ""hr""}], [{""tag"": ""text"", ""text"": ""来自 ""}, {""tag"": ""a"", ""href"": ""https://winitlink.feishu.cn/base/CBUkbTYbma2NAnsSzZ9cq7Qrnvc?ccm_open_type=im_card_automation_link"", ""text"": ""海外仓入库运营（救火）case管理表""}]]}","陈志颖；Ding kun；Fuentes, Elias Matos；Liu wenhong；Lebron Jose；魏佳欣",未知/系统,未知/系统,om_x100b67e35bd48ca0dd4f601645f885b,,EB；入库；上架；包裹条码；仓库；救火
593,发货仓入库&增值运营（救火）- IB&VAS,oc_5b8848d27b7b3fa4a10eab865c4f9ffc,2026-08-26,2026-08-26 09:53,2026-08-26 09:53,omt_19ebcfd2bb0fda77,未知/系统,入库/仓库异常,"时效内催上架\n仓库：USKY3 Warehouse\n入库单号：WI51444120\n头程类型：自验-直发-海派\n包裹条码：B0400000001438649714\nB0400000001438649691\nB0400000001438649701\nsku：\n救火原因：客户缺货，麻烦帮忙优先处理上架，谢谢""}], [{""tag"": ""button"", ""text"": ""确认受理"", ""type"": ""default""}, {""tag"": ""button"", ""text"": ""确认关闭"", ""type"": ""default""}], [{""tag"": ""hr""}], [{""tag"": ""text"", ""text"": ""来自 ""}, {""tag"": ""a"", ""href"": ""https://winitlink.feishu.cn/base/CBUkbTYbma2NAnsSzZ9cq7Qrnvc?ccm_open_type=im_card_automation_link"", ""text"": ""海外仓入库运营（救火）case管理表""}]]}；上架","17751537田英杰\n救火类型：时效内催上架\n仓库：USKY3 Warehouse\n入库单号：WI51444120\n头程类型：自验-直发-海派\n包裹条码：B0400000001438649714\nB0400000001438649691\nB0400000001438649701\nsku：\n救火原因：客户缺货，麻烦帮忙优先处理上架，谢谢""}], [{""tag"": ""button"", ""text"": ""确认受理"", ""type"": ""default""}, {""tag"": ""button"", ""text"": ""确认关闭"", ""type"": ""default""}], [{""tag"": ""hr""}], [{""tag"": ""text"", ""text"": ""来自 ""}, {""tag"": ""a"", ""href"": ""https://winitlink.feishu.cn/base/CBUkbTYbma2NAnsSzZ9cq7Qrnvc?ccm_open_type=im_card_automation_link"", ""text"": ""海外仓入库运营（救火）case管理表""}]]}","USKY3 Warehouse\n入库单号：WI51444120\n头程类型：自验-直发-海派\n包裹条码：B0400000001438649714\nB0400000001438649691\nB0400000001438649701\nsku：\n救火原因：客户缺货，麻烦帮忙优先处理上架，谢谢""}], [{""tag"": ""button"", ""text"": ""确认受理"", ""type"": ""default""}, {""tag"": ""button"", ""text"": ""确认关闭"", ""type"": ""default""}], [{""tag"": ""hr""}], [{""tag"": ""text"", ""text"": ""来自 ""}, {""tag"": ""a"", ""href"": ""https://winitlink.feishu.cn/base/CBUkbTYbma2NAnsSzZ9cq7Qrnvc?ccm_open_type=im_card_automation_link"", ""text"": ""海外仓入库运营（救火）case管理表""}]]}",WI51444120；B0400000001438649714；B0400000001438649691；B0400000001438649701,"{""title"": ""请关注入库救火case"", ""elements"": [[{""tag"": ""text"", ""text"": ""提交人：""}, {""tag"": ""at"", ""user_id"": ""@_user_1"", ""user_name"": ""张曼""}, {""tag"": ""text"", ""text"": ""\n仓库处理人：""}, {""tag"": ""at"", ""user_id"": ""@_user_2"", ""user_name"": ""Ding kun""}, {""tag"": ""text"", ""text"": "",""}, {...","[2026-08-26 09:53] 未知/系统: {""title"": ""请关注入库救火case"", ""elements"": [[{""tag"": ""text"", ""text"": ""提交人：""}, {""tag"": ""at"", ""user_id"": ""@_user_1"", ""user_name"": ""张曼""}, {""tag"": ""text"", ""text"": ""\n仓库处理人：""}, {""tag"": ""at"", ""user_id"": ""@_user_2"", ""user_name"": ""Ding kun""}, {""tag"": ""text"", ""text"": "",""}, {""tag"": ""at"", ""user_id"": ""@_user_3"", ""user_name"": ""Fuentes, Elias Matos""}, {""tag"": ""text"", ""text"": "",""}, {""tag"": ""at"", ""user_id"": ""@_user_4"", ""user_name"": ""Liu wenhong""}, {""tag"": ""text"", ""text"": "",""}, {""tag"": ""at"", ""user_id"": ""@_user_5"", ""user_name"": ""Lebron Jose""}, {""tag"": ""text"", ""text"": ""\n质控：""}, {""tag"": ""at"", ""user_id"": ""@_user_6"", ""user_name"": ""魏佳欣""}, {""tag"": ""text"", ""text"": ""\n客户：17751537田英杰\n救火类型：时效内催上架\n仓库：USKY3 Warehouse\n入库单号：WI51444120\n头程类型：自验-直发-海派\n包裹条码：B0400000001438649714\nB0400000001438649691\nB0400000001438649701\nsku：\n救火原因：客户缺货，麻烦帮忙优先处理上架，谢谢""}], [{""tag"": ""button"", ""text"": ""确认受理"", ""type"": ""default""}, {""tag"": ""button"", ""text"": ""确认关闭"", ""type"": ""default""}], [{""tag"": ""hr""}], [{""tag"": ""text"", ""text"": ""来自 ""}, {""tag"": ""a"", ""href"": ""https://winitlink.feishu.cn/base/CBUkbTYbma2NAnsSzZ9cq7Qrnvc?ccm_open_type=im_card_automation_link"", ""text"": ""海外仓入库运营（救火）case管理表""}]]}","张曼；Ding kun；Fuentes, Elias Matos；Liu wenhong；Lebron Jose；魏佳欣",未知/系统,未知/系统,om_x100b67d03f745cacddb2eed51e6f415,,EB；入库；上架；包裹条码；仓库；救火
599,发货仓入库&增值运营（救火）- IB&VAS,oc_5b8848d27b7b3fa4a10eab865c4f9ffc,2026-08-26,2026-08-26 10:33,2026-08-27 23:40,omt_19ebd882c94e1b87,未知/系统,非标增值,上架,,,VASC000000342972；EB0126082632495235；WI50959023；B0400000001430625075；B0126082632495235,[Image:img_v3_0214u_e25cba22-fc19-42fa-afca-ec9c81245c6g] B0400000001430625075 WI50959023 USWC Warehouse C030201000179089 EB0126082632495235 包裹条码异常(需客户处理) USKY3 Warehouse 这个异常出现两个问题 一个到仓包裹条码损坏还有一个原单是美西，包裹怎么送到美东了~ @_user_1 @_user_2 winit头程，帮忙调查为什么出现串仓并且包裹条码损坏。 ...,"[2026-08-26 10:33] 郭锦萍: [Image:img_v3_0214u_e25cba22-fc19-42fa-afca-ec9c81245c6g]
[2026-08-26 11:46] 郭锦萍: B0400000001430625075
WI50959023
USWC Warehouse
 C030201000179089

EB0126082632495235 包裹条码异常(需客户处理)
USKY3 Warehouse

这个异常出现两个问题 一个到仓包裹条码损坏还有一个原单是美西，包裹怎么送到美东了~

@_user_1 @_user_2 winit头程，帮忙调查为什么出现串仓并且包裹条码损坏。
客户现在要求转回USWC上架 谢谢
[2026-08-26 14:17] 李涛: @_user_1 异常单号发下
[2026-08-26 14:17] 郭锦萍: @_user_1 EB0126082632495235
[2026-08-26 14:17] 李涛: @_user_1
[2026-08-26 14:26] 张莹: <p>@_user_1  @_user_2 供应商集浩本周五会安排班车司机带</p>
[2026-08-26 14:29] 郭锦萍: <p>@_user_1 这个异常包裹实际是美西的，我们winit头程送错仓，可以麻烦关闭异常，同时补贴包裹标签么？避免送回美西导致二次异常。</p><p></p><p>还是说要提增值，走客服退费，@_user_2 麻烦看看这个流程要怎么处理 谢谢~</p><p></p><p></p><p>EB0126082632495235 包裹条码异常(需客户处理)</p><p>USKY3 Warehouse</p><p></p><p>正确包裹条码：B0400000001430625075</p><p>WI50959023</p><p>USWC Warehouse</p>
[2026-08-27 10:07] 张莹: @_user_1 异常单号：EB0126082632495235，快递面单请查收，请通知仓库把面单贴上并交给UPS，谢谢！
[2026-08-27 10:07] 张莹: [File:1Z1B01R60305358209.pdf]
[2026-08-27 10:14] 张莹: [File:B0400000001430625075-包裹标签.pdf]
[2026-08-27 10:15] 张莹: <p>@_user_1 包裹标签也让让KY3仓库打印出来贴一下，免得到USWC又报异常</p>
[2026-08-27 10:25] 郭锦萍: <p>@_user_1 哥 佳欣休息了，帮忙看看这个异常能不能协助处理，谢谢</p><p>这个异常单包裹实际是美西，我们货代送错仓，需要帮忙补贴快递面单和包裹条码，转回美西 谢谢</p><p>EB0126082632495235 包裹条码异常(需客户处理)</p><p>USKY3 Warehouse</p><p></p><p>正确包裹条码：B0400000001430625075</p><p>WI50959023</p><p>USWC Warehouse</p>
[2026-08-27 10:28] Ding kun: @_user_1 明天上班我看下
[2026-08-27 10:50] 耿文文: @_user_1 补贴包裹标签 这个费用正常得收回呀，还是正常根据异常单走增值吧，会按标准增值补贴包裹标签的最低收收费
[2026-08-27 10:51] 郭锦萍: @_user_1 这个是走winit头程的 是我们货代导致的异常，费用不能给客户退？~
[2026-08-27 10:54] 耿文文: 包裹条码也是因为货代操作的？@_user_1 @_user_2
[2026-08-27 10:56] 张莹: @_user_1 客户自己贴的，万邑通承运过程中被损坏了
[2026-08-27 10:58] 耿文文: @_user_1 关联异常走增值做补贴面单跟包裹标吧，免收费
[2026-08-27 10:59] 郭锦萍: @_user_1 这个不止要贴包裹条码，还要贴快递面单转回美西，走标准只能提补贴包裹条码，而且补贴的包裹条码是美西的，异常在美东仓库都不一样系统会卡~
走非标特批免费报价可以吧~
[2026-08-27 11:00] 耿文文: 走非标@_user_1
[2026-08-27 11:04] 郭锦萍: VASC000000342972        入库非标增值（特批）
EB0126082632495235 包裹条码异常(需客户处理)
USKY3 Warehouse

@_user_1 帮忙审核 谢谢
[2026-08-27 17:32] 耿文文: @_user_1 已审核
[2026-08-27 22:42] Ding kun: @郭锦萍 
[Image:img_v3_0214v_2b040afe-6f44-431c-a5c3-e4a4ffc1336h]
[Image:img_v3_0214v_8bb60d08-cc3e-4db3-a9a5-ea79fd2eb09h]
[Image:img_v3_0214v_13c5f436-6d66-43ba-961e-bea1a633c09h]
今天出库会装进UPS发走
[2026-08-27 23:40] 张莹: [赞]",李涛；李超亮；郭锦萍；张莹；魏佳欣；耿文文；Ding kun,耿文文,郭锦萍；李涛；张莹；Ding kun；耿文文,om_x100b67d14a7378b0c2b9a1a4089e720,,非标；增值；VASC；异常单；异常；EB；入库；出库；补贴；上架；包裹条码；仓库
600,发货仓入库&增值运营（救火）- IB&VAS,oc_5b8848d27b7b3fa4a10eab865c4f9ffc,2026-08-26,2026-08-26 10:38,2026-08-26 10:38,omt_19ebd97e874e1a56,未知/系统,入库/仓库异常,"已超时效催上架\n仓库：DENW3 Warehouse\n入库单号：WI50744885\nWI50794778\nWI51431736\n头程类型：海外验-直发-海运整柜-40HQ\n包裹条码：部分包裹\nsku：\n救火原因：3单都是8月20~21送达仓库，至今都有部分卸货包裹一直没上齐，请加急上架，谢谢""}], [{""tag"": ""button"", ""text"": ""确认受理"", ""type"": ""default""}, {""tag"": ""button"", ""text"": ""确认关闭"", ""type"": ""default""}], [{""tag"": ""hr""}], [{""tag"": ""text"", ""text"": ""来自 ""}, {""tag"": ""a"", ""href"": ""https://winitlink.feishu.cn/base/CBUkbTYbma2NAnsSzZ9cq7Qrnvc?ccm_open_type=im_card_automation_link"", ""text"": ""海外仓入库运营（救火）case管理表""}]]}；上架","19227270自由創新(香港)有限公司\n救火类型：已超时效催上架\n仓库：DENW3 Warehouse\n入库单号：WI50744885\nWI50794778\nWI51431736\n头程类型：海外验-直发-海运整柜-40HQ\n包裹条码：部分包裹\nsku：\n救火原因：3单都是8月20~21送达仓库，至今都有部分卸货包裹一直没上齐，请加急上架，谢谢""}], [{""tag"": ""button"", ""text"": ""确认受理"", ""type"": ""default""}, {""tag"": ""button"", ""text"": ""确认关闭"", ""type"": ""default""}], [{""tag"": ""hr""}], [{""tag"": ""text"", ""text"": ""来自 ""}, {""tag"": ""a"", ""href"": ""https://winitlink.feishu.cn/base/CBUkbTYbma2NAnsSzZ9cq7Qrnvc?ccm_open_type=im_card_automation_link"", ""text"": ""海外仓入库运营（救火）case管理表""}]]}","DENW3 Warehouse\n入库单号：WI50744885\nWI50794778\nWI51431736\n头程类型：海外验-直发-海运整柜-40HQ\n包裹条码：部分包裹\nsku：\n救火原因：3单都是8月20~21送达仓库，至今都有部分卸货包裹一直没上齐，请加急上架，谢谢""}], [{""tag"": ""button"", ""text"": ""确认受理"", ""type"": ""default""}, {""tag"": ""button"", ""text"": ""确认关闭"", ""type"": ""default""}], [{""tag"": ""hr""}], [{""tag"": ""text"", ""text"": ""来自 ""}, {""tag"": ""a"", ""href"": ""https://winitlink.feishu.cn/base/CBUkbTYbma2NAnsSzZ9cq7Qrnvc?ccm_open_type=im_card_automation_link"", ""text"": ""海外仓入库运营（救火）case管理表""}]]}",WI50744885；WI50794778；WI51431736,"{""title"": ""请关注入库救火case"", ""elements"": [[{""tag"": ""text"", ""text"": ""提交人：""}, {""tag"": ""at"", ""user_id"": ""@_user_1"", ""user_name"": ""钟晓环""}, {""tag"": ""text"", ""text"": ""\n仓库处理人：""}, {""tag"": ""at"", ""user_id"": ""@_user_2"", ""user_name"": ""Mohamad Kazan ""}, {""tag"": ""text"", ""text"": ...","[2026-08-26 10:38] 未知/系统: {""title"": ""请关注入库救火case"", ""elements"": [[{""tag"": ""text"", ""text"": ""提交人：""}, {""tag"": ""at"", ""user_id"": ""@_user_1"", ""user_name"": ""钟晓环""}, {""tag"": ""text"", ""text"": ""\n仓库处理人：""}, {""tag"": ""at"", ""user_id"": ""@_user_2"", ""user_name"": ""Mohamad Kazan ""}, {""tag"": ""text"", ""text"": ""\n质控：""}, {""tag"": ""at"", ""user_id"": ""@_user_3"", ""user_name"": ""林佳志""}, {""tag"": ""text"", ""text"": ""\n客户：19227270自由創新(香港)有限公司\n救火类型：已超时效催上架\n仓库：DENW3 Warehouse\n入库单号：WI50744885\nWI50794778\nWI51431736\n头程类型：海外验-直发-海运整柜-40HQ\n包裹条码：部分包裹\nsku：\n救火原因：3单都是8月20~21送达仓库，至今都有部分卸货包裹一直没上齐，请加急上架，谢谢""}], [{""tag"": ""button"", ""text"": ""确认受理"", ""type"": ""default""}, {""tag"": ""button"", ""text"": ""确认关闭"", ""type"": ""default""}], [{""tag"": ""hr""}], [{""tag"": ""text"", ""text"": ""来自 ""}, {""tag"": ""a"", ""href"": ""https://winitlink.feishu.cn/base/CBUkbTYbma2NAnsSzZ9cq7Qrnvc?ccm_open_type=im_card_automation_link"", ""text"": ""海外仓入库运营（救火）case管理表""}]]}",钟晓环；Mohamad Kazan ；林佳志,未知/系统,未知/系统,om_x100b67d155b798b0dfa8cb7b9785254,,入库；上架；包裹条码；仓库；救火
601,发货仓入库&增值运营（救火）- IB&VAS,oc_5b8848d27b7b3fa4a10eab865c4f9ffc,2026-08-26,2026-08-26 11:02,2026-08-26 11:02,omt_19ebdff045ce1cbc,未知/系统,入库/仓库异常,"其他\n仓库：UKTW Warehouse\n入库单号：WI50534078\n头程类型：海运散货-普船-B价\n包裹条码：\nsku：\n救火原因：这票运输本身延误了，客户有待发订单着急发货，麻烦尽快安排上架，谢谢""}], [{""tag"": ""button"", ""text"": ""确认受理"", ""type"": ""default""}, {""tag"": ""button"", ""text"": ""确认关闭"", ""type"": ""default""}], [{""tag"": ""hr""}], [{""tag"": ""text"", ""text"": ""来自 ""}, {""tag"": ""a"", ""href"": ""https://winitlink.feishu.cn/base/CBUkbTYbma2NAnsSzZ9cq7Qrnvc?ccm_open_type=im_card_automation_link"", ""text"": ""海外仓入库运营（救火）case管理表""}]]}；上架","16371880睿颀供应链管理（上海）有限公司\n救火类型：其他\n仓库：UKTW Warehouse\n入库单号：WI50534078\n头程类型：海运散货-普船-B价\n包裹条码：\nsku：\n救火原因：这票运输本身延误了，客户有待发订单着急发货，麻烦尽快安排上架，谢谢""}], [{""tag"": ""button"", ""text"": ""确认受理"", ""type"": ""default""}, {""tag"": ""button"", ""text"": ""确认关闭"", ""type"": ""default""}], [{""tag"": ""hr""}], [{""tag"": ""text"", ""text"": ""来自 ""}, {""tag"": ""a"", ""href"": ""https://winitlink.feishu.cn/base/CBUkbTYbma2NAnsSzZ9cq7Qrnvc?ccm_open_type=im_card_automation_link"", ""text"": ""海外仓入库运营（救火）case管理表""}]]}","UKTW Warehouse\n入库单号：WI50534078\n头程类型：海运散货-普船-B价\n包裹条码：\nsku：\n救火原因：这票运输本身延误了，客户有待发订单着急发货，麻烦尽快安排上架，谢谢""}], [{""tag"": ""button"", ""text"": ""确认受理"", ""type"": ""default""}, {""tag"": ""button"", ""text"": ""确认关闭"", ""type"": ""default""}], [{""tag"": ""hr""}], [{""tag"": ""text"", ""text"": ""来自 ""}, {""tag"": ""a"", ""href"": ""https://winitlink.feishu.cn/base/CBUkbTYbma2NAnsSzZ9cq7Qrnvc?ccm_open_type=im_card_automation_link"", ""text"": ""海外仓入库运营（救火）case管理表""}]]}",WI50534078,"{""title"": ""请关注入库救火case"", ""elements"": [[{""tag"": ""text"", ""text"": ""提交人：""}, {""tag"": ""at"", ""user_id"": ""@_user_1"", ""user_name"": ""吴杰""}, {""tag"": ""text"", ""text"": ""\n仓库处理人：""}, {""tag"": ""at"", ""user_id"": ""@_user_2"", ""user_name"": ""王婉清""}, {""tag"": ""text"", ""text"": ""\n质控：""}, {""...","[2026-08-26 11:02] 未知/系统: {""title"": ""请关注入库救火case"", ""elements"": [[{""tag"": ""text"", ""text"": ""提交人：""}, {""tag"": ""at"", ""user_id"": ""@_user_1"", ""user_name"": ""吴杰""}, {""tag"": ""text"", ""text"": ""\n仓库处理人：""}, {""tag"": ""at"", ""user_id"": ""@_user_2"", ""user_name"": ""王婉清""}, {""tag"": ""text"", ""text"": ""\n质控：""}, {""tag"": ""at"", ""user_id"": ""@_user_3"", ""user_name"": ""罗澳""}, {""tag"": ""text"", ""text"": ""\n客户：16371880睿颀供应链管理（上海）有限公司\n救火类型：其他\n仓库：UKTW Warehouse\n入库单号：WI50534078\n头程类型：海运散货-普船-B价\n包裹条码：\nsku：\n救火原因：这票运输本身延误了，客户有待发订单着急发货，麻烦尽快安排上架，谢谢""}], [{""tag"": ""button"", ""text"": ""确认受理"", ""type"": ""default""}, {""tag"": ""button"", ""text"": ""确认关闭"", ""type"": ""default""}], [{""tag"": ""hr""}], [{""tag"": ""text"", ""text"": ""来自 ""}, {""tag"": ""a"", ""href"": ""https://winitlink.feishu.cn/base/CBUkbTYbma2NAnsSzZ9cq7Qrnvc?ccm_open_type=im_card_automation_link"", ""text"": ""海外仓入库运营（救火）case管理表""}]]}",吴杰；王婉清；罗澳,未知/系统,未知/系统,om_x100b67d13d5bb0b0b1000cacfc7a61c,,入库；上架；包裹条码；仓库；救火
603,发货仓入库&增值运营（救火）- IB&VAS,oc_5b8848d27b7b3fa4a10eab865c4f9ffc,2026-08-26,2026-08-26 11:29,2026-08-26 11:29,omt_19ebd557e48f9b8f,未知/系统,非标增值,"增值单\n仓库：USGA Warehouse\n入库单号：VASC000000340191\n头程类型：入库非标增值（特批）\n包裹条码：\nsku：\n救火原因：此增值单快超时效了，麻烦留意尽快处理，谢谢""}], [{""tag"": ""button"", ""text"": ""确认受理"", ""type"": ""default""}, {""tag"": ""button"", ""text"": ""确认关闭"", ""type"": ""default""}], [{""tag"": ""hr""}], [{""tag"": ""text"", ""text"": ""来自 ""}, {""tag"": ""a"", ""href"": ""https://winitlink.feishu.cn/base/CBUkbTYbma2NAnsSzZ9cq7Qrnvc?ccm_open_type=im_card_automation_link"", ""text"": ""海外仓入库运营（救火）case管理表""}]]}","19104098RED NOW LIMITED\n救火类型：增值单\n仓库：USGA Warehouse\n入库单号：VASC000000340191\n头程类型：入库非标增值（特批）\n包裹条码：\nsku：\n救火原因：此增值单快超时效了，麻烦留意尽快处理，谢谢""}], [{""tag"": ""button"", ""text"": ""确认受理"", ""type"": ""default""}, {""tag"": ""button"", ""text"": ""确认关闭"", ""type"": ""default""}], [{""tag"": ""hr""}], [{""tag"": ""text"", ""text"": ""来自 ""}, {""tag"": ""a"", ""href"": ""https://winitlink.feishu.cn/base/CBUkbTYbma2NAnsSzZ9cq7Qrnvc?ccm_open_type=im_card_automation_link"", ""text"": ""海外仓入库运营（救火）case管理表""}]]}","USGA Warehouse\n入库单号：VASC000000340191\n头程类型：入库非标增值（特批）\n包裹条码：\nsku：\n救火原因：此增值单快超时效了，麻烦留意尽快处理，谢谢""}], [{""tag"": ""button"", ""text"": ""确认受理"", ""type"": ""default""}, {""tag"": ""button"", ""text"": ""确认关闭"", ""type"": ""default""}], [{""tag"": ""hr""}], [{""tag"": ""text"", ""text"": ""来自 ""}, {""tag"": ""a"", ""href"": ""https://winitlink.feishu.cn/base/CBUkbTYbma2NAnsSzZ9cq7Qrnvc?ccm_open_type=im_card_automation_link"", ""text"": ""海外仓入库运营（救火）case管理表""}]]}",VASC000000340191,"{""title"": ""请关注入库救火case"", ""elements"": [[{""tag"": ""text"", ""text"": ""提交人：""}, {""tag"": ""at"", ""user_id"": ""@_user_1"", ""user_name"": ""刘佳""}, {""tag"": ""text"", ""text"": ""\n仓库处理人：""}, {""tag"": ""at"", ""user_id"": ""@_user_2"", ""user_name"": ""Boris Dong""}, {""tag"": ""text"", ""text"": "",""},...","[2026-08-26 11:29] 未知/系统: {""title"": ""请关注入库救火case"", ""elements"": [[{""tag"": ""text"", ""text"": ""提交人：""}, {""tag"": ""at"", ""user_id"": ""@_user_1"", ""user_name"": ""刘佳""}, {""tag"": ""text"", ""text"": ""\n仓库处理人：""}, {""tag"": ""at"", ""user_id"": ""@_user_2"", ""user_name"": ""Boris Dong""}, {""tag"": ""text"", ""text"": "",""}, {""tag"": ""at"", ""user_id"": ""@_user_3"", ""user_name"": ""Jianan Sun""}, {""tag"": ""text"", ""text"": ""\n质控：""}, {""tag"": ""at"", ""user_id"": ""@_user_4"", ""user_name"": ""王鑫隆""}, {""tag"": ""text"", ""text"": "",""}, {""tag"": ""at"", ""user_id"": ""@_user_5"", ""user_name"": ""廖丹""}, {""tag"": ""text"", ""text"": ""\n客户：19104098RED NOW LIMITED\n救火类型：增值单\n仓库：USGA Warehouse\n入库单号：VASC000000340191\n头程类型：入库非标增值（特批）\n包裹条码：\nsku：\n救火原因：此增值单快超时效了，麻烦留意尽快处理，谢谢""}], [{""tag"": ""button"", ""text"": ""确认受理"", ""type"": ""default""}, {""tag"": ""button"", ""text"": ""确认关闭"", ""type"": ""default""}], [{""tag"": ""hr""}], [{""tag"": ""text"", ""text"": ""来自 ""}, {""tag"": ""a"", ""href"": ""https://winitlink.feishu.cn/base/CBUkbTYbma2NAnsSzZ9cq7Qrnvc?ccm_open_type=im_card_automation_link"", ""text"": ""海外仓入库运营（救火）case管理表""}]]}",刘佳；Boris Dong；Jianan Sun；王鑫隆；廖丹,未知/系统,未知/系统,om_x100b67d19721a4a8c234d705f1a24db,,非标；增值；VASC；入库；包裹条码；仓库；救火
615,发货仓入库&增值运营（救火）- IB&VAS,oc_5b8848d27b7b3fa4a10eab865c4f9ffc,2026-08-26,2026-08-26 17:21,2026-08-29 07:33,omt_19eb27a66a0fdb9f,未知/系统,非标增值,上架,,,EB0126082632497656；EB0126082632496171；M010000000004506029；M010000000008113274；B0126082632497656；B0400000001431068977；B0126082632496171；B0400000001447438838,EB0126082632497656 仓库拍的图片箱唛B0400000001431068977，对应sku：M010000000004506029 S码：S500077000553772123 和下单验货信息一致，并未发现异常 [Image:img_v3_0214u_616b7a2f-1c16-4dcc-94c8-ad5c968f50ag] [Image:img_v3_0214u_0adaf5a8-1fb6-4c1e-98fd-32d052aa987g] EB0126082632496171 仓库拍的图片箱唛B04...,"[2026-08-26 17:21] 陈志颖: EB0126082632497656
仓库拍的图片箱唛B0400000001431068977，对应sku：M010000000004506029
S码：S500077000553772123
和下单验货信息一致，并未发现异常
[Image:img_v3_0214u_616b7a2f-1c16-4dcc-94c8-ad5c968f50ag]
[Image:img_v3_0214u_0adaf5a8-1fb6-4c1e-98fd-32d052aa987g]
[2026-08-26 17:24] 陈志颖: EB0126082632496171
仓库拍的图片箱唛B0400000001447438838，对应sku：M010000000008113274
S码：S500009000556572326，S500009000556572327
[Image:img_v3_0214u_35303e88-a102-45e2-9ed8-fee4aa1a465g]
和下单验货信息一致，且扫描可扫描，并未发现异常
[Image:img_v3_0214u_0e527942-35d7-4141-999c-79dab745038g]
[2026-08-27 09:03] Christopher Deng: 没子包裹条码，没法预分拣
[2026-08-27 14:05] 陈志颖: @Christopher Deng 没有子包裹条码应该登记“子包裹条码异常”，而且这个异常仓库操作sop是可以直接补打子包裹条码后安排上架的，麻烦作废异常重新操作下
[Image:img_v3_0214v_20e2be37-bbfe-4fc0-822e-b3a4b54b2b8g]
客户这个是单品化管理，仓库登记了错装异常客户只能换新单上架，换新单，全部单品条码都需要更换一遍才能上架了
[2026-08-28 12:13] 陈志颖: @_user_1 仓库没回，麻烦看看这个异常现在于要怎么处理？
[2026-08-28 14:21] 赖敏: @丁童诗琦 丁童，BC包无子包裹条码，这个异常登记功能上线了吗
[Image:img_v3_02150_d882ac0a-67cd-433b-b425-a1990595902g]
[2026-08-28 17:27] 丁童诗琦: @_user_1 这个不是异常登记功能哈，是界面示例图。还未上线。暂定是下周五。
[2026-08-28 17:28] 陈志颖: @_user_1 那客户现在这种异常要怎么解决，没有子包裹条码就只能让客户换到新单上架，然后把商品条码也给换了？
[2026-08-28 17:30] 丁童诗琦: @_user_1 不是有补打子包裹条码的流程么，这个是早就有了的。
[2026-08-28 17:31] 陈志颖: @_user_1 那这个还是得让仓库补打子包裹条码，然后错误登记的异常单需要关闭下
[2026-08-28 17:35] 赖敏: 不能直接让仓库补打
[2026-08-28 17:35] 赖敏: 要下增值
[2026-08-28 17:35] 赖敏: 现在是需要登记异常
[2026-08-28 17:36] 陈志颖: @_user_1 线上增值没有配备补贴子包裹条码的，做不了
提非标增值限制要换新单，换新单客户单品条码也得换，解决不了问题
[2026-08-28 17:36] 赖敏: 应该是登记 B01E1662 子包裹条码异常
[2026-08-28 17:37] 陈志颖: 按价卡描述就是登记子包裹条码异常，然后仓库直接补贴上架的，但是又说这个异常还没上线？
[2026-08-28 17:37] 赖敏: @_user_1 文文，我们子包裹条码异常没有补贴子包裹条码的增值吗，那这种情况下，仓库应该要怎么操作呀
[2026-08-28 17:38] 赖敏: [Image:img_v3_02150_85ca50ed-f03d-498b-b632-920130ac7e8g]
[2026-08-28 17:38] 赖敏: 这异常有的
[2026-08-28 17:40] 陈志颖: @_user_1 那仓库换个异常登记直接补打不就好了吗
[2026-08-28 17:40] 赖敏: @Christopher Deng 按这个操作试下
[Image:img_v3_02150_1812fe3a-907b-43f2-9ebb-ead251e3060g]
[2026-08-28 17:40] 陈志颖: 我一开始就是这样说
[Image:img_v3_02150_ab0fe21d-37d4-4ffb-a865-ea1db8bf153g]
[2026-08-28 17:40] 赖敏: @_user_1 是呢，现在就是要重新登记异常
[2026-08-28 17:41] 陈志颖: 我看系统登记的也是这样操作，那流程应该是可以行得通的
[Image:img_v3_02150_8abb4c4f-8f7e-4c83-a44c-e66bbf2b884g]
[2026-08-28 17:41] 赖敏: 先看下仓库上班之后能不能操作成功吧 @_user_1
[2026-08-28 17:42] 陈志颖: @_user_1 你先作废原异常单吧，不然仓库也没法重新登记
[2026-08-28 17:44] 赖敏: EB0126082632496171,EB0126082632497656 已作废
[2026-08-28 17:46] 陈志颖: 好，等仓库上班重新登记子包裹条码异常然后补贴后上架
[2026-08-28 18:05] 耿文文: @_user_1 @_user_2 是的   而且这个是个操作类的增值，无需客户增值处理，仓应该是仓库自行补打就上架的那种
[2026-08-29 07:33] Christopher Deng: 仓库会操作上架",Christopher Deng；赖敏；丁童诗琦；陈志颖；耿文文,耿文文,陈志颖；Christopher Deng；赖敏；丁童诗琦；耿文文,om_x100b67deb8394cacc3308abde258545,,非标；增值；异常单；异常；EB；补贴；上架；包裹条码；商品条码；SOP；仓库
617,发货仓入库&增值运营（救火）- IB&VAS,oc_5b8848d27b7b3fa4a10eab865c4f9ffc,2026-08-26,2026-08-26 17:54,2026-08-27 18:56,omt_19eb3f093ecd1b95,未知/系统,非标增值,上架,,,VASC000000314760；EB0626070130936087；B0626070130936087,[Image:img_v3_0214u_541ff739-4c17-4823-935f-90242c3d332g] @_user_1 [Image:img_v3_0214u_c130aa5e-2803-4a91-a3d3-a6533c6081eh] we have already finish all we need to do @_user_1看下这个，库存解冻怎么处理 @_user_1 解冻现在都是客服部门提OA给helpdesk，helpdesk解冻。cc@_user_2 @_user_1 不是客服提交，客服...,"[2026-08-26 17:54] 刘燕春: [Image:img_v3_0214u_541ff739-4c17-4823-935f-90242c3d332g]
[2026-08-26 17:55] Vesislava Yovkova: @_user_1
[2026-08-26 17:58] 张凡: [Image:img_v3_0214u_c130aa5e-2803-4a91-a3d3-a6533c6081eh]
we have already finish all we need to do
[2026-08-26 17:59] 刘燕春: @_user_1看下这个，库存解冻怎么处理
[2026-08-26 18:38] 林佳志: @_user_1 解冻现在都是客服部门提OA给helpdesk，helpdesk解冻。cc@_user_2
[2026-08-26 18:40] 刘燕春: @_user_1 不是客服提交，客服提交会被退，是你们运营提交
[2026-08-26 18:46] 耿文文: @_user_1 这个为啥需要解冻？冻结怎么产生的？
cc@_user_2
[2026-08-26 18:47] 林佳志: <p>@_user_1 @_user_2  这个是出库自提暂存有下出库增值，客户原因作废暂存后，库存冻结。 然后下了增值单上架， 现在库存还是冻结状态需要解冻，这个是怎么解冻？</p>
[2026-08-26 18:56] 耿文文: @_user_1 作废出库自提单会自动产生冻结不？
[2026-08-26 18:57] 许晓妍: <p>@_user_1 @_user_2 异常关了吗</p>
[2026-08-26 19:11] 许晓妍: @HelpDesk 帮忙看下，EB0626070130936087异常仓库已经处理了，为啥sku还在冻结状态呀？
[Image:img_v3_0214u_cf37ac4a-21b1-46f3-b002-885d810956fg]
[2026-08-26 19:15] 陈泽森: @_user_1 作废后看出库单状态，已经拣选过的会触发返架任务去做返架，返架完成后出库单才会流转到已作废并释放库存
[2026-08-27 00:38] 林佳志: @_user_1 辛苦看下这种已经做了出库增值的也是要返架吗
[2026-08-27 10:58] 陈泽森: 如果客户作废的话是需要返架的呀，如果做了商品增值的话，会有一个异常要客户及时处理@_user_1
[2026-08-27 14:28] 许晓妍: <p>@_user_1 佳哥，帮忙看下这个sku的冻结原因</p>
[2026-08-27 14:29] 徐佳: ？为什么找我
[2026-08-27 14:30] 许晓妍: @_user_1 helpdesk这边一直没回复，现在我们也不知道冻结的原因
[2026-08-27 14:33] 徐佳: ？ @_user_1 哈意思？
[2026-08-27 14:37] 陈泽森: 我先查下仓库冻结情况
[2026-08-27 14:43] 陈泽森: [Image:img_v3_0214v_7f36f243-80bf-4c3f-8e74-c7f7ce3b2dbg]
[Image:img_v3_0214v_3d223eb7-6988-48bc-92e5-5c246af6843g]
[Image:img_v3_0214v_23adb2c1-64d1-454f-8468-a65207d173eg]
@林佳志 @许晓妍 这个因为出库单的商品有商品级增值，作废订单后会有冻结让客户处理异常，客户处理后，需要解冻去根据客户处理方式操作，VASC000000314760 看看能不能用增值单解冻，不行就要提个OA去解冻然后根据增值要求去上架
[2026-08-27 14:47] 许晓妍: <p>@_user_1 佳志辛苦帮忙提解冻流程吧，现在是异常解决了但是冻结没解除</p>
[2026-08-27 15:35] 林佳志: @_user_1 @_user_2 这个增值单是无法解冻吗？还是说这种场景都要额外提OA操作解冻啊
[2026-08-27 15:36] 许晓妍: <p>@_user_1 是要完成增值后关闭异常单，这样才能解冻，目前仓库不是做完了操作但是还没解冻嘛，所以需要走OA解冻了</p>
[2026-08-27 15:37] 许晓妍: @_user_1 我记得之前这个bug好像修复了？@_user_2
[2026-08-27 15:40] 林佳志: @_user_1  哥，帮忙看看，为什么增值完成了，这个库存还没解冻
[2026-08-27 15:51] HelpDesk: @_user_1 没有解冻，紧急的话先提个OA处理，仓库不是有专门的报障群讨论问题吗
[2026-08-27 15:54] 林佳志: @_user_1 解冻是可以解冻，现在是要看问题出在了哪里
[2026-08-27 16:14] 刘燕春: @_user_1 麻烦 先申请解冻，谢谢
[2026-08-27 16:30] 林佳志: @_user_1 我现在提，但是解冻原因我只能写系统故障无法解冻。 @_user_2 @_user_3
[2026-08-27 16:45] 韦卫红: @_user_1@_user_2  这个不是bug哦，是历史数据的原因，系统是8月3日上线，这个异常单是7月初的
[2026-08-27 18:53] 林佳志: 林佳志于2026-08-27申请库存冻结/解冻的请求事件-流程管理@_user_1 @_user_2
[2026-08-27 18:56] HelpDesk: @_user_1 处理了",张凡；林佳志；刘燕春；耿文文；许晓妍；陈泽森；HelpDesk；徐佳；韦卫红,许晓妍；耿文文；陈泽森,刘燕春；Vesislava Yovkova；张凡；林佳志；耿文文；许晓妍；陈泽森；徐佳；HelpDesk；韦卫红,om_x100b67df32cc0080c39b56579f8bec0,,增值；VASC；异常单；异常；EB；出库；上架；仓库
619,发货仓入库&增值运营（救火）- IB&VAS,oc_5b8848d27b7b3fa4a10eab865c4f9ffc,2026-08-26,2026-08-26 18:03,2026-08-26 18:03,omt_19eb3123f70e1a4e,未知/系统,入库/仓库异常,"其他\n仓库：USWC2 Warehouse\n入库单号： WI51921848\n头程类型：自验-直发-国际快递\n包裹条码：\nsku：\n救火原因：麻烦尽量加急上架，谢谢""}], [{""tag"": ""button"", ""text"": ""确认受理"", ""type"": ""default""}, {""tag"": ""button"", ""text"": ""确认关闭"", ""type"": ""default""}], [{""tag"": ""hr""}], [{""tag"": ""text"", ""text"": ""来自 ""}, {""tag"": ""a"", ""href"": ""https://winitlink.feishu.cn/base/CBUkbTYbma2NAnsSzZ9cq7Qrnvc?ccm_open_type=im_card_automation_link"", ""text"": ""海外仓入库运营（救火）case管理表""}]]}；上架","10005751深圳市美龙电子科技有限公司\n救火类型：其他\n仓库：USWC2 Warehouse\n入库单号： WI51921848\n头程类型：自验-直发-国际快递\n包裹条码：\nsku：\n救火原因：麻烦尽量加急上架，谢谢""}], [{""tag"": ""button"", ""text"": ""确认受理"", ""type"": ""default""}, {""tag"": ""button"", ""text"": ""确认关闭"", ""type"": ""default""}], [{""tag"": ""hr""}], [{""tag"": ""text"", ""text"": ""来自 ""}, {""tag"": ""a"", ""href"": ""https://winitlink.feishu.cn/base/CBUkbTYbma2NAnsSzZ9cq7Qrnvc?ccm_open_type=im_card_automation_link"", ""text"": ""海外仓入库运营（救火）case管理表""}]]}","USWC2 Warehouse\n入库单号： WI51921848\n头程类型：自验-直发-国际快递\n包裹条码：\nsku：\n救火原因：麻烦尽量加急上架，谢谢""}], [{""tag"": ""button"", ""text"": ""确认受理"", ""type"": ""default""}, {""tag"": ""button"", ""text"": ""确认关闭"", ""type"": ""default""}], [{""tag"": ""hr""}], [{""tag"": ""text"", ""text"": ""来自 ""}, {""tag"": ""a"", ""href"": ""https://winitlink.feishu.cn/base/CBUkbTYbma2NAnsSzZ9cq7Qrnvc?ccm_open_type=im_card_automation_link"", ""text"": ""海外仓入库运营（救火）case管理表""}]]}",WI51921848,"{""title"": ""请关注入库救火case"", ""elements"": [[{""tag"": ""text"", ""text"": ""提交人：""}, {""tag"": ""at"", ""user_id"": ""@_user_1"", ""user_name"": ""史绍玉""}, {""tag"": ""text"", ""text"": ""\n仓库处理人：""}, {""tag"": ""at"", ""user_id"": ""@_user_2"", ""user_name"": ""Ann Yang""}, {""tag"": ""text"", ""text"": "",""}, ...","[2026-08-26 18:03] 未知/系统: {""title"": ""请关注入库救火case"", ""elements"": [[{""tag"": ""text"", ""text"": ""提交人：""}, {""tag"": ""at"", ""user_id"": ""@_user_1"", ""user_name"": ""史绍玉""}, {""tag"": ""text"", ""text"": ""\n仓库处理人：""}, {""tag"": ""at"", ""user_id"": ""@_user_2"", ""user_name"": ""Ann Yang""}, {""tag"": ""text"", ""text"": "",""}, {""tag"": ""at"", ""user_id"": ""@_user_3"", ""user_name"": ""Huang Jiajun""}, {""tag"": ""text"", ""text"": ""\n质控：""}, {""tag"": ""at"", ""user_id"": ""@_user_4"", ""user_name"": ""李超亮""}, {""tag"": ""text"", ""text"": ""\n客户：10005751深圳市美龙电子科技有限公司\n救火类型：其他\n仓库：USWC2 Warehouse\n入库单号： WI51921848\n头程类型：自验-直发-国际快递\n包裹条码：\nsku：\n救火原因：麻烦尽量加急上架，谢谢""}], [{""tag"": ""button"", ""text"": ""确认受理"", ""type"": ""default""}, {""tag"": ""button"", ""text"": ""确认关闭"", ""type"": ""default""}], [{""tag"": ""hr""}], [{""tag"": ""text"", ""text"": ""来自 ""}, {""tag"": ""a"", ""href"": ""https://winitlink.feishu.cn/base/CBUkbTYbma2NAnsSzZ9cq7Qrnvc?ccm_open_type=im_card_automation_link"", ""text"": ""海外仓入库运营（救火）case管理表""}]]}",史绍玉；Ann Yang；Huang Jiajun；李超亮,未知/系统,未知/系统,om_x100b67dfd0609cb0de248fc8f433967,,入库；上架；包裹条码；仓库；救火
626,发货仓入库&增值运营（救火）- IB&VAS,oc_5b8848d27b7b3fa4a10eab865c4f9ffc,2026-08-26,2026-08-26 19:25,2026-08-26 19:25,omt_19eb458889cf9c82,未知/系统,入库/仓库异常,"少包裹确认到仓\n仓库：USGA Warehouse\n入库单号：WI50155838\n头程类型：自验-直发-海运整柜-40HQ\n包裹条码：B0400000001415463742\nsku：\n救火原因：8.11签收的客户是整柜的麻烦看看有收到这个吗 谢谢""}], [{""tag"": ""img"", ""image_key"": ""img_v3_0214u_44afe624-64e0-4123-aef9-2ce13992c4ag""}], [{""tag"": ""img"", ""image_key"": ""img_v3_0214u_d330e61a-2ba4-4b3a-a50e-ef72a2870aag""}], [{""tag"": ""button"", ""text"": ""确认受理"", ""type"": ""default""}, {""tag"": ""button"", ""text"": ""确认关闭"", ""type"": ""default""}], [{""tag"": ""hr""}], [{""tag"": ""text"", ""text"": ""来自 ""}, {""tag"": ""a"", ""href"": ""https://winitlink.feishu.cn/base/CBUkbTYbma2NAnsSzZ9cq7Qrnvc?ccm_open_type=im_card_automation_link"", ""text"": ""海外仓入库运营（救火）case管理表""}]]}","17792735华佩贸易（上海）有限公司\n救火类型：少包裹确认到仓\n仓库：USGA Warehouse\n入库单号：WI50155838\n头程类型：自验-直发-海运整柜-40HQ\n包裹条码：B0400000001415463742\nsku：\n救火原因：8.11签收的客户是整柜的麻烦看看有收到这个吗 谢谢""}], [{""tag"": ""img"", ""image_key"": ""img_v3_0214u_44afe624-64e0-4123-aef9-2ce13992c4ag""}], [{""tag"": ""img"", ""image_key"": ""img_v3_0214u_d330e61a-2ba4-4b3a-a50e-ef72a2870aag""}], [{""tag"": ""button"", ""text"": ""确认受理"", ""type"": ""default""}, {""tag"": ""button"", ""text"": ""确认关闭"", ""type"": ""default""}], [{""tag"": ""hr""}], [{""tag"": ""text"", ""text"": ""来自 ""}, {""tag"": ""a"", ""href"": ""https://winitlink.feishu.cn/base/CBUkbTYbma2NAnsSzZ9cq7Qrnvc?ccm_open_type=im_card_automation_link"", ""text"": ""海外仓入库运营（救火）case管理表""}]]}","USGA Warehouse\n入库单号：WI50155838\n头程类型：自验-直发-海运整柜-40HQ\n包裹条码：B0400000001415463742\nsku：\n救火原因：8.11签收的客户是整柜的麻烦看看有收到这个吗 谢谢""}], [{""tag"": ""img"", ""image_key"": ""img_v3_0214u_44afe624-64e0-4123-aef9-2ce13992c4ag""}], [{""tag"": ""img"", ""image_key"": ""img_v3_0214u_d330e61a-2ba4-4b3a-a50e-ef72a2870aag""}], [{""tag"": ""button"", ""text"": ""确认受理"", ""type"": ""default""}, {""tag"": ""button"", ""text"": ""确认关闭"", ""type"": ""default""}], [{""tag"": ""hr""}], [{""tag"": ""text"", ""text"": ""来自 ""}, {""tag"": ""a"", ""href"": ""https://winitlink.feishu.cn/base/CBUkbTYbma2NAnsSzZ9cq7Qrnvc?ccm_open_type=im_card_automation_link"", ""text"": ""海外仓入库运营（救火）case管理表""}]]}",WI50155838；B0400000001415463742,"{""title"": ""请关注入库救火case"", ""elements"": [[{""tag"": ""text"", ""text"": ""提交人：""}, {""tag"": ""at"", ""user_id"": ""@_user_1"", ""user_name"": ""朱美霖""}, {""tag"": ""text"", ""text"": ""\n仓库处理人：""}, {""tag"": ""at"", ""user_id"": ""@_user_2"", ""user_name"": ""Boris Dong""}, {""tag"": ""text"", ""text"": "",""}...","[2026-08-26 19:25] 未知/系统: {""title"": ""请关注入库救火case"", ""elements"": [[{""tag"": ""text"", ""text"": ""提交人：""}, {""tag"": ""at"", ""user_id"": ""@_user_1"", ""user_name"": ""朱美霖""}, {""tag"": ""text"", ""text"": ""\n仓库处理人：""}, {""tag"": ""at"", ""user_id"": ""@_user_2"", ""user_name"": ""Boris Dong""}, {""tag"": ""text"", ""text"": "",""}, {""tag"": ""at"", ""user_id"": ""@_user_3"", ""user_name"": ""Jianan Sun""}, {""tag"": ""text"", ""text"": ""\n质控：""}, {""tag"": ""at"", ""user_id"": ""@_user_4"", ""user_name"": ""王鑫隆""}, {""tag"": ""text"", ""text"": "",""}, {""tag"": ""at"", ""user_id"": ""@_user_5"", ""user_name"": ""廖丹""}, {""tag"": ""text"", ""text"": ""\n客户：17792735华佩贸易（上海）有限公司\n救火类型：少包裹确认到仓\n仓库：USGA Warehouse\n入库单号：WI50155838\n头程类型：自验-直发-海运整柜-40HQ\n包裹条码：B0400000001415463742\nsku：\n救火原因：8.11签收的客户是整柜的麻烦看看有收到这个吗 谢谢""}], [{""tag"": ""img"", ""image_key"": ""img_v3_0214u_44afe624-64e0-4123-aef9-2ce13992c4ag""}], [{""tag"": ""img"", ""image_key"": ""img_v3_0214u_d330e61a-2ba4-4b3a-a50e-ef72a2870aag""}], [{""tag"": ""button"", ""text"": ""确认受理"", ""type"": ""default""}, {""tag"": ""button"", ""text"": ""确认关闭"", ""type"": ""default""}], [{""tag"": ""hr""}], [{""tag"": ""text"", ""text"": ""来自 ""}, {""tag"": ""a"", ""href"": ""https://winitlink.feishu.cn/base/CBUkbTYbma2NAnsSzZ9cq7Qrnvc?ccm_open_type=im_card_automation_link"", ""text"": ""海外仓入库运营（救火）case管理表""}]]}",朱美霖；Boris Dong；Jianan Sun；王鑫隆；廖丹,未知/系统,未知/系统,om_x100b67d89ad770a8b2efc00f563b837,,入库；包裹条码；仓库；救火
641,发货仓入库&增值运营（救火）- IB&VAS,oc_5b8848d27b7b3fa4a10eab865c4f9ffc,2026-08-27,2026-08-27 11:48,2026-08-27 11:48,omt_19ea3b57060c9c9c,未知/系统,入库/仓库异常,"时效内催上架\n仓库：USKY3 Warehouse\n入库单号：WI51340743\n头程类型：海外验-直发-海卡\n包裹条码：B0400000001436560125\nsku：\n救火原因：该订单25号到仓，26号卸完货，一共339个包裹，先已上架15个，客户这票货有挺多SKU缺货且已经预售，麻烦帮忙27号上架完，客户28号周五要把货发出，谢谢。""}], [{""tag"": ""button"", ""text"": ""确认受理"", ""type"": ""default""}, {""tag"": ""button"", ""text"": ""确认关闭"", ""type"": ""default""}], [{""tag"": ""hr""}], [{""tag"": ""text"", ""text"": ""来自 ""}, {""tag"": ""a"", ""href"": ""https://winitlink.feishu.cn/base/CBUkbTYbma2NAnsSzZ9cq7Qrnvc?ccm_open_type=im_card_automation_link"", ""text"": ""海外仓入库运营（救火）case管理表""}]]}；上架","18272155見山（香港）運動科技有限公司\n救火类型：时效内催上架\n仓库：USKY3 Warehouse\n入库单号：WI51340743\n头程类型：海外验-直发-海卡\n包裹条码：B0400000001436560125\nsku：\n救火原因：该订单25号到仓，26号卸完货，一共339个包裹，先已上架15个，客户这票货有挺多SKU缺货且已经预售，麻烦帮忙27号上架完，客户28号周五要把货发出，谢谢。""}], [{""tag"": ""button"", ""text"": ""确认受理"", ""type"": ""default""}, {""tag"": ""button"", ""text"": ""确认关闭"", ""type"": ""default""}], [{""tag"": ""hr""}], [{""tag"": ""text"", ""text"": ""来自 ""}, {""tag"": ""a"", ""href"": ""https://winitlink.feishu.cn/base/CBUkbTYbma2NAnsSzZ9cq7Qrnvc?ccm_open_type=im_card_automation_link"", ""text"": ""海外仓入库运营（救火）case管理表""}]]}","USKY3 Warehouse\n入库单号：WI51340743\n头程类型：海外验-直发-海卡\n包裹条码：B0400000001436560125\nsku：\n救火原因：该订单25号到仓，26号卸完货，一共339个包裹，先已上架15个，客户这票货有挺多SKU缺货且已经预售，麻烦帮忙27号上架完，客户28号周五要把货发出，谢谢。""}], [{""tag"": ""button"", ""text"": ""确认受理"", ""type"": ""default""}, {""tag"": ""button"", ""text"": ""确认关闭"", ""type"": ""default""}], [{""tag"": ""hr""}], [{""tag"": ""text"", ""text"": ""来自 ""}, {""tag"": ""a"", ""href"": ""https://winitlink.feishu.cn/base/CBUkbTYbma2NAnsSzZ9cq7Qrnvc?ccm_open_type=im_card_automation_link"", ""text"": ""海外仓入库运营（救火）case管理表""}]]}",WI51340743；B0400000001436560125,"{""title"": ""请关注入库救火case"", ""elements"": [[{""tag"": ""text"", ""text"": ""提交人：""}, {""tag"": ""at"", ""user_id"": ""@_user_1"", ""user_name"": ""石凯""}, {""tag"": ""text"", ""text"": ""\n仓库处理人：""}, {""tag"": ""at"", ""user_id"": ""@_user_2"", ""user_name"": ""Ding kun""}, {""tag"": ""text"", ""text"": "",""}, {...","[2026-08-27 11:48] 未知/系统: {""title"": ""请关注入库救火case"", ""elements"": [[{""tag"": ""text"", ""text"": ""提交人：""}, {""tag"": ""at"", ""user_id"": ""@_user_1"", ""user_name"": ""石凯""}, {""tag"": ""text"", ""text"": ""\n仓库处理人：""}, {""tag"": ""at"", ""user_id"": ""@_user_2"", ""user_name"": ""Ding kun""}, {""tag"": ""text"", ""text"": "",""}, {""tag"": ""at"", ""user_id"": ""@_user_3"", ""user_name"": ""Fuentes, Elias Matos""}, {""tag"": ""text"", ""text"": "",""}, {""tag"": ""at"", ""user_id"": ""@_user_4"", ""user_name"": ""Liu wenhong""}, {""tag"": ""text"", ""text"": "",""}, {""tag"": ""at"", ""user_id"": ""@_user_5"", ""user_name"": ""Lebron Jose""}, {""tag"": ""text"", ""text"": ""\n质控：""}, {""tag"": ""at"", ""user_id"": ""@_user_6"", ""user_name"": ""魏佳欣""}, {""tag"": ""text"", ""text"": ""\n客户：18272155見山（香港）運動科技有限公司\n救火类型：时效内催上架\n仓库：USKY3 Warehouse\n入库单号：WI51340743\n头程类型：海外验-直发-海卡\n包裹条码：B0400000001436560125\nsku：\n救火原因：该订单25号到仓，26号卸完货，一共339个包裹，先已上架15个，客户这票货有挺多SKU缺货且已经预售，麻烦帮忙27号上架完，客户28号周五要把货发出，谢谢。""}], [{""tag"": ""button"", ""text"": ""确认受理"", ""type"": ""default""}, {""tag"": ""button"", ""text"": ""确认关闭"", ""type"": ""default""}], [{""tag"": ""hr""}], [{""tag"": ""text"", ""text"": ""来自 ""}, {""tag"": ""a"", ""href"": ""https://winitlink.feishu.cn/base/CBUkbTYbma2NAnsSzZ9cq7Qrnvc?ccm_open_type=im_card_automation_link"", ""text"": ""海外仓入库运营（救火）case管理表""}]]}","石凯；Ding kun；Fuentes, Elias Matos；Liu wenhong；Lebron Jose；魏佳欣",未知/系统,未知/系统,om_x100b67cf772f8c98b3010dd290d1a21,,EB；入库；上架；包裹条码；仓库；救火
652,发货仓入库&增值运营（救火）- IB&VAS,oc_5b8848d27b7b3fa4a10eab865c4f9ffc,2026-08-27,2026-08-27 14:26,2026-08-27 14:26,omt_19ea5054698f5cb4,未知/系统,入库/仓库异常,"其他\n仓库：UKTW Warehouse\n入库单号：WI50207310\n头程类型：自验-直发-海卡\n包裹条码：\nsku：\n救火原因：订单25号到仓，客户有待发订单，需要尽快上架，麻烦优先处理一下，谢谢""}], [{""tag"": ""button"", ""text"": ""确认受理"", ""type"": ""default""}, {""tag"": ""button"", ""text"": ""确认关闭"", ""type"": ""default""}], [{""tag"": ""hr""}], [{""tag"": ""text"", ""text"": ""来自 ""}, {""tag"": ""a"", ""href"": ""https://winitlink.feishu.cn/base/CBUkbTYbma2NAnsSzZ9cq7Qrnvc?ccm_open_type=im_card_automation_link"", ""text"": ""海外仓入库运营（救火）case管理表""}]]}；上架","17083155貝葉斯有限公司\n救火类型：其他\n仓库：UKTW Warehouse\n入库单号：WI50207310\n头程类型：自验-直发-海卡\n包裹条码：\nsku：\n救火原因：订单25号到仓，客户有待发订单，需要尽快上架，麻烦优先处理一下，谢谢""}], [{""tag"": ""button"", ""text"": ""确认受理"", ""type"": ""default""}, {""tag"": ""button"", ""text"": ""确认关闭"", ""type"": ""default""}], [{""tag"": ""hr""}], [{""tag"": ""text"", ""text"": ""来自 ""}, {""tag"": ""a"", ""href"": ""https://winitlink.feishu.cn/base/CBUkbTYbma2NAnsSzZ9cq7Qrnvc?ccm_open_type=im_card_automation_link"", ""text"": ""海外仓入库运营（救火）case管理表""}]]}","UKTW Warehouse\n入库单号：WI50207310\n头程类型：自验-直发-海卡\n包裹条码：\nsku：\n救火原因：订单25号到仓，客户有待发订单，需要尽快上架，麻烦优先处理一下，谢谢""}], [{""tag"": ""button"", ""text"": ""确认受理"", ""type"": ""default""}, {""tag"": ""button"", ""text"": ""确认关闭"", ""type"": ""default""}], [{""tag"": ""hr""}], [{""tag"": ""text"", ""text"": ""来自 ""}, {""tag"": ""a"", ""href"": ""https://winitlink.feishu.cn/base/CBUkbTYbma2NAnsSzZ9cq7Qrnvc?ccm_open_type=im_card_automation_link"", ""text"": ""海外仓入库运营（救火）case管理表""}]]}",WI50207310,"{""title"": ""请关注入库救火case"", ""elements"": [[{""tag"": ""text"", ""text"": ""提交人：""}, {""tag"": ""at"", ""user_id"": ""@_user_1"", ""user_name"": ""吴杰""}, {""tag"": ""text"", ""text"": ""\n仓库处理人：""}, {""tag"": ""at"", ""user_id"": ""@_user_2"", ""user_name"": ""王婉清""}, {""tag"": ""text"", ""text"": ""\n质控：""}, {""...","[2026-08-27 14:26] 未知/系统: {""title"": ""请关注入库救火case"", ""elements"": [[{""tag"": ""text"", ""text"": ""提交人：""}, {""tag"": ""at"", ""user_id"": ""@_user_1"", ""user_name"": ""吴杰""}, {""tag"": ""text"", ""text"": ""\n仓库处理人：""}, {""tag"": ""at"", ""user_id"": ""@_user_2"", ""user_name"": ""王婉清""}, {""tag"": ""text"", ""text"": ""\n质控：""}, {""tag"": ""at"", ""user_id"": ""@_user_3"", ""user_name"": ""罗澳""}, {""tag"": ""text"", ""text"": ""\n客户：17083155貝葉斯有限公司\n救火类型：其他\n仓库：UKTW Warehouse\n入库单号：WI50207310\n头程类型：自验-直发-海卡\n包裹条码：\nsku：\n救火原因：订单25号到仓，客户有待发订单，需要尽快上架，麻烦优先处理一下，谢谢""}], [{""tag"": ""button"", ""text"": ""确认受理"", ""type"": ""default""}, {""tag"": ""button"", ""text"": ""确认关闭"", ""type"": ""default""}], [{""tag"": ""hr""}], [{""tag"": ""text"", ""text"": ""来自 ""}, {""tag"": ""a"", ""href"": ""https://winitlink.feishu.cn/base/CBUkbTYbma2NAnsSzZ9cq7Qrnvc?ccm_open_type=im_card_automation_link"", ""text"": ""海外仓入库运营（救火）case管理表""}]]}",吴杰；王婉清；罗澳,未知/系统,未知/系统,om_x100b67c9c71974a4b1857f88e24d1cf,,入库；上架；包裹条码；仓库；救火
654,发货仓入库&增值运营（救火）- IB&VAS,oc_5b8848d27b7b3fa4a10eab865c4f9ffc,2026-08-27,2026-08-27 14:47,2026-08-27 14:47,omt_19ea55b6bfc11c9a,未知/系统,入库/仓库异常,"已超时效催上架\n仓库：USGA Warehouse\n入库单号：WI50280604\n头程类型：自验-直发-海运整柜-40HQ\n包裹条码：WI50280604\nsku：\n救火原因：预约单号：Y0101769194\n预约码：L1L7J6S9B193\n这单是预约卸货时间(当地时间)：2026-08-26 14:00-15:00\n目前入库单看到还没有卸货，以及还没有通知还柜的，柜子即将逾期了的，货代在催，帮看下上班后是否可以优先卸空还柜，然后安排上架的，谢谢""}], [{""tag"": ""button"", ""text"": ""确认受理"", ""type"": ""default""}, {""tag"": ""button"", ""text"": ""确认关闭"", ""type"": ""default""}], [{""tag"": ""hr""}], [{""tag"": ""text"", ""text"": ""来自 ""}, {""tag"": ""a"", ""href"": ""https://winitlink.feishu.cn/base/CBUkbTYbma2NAnsSzZ9cq7Qrnvc?ccm_open_type=im_card_automation_link"", ""text"": ""海外仓入库运营（救火）case管理表""}]]}；上架","19945672香港烜晟商貿有限公司\n救火类型：已超时效催上架\n仓库：USGA Warehouse\n入库单号：WI50280604\n头程类型：自验-直发-海运整柜-40HQ\n包裹条码：WI50280604\nsku：\n救火原因：预约单号：Y0101769194\n预约码：L1L7J6S9B193\n这单是预约卸货时间(当地时间)：2026-08-26 14:00-15:00\n目前入库单看到还没有卸货，以及还没有通知还柜的，柜子即将逾期了的，货代在催，帮看下上班后是否可以优先卸空还柜，然后安排上架的，谢谢""}], [{""tag"": ""button"", ""text"": ""确认受理"", ""type"": ""default""}, {""tag"": ""button"", ""text"": ""确认关闭"", ""type"": ""default""}], [{""tag"": ""hr""}], [{""tag"": ""text"", ""text"": ""来自 ""}, {""tag"": ""a"", ""href"": ""https://winitlink.feishu.cn/base/CBUkbTYbma2NAnsSzZ9cq7Qrnvc?ccm_open_type=im_card_automation_link"", ""text"": ""海外仓入库运营（救火）case管理表""}]]}","USGA Warehouse\n入库单号：WI50280604\n头程类型：自验-直发-海运整柜-40HQ\n包裹条码：WI50280604\nsku：\n救火原因：预约单号：Y0101769194\n预约码：L1L7J6S9B193\n这单是预约卸货时间(当地时间)：2026-08-26 14:00-15:00\n目前入库单看到还没有卸货，以及还没有通知还柜的，柜子即将逾期了的，货代在催，帮看下上班后是否可以优先卸空还柜，然后安排上架的，谢谢""}], [{""tag"": ""button"", ""text"": ""确认受理"", ""type"": ""default""}, {""tag"": ""button"", ""text"": ""确认关闭"", ""type"": ""default""}], [{""tag"": ""hr""}], [{""tag"": ""text"", ""text"": ""来自 ""}, {""tag"": ""a"", ""href"": ""https://winitlink.feishu.cn/base/CBUkbTYbma2NAnsSzZ9cq7Qrnvc?ccm_open_type=im_card_automation_link"", ""text"": ""海外仓入库运营（救火）case管理表""}]]}",WI50280604,"{""title"": ""请关注入库救火case"", ""elements"": [[{""tag"": ""text"", ""text"": ""提交人：""}, {""tag"": ""at"", ""user_id"": ""@_user_1"", ""user_name"": ""刘燕春""}, {""tag"": ""text"", ""text"": ""\n仓库处理人：""}, {""tag"": ""at"", ""user_id"": ""@_user_2"", ""user_name"": ""Boris Dong""}, {""tag"": ""text"", ""text"": "",""}...","[2026-08-27 14:47] 未知/系统: {""title"": ""请关注入库救火case"", ""elements"": [[{""tag"": ""text"", ""text"": ""提交人：""}, {""tag"": ""at"", ""user_id"": ""@_user_1"", ""user_name"": ""刘燕春""}, {""tag"": ""text"", ""text"": ""\n仓库处理人：""}, {""tag"": ""at"", ""user_id"": ""@_user_2"", ""user_name"": ""Boris Dong""}, {""tag"": ""text"", ""text"": "",""}, {""tag"": ""at"", ""user_id"": ""@_user_3"", ""user_name"": ""Jianan Sun""}, {""tag"": ""text"", ""text"": ""\n质控：""}, {""tag"": ""at"", ""user_id"": ""@_user_4"", ""user_name"": ""王鑫隆""}, {""tag"": ""text"", ""text"": "",""}, {""tag"": ""at"", ""user_id"": ""@_user_5"", ""user_name"": ""廖丹""}, {""tag"": ""text"", ""text"": ""\n客户：19945672香港烜晟商貿有限公司\n救火类型：已超时效催上架\n仓库：USGA Warehouse\n入库单号：WI50280604\n头程类型：自验-直发-海运整柜-40HQ\n包裹条码：WI50280604\nsku：\n救火原因：预约单号：Y0101769194\n预约码：L1L7J6S9B193\n这单是预约卸货时间(当地时间)：2026-08-26 14:00-15:00\n目前入库单看到还没有卸货，以及还没有通知还柜的，柜子即将逾期了的，货代在催，帮看下上班后是否可以优先卸空还柜，然后安排上架的，谢谢""}], [{""tag"": ""button"", ""text"": ""确认受理"", ""type"": ""default""}, {""tag"": ""button"", ""text"": ""确认关闭"", ""type"": ""default""}], [{""tag"": ""hr""}], [{""tag"": ""text"", ""text"": ""来自 ""}, {""tag"": ""a"", ""href"": ""https://winitlink.feishu.cn/base/CBUkbTYbma2NAnsSzZ9cq7Qrnvc?ccm_open_type=im_card_automation_link"", ""text"": ""海外仓入库运营（救火）case管理表""}]]}",刘燕春；Boris Dong；Jianan Sun；王鑫隆；廖丹,未知/系统,未知/系统,om_x100b67c999341040b36b2ec87de60a1,,入库；上架；包裹条码；仓库；救火
655,发货仓入库&增值运营（救火）- IB&VAS,oc_5b8848d27b7b3fa4a10eab865c4f9ffc,2026-08-27,2026-08-27 17:21,2026-08-28 18:08,omt_19ea560ca8cf1be0,未知/系统,标准库内增值/入库异常,贴标；拍照,,,EB0126081732275800；B0126081732275800,[Image:img_v3_0214v_ef26ebf4-7e6b-4215-9b27-c5f58876b18h] 我看这里，我们复核了无异常 @_user_1 什么意思 我看异常单收了费的 ，客户的标签是无法扫描还是什么问题 。有没有操作视频看看报错 [Image:img_v3_0214v_57823281-356c-4cd3-aff9-b6bc378d6d9g] 我问问吧 好的 @_user_1 问到吗 有回复吗 这边需要回复下客户 员工误点了异常 实际无异常对吗@_user_1 @_user_1 @_user...,"[2026-08-27 17:21] 王婉清: [Image:img_v3_0214v_ef26ebf4-7e6b-4215-9b27-c5f58876b18h]
我看这里，我们复核了无异常
[2026-08-27 17:39] 吴爱红: @_user_1 什么意思 我看异常单收了费的 ，客户的标签是无法扫描还是什么问题 。有没有操作视频看看报错
[2026-08-27 17:39] 吴爱红: [Image:img_v3_0214v_57823281-356c-4cd3-aff9-b6bc378d6d9g]
[2026-08-27 17:41] 王婉清: 我问问吧
[2026-08-27 18:06] 吴爱红: 好的
[2026-08-28 14:11] 吴爱红: @_user_1 问到吗  有回复吗  这边需要回复下客户
[2026-08-28 14:29] 王婉清: 员工误点了异常
[2026-08-28 14:29] 吴爱红: 实际无异常对吗@_user_1
[2026-08-28 14:33] 吴爱红: @_user_1 @_user_2 仓库说异常登记错误了，多收的异常费可退吗
[2026-08-28 14:34] 罗澳: 复核无异常的为什么收异常费
[2026-08-28 14:35] 吴爱红: [Image:img_v3_02150_3f939c3b-799e-4fdd-a3db-5b8bf948f57g]
[2026-08-28 14:35] 吴爱红: 系统收费了
[2026-08-28 14:35] 吴爱红: @_user_1
[2026-08-28 17:14] 吴爱红: @_user_1 @_user_2 可以退吗
[2026-08-28 17:15] 许晓妍: <p>@_user_1 异常单关闭了吗？没办法作废异常单嘛@_user_2 @_user_3</p>
[2026-08-28 17:16] 罗澳: @_user_1 异常单是已关闭状态
[2026-08-28 17:17] 许晓妍: <p>@_user_1 仓库误登记了异常这个之后有什么解决方案可以避免之后再发生这种问题吗？</p>
[2026-08-28 17:18] 许晓妍: @_user_1 这个异常是有对应增值吗？
[2026-08-28 17:18] 罗澳: <p>@_user_1 @_user_2 这个还能复盘到当时是啥场景不~应该是蓝牙打印机直接补打了标签</p>
[2026-08-28 17:19] 王婉清: @_user_1 那复盘不到了，当事人也记不清了。。。
[2026-08-28 17:20] 许晓妍: @_user_1 这个有做增值吗？
[2026-08-28 17:21] 王婉清: @_user_1 我们不是复核无异常吗？然后异常就关闭了
[2026-08-28 17:21] 罗澳: 没有，这个是知悉类异常
[2026-08-28 17:25] 许晓妍: @_user_1 这个情况辛苦给下长期的解决方案吧，之后如何避免此类问题
[2026-08-28 17:38] 王婉清: 亲们，核实了，当时单品上的条码确实扫不出来，员工登记了异常并复核为，可以自己补打条码！现在状态是已关闭
如果是复核无异常，那异常单状态是 已作废 @_user_1 @_user_2 @_user_3
[2026-08-28 17:39] 吴爱红: 有没有扫描报错的视频或者拍照记录 不然客户不认@_user_1
[2026-08-28 17:41] 王婉清: 这东西多少钱啊~！！！我们几个的沟通成本，我给你找产品拍视频的成本，是不是都比这个补条码都贵啊。。。。。
咱客人这是要干啥。。。。。
[2026-08-28 17:48] 吴爱红: @王婉清 产生了这些收费，他说他发货贴标，标签是正常的，
[Image:img_v3_02150_181bab2e-3238-4c51-bb71-d993eefcf1fg]
[2026-08-28 17:51] 吴爱红: @杜春霖 EB0126081732275800 客户对这个异常扣费有异议 要我们给他提供视频 可以跟客户沟通下吗 
[Image:img_v3_02150_2e46c423-5518-4e99-8e21-00f4b3040f2g]
[2026-08-28 17:52] 杜春霖: 好
[2026-08-28 17:55] 杜春霖: @_user_1 可以让仓库 拍个视频么 扫不出来的
[2026-08-28 17:56] 吴爱红: @_user_1 @_user_2 可以提供吗
[2026-08-28 18:07] 王婉清: 视频拍了，条码确实扫不出来，客人能补提一个增值吗？我们仓库不能白拍吧。。。
[2026-08-28 18:07] 王婉清: [Media]
[2026-08-28 18:08] 杜春霖: 好 我知道了
[2026-08-28 18:08] 杜春霖: 我让客户 补个增值",王婉清；罗澳；许晓妍；吴爱红；Jessica Chu；杜春霖,许晓妍,王婉清；吴爱红；罗澳；许晓妍；杜春霖,om_x100b67c9a29560a0c4ce22a0f698864,,增值；异常单；异常；EB；贴标；拍照；仓库
656,发货仓入库&增值运营（救火）- IB&VAS,oc_5b8848d27b7b3fa4a10eab865c4f9ffc,2026-08-27,2026-08-27 22:13,2026-09-09 10:22,omt_19ea5727828e9a4e,未知/系统,标准库内增值/入库异常,上架,,,EB0126082732541078；EB0126082832568597；EB0126083132661723；EB0126082832569368；EB0126082832569278；EB0126082832568885；WI51658621；WI51657902；B0126082732541078；B0126082832568597；B0126083132661723；B0126082832569368；B0126082832569278；B0126082832568885,@_user_1 EB0126082732541078 麻烦帮忙作废一下。 [Image:img_v3_0214v_d76f9d16-ce56-4ef1-b6ff-fd5b3aefbb0h] 异常单号:EB0126082832568597 @_user_1 这箱也帮忙作废下，也是异常登记错误，条码已导入，谢谢 @_user_1 EB0126082732541078此单已上架 EB0126082832568597 @_user_1 这个异常帮忙作废下~ 已作废 @_user_1 帮忙上架谢谢~ @_user_1 还是...,"[2026-08-27 22:13] Liu wenhong: @_user_1 
EB0126082732541078
麻烦帮忙作废一下。
[2026-08-27 22:14] Liu wenhong: [Image:img_v3_0214v_d76f9d16-ce56-4ef1-b6ff-fd5b3aefbb0h]
[2026-08-28 16:02] 徐丽红: 异常单号:EB0126082832568597 @_user_1 这箱也帮忙作废下，也是异常登记错误，条码已导入，谢谢
[2026-08-28 21:11] Liu wenhong: @_user_1 EB0126082732541078此单已上架
[2026-08-31 17:22] 徐丽红: EB0126082832568597
 @_user_1 这个异常帮忙作废下~
[2026-08-31 18:03] 魏佳欣: 已作废
[2026-08-31 18:05] 徐丽红: @_user_1 帮忙上架谢谢~
[2026-08-31 22:50] Liu wenhong: @_user_1 还是有一个单品码，没有关联上去。又被员工登记异常了..
[2026-08-31 22:51] Liu wenhong: [Image:img_v3_02153_89eb596b-3af5-4c3b-a8db-abb8a8ada18h]
[2026-08-31 22:52] Liu wenhong: @_user_1 我實話講，以後再這樣沒有關聯。請下非標吧……不可能每次救火，就讓我們倉庫免費幫客戶操作。我們也要人力成本的
[2026-08-31 22:53] Liu wenhong: @_user_1 EB0126083132661723
这是异常单号。
[2026-09-01 10:15] 徐丽红: 好 登记成：商品有条码但系统无法识别  就可以  客户这边关联后就可以提交增值处理
[2026-09-01 10:29] 徐丽红: EB0126082832569368=实物8810B30314152341异常登记为：68433
EB0126082832569278=实物8810B30314088131异常登记为：J7CH0798
EB0126082832568885=实物8811B30318691018异常登记为：30318149812@Liu wenhong 这三个异常是不是扫描登记错啦？SN码是入库前就导入了，但是异常登记的条码跟实物不符
[Image:img_v3_02154_e06bb142-1e49-49a5-8da9-43dcae9e77bg]
[2026-09-01 17:20] 徐丽红: EB0126083132661723
这个也是，登记的条码是522222，实际88831804609211988B都已导入系统了
[Image:img_v3_02154_1fef8e24-8498-4969-aa01-4732bdeccdfg]
[Image:img_v3_02154_574a6dab-0f16-40d7-b118-2ef31bf3899g]
[2026-09-01 23:06] Ding kun: @_user_1
[2026-09-01 23:32] Liu wenhong: @_user_1 麻烦你帮忙作废一下，这个异常单！EB0126083132661723
[2026-09-02 11:53] 徐丽红: EB0126082832569368=实物8810B30314152341异常登记为：68433
EB0126082832569278=实物8810B30314088131异常登记为：J7CH0798
EB0126082832568885=实物8811B30318691018异常登记为：30318149812@_user_1 @_user_2 这三个异常也是的，登记的条码不对
[2026-09-02 12:02] 魏佳欣: @_user_1 为啥实物与登记的sku不是同一个呀
[2026-09-02 20:47] Liu wenhong: @魏佳欣 @徐丽红 
[Image:img_v3_02155_25bf96c9-1231-4bb9-9038-91092e76442h]
应该 是复核的人！扫描的时候，PDA扫描错误了。员工有效率要求，他们快的同时容易出错。
[2026-09-03 10:06] 徐丽红: @_user_1 先作废安排上架，客户在催了哈，
EB0126082832569368
EB0126082832569278
EB0126082832568885
[2026-09-03 11:23] 魏佳欣: [Image:img_v3_02156_4028d827-e1fc-420d-a885-d28d2517f7bg]
@HelpDesk 现在这类需增值操作的异常作废不了吗？仓库登记错了
[2026-09-03 11:25] HelpDesk: @魏佳欣 小工具有提示的，这种不行
[Image:img_v3_02156_4f6b3dbd-fa83-46f7-a292-858c81cbefbg]
[2026-09-03 11:32] 魏佳欣: [Image:img_v3_02156_5fb95360-77ef-43a6-8bff-1a3d6550a43g]
@HelpDesk 那这种异常除了提OA改数还有其他方法终止吗？在这里点完成再线下退费呢？@徐丽红
[2026-09-03 11:34] 徐丽红: @_user_1 可以点已处理
[2026-09-03 17:36] 徐丽红: EB0126082832569368
EB0126082832569278
EB0126082832568885
@_user_1 
异常状态改成已处理可以吗？
[2026-09-03 18:24] 魏佳欣: [Image:img_v3_02156_fd0ace89-f2f6-4893-8834-44f30c96cbag]
@徐丽红 也不行
[2026-09-03 18:25] 魏佳欣: @_user_1 @_user_2 仓库登记错误的 增值类异常，不能通过小工具终止，也不能在wms作废关闭，只能走OA吗？
[2026-09-03 21:18] 丁童诗琦: @_user_1 不是，复合一部分有异常，一部分无异常，为啥 登记错误？？？
[2026-09-04 10:34] 徐丽红: @_user_1 关不了 要不先改数？
[2026-09-04 10:49] 魏佳欣: @_user_1 登记的条码不对
[2026-09-04 10:50] 魏佳欣: [Image:img_v3_02157_27dc140d-df79-4034-8911-c5de5c763a8g]
[Image:img_v3_02157_5030ce6e-8a80-4ef2-add6-6c009c1165dg]
EB0126082832569368  实物与登记的条码不是同一个
[2026-09-04 18:50] 徐丽红: @_user_1 改好了吗？
[2026-09-07 15:58] 徐丽红: @_user_1
[2026-09-07 16:45] 徐丽红: EB0126082832569368
EB0126082832569278
EB0126082832568885  @耿文文 这种仓库登记错误的，现在异常无法关闭，如果客户同意给新单上架的，增值能免费审核吗？
[Image:img_v3_0215a_1ba38950-9946-4e92-a926-88a13b6ebdcg]
[2026-09-07 16:56] 耿文文: 实际这批是有异常的吗？@_user_1
[2026-09-07 17:04] 徐丽红: EB0126082832569368=WI51658621
EB0126082832569278=WI51658621
EB0126082832568885=WI51658621
[Image:img_v3_0215a_bdbce757-e975-4805-855e-e25f55c2573g]
实际到仓当天都上架了
[Image:img_v3_0215a_a536b2be-5295-4848-99c7-10197009597g]
[2026-09-07 17:04] 徐丽红: EB0126082832568597=WI51657902@_user_1 这箱帮忙先上架，异常已作废
[2026-09-08 16:56] 徐丽红: EB0126082832569368
EB0126082832569278
EB0126082832568885@_user_1 这三个如何，可以关闭不？
[2026-09-08 17:47] 魏佳欣: 还没提OA
[2026-09-08 17:48] 徐丽红: 快提一个~客户一直再催
[2026-09-08 17:49] 魏佳欣: [Image:img_v3_0215b_12d93231-50a6-4bf2-8b52-5f269958bbdg]
@丁童诗琦 这种异常单只能提OA改数来关闭吗？
[2026-09-09 10:22] 丁童诗琦: @_user_1 他这个异常是全部有异常吗？一个都没有对？你提个 OA 吧",魏佳欣；徐丽红；Liu wenhong；HelpDesk；丁童诗琦；耿文文,耿文文,Liu wenhong；徐丽红；魏佳欣；Ding kun；HelpDesk；丁童诗琦；耿文文,om_x100b67c9b027c4b8de221127ab5d922,,增值；异常单；异常；EB；入库；上架；仓库；救火
657,发货仓入库&增值运营（救火）- IB&VAS,oc_5b8848d27b7b3fa4a10eab865c4f9ffc,2026-08-27,2026-08-27 15:29,2026-08-27 15:29,omt_19ea6f9424001ce6,未知/系统,非标增值,"增值单\n仓库：USTX Warehouse\n入库单号： VASC000000343146 -WO12199547487\n头程类型：无\n包裹条码：\nsku：\n救火原因：Winit线下尾程服务，客户想尽快出报价，对比收费，确认是否要发，谢谢""}], [{""tag"": ""button"", ""text"": ""确认受理"", ""type"": ""default""}, {""tag"": ""button"", ""text"": ""确认关闭"", ""type"": ""default""}], [{""tag"": ""hr""}], [{""tag"": ""text"", ""text"": ""来自 ""}, {""tag"": ""a"", ""href"": ""https://winitlink.feishu.cn/base/CBUkbTYbma2NAnsSzZ9cq7Qrnvc?ccm_open_type=im_card_automation_link"", ""text"": ""海外仓入库运营（救火）case管理表""}]]}","20136386美洋斯贸易有限公司\n救火类型：增值单\n仓库：USTX Warehouse\n入库单号： VASC000000343146 -WO12199547487\n头程类型：无\n包裹条码：\nsku：\n救火原因：Winit线下尾程服务，客户想尽快出报价，对比收费，确认是否要发，谢谢""}], [{""tag"": ""button"", ""text"": ""确认受理"", ""type"": ""default""}, {""tag"": ""button"", ""text"": ""确认关闭"", ""type"": ""default""}], [{""tag"": ""hr""}], [{""tag"": ""text"", ""text"": ""来自 ""}, {""tag"": ""a"", ""href"": ""https://winitlink.feishu.cn/base/CBUkbTYbma2NAnsSzZ9cq7Qrnvc?ccm_open_type=im_card_automation_link"", ""text"": ""海外仓入库运营（救火）case管理表""}]]}","USTX Warehouse\n入库单号： VASC000000343146 -WO12199547487\n头程类型：无\n包裹条码：\nsku：\n救火原因：Winit线下尾程服务，客户想尽快出报价，对比收费，确认是否要发，谢谢""}], [{""tag"": ""button"", ""text"": ""确认受理"", ""type"": ""default""}, {""tag"": ""button"", ""text"": ""确认关闭"", ""type"": ""default""}], [{""tag"": ""hr""}], [{""tag"": ""text"", ""text"": ""来自 ""}, {""tag"": ""a"", ""href"": ""https://winitlink.feishu.cn/base/CBUkbTYbma2NAnsSzZ9cq7Qrnvc?ccm_open_type=im_card_automation_link"", ""text"": ""海外仓入库运营（救火）case管理表""}]]}",VASC000000343146；WO12199547487,"{""title"": ""请关注入库救火case"", ""elements"": [[{""tag"": ""text"", ""text"": ""提交人：""}, {""tag"": ""at"", ""user_id"": ""@_user_1"", ""user_name"": ""钟晓环""}, {""tag"": ""text"", ""text"": ""\n仓库处理人：""}, {""tag"": ""at"", ""user_id"": ""@_user_2"", ""user_name"": ""Liang Jiaze""}, {""tag"": ""text"", ""text"": "",""...","[2026-08-27 15:29] 未知/系统: {""title"": ""请关注入库救火case"", ""elements"": [[{""tag"": ""text"", ""text"": ""提交人：""}, {""tag"": ""at"", ""user_id"": ""@_user_1"", ""user_name"": ""钟晓环""}, {""tag"": ""text"", ""text"": ""\n仓库处理人：""}, {""tag"": ""at"", ""user_id"": ""@_user_2"", ""user_name"": ""Liang Jiaze""}, {""tag"": ""text"", ""text"": "",""}, {""tag"": ""at"", ""user_id"": ""@_user_3"", ""user_name"": ""Cheng ChiaoHorn ""}, {""tag"": ""text"", ""text"": ""\n质控：""}, {""tag"": ""at"", ""user_id"": ""@_user_4"", ""user_name"": ""王鑫隆""}, {""tag"": ""text"", ""text"": "",""}, {""tag"": ""at"", ""user_id"": ""@_user_5"", ""user_name"": ""廖丹""}, {""tag"": ""text"", ""text"": ""\n客户：20136386美洋斯贸易有限公司\n救火类型：增值单\n仓库：USTX Warehouse\n入库单号： VASC000000343146 -WO12199547487\n头程类型：无\n包裹条码：\nsku：\n救火原因：Winit线下尾程服务，客户想尽快出报价，对比收费，确认是否要发，谢谢""}], [{""tag"": ""button"", ""text"": ""确认受理"", ""type"": ""default""}, {""tag"": ""button"", ""text"": ""确认关闭"", ""type"": ""default""}], [{""tag"": ""hr""}], [{""tag"": ""text"", ""text"": ""来自 ""}, {""tag"": ""a"", ""href"": ""https://winitlink.feishu.cn/base/CBUkbTYbma2NAnsSzZ9cq7Qrnvc?ccm_open_type=im_card_automation_link"", ""text"": ""海外仓入库运营（救火）case管理表""}]]}",钟晓环；Liang Jiaze；Cheng ChiaoHorn ；王鑫隆；廖丹,未知/系统,未知/系统,om_x100b67ca3b1dac50b4a8cb2b3f823af,,增值；VASC；入库；包裹条码；仓库；救火
666,发货仓入库&增值运营（救火）- IB&VAS,oc_5b8848d27b7b3fa4a10eab865c4f9ffc,2026-08-27,2026-08-27 18:21,2026-08-27 18:21,omt_19f58767654f5b92,未知/系统,入库/仓库异常,"时效内催上架\n仓库：UKTW Warehouse\n入库单号：WI50799481\n头程类型：自验-直发-海运整柜-40HQ\n\n包裹条码：B0400000001427298062\nB0400000001427298074\nB0400000001427298083\nB0400000001427298098\nB0400000001427298102\nB0400000001427298115\nB0400000001427298125\nB0400000001427298138\nB0400000001427298141\nB0400000001427298156\nsku：M010000000010478989\n救火原因：预约单Y0101763338，8月26号已送仓，目前仓库还未卸货\n其中1个sku已断货，麻烦卸柜后优先上架该sku""}], [{""tag"": ""button"", ""text"": ""确认受理"", ""type"": ""default""}, {""tag"": ""button"", ""text"": ""确认关闭"", ""type"": ""default""}], [{""tag"": ""hr""}], [{""tag"": ""text"", ""text"": ""来自 ""}, {""tag"": ""a"", ""href"": ""https://winitlink.feishu.cn/base/CBUkbTYbma2NAnsSzZ9cq7Qrnvc?ccm_open_type=im_card_automation_link"", ""text"": ""海外仓入库运营（救火）case管理表""}]]}；上架","1000275AIJIA TECHNOLOGY LIMITED\n救火类型：时效内催上架\n仓库：UKTW Warehouse\n入库单号：WI50799481\n头程类型：自验-直发-海运整柜-40HQ\n\n包裹条码：B0400000001427298062\nB0400000001427298074\nB0400000001427298083\nB0400000001427298098\nB0400000001427298102\nB0400000001427298115\nB0400000001427298125\nB0400000001427298138\nB0400000001427298141\nB0400000001427298156\nsku：M010000000010478989\n救火原因：预约单Y0101763338，8月26号已送仓，目前仓库还未卸货\n其中1个sku已断货，麻烦卸柜后优先上架该sku""}], [{""tag"": ""button"", ""text"": ""确认受理"", ""type"": ""default""}, {""tag"": ""button"", ""text"": ""确认关闭"", ""type"": ""default""}], [{""tag"": ""hr""}], [{""tag"": ""text"", ""text"": ""来自 ""}, {""tag"": ""a"", ""href"": ""https://winitlink.feishu.cn/base/CBUkbTYbma2NAnsSzZ9cq7Qrnvc?ccm_open_type=im_card_automation_link"", ""text"": ""海外仓入库运营（救火）case管理表""}]]}","UKTW Warehouse\n入库单号：WI50799481\n头程类型：自验-直发-海运整柜-40HQ\n\n包裹条码：B0400000001427298062\nB0400000001427298074\nB0400000001427298083\nB0400000001427298098\nB0400000001427298102\nB0400000001427298115\nB0400000001427298125\nB0400000001427298138\nB0400000001427298141\nB0400000001427298156\nsku：M010000000010478989\n救火原因：预约单Y0101763338，8月26号已送仓，目前仓库还未卸货\n其中1个sku已断货，麻烦卸柜后优先上架该sku""}], [{""tag"": ""button"", ""text"": ""确认受理"", ""type"": ""default""}, {""tag"": ""button"", ""text"": ""确认关闭"", ""type"": ""default""}], [{""tag"": ""hr""}], [{""tag"": ""text"", ""text"": ""来自 ""}, {""tag"": ""a"", ""href"": ""https://winitlink.feishu.cn/base/CBUkbTYbma2NAnsSzZ9cq7Qrnvc?ccm_open_type=im_card_automation_link"", ""text"": ""海外仓入库运营（救火）case管理表""}]]}",WI50799481；M010000000010478989；B0400000001427298062；B0400000001427298074；B0400000001427298083；B0400000001427298098；B0400000001427298102；B0400000001427298115；B0400000001427298125；B0400000001427298138；B0400000001427298141；B0400000001427298156,"{""title"": ""请关注入库救火case"", ""elements"": [[{""tag"": ""text"", ""text"": ""提交人：""}, {""tag"": ""at"", ""user_id"": ""@_user_1"", ""user_name"": ""陈志颖""}, {""tag"": ""text"", ""text"": ""\n仓库处理人：""}, {""tag"": ""at"", ""user_id"": ""@_user_2"", ""user_name"": ""王婉清""}, {""tag"": ""text"", ""text"": ""\n质控：""}, {...","[2026-08-27 18:21] 未知/系统: {""title"": ""请关注入库救火case"", ""elements"": [[{""tag"": ""text"", ""text"": ""提交人：""}, {""tag"": ""at"", ""user_id"": ""@_user_1"", ""user_name"": ""陈志颖""}, {""tag"": ""text"", ""text"": ""\n仓库处理人：""}, {""tag"": ""at"", ""user_id"": ""@_user_2"", ""user_name"": ""王婉清""}, {""tag"": ""text"", ""text"": ""\n质控：""}, {""tag"": ""at"", ""user_id"": ""@_user_3"", ""user_name"": ""罗澳""}, {""tag"": ""text"", ""text"": ""\n客户：1000275AIJIA TECHNOLOGY LIMITED\n救火类型：时效内催上架\n仓库：UKTW Warehouse\n入库单号：WI50799481\n头程类型：自验-直发-海运整柜-40HQ\n\n包裹条码：B0400000001427298062\nB0400000001427298074\nB0400000001427298083\nB0400000001427298098\nB0400000001427298102\nB0400000001427298115\nB0400000001427298125\nB0400000001427298138\nB0400000001427298141\nB0400000001427298156\nsku：M010000000010478989\n救火原因：预约单Y0101763338，8月26号已送仓，目前仓库还未卸货\n其中1个sku已断货，麻烦卸柜后优先上架该sku""}], [{""tag"": ""button"", ""text"": ""确认受理"", ""type"": ""default""}, {""tag"": ""button"", ""text"": ""确认关闭"", ""type"": ""default""}], [{""tag"": ""hr""}], [{""tag"": ""text"", ""text"": ""来自 ""}, {""tag"": ""a"", ""href"": ""https://winitlink.feishu.cn/base/CBUkbTYbma2NAnsSzZ9cq7Qrnvc?ccm_open_type=im_card_automation_link"", ""text"": ""海外仓入库运营（救火）case管理表""}]]}",陈志颖；王婉清；罗澳,未知/系统,未知/系统,om_x100b6634b429b8a4c3e57e22e28e5a5,,入库；上架；包裹条码；仓库；救火
673,发货仓入库&增值运营（救火）- IB&VAS,oc_5b8848d27b7b3fa4a10eab865c4f9ffc,2026-08-28,2026-08-28 11:51,2026-08-28 15:04,omt_19f5949fd04fdc8b,未知/系统,标准库内增值/入库异常,换标；上架,,,,关联了第三方条码也是有个增值可以下的，就是FBT那个关联第三方条码增值，不应该走线下关闭再上架吧。@赖敏 可不可以用这个增值？ [Image:img_v3_02150_7375019f-c9c4-42f3-992c-ad18b3c85e6h] 客户那边点处理异常，出来的增值选项里没有这一项，都是换标签，入库前自提啥的 这我就不清楚了，@_user_1 帮忙看看？ 啥意思 什么叫不是这个客户的呀，异常单是20261215 跟上面截图的增值单有什么关系呀，异常单号也对不上，客户ID也对不上 @_user_1 具体是什么...,"[2026-08-28 11:51] Christopher Deng: 关联了第三方条码也是有个增值可以下的，就是FBT那个关联第三方条码增值，不应该走线下关闭再上架吧。@赖敏 可不可以用这个增值？
[Image:img_v3_02150_7375019f-c9c4-42f3-992c-ad18b3c85e6h]
[2026-08-28 12:00] 刘明振: 客户那边点处理异常，出来的增值选项里没有这一项，都是换标签，入库前自提啥的
[2026-08-28 12:02] Christopher Deng: 这我就不清楚了，@_user_1 帮忙看看？
[2026-08-28 12:04] 赖敏: 啥意思 什么叫不是这个客户的呀，异常单是20261215
[2026-08-28 12:04] 赖敏: 跟上面截图的增值单有什么关系呀，异常单号也对不上，客户ID也对不上
[2026-08-28 12:05] 赖敏: @_user_1 具体是什么场景
[2026-08-28 12:06] 刘明振: 异常实际是这个客户的20261215 +北京微力量科技有限公司，就昨天你找我的那个
[2026-08-28 12:06] 刘明振: 提交救火的界面搜不到这个客户，我就随便编选了个其他客户
[2026-08-28 12:09] 赖敏: @_user_1 这么奇怪，那不能随便编一个客户的

你提交增值的时候，不是应该可以关联异常单的吗，你可以截个图不
[2026-08-28 12:13] 刘明振: [Image:img_v3_02150_5fa408b7-73e6-4a19-a44d-ea91516b288g]
这里搜不出来，我不选个其他客户，这个救火提交不上去。昨天我让客户关联完了第三方条码，我让客户截图增值单可选的内容，没有看到关联第三方条码之后的增值，所以问你咋通知仓库关联完了，看看能否上架了，你说开个救火沟通下。@赖敏
[2026-08-28 12:14] 赖敏: 噢噢 你是说救火随便编了个客户是吧
[2026-08-28 12:14] 刘明振: [Image:img_v3_02150_85af3d59-b0da-488c-ae0c-2c80a347bdbg]
[Image:img_v3_02150_cc1a38d1-ccee-495a-b913-ac408af1502g]
[Image:img_v3_02150_856398a8-56fe-4820-83b2-ecd2fcea55bg]
这是客户点处理异常，然后可选的增值项
[2026-08-28 12:15] 刘明振: @_user_1 是的，异常单号没瞎编，然后正确的客户名称编码也下边备注了
[2026-08-28 12:17] 赖敏: @_user_1 文文，这个你看下，客户一开始没有关联第三方条码，仓库扫描商品报错，登记了入库异常，客户现在已经关联好了三方条码，但是不知道下什么增值，你帮忙看下，应该要选哪个
[2026-08-28 13:38] 甘海燕: @_user_1 按原单，勾选增值是第三方的编码操作处理的
[2026-08-28 13:39] 甘海燕: [Image:img_v3_02150_2d11c757-532f-472c-8546-142322e25f8g]
[2026-08-28 13:44] 甘海燕: https://winitlink.feishu.cn/wiki/XWrKwztKKi7pYwkqXaycZAhknve?from=navigation 参考知识库链接
[2026-08-28 13:47] 刘明振: @_user_1 辛苦指导下客户
[2026-08-28 13:47] 刘明振: 我让她上线
[2026-08-28 13:49] 甘海燕: 按操作手册的万邑联界面操作截图给客户处理就可以了呀
[2026-08-28 14:23] 刘明振: 给他了，好像得开个什么权限
[2026-08-28 14:24] 甘海燕: 这是客服知识库，你直接截图万邑联的操作界面先给客户处理的@_user_1
[2026-08-28 14:58] 耿文文: [Image:img_v3_02150_9feb4fad-a880-4bd9-819e-7512105d110g]
@刘明振 下面这个就是呀
[2026-08-28 15:01] 刘明振: [Image:img_v3_02150_955b85a9-ec53-48d5-af15-c5e8fe1e73eg]
[2026-08-28 15:01] 刘明振: 提示这个报错
[2026-08-28 15:01] 刘明振: 是不是得开个权限
[2026-08-28 15:04] 甘海燕: [Image:img_v3_02150_c347483b-5487-4fc6-b479-d636c13c0f2g]
[2026-08-28 15:04] 甘海燕: 是选择原单，勾选增值：入库---第三方的商品条码关联，下载表格，填写上winit的商品编码
[2026-08-28 15:04] 甘海燕: @_user_1",赖敏；甘海燕；刘明振；耿文文,耿文文,Christopher Deng；刘明振；赖敏；甘海燕；耿文文,om_x100b66358ba2e8acb27b0c4792e5ae2,,增值；异常单；异常；EB；入库；换标；上架；商品条码；仓库；救火
680,发货仓入库&增值运营（救火）- IB&VAS,oc_5b8848d27b7b3fa4a10eab865c4f9ffc,2026-08-28,2026-08-28 10:21,2026-08-28 10:21,omt_19f57876934f1be3,未知/系统,标准库内增值/入库异常,"增值单\n仓库：USGA Warehouse\n入库单号： WI50531164\n头程类型：海运散货\n包裹条码：\nsku：\n救火原因：winit头程，运输异常也没有查验记录，帮忙协助调查为什么会出现14个A+包裹包装全部损坏，是不是因为商品纸箱内比较空底部货物压到裂开的~谢谢\n\nWI50531164 C030201000178660\n海运散货\n\nEB0126082832567583\nEB0126082832567577\nEB0126082732564415\nEB0126082732564406\nEB0126082732564304\nEB0126082732564286\nEB0126082732564271\nEB0126082732564259\nEB0126082732564163\nEB0126082732564151\nEB0126082732564136\nEB0126082732564124\nEB0126082732563644\nEB0126082732539998\nA+包裹质量异常""}], [{""tag"": ""button"", ""text"": ""确认受理"", ""type"": ""default""}, {""tag"": ""button"", ""text"": ""确认关闭"", ""type"": ""default""}], [{""tag"": ""hr""}], [{""tag"": ""text"", ""text"": ""来自 ""}, {""tag"": ""a"", ""href"": ""https://winitlink.feishu.cn/base/CBUkbTYbma2NAnsSzZ9cq7Qrnvc?ccm_open_type=im_card_automation_link"", ""text"": ""海外仓入库运营（救火）case管理表""}]]}；包装","10009582台州斯温汽车配件有限公司\n救火类型：增值单\n仓库：USGA Warehouse\n入库单号： WI50531164\n头程类型：海运散货\n包裹条码：\nsku：\n救火原因：winit头程，运输异常也没有查验记录，帮忙协助调查为什么会出现14个A+包裹包装全部损坏，是不是因为商品纸箱内比较空底部货物压到裂开的~谢谢\n\nWI50531164 C030201000178660\n海运散货\n\nEB0126082832567583\nEB0126082832567577\nEB0126082732564415\nEB0126082732564406\nEB0126082732564304\nEB0126082732564286\nEB0126082732564271\nEB0126082732564259\nEB0126082732564163\nEB0126082732564151\nEB0126082732564136\nEB0126082732564124\nEB0126082732563644\nEB0126082732539998\nA+包裹质量异常""}], [{""tag"": ""button"", ""text"": ""确认受理"", ""type"": ""default""}, {""tag"": ""button"", ""text"": ""确认关闭"", ""type"": ""default""}], [{""tag"": ""hr""}], [{""tag"": ""text"", ""text"": ""来自 ""}, {""tag"": ""a"", ""href"": ""https://winitlink.feishu.cn/base/CBUkbTYbma2NAnsSzZ9cq7Qrnvc?ccm_open_type=im_card_automation_link"", ""text"": ""海外仓入库运营（救火）case管理表""}]]}","USGA Warehouse\n入库单号： WI50531164\n头程类型：海运散货\n包裹条码：\nsku：\n救火原因：winit头程，运输异常也没有查验记录，帮忙协助调查为什么会出现14个A+包裹包装全部损坏，是不是因为商品纸箱内比较空底部货物压到裂开的~谢谢\n\nWI50531164 C030201000178660\n海运散货\n\nEB0126082832567583\nEB0126082832567577\nEB0126082732564415\nEB0126082732564406\nEB0126082732564304\nEB0126082732564286\nEB0126082732564271\nEB0126082732564259\nEB0126082732564163\nEB0126082732564151\nEB0126082732564136\nEB0126082732564124\nEB0126082732563644\nEB0126082732539998\nA+包裹质量异常""}], [{""tag"": ""button"", ""text"": ""确认受理"", ""type"": ""default""}, {""tag"": ""button"", ""text"": ""确认关闭"", ""type"": ""default""}], [{""tag"": ""hr""}], [{""tag"": ""text"", ""text"": ""来自 ""}, {""tag"": ""a"", ""href"": ""https://winitlink.feishu.cn/base/CBUkbTYbma2NAnsSzZ9cq7Qrnvc?ccm_open_type=im_card_automation_link"", ""text"": ""海外仓入库运营（救火）case管理表""}]]}",EB0126082832567583；EB0126082832567577；EB0126082732564415；EB0126082732564406；EB0126082732564304；EB0126082732564286；EB0126082732564271；EB0126082732564259；EB0126082732564163；EB0126082732564151；EB0126082732564136；EB0126082732564124；EB0126082732563644；EB0126082732539998；WI50531164；B0126082832567583；B0126082832567577；B0126082732564415；B0126082732564406；B0126082732564304；B0126082732564286；B0126082732564271；B0126082732564259；B0126082732564163；B0126082732564151；B0126082732564136；B0126082732564124；B0126082732563644；B0126082732539998,"{""title"": ""请关注入库救火case"", ""elements"": [[{""tag"": ""text"", ""text"": ""提交人：""}, {""tag"": ""at"", ""user_id"": ""@_user_1"", ""user_name"": ""郭锦萍""}, {""tag"": ""text"", ""text"": ""\n仓库处理人：""}, {""tag"": ""at"", ""user_id"": ""@_user_2"", ""user_name"": ""Boris Dong""}, {""tag"": ""text"", ""text"": "",""}...","[2026-08-28 10:21] 未知/系统: {""title"": ""请关注入库救火case"", ""elements"": [[{""tag"": ""text"", ""text"": ""提交人：""}, {""tag"": ""at"", ""user_id"": ""@_user_1"", ""user_name"": ""郭锦萍""}, {""tag"": ""text"", ""text"": ""\n仓库处理人：""}, {""tag"": ""at"", ""user_id"": ""@_user_2"", ""user_name"": ""Boris Dong""}, {""tag"": ""text"", ""text"": "",""}, {""tag"": ""at"", ""user_id"": ""@_user_3"", ""user_name"": ""Jianan Sun""}, {""tag"": ""text"", ""text"": ""\n质控：""}, {""tag"": ""at"", ""user_id"": ""@_user_4"", ""user_name"": ""王鑫隆""}, {""tag"": ""text"", ""text"": "",""}, {""tag"": ""at"", ""user_id"": ""@_user_5"", ""user_name"": ""廖丹""}, {""tag"": ""text"", ""text"": ""\n客户：10009582台州斯温汽车配件有限公司\n救火类型：增值单\n仓库：USGA Warehouse\n入库单号： WI50531164\n头程类型：海运散货\n包裹条码：\nsku：\n救火原因：winit头程，运输异常也没有查验记录，帮忙协助调查为什么会出现14个A+包裹包装全部损坏，是不是因为商品纸箱内比较空底部货物压到裂开的~谢谢\n\nWI50531164 C030201000178660\n海运散货\n\nEB0126082832567583\nEB0126082832567577\nEB0126082732564415\nEB0126082732564406\nEB0126082732564304\nEB0126082732564286\nEB0126082732564271\nEB0126082732564259\nEB0126082732564163\nEB0126082732564151\nEB0126082732564136\nEB0126082732564124\nEB0126082732563644\nEB0126082732539998\nA+包裹质量异常""}], [{""tag"": ""button"", ""text"": ""确认受理"", ""type"": ""default""}, {""tag"": ""button"", ""text"": ""确认关闭"", ""type"": ""default""}], [{""tag"": ""hr""}], [{""tag"": ""text"", ""text"": ""来自 ""}, {""tag"": ""a"", ""href"": ""https://winitlink.feishu.cn/base/CBUkbTYbma2NAnsSzZ9cq7Qrnvc?ccm_open_type=im_card_automation_link"", ""text"": ""海外仓入库运营（救火）case管理表""}]]}",郭锦萍；Boris Dong；Jianan Sun；王鑫隆；廖丹,未知/系统,未知/系统,om_x100b663b4536d8a0c4ff25faefe0e85,,增值；异常；EB；入库；包裹条码；仓库；救火
682,发货仓入库&增值运营（救火）- IB&VAS,oc_5b8848d27b7b3fa4a10eab865c4f9ffc,2026-08-28,2026-08-28 10:54,2026-08-28 10:54,omt_19f5709d474f1c86,未知/系统,入库/仓库异常,"其他\n仓库：USGA Warehouse\n入库单号：WI51020766\nWI50810070\n头程类型：自验-直发-海运整柜-40HQ\n包裹条码：\nsku：\n救火原因：这两个货物柜子已经到仓库，麻烦仓库确认一下能否加急卸柜，尽快通知提货，谢谢""}], [{""tag"": ""button"", ""text"": ""确认受理"", ""type"": ""default""}, {""tag"": ""button"", ""text"": ""确认关闭"", ""type"": ""default""}], [{""tag"": ""hr""}], [{""tag"": ""text"", ""text"": ""来自 ""}, {""tag"": ""a"", ""href"": ""https://winitlink.feishu.cn/base/CBUkbTYbma2NAnsSzZ9cq7Qrnvc?ccm_open_type=im_card_automation_link"", ""text"": ""海外仓入库运营（救火）case管理表""}]]}","20136386美洋斯贸易有限公司\n救火类型：其他\n仓库：USGA Warehouse\n入库单号：WI51020766\nWI50810070\n头程类型：自验-直发-海运整柜-40HQ\n包裹条码：\nsku：\n救火原因：这两个货物柜子已经到仓库，麻烦仓库确认一下能否加急卸柜，尽快通知提货，谢谢""}], [{""tag"": ""button"", ""text"": ""确认受理"", ""type"": ""default""}, {""tag"": ""button"", ""text"": ""确认关闭"", ""type"": ""default""}], [{""tag"": ""hr""}], [{""tag"": ""text"", ""text"": ""来自 ""}, {""tag"": ""a"", ""href"": ""https://winitlink.feishu.cn/base/CBUkbTYbma2NAnsSzZ9cq7Qrnvc?ccm_open_type=im_card_automation_link"", ""text"": ""海外仓入库运营（救火）case管理表""}]]}","USGA Warehouse\n入库单号：WI51020766\nWI50810070\n头程类型：自验-直发-海运整柜-40HQ\n包裹条码：\nsku：\n救火原因：这两个货物柜子已经到仓库，麻烦仓库确认一下能否加急卸柜，尽快通知提货，谢谢""}], [{""tag"": ""button"", ""text"": ""确认受理"", ""type"": ""default""}, {""tag"": ""button"", ""text"": ""确认关闭"", ""type"": ""default""}], [{""tag"": ""hr""}], [{""tag"": ""text"", ""text"": ""来自 ""}, {""tag"": ""a"", ""href"": ""https://winitlink.feishu.cn/base/CBUkbTYbma2NAnsSzZ9cq7Qrnvc?ccm_open_type=im_card_automation_link"", ""text"": ""海外仓入库运营（救火）case管理表""}]]}",WI51020766；WI50810070,"{""title"": ""请关注入库救火case"", ""elements"": [[{""tag"": ""text"", ""text"": ""提交人：""}, {""tag"": ""at"", ""user_id"": ""@_user_1"", ""user_name"": ""钟晓环""}, {""tag"": ""text"", ""text"": ""\n仓库处理人：""}, {""tag"": ""at"", ""user_id"": ""@_user_2"", ""user_name"": ""Boris Dong""}, {""tag"": ""text"", ""text"": "",""}...","[2026-08-28 10:54] 未知/系统: {""title"": ""请关注入库救火case"", ""elements"": [[{""tag"": ""text"", ""text"": ""提交人：""}, {""tag"": ""at"", ""user_id"": ""@_user_1"", ""user_name"": ""钟晓环""}, {""tag"": ""text"", ""text"": ""\n仓库处理人：""}, {""tag"": ""at"", ""user_id"": ""@_user_2"", ""user_name"": ""Boris Dong""}, {""tag"": ""text"", ""text"": "",""}, {""tag"": ""at"", ""user_id"": ""@_user_3"", ""user_name"": ""Jianan Sun""}, {""tag"": ""text"", ""text"": ""\n质控：""}, {""tag"": ""at"", ""user_id"": ""@_user_4"", ""user_name"": ""王鑫隆""}, {""tag"": ""text"", ""text"": "",""}, {""tag"": ""at"", ""user_id"": ""@_user_5"", ""user_name"": ""廖丹""}, {""tag"": ""text"", ""text"": ""\n客户：20136386美洋斯贸易有限公司\n救火类型：其他\n仓库：USGA Warehouse\n入库单号：WI51020766\nWI50810070\n头程类型：自验-直发-海运整柜-40HQ\n包裹条码：\nsku：\n救火原因：这两个货物柜子已经到仓库，麻烦仓库确认一下能否加急卸柜，尽快通知提货，谢谢""}], [{""tag"": ""button"", ""text"": ""确认受理"", ""type"": ""default""}, {""tag"": ""button"", ""text"": ""确认关闭"", ""type"": ""default""}], [{""tag"": ""hr""}], [{""tag"": ""text"", ""text"": ""来自 ""}, {""tag"": ""a"", ""href"": ""https://winitlink.feishu.cn/base/CBUkbTYbma2NAnsSzZ9cq7Qrnvc?ccm_open_type=im_card_automation_link"", ""text"": ""海外仓入库运营（救火）case管理表""}]]}",钟晓环；Boris Dong；Jianan Sun；王鑫隆；廖丹,未知/系统,未知/系统,om_x100b663bcb8b98a0b2a09731897256b,,入库；包裹条码；仓库；救火
690,发货仓入库&增值运营（救火）- IB&VAS,oc_5b8848d27b7b3fa4a10eab865c4f9ffc,2026-08-28,2026-08-28 12:12,2026-08-28 12:12,omt_19f48203994fdc9e,未知/系统,非标增值,"其他\n仓库：CATO Warehouse\n入库单号：VASC000000342267\n头程类型：增值\n包裹条码：\nsku：\n救火原因：增值图片，麻烦提供一下，谢谢""}], [{""tag"": ""button"", ""text"": ""确认受理"", ""type"": ""default""}, {""tag"": ""button"", ""text"": ""确认关闭"", ""type"": ""default""}], [{""tag"": ""hr""}], [{""tag"": ""text"", ""text"": ""来自 ""}, {""tag"": ""a"", ""href"": ""https://winitlink.feishu.cn/base/CBUkbTYbma2NAnsSzZ9cq7Qrnvc?ccm_open_type=im_card_automation_link"", ""text"": ""海外仓入库运营（救火）case管理表""}]]}","11177690广州德诺汽配有限公司\n救火类型：其他\n仓库：CATO Warehouse\n入库单号：VASC000000342267\n头程类型：增值\n包裹条码：\nsku：\n救火原因：增值图片，麻烦提供一下，谢谢""}], [{""tag"": ""button"", ""text"": ""确认受理"", ""type"": ""default""}, {""tag"": ""button"", ""text"": ""确认关闭"", ""type"": ""default""}], [{""tag"": ""hr""}], [{""tag"": ""text"", ""text"": ""来自 ""}, {""tag"": ""a"", ""href"": ""https://winitlink.feishu.cn/base/CBUkbTYbma2NAnsSzZ9cq7Qrnvc?ccm_open_type=im_card_automation_link"", ""text"": ""海外仓入库运营（救火）case管理表""}]]}","CATO Warehouse\n入库单号：VASC000000342267\n头程类型：增值\n包裹条码：\nsku：\n救火原因：增值图片，麻烦提供一下，谢谢""}], [{""tag"": ""button"", ""text"": ""确认受理"", ""type"": ""default""}, {""tag"": ""button"", ""text"": ""确认关闭"", ""type"": ""default""}], [{""tag"": ""hr""}], [{""tag"": ""text"", ""text"": ""来自 ""}, {""tag"": ""a"", ""href"": ""https://winitlink.feishu.cn/base/CBUkbTYbma2NAnsSzZ9cq7Qrnvc?ccm_open_type=im_card_automation_link"", ""text"": ""海外仓入库运营（救火）case管理表""}]]}",VASC000000342267,"{""title"": ""请关注入库救火case"", ""elements"": [[{""tag"": ""text"", ""text"": ""提交人：""}, {""tag"": ""at"", ""user_id"": ""@_user_1"", ""user_name"": ""吴杰""}, {""tag"": ""text"", ""text"": ""\n仓库处理人：""}, {""tag"": ""at"", ""user_id"": ""@_user_2"", ""user_name"": ""魏佳欣""}, {""tag"": ""text"", ""text"": ""\n质控：""}, {""...","[2026-08-28 12:12] 未知/系统: {""title"": ""请关注入库救火case"", ""elements"": [[{""tag"": ""text"", ""text"": ""提交人：""}, {""tag"": ""at"", ""user_id"": ""@_user_1"", ""user_name"": ""吴杰""}, {""tag"": ""text"", ""text"": ""\n仓库处理人：""}, {""tag"": ""at"", ""user_id"": ""@_user_2"", ""user_name"": ""魏佳欣""}, {""tag"": ""text"", ""text"": ""\n质控：""}, {""tag"": ""at"", ""user_id"": ""@_user_3"", ""user_name"": ""魏佳欣""}, {""tag"": ""text"", ""text"": ""\n客户：11177690广州德诺汽配有限公司\n救火类型：其他\n仓库：CATO Warehouse\n入库单号：VASC000000342267\n头程类型：增值\n包裹条码：\nsku：\n救火原因：增值图片，麻烦提供一下，谢谢""}], [{""tag"": ""button"", ""text"": ""确认受理"", ""type"": ""default""}, {""tag"": ""button"", ""text"": ""确认关闭"", ""type"": ""default""}], [{""tag"": ""hr""}], [{""tag"": ""text"", ""text"": ""来自 ""}, {""tag"": ""a"", ""href"": ""https://winitlink.feishu.cn/base/CBUkbTYbma2NAnsSzZ9cq7Qrnvc?ccm_open_type=im_card_automation_link"", ""text"": ""海外仓入库运营（救火）case管理表""}]]}",吴杰；魏佳欣,未知/系统,未知/系统,om_x100b6624e26678acb326d67e96436c9,,增值；VASC；入库；包裹条码；仓库；救火
694,发货仓入库&增值运营（救火）- IB&VAS,oc_5b8848d27b7b3fa4a10eab865c4f9ffc,2026-08-28,2026-08-28 14:11,2026-09-04 00:51,omt_19f4ae9e968f1a78,未知/系统,非标增值,上架；包装,,,VASC000000347163；EB0426082832568558；WI52253075；M010000000010153172；B0426082832568558,"[Image:img_v3_02150_ba606648-2222-434d-bc51-6147dce201fg] 6件这个标签能否补拍一下，谢谢 @_user_1,@_user_2 请上班以后协助处理一下 @_user_1 麻烦叮嘱一下仓库，异常开始收临时仓储费了 库内责任 但是检查了内部没有坏，就外包装坏了 @Cindy Morales Can you help you to take pictures of this label for each box EB0426082832568558 [Image:i...","[2026-08-28 14:11] 钟晓环: [Image:img_v3_02150_ba606648-2222-434d-bc51-6147dce201fg]
6件这个标签能否补拍一下，谢谢
[2026-08-31 10:30] 钟晓环: @_user_1,@_user_2
[2026-08-31 10:30] 钟晓环: 请上班以后协助处理一下
[2026-08-31 12:12] 钟晓环: @_user_1 麻烦叮嘱一下仓库，异常开始收临时仓储费了
[2026-09-01 00:31] Jianan Sun: 库内责任
[2026-09-01 00:31] Jianan Sun: 但是检查了内部没有坏，就外包装坏了
[2026-09-01 00:32] Jianan Sun: @Cindy  Morales Can you help you to take pictures of this label for each box EB0426082832568558
[Image:img_v3_02154_01b5a579-c704-43ed-aeaf-044fd38f50fh]
[2026-09-01 00:40] Cindy  Morales: [Image:img_v3_02154_0531c4b5-dc7e-4f5c-ade9-b1cf1c9431ix]
[2026-09-01 00:40] Cindy  Morales: [Image:img_v3_02154_6b44852c-2032-4e81-b8ed-0f98399d99ix]
[2026-09-01 00:40] Cindy  Morales: [Image:img_v3_02154_e80e2836-2c8e-43ca-a2de-d347c7bf4eix]
[2026-09-01 00:40] Cindy  Morales: [Image:img_v3_02154_bc0e3423-f623-4ffb-b822-284d682ecaix]
[2026-09-01 00:40] Cindy  Morales: [Image:img_v3_02154_1988c396-1fbe-4504-92c0-673bfb11a7ix]
[2026-09-01 00:40] Cindy  Morales: [Image:img_v3_02154_4befd8c3-a22b-48fe-83be-75159e698eix]
[2026-09-01 11:44] 钟晓环: EB0426082832568558 -VASC000000347163
@_user_1 不收费，请报价，库内导致6件破损
[2026-09-01 16:15] 耿文文: @_user_1 已审核
[2026-09-02 03:54] Jianan Sun: @_user_1 VASC000000347163这个增值需要下一个6件M010000000010153172的新入库单，才能重新上架
[2026-09-02 03:54] Jianan Sun: 下好入库单直接发给我
[2026-09-02 10:38] 钟晓环: @_user_1 收到
[2026-09-02 11:24] 钟晓环: @_user_1 WI52253075 查收
[2026-09-02 11:55] 钟晓环: <p>@_user_1 这个是库内异常来的，为什么要重新入库？我不是很理解，这个啥原因</p><p>@_user_2 WI52253075  这个重新上架会产生6.6usd费用，能退么</p>
[2026-09-02 11:55] 钟晓环: [Image:img_v3_02155_caa476f7-25ff-4d2f-a96d-6301f9c471eg]
[2026-09-02 11:57] 钟晓环: [Image:img_v3_02155_99e44045-a619-436c-b1f8-2235e6be0ebg]
@廖丹 为什么这个破损6件，属于库内异常来源，我理解是上架完了后破损的。
为什么提交了增值操作加固包装，要重新再次扫描上架呢？还需要提供入库单，我理解入库单是在入库环节出现的问题，才用的到。
[2026-09-02 12:04] Jianan Sun: 因为下的是非标增值，我不确定能不能这样做完直接返回库存，因为如果直接下的是库内增值就可以直接移回库内
[2026-09-02 12:05] Jianan Sun: 因为我记忆中非标增值处理之后要返回库存的都是下新单入库的
[2026-09-02 12:17] 钟晓环: @_user_1 其他仓库内的破损，直接打包就返架了，不需要通过入库单
[2026-09-02 12:17] 钟晓环: @_user_1 只有入库环节破损的，才需要，你在确认一下
[2026-09-02 12:19] Jianan Sun: 可是为啥一开始不下库内增值呢？ 下库内增值然后申请退费不就行吗
[2026-09-02 12:19] Jianan Sun: 非标增值是属于线下增值的呀
[2026-09-02 12:20] 钟晓环: @_user_1 库内标准增值会直接扣费，处理这种异常历史都是库内非标处理，不扣费
因为破损来源是库内导致
[2026-09-02 12:21] Jianan Sun: 我明天试一下吧 要是卡住再说
[2026-09-03 11:12] 钟晓环: @_user_1 请问解决了吗？
[2026-09-03 11:13] 钟晓环: VASC000000347163 我查看一下增值单已完成状态，入库单WI52253075未使用，所以这个入库单可以作废掉了是吗？
[2026-09-04 00:51] Jianan Sun: @_user_1 可以作废",Boris Dong；Jianan Sun；廖丹；Cindy  Morales；许晓妍；钟晓环,许晓妍,钟晓环；Jianan Sun；Cindy  Morales；耿文文,om_x100b66262bb684a0dd498494892720b,,非标；增值；VASC；异常；EB；入库；库内；上架；仓库；库内增值
701,发货仓入库&增值运营（救火）- IB&VAS,oc_5b8848d27b7b3fa4a10eab865c4f9ffc,2026-08-29,2026-08-29 07:52,2026-09-09 12:28,omt_19f4cfccb64f1bae,未知/系统,非标增值,拍照；上架；更换包装；包装,,,VASC000000345819；VASC000000348909；VASC000000358551；EB0526082632495220；EB0426090932903451；M010000000005157754；B0526082632495220；B0426090932903451,[Image:img_v3_02151_780571aa-0e64-41e3-b6e4-86bca43e963h] 4件 @_user_1 收到，确认是库内导致破损吧~ VASC000000345819 库内非标增值（特批） @_user_1 库内导致单品外箱破损，需要仓库用winit新纸箱重新将4件产品合并打包后重新上架。 麻烦审核增值不收费，谢谢 @_user_1 VASC000000345819已审批，请让客户确认 @_user_1 已确认报价，@_user_2 上班后处理一下，谢谢 @Christopher...,"[2026-08-29 07:52] Christopher Deng: [Image:img_v3_02151_780571aa-0e64-41e3-b6e4-86bca43e963h]
[2026-08-29 07:52] Christopher Deng: 4件
[2026-08-31 10:25] 钟晓环: @_user_1 收到，确认是库内导致破损吧~
[2026-08-31 13:43] 钟晓环: VASC000000345819 库内非标增值（特批）
@_user_1   库内导致单品外箱破损，需要仓库用winit新纸箱重新将4件产品合并打包后重新上架。
麻烦审核增值不收费，谢谢
[2026-08-31 15:55] 许晓妍: @_user_1 VASC000000345819已审批，请让客户确认
[2026-08-31 16:20] 钟晓环: @_user_1 已确认报价，@_user_2 上班后处理一下，谢谢
[2026-09-02 16:50] 钟晓环: @Christopher Deng EB0526082632495220 -VASC000000345819
[Image:img_v3_02155_216a6215-375c-4aca-ab97-1e2192a65b1g]
[Image:img_v3_02155_b44c58ce-1c39-43d2-9e01-f13850ac092g]
[2026-09-02 16:50] 钟晓环: @_user_1 这个仓库同事把我好不容易提交的增值给退回了，你拍照是4个配件，他说只有3件
[2026-09-02 16:51] 钟晓环: 数量不符合，给我退了，能否协助一下，？
[2026-09-02 16:54] 钟晓环: VASC000000348909   @_user_1 重新审核，谢谢~
[2026-09-03 04:51] Christopher Deng: <p>就是我退回的。信息流就3件，增值让上4件。</p>
[2026-09-03 04:51] Christopher Deng: <p>这少的1件怎么搞？</p>
[2026-09-03 04:51] Christopher Deng: 商品是S码，现在是裸货，S码也没有
[2026-09-03 04:51] Christopher Deng: 这没法做啊
[2026-09-03 04:52] Christopher Deng: @_user_1
[2026-09-03 10:30] 钟晓环: @Christopher Deng 
[Image:img_v3_02156_9cf5768f-2079-4e7c-8fe0-a2d1250473ag]
[2026-09-03 10:31] 钟晓环: @_user_1 怎么回事呀，你前天反馈的不是4个吗？库内丢失1件？
[2026-09-03 10:42] Christopher Deng: 不是，实物有四件，信息流是三件
[2026-09-03 10:42] Christopher Deng: 我动信息流只能动3件
[2026-09-03 10:44] 钟晓环: @_user_1 那你们作废异常单，线下直接重新打包货物可以了，不走系统？
[2026-09-03 10:44] 钟晓环: @_user_1麻烦看一下这个怎么处理，
[2026-09-03 10:59] 赖敏: @钟晓环 增值单已退回
@Christopher Deng 异常单你关掉重新登记吧，库内异常单只能点这里关闭
[Image:img_v3_02156_274da358-0c4a-4bba-bece-2e968dcf556g]
[2026-09-03 11:00] Christopher Deng: 我重新登记什么
[2026-09-03 11:00] Christopher Deng: 你先别关啊。。
[2026-09-03 11:02] 钟晓环: @Christopher Deng 客户是4套的货物，上为1psc
[Image:img_v3_02156_bfd5f81d-a7ab-47e5-bda7-d414bb3a115g]
[2026-09-03 11:05] Christopher Deng: 所以信息流有三件啊，我说了啊
[2026-09-03 11:05] Christopher Deng: 但实物是4件
[2026-09-03 11:05] 钟晓环: @_user_1 所以作废异常单，重新登记
[2026-09-03 11:05] Christopher Deng: 登记成什么？
[2026-09-03 11:05] Christopher Deng: 现在这个库位上就是3件
[2026-09-03 11:05] Christopher Deng: 他变不成4件
[2026-09-03 11:06] 钟晓环: @_user_1
[2026-09-03 11:06] 钟晓环: 请协助看一下，啥意思
[2026-09-03 11:48] 赖敏: @_user_1异常单没关，你的意思是异常库位上信息流就是3件？实物有4件，那重新登记异常，不能登记成4件异常么
[2026-09-03 11:58] Christopher Deng: @_user_1 库位上有几件，登记库内异常就会有几件。我没办法登记成凭空多出来啊。
[2026-09-03 12:06] 赖敏: [Image:img_v3_02156_4fb067f2-7295-427d-8cb1-e36b0671019g]
[2026-09-03 12:06] 赖敏: 那这四件都在库位上吗
[2026-09-03 12:16] Christopher Deng: 还在啊，在ETA库位上
[2026-09-03 14:18] 赖敏: @_user_1 好的，就是说现在库位上实物是有4件对不对，现已登记的异常EB0526082632495220信息流只有3件，所以说，能否关闭掉这个EB单，重新登记成4件的异常呢？

你的卡点是，这个ETA-011库位上，信息流只有3件，就算是关掉原EB单，重新登记，也只能登记成3件？这个@_user_2 能帮忙确认下不，仓库能否重新登记成4件异常呢
[2026-09-03 14:22] 钟晓环: @_user_1 不要登记四件异常，客户是4套为1psc
[2026-09-03 14:22] 钟晓环: 现在是库内的外箱包装不见了~
[2026-09-03 14:24] Christopher Deng: 那所以上架应该也是上架1件对吗？
[2026-09-03 14:24] 赖敏: 就是上面拍的这4件是一套是吧，那原本登记的3件也有问题
[2026-09-03 14:28] 钟晓环: <p>这次异常作废以后，能否直接线下处理，不要在登记了，要提交增值关联真的好麻烦，然后再来一次，客户都要提交第3次增值了，又要麻烦客户，客户已经没有耐心了，本来就不是客户的问题</p>
[2026-09-03 14:29] 钟晓环: @_user_1 @_user_2
[2026-09-04 10:48] 钟晓环: @_user_1 @_user_2 请问解决了没有？
[2026-09-04 10:49] 钟晓环: 客户这边要投诉了，请加急处理一下，这件事情，耽误很久了，
[2026-09-04 10:49] 钟晓环: <p>就一件货物问题，能否给个准话</p>
[2026-09-04 11:52] 赖敏: @_user_1 哥，这个能重新登记吗，不能重新登记的卡点是啥
[2026-09-04 11:52] 赖敏: [流泪]
[2026-09-04 11:53] Christopher Deng: 信息流是3件
[2026-09-04 11:53] Christopher Deng: 我现在要登记成一件
[2026-09-04 11:53] Christopher Deng: 商品还是s码
[2026-09-04 12:03] 钟晓环: @_user_1 麻烦看一下
[2026-09-04 14:15] 赖敏: @_user_1
[2026-09-04 14:16] 赖敏: 鑫隆哥帮忙解救下
[2026-09-04 14:49] 赖敏: @_user_1 可以作废原EB单，然后把ETA-011库位上的信息流从3盘亏至1，因为这个库位上的实物就是1套sku，盘亏完之后再重新登记异常单，客户下增值处理
@_user_2 现在是只需要加纸箱吗，还是说有别的需要要做
[2026-09-04 14:59] 钟晓环: @_user_1 无特别要求，加纸箱4套装一起就可以了，是为1psc
[2026-09-04 15:00] 钟晓环: 能否@_user_1 不登记异常了，客户不愿意配合了
[2026-09-04 15:11] 赖敏: @_user_1 还得补贴条码吧，不止是装箱欸，不下增值怕搞错
[2026-09-04 15:13] 钟晓环: M010000000005157754
[Image:img_v3_02157_5afcabc7-b0bd-4a4c-81c4-452f80dc5ecg]
[2026-09-04 15:13] 钟晓环: 几点创建异常单给我
[2026-09-05 05:00] Christopher Deng: @_user_1 冻结了盘亏不了
[2026-09-05 05:00] Christopher Deng: [Image:img_v3_02158_f866bf64-71e7-4c2f-974a-ca8113cf297h]
[2026-09-07 10:31] 钟晓环: @_user_1 @_user_2 请协助 今天必须关闭
[2026-09-07 11:21] 赖敏: @Christopher Deng 已解冻，辛苦上班后盘亏重新登记异常
[Image:img_v3_0215a_ad2389e0-ed05-4be6-95ef-70df18d504eg]
[2026-09-08 10:03] 钟晓环: <p>@_user_1 M010000000005157754 麻烦记得处理这件商品，谢谢</p>
[2026-09-09 10:27] Christopher Deng: 重新登记了
[2026-09-09 10:28] Christopher Deng: EB0426090932903451
[2026-09-09 10:36] 钟晓环: EB0426090932903451 -VASC000000358551  库内非标增值（特批）
@_user_1  请加急审核增值，库内导致商品破损，免费处理更换包装后返架。

注意：4个配件上为1PSC @_user_2
[2026-09-09 12:28] 何静: @_user_1 已审核",Christopher Deng；许晓妍；钟晓环；赖敏；HelpDesk；王鑫隆；何静,许晓妍,Christopher Deng；钟晓环；许晓妍；赖敏；何静,om_x100b66203e9488a0c02d93de75d3a2c,,非标；增值；VASC；异常单；异常；EB；库内；补贴；上架；拍照；仓库
706,发货仓入库&增值运营（救火）- IB&VAS,oc_5b8848d27b7b3fa4a10eab865c4f9ffc,2026-08-28,2026-08-28 17:48,2026-08-28 17:48,omt_19f4d1adbbce5b9d,未知/系统,入库/仓库异常,"整单确认到仓\n仓库：DENW3 Warehouse\n入库单号：WI52155840\n头程类型：自验-直发-国际快递\n包裹条码：\nsku：\n救火原因：送仓快递单号：1Z8V67E9DA63182904，系统显示8,26已有卸货记录，请尽快安排上架，上架后客户会尽快推单，谢谢""}], [{""tag"": ""img"", ""image_key"": ""img_v3_02150_ddefbf67-26bb-4d15-8f7f-b309562197dg""}], [{""tag"": ""button"", ""text"": ""确认受理"", ""type"": ""default""}, {""tag"": ""button"", ""text"": ""确认关闭"", ""type"": ""default""}], [{""tag"": ""hr""}], [{""tag"": ""text"", ""text"": ""来自 ""}, {""tag"": ""a"", ""href"": ""https://winitlink.feishu.cn/base/CBUkbTYbma2NAnsSzZ9cq7Qrnvc?ccm_open_type=im_card_automation_link"", ""text"": ""海外仓入库运营（救火）case管理表""}]]}；上架","16758605Anker Technology (UK) Ltd.-3\n救火类型：整单确认到仓\n仓库：DENW3 Warehouse\n入库单号：WI52155840\n头程类型：自验-直发-国际快递\n包裹条码：\nsku：\n救火原因：送仓快递单号：1Z8V67E9DA63182904，系统显示8,26已有卸货记录，请尽快安排上架，上架后客户会尽快推单，谢谢""}], [{""tag"": ""img"", ""image_key"": ""img_v3_02150_ddefbf67-26bb-4d15-8f7f-b309562197dg""}], [{""tag"": ""button"", ""text"": ""确认受理"", ""type"": ""default""}, {""tag"": ""button"", ""text"": ""确认关闭"", ""type"": ""default""}], [{""tag"": ""hr""}], [{""tag"": ""text"", ""text"": ""来自 ""}, {""tag"": ""a"", ""href"": ""https://winitlink.feishu.cn/base/CBUkbTYbma2NAnsSzZ9cq7Qrnvc?ccm_open_type=im_card_automation_link"", ""text"": ""海外仓入库运营（救火）case管理表""}]]}","DENW3 Warehouse\n入库单号：WI52155840\n头程类型：自验-直发-国际快递\n包裹条码：\nsku：\n救火原因：送仓快递单号：1Z8V67E9DA63182904，系统显示8,26已有卸货记录，请尽快安排上架，上架后客户会尽快推单，谢谢""}], [{""tag"": ""img"", ""image_key"": ""img_v3_02150_ddefbf67-26bb-4d15-8f7f-b309562197dg""}], [{""tag"": ""button"", ""text"": ""确认受理"", ""type"": ""default""}, {""tag"": ""button"", ""text"": ""确认关闭"", ""type"": ""default""}], [{""tag"": ""hr""}], [{""tag"": ""text"", ""text"": ""来自 ""}, {""tag"": ""a"", ""href"": ""https://winitlink.feishu.cn/base/CBUkbTYbma2NAnsSzZ9cq7Qrnvc?ccm_open_type=im_card_automation_link"", ""text"": ""海外仓入库运营（救火）case管理表""}]]}",WI52155840,"{""title"": ""请关注入库救火case"", ""elements"": [[{""tag"": ""text"", ""text"": ""提交人：""}, {""tag"": ""at"", ""user_id"": ""@_user_1"", ""user_name"": ""徐丽红""}, {""tag"": ""text"", ""text"": ""\n仓库处理人：""}, {""tag"": ""at"", ""user_id"": ""@_user_2"", ""user_name"": ""Mohamad Kazan ""}, {""tag"": ""text"", ""text"": ...","[2026-08-28 17:48] 未知/系统: {""title"": ""请关注入库救火case"", ""elements"": [[{""tag"": ""text"", ""text"": ""提交人：""}, {""tag"": ""at"", ""user_id"": ""@_user_1"", ""user_name"": ""徐丽红""}, {""tag"": ""text"", ""text"": ""\n仓库处理人：""}, {""tag"": ""at"", ""user_id"": ""@_user_2"", ""user_name"": ""Mohamad Kazan ""}, {""tag"": ""text"", ""text"": ""\n质控：""}, {""tag"": ""at"", ""user_id"": ""@_user_3"", ""user_name"": ""林佳志""}, {""tag"": ""text"", ""text"": ""\n客户：16758605Anker Technology (UK) Ltd.-3\n救火类型：整单确认到仓\n仓库：DENW3 Warehouse\n入库单号：WI52155840\n头程类型：自验-直发-国际快递\n包裹条码：\nsku：\n救火原因：送仓快递单号：1Z8V67E9DA63182904，系统显示8,26已有卸货记录，请尽快安排上架，上架后客户会尽快推单，谢谢""}], [{""tag"": ""img"", ""image_key"": ""img_v3_02150_ddefbf67-26bb-4d15-8f7f-b309562197dg""}], [{""tag"": ""button"", ""text"": ""确认受理"", ""type"": ""default""}, {""tag"": ""button"", ""text"": ""确认关闭"", ""type"": ""default""}], [{""tag"": ""hr""}], [{""tag"": ""text"", ""text"": ""来自 ""}, {""tag"": ""a"", ""href"": ""https://winitlink.feishu.cn/base/CBUkbTYbma2NAnsSzZ9cq7Qrnvc?ccm_open_type=im_card_automation_link"", ""text"": ""海外仓入库运营（救火）case管理表""}]]}",徐丽红；Mohamad Kazan ；林佳志,未知/系统,未知/系统,om_x100b6621d88450b4c3168409aa23d2c,,入库；上架；包裹条码；仓库；救火
714,发货仓入库&增值运营（救火）- IB&VAS,oc_5b8848d27b7b3fa4a10eab865c4f9ffc,2026-08-31,2026-08-31 19:18,2026-09-01 20:40,omt_19f7dff106ce5a4e,未知/系统,入库/仓库异常,未明确,,,EB0126082632522076；EB0126082632521140；WI49708084；B0126082632522076；B0126082632521140,"@_user_1帮忙看看，谢谢 [Image:img_v3_02154_ccf14300-7244-4a26-b011-cdb63674ab1h] [Image:img_v3_02154_471b1e70-4a30-4f93-9c18-79e2eafc9deh] The system automatically gave us an exception, indicating that the order is abnormal. [Image:img_v3_02154_0d58bb0d-b8bc-4577-b24...","[2026-08-31 19:18] 刘佳: @_user_1帮忙看看，谢谢
[2026-09-01 14:40] Vesislava Yovkova: [Image:img_v3_02154_ccf14300-7244-4a26-b011-cdb63674ab1h]
[Image:img_v3_02154_471b1e70-4a30-4f93-9c18-79e2eafc9deh]
The system automatically gave us an exception, indicating that the order is abnormal.
[2026-09-01 20:14] 刘佳: [Image:img_v3_02154_0d58bb0d-b8bc-4577-b245-14b6e983c88g]
[Image:img_v3_02154_e8209609-5f60-4edd-b8f3-2d4137efbb8g]
@林佳志 @Vesislava Yovkova WI49708084是不是因为这个单是28号提交，异常是26号登记的，因订单之前超时被系统回退草稿单，导致提交时间晚了两天；麻烦再确认能否重新扫描重试处理，谢谢
[2026-09-01 20:23] 林佳志: @_user_1 EB0126082632522076——X002BHVTKD
EB0126082632521140——X0023JE4LP   这两个异常是怎么回事？客户反馈第三方条码已经关联好了，为什么仓库无法识别。仓库再次重试是显示报错：020203260459
[2026-09-01 20:23] 未知/系统: {""title"": null, ""elements"": [[{""tag"": ""img"", ""image_key"": ""img_v3_02ad_e19fca1f-912a-450e-95de-3c229091b53g""}, {""tag"": ""text"", ""text"": ""请升级至最新版本客户端，以查看内容""}, {""tag"": ""text"", ""text"": """"}]]}
[2026-09-01 20:40] Vesislava Yovkova: @_user_1 We can try, but we need VAS for that.",Vesislava Yovkova；林佳志；WMS助手Bot；刘佳,未知/系统,刘佳；Vesislava Yovkova；林佳志；未知/系统,om_x100b66113d4f80b4de2731d71af6ae0,,异常；EB；仓库
718,发货仓入库&增值运营（救火）- IB&VAS,oc_5b8848d27b7b3fa4a10eab865c4f9ffc,2026-08-31,2026-08-31 09:53,2026-08-31 09:53,omt_19f15679398e1b9e,未知/系统,非标增值,"异常单\n仓库：USWC2 Warehouse\n入库单号：EB0126082632518359\n头程类型：异常单\n包裹条码：\nsku：\n救火原因：EB0126082632518359--客户已经提交增值 VASC000000345201   无主货找回\n麻烦尽快处理哈~谢谢""}], [{""tag"": ""button"", ""text"": ""确认受理"", ""type"": ""default""}, {""tag"": ""button"", ""text"": ""确认关闭"", ""type"": ""default""}], [{""tag"": ""hr""}], [{""tag"": ""text"", ""text"": ""来自 ""}, {""tag"": ""a"", ""href"": ""https://winitlink.feishu.cn/base/CBUkbTYbma2NAnsSzZ9cq7Qrnvc?ccm_open_type=im_card_automation_link"", ""text"": ""海外仓入库运营（救火）case管理表""}]]}","17688125香港小智时代实业有限公司\n救火类型：异常单\n仓库：USWC2 Warehouse\n入库单号：EB0126082632518359\n头程类型：异常单\n包裹条码：\nsku：\n救火原因：EB0126082632518359--客户已经提交增值 VASC000000345201   无主货找回\n麻烦尽快处理哈~谢谢""}], [{""tag"": ""button"", ""text"": ""确认受理"", ""type"": ""default""}, {""tag"": ""button"", ""text"": ""确认关闭"", ""type"": ""default""}], [{""tag"": ""hr""}], [{""tag"": ""text"", ""text"": ""来自 ""}, {""tag"": ""a"", ""href"": ""https://winitlink.feishu.cn/base/CBUkbTYbma2NAnsSzZ9cq7Qrnvc?ccm_open_type=im_card_automation_link"", ""text"": ""海外仓入库运营（救火）case管理表""}]]}","USWC2 Warehouse\n入库单号：EB0126082632518359\n头程类型：异常单\n包裹条码：\nsku：\n救火原因：EB0126082632518359--客户已经提交增值 VASC000000345201   无主货找回\n麻烦尽快处理哈~谢谢""}], [{""tag"": ""button"", ""text"": ""确认受理"", ""type"": ""default""}, {""tag"": ""button"", ""text"": ""确认关闭"", ""type"": ""default""}], [{""tag"": ""hr""}], [{""tag"": ""text"", ""text"": ""来自 ""}, {""tag"": ""a"", ""href"": ""https://winitlink.feishu.cn/base/CBUkbTYbma2NAnsSzZ9cq7Qrnvc?ccm_open_type=im_card_automation_link"", ""text"": ""海外仓入库运营（救火）case管理表""}]]}",VASC000000345201；EB0126082632518359；B0126082632518359,"{""title"": ""请关注入库救火case"", ""elements"": [[{""tag"": ""text"", ""text"": ""提交人：""}, {""tag"": ""at"", ""user_id"": ""@_user_1"", ""user_name"": ""吴洁玲""}, {""tag"": ""text"", ""text"": ""\n仓库处理人：""}, {""tag"": ""at"", ""user_id"": ""@_user_2"", ""user_name"": ""Ann Yang""}, {""tag"": ""text"", ""text"": "",""}, ...","[2026-08-31 09:53] 未知/系统: {""title"": ""请关注入库救火case"", ""elements"": [[{""tag"": ""text"", ""text"": ""提交人：""}, {""tag"": ""at"", ""user_id"": ""@_user_1"", ""user_name"": ""吴洁玲""}, {""tag"": ""text"", ""text"": ""\n仓库处理人：""}, {""tag"": ""at"", ""user_id"": ""@_user_2"", ""user_name"": ""Ann Yang""}, {""tag"": ""text"", ""text"": "",""}, {""tag"": ""at"", ""user_id"": ""@_user_3"", ""user_name"": ""Huang Jiajun""}, {""tag"": ""text"", ""text"": ""\n质控：""}, {""tag"": ""at"", ""user_id"": ""@_user_4"", ""user_name"": ""李超亮""}, {""tag"": ""text"", ""text"": ""\n客户：17688125香港小智时代实业有限公司\n救火类型：异常单\n仓库：USWC2 Warehouse\n入库单号：EB0126082632518359\n头程类型：异常单\n包裹条码：\nsku：\n救火原因：EB0126082632518359--客户已经提交增值 VASC000000345201   无主货找回\n麻烦尽快处理哈~谢谢""}], [{""tag"": ""button"", ""text"": ""确认受理"", ""type"": ""default""}, {""tag"": ""button"", ""text"": ""确认关闭"", ""type"": ""default""}], [{""tag"": ""hr""}], [{""tag"": ""text"", ""text"": ""来自 ""}, {""tag"": ""a"", ""href"": ""https://winitlink.feishu.cn/base/CBUkbTYbma2NAnsSzZ9cq7Qrnvc?ccm_open_type=im_card_automation_link"", ""text"": ""海外仓入库运营（救火）case管理表""}]]}",吴洁玲；Ann Yang；Huang Jiajun；李超亮,未知/系统,未知/系统,om_x100b6679a5cc74b0c32afdc5e9c6ad7,,增值；VASC；异常单；异常；EB；入库；包裹条码；仓库；救火
721,发货仓入库&增值运营（救火）- IB&VAS,oc_5b8848d27b7b3fa4a10eab865c4f9ffc,2026-08-31,2026-08-31 10:38,2026-08-31 10:38,omt_19f161f7d04e1b97,未知/系统,入库/仓库异常,"时效内催上架\n仓库：DENW3 Warehouse\n入库单号：WI51628743\n头程类型：海外验-直发-海运整柜-40HQ\n包裹条码：整单\nsku：\n救火原因：8月27已整单到仓，这批全部货物都有单要推，请加急上，谢谢""}], [{""tag"": ""button"", ""text"": ""确认受理"", ""type"": ""default""}, {""tag"": ""button"", ""text"": ""确认关闭"", ""type"": ""default""}], [{""tag"": ""hr""}], [{""tag"": ""text"", ""text"": ""来自 ""}, {""tag"": ""a"", ""href"": ""https://winitlink.feishu.cn/base/CBUkbTYbma2NAnsSzZ9cq7Qrnvc?ccm_open_type=im_card_automation_link"", ""text"": ""海外仓入库运营（救火）case管理表""}]]}；上架","19227270自由創新(香港)有限公司\n救火类型：时效内催上架\n仓库：DENW3 Warehouse\n入库单号：WI51628743\n头程类型：海外验-直发-海运整柜-40HQ\n包裹条码：整单\nsku：\n救火原因：8月27已整单到仓，这批全部货物都有单要推，请加急上，谢谢""}], [{""tag"": ""button"", ""text"": ""确认受理"", ""type"": ""default""}, {""tag"": ""button"", ""text"": ""确认关闭"", ""type"": ""default""}], [{""tag"": ""hr""}], [{""tag"": ""text"", ""text"": ""来自 ""}, {""tag"": ""a"", ""href"": ""https://winitlink.feishu.cn/base/CBUkbTYbma2NAnsSzZ9cq7Qrnvc?ccm_open_type=im_card_automation_link"", ""text"": ""海外仓入库运营（救火）case管理表""}]]}","DENW3 Warehouse\n入库单号：WI51628743\n头程类型：海外验-直发-海运整柜-40HQ\n包裹条码：整单\nsku：\n救火原因：8月27已整单到仓，这批全部货物都有单要推，请加急上，谢谢""}], [{""tag"": ""button"", ""text"": ""确认受理"", ""type"": ""default""}, {""tag"": ""button"", ""text"": ""确认关闭"", ""type"": ""default""}], [{""tag"": ""hr""}], [{""tag"": ""text"", ""text"": ""来自 ""}, {""tag"": ""a"", ""href"": ""https://winitlink.feishu.cn/base/CBUkbTYbma2NAnsSzZ9cq7Qrnvc?ccm_open_type=im_card_automation_link"", ""text"": ""海外仓入库运营（救火）case管理表""}]]}",WI51628743,"{""title"": ""请关注入库救火case"", ""elements"": [[{""tag"": ""text"", ""text"": ""提交人：""}, {""tag"": ""at"", ""user_id"": ""@_user_1"", ""user_name"": ""钟晓环""}, {""tag"": ""text"", ""text"": ""\n仓库处理人：""}, {""tag"": ""at"", ""user_id"": ""@_user_2"", ""user_name"": ""Mohamad Kazan ""}, {""tag"": ""text"", ""text"": ...","[2026-08-31 10:38] 未知/系统: {""title"": ""请关注入库救火case"", ""elements"": [[{""tag"": ""text"", ""text"": ""提交人：""}, {""tag"": ""at"", ""user_id"": ""@_user_1"", ""user_name"": ""钟晓环""}, {""tag"": ""text"", ""text"": ""\n仓库处理人：""}, {""tag"": ""at"", ""user_id"": ""@_user_2"", ""user_name"": ""Mohamad Kazan ""}, {""tag"": ""text"", ""text"": ""\n质控：""}, {""tag"": ""at"", ""user_id"": ""@_user_3"", ""user_name"": ""林佳志""}, {""tag"": ""text"", ""text"": ""\n客户：19227270自由創新(香港)有限公司\n救火类型：时效内催上架\n仓库：DENW3 Warehouse\n入库单号：WI51628743\n头程类型：海外验-直发-海运整柜-40HQ\n包裹条码：整单\nsku：\n救火原因：8月27已整单到仓，这批全部货物都有单要推，请加急上，谢谢""}], [{""tag"": ""button"", ""text"": ""确认受理"", ""type"": ""default""}, {""tag"": ""button"", ""text"": ""确认关闭"", ""type"": ""default""}], [{""tag"": ""hr""}], [{""tag"": ""text"", ""text"": ""来自 ""}, {""tag"": ""a"", ""href"": ""https://winitlink.feishu.cn/base/CBUkbTYbma2NAnsSzZ9cq7Qrnvc?ccm_open_type=im_card_automation_link"", ""text"": ""海外仓入库运营（救火）case管理表""}]]}",钟晓环；Mohamad Kazan ；林佳志,未知/系统,未知/系统,om_x100b667add22e8b0c3bf5bc047e9b39,,入库；上架；包裹条码；仓库；救火
728,发货仓入库&增值运营（救火）- IB&VAS,oc_5b8848d27b7b3fa4a10eab865c4f9ffc,2026-08-31,2026-08-31 11:19,2026-08-31 11:19,omt_19f17a192e0f1a52,未知/系统,入库/仓库异常,"时效内催上架\n仓库：DENW3 Warehouse\n入库单号：WI51628743\n头程类型：海外验-直发-海运整柜-40HQ\n包裹条码：整单\nsku：\n救火原因：2026-08-27已到仓，这批货物整单都是新品，有单要推，请加急整单上架，谢谢""}], [{""tag"": ""button"", ""text"": ""确认受理"", ""type"": ""default""}, {""tag"": ""button"", ""text"": ""确认关闭"", ""type"": ""default""}], [{""tag"": ""hr""}], [{""tag"": ""text"", ""text"": ""来自 ""}, {""tag"": ""a"", ""href"": ""https://winitlink.feishu.cn/base/CBUkbTYbma2NAnsSzZ9cq7Qrnvc?ccm_open_type=im_card_automation_link"", ""text"": ""海外仓入库运营（救火）case管理表""}]]}；上架","19227270自由創新(香港)有限公司\n救火类型：时效内催上架\n仓库：DENW3 Warehouse\n入库单号：WI51628743\n头程类型：海外验-直发-海运整柜-40HQ\n包裹条码：整单\nsku：\n救火原因：2026-08-27已到仓，这批货物整单都是新品，有单要推，请加急整单上架，谢谢""}], [{""tag"": ""button"", ""text"": ""确认受理"", ""type"": ""default""}, {""tag"": ""button"", ""text"": ""确认关闭"", ""type"": ""default""}], [{""tag"": ""hr""}], [{""tag"": ""text"", ""text"": ""来自 ""}, {""tag"": ""a"", ""href"": ""https://winitlink.feishu.cn/base/CBUkbTYbma2NAnsSzZ9cq7Qrnvc?ccm_open_type=im_card_automation_link"", ""text"": ""海外仓入库运营（救火）case管理表""}]]}","DENW3 Warehouse\n入库单号：WI51628743\n头程类型：海外验-直发-海运整柜-40HQ\n包裹条码：整单\nsku：\n救火原因：2026-08-27已到仓，这批货物整单都是新品，有单要推，请加急整单上架，谢谢""}], [{""tag"": ""button"", ""text"": ""确认受理"", ""type"": ""default""}, {""tag"": ""button"", ""text"": ""确认关闭"", ""type"": ""default""}], [{""tag"": ""hr""}], [{""tag"": ""text"", ""text"": ""来自 ""}, {""tag"": ""a"", ""href"": ""https://winitlink.feishu.cn/base/CBUkbTYbma2NAnsSzZ9cq7Qrnvc?ccm_open_type=im_card_automation_link"", ""text"": ""海外仓入库运营（救火）case管理表""}]]}",WI51628743,"{""title"": ""请关注入库救火case"", ""elements"": [[{""tag"": ""text"", ""text"": ""提交人：""}, {""tag"": ""at"", ""user_id"": ""@_user_1"", ""user_name"": ""钟晓环""}, {""tag"": ""text"", ""text"": ""\n仓库处理人：""}, {""tag"": ""at"", ""user_id"": ""@_user_2"", ""user_name"": ""Mohamad Kazan ""}, {""tag"": ""text"", ""text"": ...","[2026-08-31 11:19] 未知/系统: {""title"": ""请关注入库救火case"", ""elements"": [[{""tag"": ""text"", ""text"": ""提交人：""}, {""tag"": ""at"", ""user_id"": ""@_user_1"", ""user_name"": ""钟晓环""}, {""tag"": ""text"", ""text"": ""\n仓库处理人：""}, {""tag"": ""at"", ""user_id"": ""@_user_2"", ""user_name"": ""Mohamad Kazan ""}, {""tag"": ""text"", ""text"": ""\n质控：""}, {""tag"": ""at"", ""user_id"": ""@_user_3"", ""user_name"": ""林佳志""}, {""tag"": ""text"", ""text"": ""\n客户：19227270自由創新(香港)有限公司\n救火类型：时效内催上架\n仓库：DENW3 Warehouse\n入库单号：WI51628743\n头程类型：海外验-直发-海运整柜-40HQ\n包裹条码：整单\nsku：\n救火原因：2026-08-27已到仓，这批货物整单都是新品，有单要推，请加急整单上架，谢谢""}], [{""tag"": ""button"", ""text"": ""确认受理"", ""type"": ""default""}, {""tag"": ""button"", ""text"": ""确认关闭"", ""type"": ""default""}], [{""tag"": ""hr""}], [{""tag"": ""text"", ""text"": ""来自 ""}, {""tag"": ""a"", ""href"": ""https://winitlink.feishu.cn/base/CBUkbTYbma2NAnsSzZ9cq7Qrnvc?ccm_open_type=im_card_automation_link"", ""text"": ""海外仓入库运营（救火）case管理表""}]]}",钟晓环；Mohamad Kazan ；林佳志,未知/系统,未知/系统,om_x100b667b63cd0ca0dfe54204d89da80,,入库；上架；包裹条码；仓库；救火
730,发货仓入库&增值运营（救火）- IB&VAS,oc_5b8848d27b7b3fa4a10eab865c4f9ffc,2026-08-31,2026-08-31 11:21,2026-08-31 11:21,omt_19f17b8bcf0fdce5,未知/系统,入库/仓库异常,"时效内催上架\n仓库：USGA Warehouse\n入库单号：WI50599353\n头程类型：自验-直发-海运整柜-40HQ\n包裹条码：B0400000001423761414\nsku：\n救火原因：8.26已卸货，还有15个包裹未上架的（部分运输中），无异常登记，客户着急上架，麻烦核实是否收到货物，尽快安排上架的，谢谢""}], [{""tag"": ""button"", ""text"": ""确认受理"", ""type"": ""default""}, {""tag"": ""button"", ""text"": ""确认关闭"", ""type"": ""default""}], [{""tag"": ""hr""}], [{""tag"": ""text"", ""text"": ""来自 ""}, {""tag"": ""a"", ""href"": ""https://winitlink.feishu.cn/base/CBUkbTYbma2NAnsSzZ9cq7Qrnvc?ccm_open_type=im_card_automation_link"", ""text"": ""海外仓入库运营（救火）case管理表""}]]}；上架","19945672香港烜晟商貿有限公司\n救火类型：时效内催上架\n仓库：USGA Warehouse\n入库单号：WI50599353\n头程类型：自验-直发-海运整柜-40HQ\n包裹条码：B0400000001423761414\nsku：\n救火原因：8.26已卸货，还有15个包裹未上架的（部分运输中），无异常登记，客户着急上架，麻烦核实是否收到货物，尽快安排上架的，谢谢""}], [{""tag"": ""button"", ""text"": ""确认受理"", ""type"": ""default""}, {""tag"": ""button"", ""text"": ""确认关闭"", ""type"": ""default""}], [{""tag"": ""hr""}], [{""tag"": ""text"", ""text"": ""来自 ""}, {""tag"": ""a"", ""href"": ""https://winitlink.feishu.cn/base/CBUkbTYbma2NAnsSzZ9cq7Qrnvc?ccm_open_type=im_card_automation_link"", ""text"": ""海外仓入库运营（救火）case管理表""}]]}","USGA Warehouse\n入库单号：WI50599353\n头程类型：自验-直发-海运整柜-40HQ\n包裹条码：B0400000001423761414\nsku：\n救火原因：8.26已卸货，还有15个包裹未上架的（部分运输中），无异常登记，客户着急上架，麻烦核实是否收到货物，尽快安排上架的，谢谢""}], [{""tag"": ""button"", ""text"": ""确认受理"", ""type"": ""default""}, {""tag"": ""button"", ""text"": ""确认关闭"", ""type"": ""default""}], [{""tag"": ""hr""}], [{""tag"": ""text"", ""text"": ""来自 ""}, {""tag"": ""a"", ""href"": ""https://winitlink.feishu.cn/base/CBUkbTYbma2NAnsSzZ9cq7Qrnvc?ccm_open_type=im_card_automation_link"", ""text"": ""海外仓入库运营（救火）case管理表""}]]}",WI50599353；B0400000001423761414,"{""title"": ""请关注入库救火case"", ""elements"": [[{""tag"": ""text"", ""text"": ""提交人：""}, {""tag"": ""at"", ""user_id"": ""@_user_1"", ""user_name"": ""刘燕春""}, {""tag"": ""text"", ""text"": ""\n仓库处理人：""}, {""tag"": ""at"", ""user_id"": ""@_user_2"", ""user_name"": ""Boris Dong""}, {""tag"": ""text"", ""text"": "",""}...","[2026-08-31 11:21] 未知/系统: {""title"": ""请关注入库救火case"", ""elements"": [[{""tag"": ""text"", ""text"": ""提交人：""}, {""tag"": ""at"", ""user_id"": ""@_user_1"", ""user_name"": ""刘燕春""}, {""tag"": ""text"", ""text"": ""\n仓库处理人：""}, {""tag"": ""at"", ""user_id"": ""@_user_2"", ""user_name"": ""Boris Dong""}, {""tag"": ""text"", ""text"": "",""}, {""tag"": ""at"", ""user_id"": ""@_user_3"", ""user_name"": ""Jianan Sun""}, {""tag"": ""text"", ""text"": ""\n质控：""}, {""tag"": ""at"", ""user_id"": ""@_user_4"", ""user_name"": ""王鑫隆""}, {""tag"": ""text"", ""text"": "",""}, {""tag"": ""at"", ""user_id"": ""@_user_5"", ""user_name"": ""廖丹""}, {""tag"": ""text"", ""text"": ""\n客户：19945672香港烜晟商貿有限公司\n救火类型：时效内催上架\n仓库：USGA Warehouse\n入库单号：WI50599353\n头程类型：自验-直发-海运整柜-40HQ\n包裹条码：B0400000001423761414\nsku：\n救火原因：8.26已卸货，还有15个包裹未上架的（部分运输中），无异常登记，客户着急上架，麻烦核实是否收到货物，尽快安排上架的，谢谢""}], [{""tag"": ""button"", ""text"": ""确认受理"", ""type"": ""default""}, {""tag"": ""button"", ""text"": ""确认关闭"", ""type"": ""default""}], [{""tag"": ""hr""}], [{""tag"": ""text"", ""text"": ""来自 ""}, {""tag"": ""a"", ""href"": ""https://winitlink.feishu.cn/base/CBUkbTYbma2NAnsSzZ9cq7Qrnvc?ccm_open_type=im_card_automation_link"", ""text"": ""海外仓入库运营（救火）case管理表""}]]}",刘燕春；Boris Dong；Jianan Sun；王鑫隆；廖丹,未知/系统,未知/系统,om_x100b667b7ae31cacb49b96d0f4885d7,,异常；入库；上架；包裹条码；仓库；救火
749,发货仓入库&增值运营（救火）- IB&VAS,oc_5b8848d27b7b3fa4a10eab865c4f9ffc,2026-08-31,2026-08-31 18:11,2026-08-31 18:11,omt_19f0db8e004f5cbb,未知/系统,入库/仓库异常,"时效内催上架\n仓库：UKTW Warehouse\n入库单号：WI51368340\n头程类型：自验-直发-海派\n包裹条码：B0400000001437055013\nsku：\n救火原因：此单还剩下一个包裹已卸货未上架，是有异常吗，没有的话，烦请帮忙尽快处理完结订单的，谢谢""}], [{""tag"": ""button"", ""text"": ""确认受理"", ""type"": ""default""}, {""tag"": ""button"", ""text"": ""确认关闭"", ""type"": ""default""}], [{""tag"": ""hr""}], [{""tag"": ""text"", ""text"": ""来自 ""}, {""tag"": ""a"", ""href"": ""https://winitlink.feishu.cn/base/CBUkbTYbma2NAnsSzZ9cq7Qrnvc?ccm_open_type=im_card_automation_link"", ""text"": ""海外仓入库运营（救火）case管理表""}]]}；上架","19406601郑州造势商贸有限公司\n救火类型：时效内催上架\n仓库：UKTW Warehouse\n入库单号：WI51368340\n头程类型：自验-直发-海派\n包裹条码：B0400000001437055013\nsku：\n救火原因：此单还剩下一个包裹已卸货未上架，是有异常吗，没有的话，烦请帮忙尽快处理完结订单的，谢谢""}], [{""tag"": ""button"", ""text"": ""确认受理"", ""type"": ""default""}, {""tag"": ""button"", ""text"": ""确认关闭"", ""type"": ""default""}], [{""tag"": ""hr""}], [{""tag"": ""text"", ""text"": ""来自 ""}, {""tag"": ""a"", ""href"": ""https://winitlink.feishu.cn/base/CBUkbTYbma2NAnsSzZ9cq7Qrnvc?ccm_open_type=im_card_automation_link"", ""text"": ""海外仓入库运营（救火）case管理表""}]]}","UKTW Warehouse\n入库单号：WI51368340\n头程类型：自验-直发-海派\n包裹条码：B0400000001437055013\nsku：\n救火原因：此单还剩下一个包裹已卸货未上架，是有异常吗，没有的话，烦请帮忙尽快处理完结订单的，谢谢""}], [{""tag"": ""button"", ""text"": ""确认受理"", ""type"": ""default""}, {""tag"": ""button"", ""text"": ""确认关闭"", ""type"": ""default""}], [{""tag"": ""hr""}], [{""tag"": ""text"", ""text"": ""来自 ""}, {""tag"": ""a"", ""href"": ""https://winitlink.feishu.cn/base/CBUkbTYbma2NAnsSzZ9cq7Qrnvc?ccm_open_type=im_card_automation_link"", ""text"": ""海外仓入库运营（救火）case管理表""}]]}",WI51368340；B0400000001437055013,"{""title"": ""请关注入库救火case"", ""elements"": [[{""tag"": ""text"", ""text"": ""提交人：""}, {""tag"": ""at"", ""user_id"": ""@_user_1"", ""user_name"": ""刘佳""}, {""tag"": ""text"", ""text"": ""\n仓库处理人：""}, {""tag"": ""at"", ""user_id"": ""@_user_2"", ""user_name"": ""王婉清""}, {""tag"": ""text"", ""text"": ""\n质控：""}, {""...","[2026-08-31 18:11] 未知/系统: {""title"": ""请关注入库救火case"", ""elements"": [[{""tag"": ""text"", ""text"": ""提交人：""}, {""tag"": ""at"", ""user_id"": ""@_user_1"", ""user_name"": ""刘佳""}, {""tag"": ""text"", ""text"": ""\n仓库处理人：""}, {""tag"": ""at"", ""user_id"": ""@_user_2"", ""user_name"": ""王婉清""}, {""tag"": ""text"", ""text"": ""\n质控：""}, {""tag"": ""at"", ""user_id"": ""@_user_3"", ""user_name"": ""罗澳""}, {""tag"": ""text"", ""text"": ""\n客户：19406601郑州造势商贸有限公司\n救火类型：时效内催上架\n仓库：UKTW Warehouse\n入库单号：WI51368340\n头程类型：自验-直发-海派\n包裹条码：B0400000001437055013\nsku：\n救火原因：此单还剩下一个包裹已卸货未上架，是有异常吗，没有的话，烦请帮忙尽快处理完结订单的，谢谢""}], [{""tag"": ""button"", ""text"": ""确认受理"", ""type"": ""default""}, {""tag"": ""button"", ""text"": ""确认关闭"", ""type"": ""default""}], [{""tag"": ""hr""}], [{""tag"": ""text"", ""text"": ""来自 ""}, {""tag"": ""a"", ""href"": ""https://winitlink.feishu.cn/base/CBUkbTYbma2NAnsSzZ9cq7Qrnvc?ccm_open_type=im_card_automation_link"", ""text"": ""海外仓入库运营（救火）case管理表""}]]}",刘佳；王婉清；罗澳,未知/系统,未知/系统,om_x100b66617abfe8a4b172ad84e678dbc,,异常；入库；上架；包裹条码；仓库；救火
759,发货仓入库&增值运营（救火）- IB&VAS,oc_5b8848d27b7b3fa4a10eab865c4f9ffc,2026-08-31,2026-08-31 19:42,2026-08-31 19:42,omt_19f0e0423ace1bbd,未知/系统,入库/仓库异常,"时效内催上架\n仓库：UKTW Warehouse\n入库单号：WI50730540\n头程类型：海运散货-递延清关（新）\n包裹条码：B0400000001425810103\nB0400000001425810116\nB0400000001425810128\nB0400000001425810136\nB0400000001425810141\nB0400000001425810158\nB0400000001425810163\nB0400000001425810175\nsku：M010000000006085248\n救火原因：该sku已断货，对应包裹28号都卸货了\n麻烦优先上架部分包裹给客户发货的""}], [{""tag"": ""button"", ""text"": ""确认受理"", ""type"": ""default""}, {""tag"": ""button"", ""text"": ""确认关闭"", ""type"": ""default""}], [{""tag"": ""hr""}], [{""tag"": ""text"", ""text"": ""来自 ""}, {""tag"": ""a"", ""href"": ""https://winitlink.feishu.cn/base/CBUkbTYbma2NAnsSzZ9cq7Qrnvc?ccm_open_type=im_card_automation_link"", ""text"": ""海外仓入库运营（救火）case管理表""}]]}；上架","1000255新倫有限公司\n救火类型：时效内催上架\n仓库：UKTW Warehouse\n入库单号：WI50730540\n头程类型：海运散货-递延清关（新）\n包裹条码：B0400000001425810103\nB0400000001425810116\nB0400000001425810128\nB0400000001425810136\nB0400000001425810141\nB0400000001425810158\nB0400000001425810163\nB0400000001425810175\nsku：M010000000006085248\n救火原因：该sku已断货，对应包裹28号都卸货了\n麻烦优先上架部分包裹给客户发货的""}], [{""tag"": ""button"", ""text"": ""确认受理"", ""type"": ""default""}, {""tag"": ""button"", ""text"": ""确认关闭"", ""type"": ""default""}], [{""tag"": ""hr""}], [{""tag"": ""text"", ""text"": ""来自 ""}, {""tag"": ""a"", ""href"": ""https://winitlink.feishu.cn/base/CBUkbTYbma2NAnsSzZ9cq7Qrnvc?ccm_open_type=im_card_automation_link"", ""text"": ""海外仓入库运营（救火）case管理表""}]]}","UKTW Warehouse\n入库单号：WI50730540\n头程类型：海运散货-递延清关（新）\n包裹条码：B0400000001425810103\nB0400000001425810116\nB0400000001425810128\nB0400000001425810136\nB0400000001425810141\nB0400000001425810158\nB0400000001425810163\nB0400000001425810175\nsku：M010000000006085248\n救火原因：该sku已断货，对应包裹28号都卸货了\n麻烦优先上架部分包裹给客户发货的""}], [{""tag"": ""button"", ""text"": ""确认受理"", ""type"": ""default""}, {""tag"": ""button"", ""text"": ""确认关闭"", ""type"": ""default""}], [{""tag"": ""hr""}], [{""tag"": ""text"", ""text"": ""来自 ""}, {""tag"": ""a"", ""href"": ""https://winitlink.feishu.cn/base/CBUkbTYbma2NAnsSzZ9cq7Qrnvc?ccm_open_type=im_card_automation_link"", ""text"": ""海外仓入库运营（救火）case管理表""}]]}",WI50730540；M010000000006085248；B0400000001425810103；B0400000001425810116；B0400000001425810128；B0400000001425810136；B0400000001425810141；B0400000001425810158；B0400000001425810163；B0400000001425810175,"{""title"": ""请关注入库救火case"", ""elements"": [[{""tag"": ""text"", ""text"": ""提交人：""}, {""tag"": ""at"", ""user_id"": ""@_user_1"", ""user_name"": ""陈志颖""}, {""tag"": ""text"", ""text"": ""\n仓库处理人：""}, {""tag"": ""at"", ""user_id"": ""@_user_2"", ""user_name"": ""王婉清""}, {""tag"": ""text"", ""text"": ""\n质控：""}, {...","[2026-08-31 19:42] 未知/系统: {""title"": ""请关注入库救火case"", ""elements"": [[{""tag"": ""text"", ""text"": ""提交人：""}, {""tag"": ""at"", ""user_id"": ""@_user_1"", ""user_name"": ""陈志颖""}, {""tag"": ""text"", ""text"": ""\n仓库处理人：""}, {""tag"": ""at"", ""user_id"": ""@_user_2"", ""user_name"": ""王婉清""}, {""tag"": ""text"", ""text"": ""\n质控：""}, {""tag"": ""at"", ""user_id"": ""@_user_3"", ""user_name"": ""罗澳""}, {""tag"": ""text"", ""text"": ""\n客户：1000255新倫有限公司\n救火类型：时效内催上架\n仓库：UKTW Warehouse\n入库单号：WI50730540\n头程类型：海运散货-递延清关（新）\n包裹条码：B0400000001425810103\nB0400000001425810116\nB0400000001425810128\nB0400000001425810136\nB0400000001425810141\nB0400000001425810158\nB0400000001425810163\nB0400000001425810175\nsku：M010000000006085248\n救火原因：该sku已断货，对应包裹28号都卸货了\n麻烦优先上架部分包裹给客户发货的""}], [{""tag"": ""button"", ""text"": ""确认受理"", ""type"": ""default""}, {""tag"": ""button"", ""text"": ""确认关闭"", ""type"": ""default""}], [{""tag"": ""hr""}], [{""tag"": ""text"", ""text"": ""来自 ""}, {""tag"": ""a"", ""href"": ""https://winitlink.feishu.cn/base/CBUkbTYbma2NAnsSzZ9cq7Qrnvc?ccm_open_type=im_card_automation_link"", ""text"": ""海外仓入库运营（救火）case管理表""}]]}",陈志颖；王婉清；罗澳,未知/系统,未知/系统,om_x100b6662c67c40b0c112f3fe5e85645,,入库；上架；包裹条码；仓库；救火
771,发货仓入库&增值运营（救火）- IB&VAS,oc_5b8848d27b7b3fa4a10eab865c4f9ffc,2026-09-01,2026-09-01 11:05,2026-09-04 03:30,omt_19f3c85c7b0f5c88,未知/系统,非标增值,未明确,,,VASC000000342954；VASC000000348528,没办法退货，明天会关闭增值单 @_user_1 嗯嗯，好的，谢谢 @_user_1 您好，VASC000000342954 这个单是点了终止吗，异常终止没有办法收费了的，颖姐反馈需要收1工时的人工咨询费用 [Image:img_v3_02155_e0b3111a-9594-435c-9ce4-2ebd6b5fe77g] 我这边已经点了异常，没法再操作了 @_user_1 help @_user_1 那我重新提交一个，然后同步你，你点已完成，可以不 @_user_1 VASC000000348528 颖姐，元鼎这个帮...,"[2026-09-01 11:05] Dongsheng Xue: 没办法退货，明天会关闭增值单
[2026-09-01 11:06] 刘燕春: @_user_1 嗯嗯，好的，谢谢
[2026-09-02 11:13] 刘燕春: @_user_1 您好，VASC000000342954 这个单是点了终止吗，异常终止没有办法收费了的，颖姐反馈需要收1工时的人工咨询费用
[2026-09-02 11:15] 刘燕春: [Image:img_v3_02155_e0b3111a-9594-435c-9ce4-2ebd6b5fe77g]
[2026-09-02 11:18] Dongsheng Xue: 我这边已经点了异常，没法再操作了
[2026-09-02 11:19] Dongsheng Xue: @_user_1 help
[2026-09-02 11:19] 刘燕春: @_user_1 那我重新提交一个，然后同步你，你点已完成，可以不
[2026-09-02 11:21] 刘燕春: @_user_1 VASC000000348528 颖姐，元鼎这个帮按照协议价审核下，谢谢
[2026-09-02 11:24] 李颖: @_user_1 审核通过了
[2026-09-02 11:25] 刘燕春: @_user_1 VASC000000348528  可以了，增值下发了，帮点击完成的，谢谢
[2026-09-03 10:39] 刘燕春: @_user_1 VASC000000348528  这个增值单点击完成啊@_user_2 你可以点不
[2026-09-04 03:30] Dongsheng Xue: @_user_1 点了",Dongsheng Xue；李颖；刘燕春；廖丹,李颖,Dongsheng Xue；刘燕春；李颖,om_x100b665047985ca4b24085b64ec6988,,增值；VASC；异常；EB
772,发货仓入库&增值运营（救火）- IB&VAS,oc_5b8848d27b7b3fa4a10eab865c4f9ffc,2026-09-01,2026-09-01 11:37,2026-09-01 11:37,omt_19f3c04f5d4e9c8a,未知/系统,入库/仓库异常,"时效内催上架\n仓库：USWC5 Warehouse\n入库单号：WI51544350\n头程类型：客户自验货-Winit承运-港提派\n包裹条码：B0400000001440965884整单包裹\nsku：\n救火原因：此单只有一款SKU，客户着急发货，帮忙尽快处理的，谢谢""}], [{""tag"": ""button"", ""text"": ""确认受理"", ""type"": ""default""}, {""tag"": ""button"", ""text"": ""确认关闭"", ""type"": ""default""}], [{""tag"": ""hr""}], [{""tag"": ""text"", ""text"": ""来自 ""}, {""tag"": ""a"", ""href"": ""https://winitlink.feishu.cn/base/CBUkbTYbma2NAnsSzZ9cq7Qrnvc?ccm_open_type=im_card_automation_link"", ""text"": ""海外仓入库运营（救火）case管理表""}]]}；上架","19017058HONGKONG ZHIHUI TRADE INDUSTRY CO., LIMITED\n救火类型：时效内催上架\n仓库：USWC5 Warehouse\n入库单号：WI51544350\n头程类型：客户自验货-Winit承运-港提派\n包裹条码：B0400000001440965884整单包裹\nsku：\n救火原因：此单只有一款SKU，客户着急发货，帮忙尽快处理的，谢谢""}], [{""tag"": ""button"", ""text"": ""确认受理"", ""type"": ""default""}, {""tag"": ""button"", ""text"": ""确认关闭"", ""type"": ""default""}], [{""tag"": ""hr""}], [{""tag"": ""text"", ""text"": ""来自 ""}, {""tag"": ""a"", ""href"": ""https://winitlink.feishu.cn/base/CBUkbTYbma2NAnsSzZ9cq7Qrnvc?ccm_open_type=im_card_automation_link"", ""text"": ""海外仓入库运营（救火）case管理表""}]]}","USWC5 Warehouse\n入库单号：WI51544350\n头程类型：客户自验货-Winit承运-港提派\n包裹条码：B0400000001440965884整单包裹\nsku：\n救火原因：此单只有一款SKU，客户着急发货，帮忙尽快处理的，谢谢""}], [{""tag"": ""button"", ""text"": ""确认受理"", ""type"": ""default""}, {""tag"": ""button"", ""text"": ""确认关闭"", ""type"": ""default""}], [{""tag"": ""hr""}], [{""tag"": ""text"", ""text"": ""来自 ""}, {""tag"": ""a"", ""href"": ""https://winitlink.feishu.cn/base/CBUkbTYbma2NAnsSzZ9cq7Qrnvc?ccm_open_type=im_card_automation_link"", ""text"": ""海外仓入库运营（救火）case管理表""}]]}",WI51544350；B0400000001440965884,"{""title"": ""请关注入库救火case"", ""elements"": [[{""tag"": ""text"", ""text"": ""提交人：""}, {""tag"": ""at"", ""user_id"": ""@_user_1"", ""user_name"": ""刘佳""}, {""tag"": ""text"", ""text"": ""\n仓库处理人：""}, {""tag"": ""at"", ""user_id"": ""@_user_2"", ""user_name"": ""Geng,Wandi""}, {""tag"": ""text"", ""text"": "",""},...","[2026-09-01 11:37] 未知/系统: {""title"": ""请关注入库救火case"", ""elements"": [[{""tag"": ""text"", ""text"": ""提交人：""}, {""tag"": ""at"", ""user_id"": ""@_user_1"", ""user_name"": ""刘佳""}, {""tag"": ""text"", ""text"": ""\n仓库处理人：""}, {""tag"": ""at"", ""user_id"": ""@_user_2"", ""user_name"": ""Geng,Wandi""}, {""tag"": ""text"", ""text"": "",""}, {""tag"": ""at"", ""user_id"": ""@_user_3"", ""user_name"": ""Haoxian Lai""}, {""tag"": ""text"", ""text"": ""\n质控：""}, {""tag"": ""at"", ""user_id"": ""@_user_4"", ""user_name"": ""李超亮""}, {""tag"": ""text"", ""text"": ""\n客户：19017058HONGKONG ZHIHUI TRADE INDUSTRY CO., LIMITED\n救火类型：时效内催上架\n仓库：USWC5 Warehouse\n入库单号：WI51544350\n头程类型：客户自验货-Winit承运-港提派\n包裹条码：B0400000001440965884整单包裹\nsku：\n救火原因：此单只有一款SKU，客户着急发货，帮忙尽快处理的，谢谢""}], [{""tag"": ""button"", ""text"": ""确认受理"", ""type"": ""default""}, {""tag"": ""button"", ""text"": ""确认关闭"", ""type"": ""default""}], [{""tag"": ""hr""}], [{""tag"": ""text"", ""text"": ""来自 ""}, {""tag"": ""a"", ""href"": ""https://winitlink.feishu.cn/base/CBUkbTYbma2NAnsSzZ9cq7Qrnvc?ccm_open_type=im_card_automation_link"", ""text"": ""海外仓入库运营（救火）case管理表""}]]}","刘佳；Geng,Wandi；Haoxian Lai；李超亮",未知/系统,未知/系统,om_x100b6650c6aa38b8b26427e01344ed1,,入库；上架；包裹条码；仓库；救火
773,发货仓入库&增值运营（救火）- IB&VAS,oc_5b8848d27b7b3fa4a10eab865c4f9ffc,2026-09-01,2026-09-01 11:38,2026-09-01 11:38,omt_19f3c07e7b8f1b93,未知/系统,入库/仓库异常,"时效内催上架\n仓库：USGA Warehouse\n入库单号：WI51015697\n头程类型：客户自验货-Winit承运-港提派\n包裹条码：B0400000001431519137整单包裹\nsku：\n救火原因：此单只有一款SKU客户着急发货，帮忙协助尽快处理的，谢谢""}], [{""tag"": ""button"", ""text"": ""确认受理"", ""type"": ""default""}, {""tag"": ""button"", ""text"": ""确认关闭"", ""type"": ""default""}], [{""tag"": ""hr""}], [{""tag"": ""text"", ""text"": ""来自 ""}, {""tag"": ""a"", ""href"": ""https://winitlink.feishu.cn/base/CBUkbTYbma2NAnsSzZ9cq7Qrnvc?ccm_open_type=im_card_automation_link"", ""text"": ""海外仓入库运营（救火）case管理表""}]]}；上架","19017058HONGKONG ZHIHUI TRADE INDUSTRY CO., LIMITED\n救火类型：时效内催上架\n仓库：USGA Warehouse\n入库单号：WI51015697\n头程类型：客户自验货-Winit承运-港提派\n包裹条码：B0400000001431519137整单包裹\nsku：\n救火原因：此单只有一款SKU客户着急发货，帮忙协助尽快处理的，谢谢""}], [{""tag"": ""button"", ""text"": ""确认受理"", ""type"": ""default""}, {""tag"": ""button"", ""text"": ""确认关闭"", ""type"": ""default""}], [{""tag"": ""hr""}], [{""tag"": ""text"", ""text"": ""来自 ""}, {""tag"": ""a"", ""href"": ""https://winitlink.feishu.cn/base/CBUkbTYbma2NAnsSzZ9cq7Qrnvc?ccm_open_type=im_card_automation_link"", ""text"": ""海外仓入库运营（救火）case管理表""}]]}","USGA Warehouse\n入库单号：WI51015697\n头程类型：客户自验货-Winit承运-港提派\n包裹条码：B0400000001431519137整单包裹\nsku：\n救火原因：此单只有一款SKU客户着急发货，帮忙协助尽快处理的，谢谢""}], [{""tag"": ""button"", ""text"": ""确认受理"", ""type"": ""default""}, {""tag"": ""button"", ""text"": ""确认关闭"", ""type"": ""default""}], [{""tag"": ""hr""}], [{""tag"": ""text"", ""text"": ""来自 ""}, {""tag"": ""a"", ""href"": ""https://winitlink.feishu.cn/base/CBUkbTYbma2NAnsSzZ9cq7Qrnvc?ccm_open_type=im_card_automation_link"", ""text"": ""海外仓入库运营（救火）case管理表""}]]}",WI51015697；B0400000001431519137,"{""title"": ""请关注入库救火case"", ""elements"": [[{""tag"": ""text"", ""text"": ""提交人：""}, {""tag"": ""at"", ""user_id"": ""@_user_1"", ""user_name"": ""刘佳""}, {""tag"": ""text"", ""text"": ""\n仓库处理人：""}, {""tag"": ""at"", ""user_id"": ""@_user_2"", ""user_name"": ""Boris Dong""}, {""tag"": ""text"", ""text"": "",""},...","[2026-09-01 11:38] 未知/系统: {""title"": ""请关注入库救火case"", ""elements"": [[{""tag"": ""text"", ""text"": ""提交人：""}, {""tag"": ""at"", ""user_id"": ""@_user_1"", ""user_name"": ""刘佳""}, {""tag"": ""text"", ""text"": ""\n仓库处理人：""}, {""tag"": ""at"", ""user_id"": ""@_user_2"", ""user_name"": ""Boris Dong""}, {""tag"": ""text"", ""text"": "",""}, {""tag"": ""at"", ""user_id"": ""@_user_3"", ""user_name"": ""Jianan Sun""}, {""tag"": ""text"", ""text"": ""\n质控：""}, {""tag"": ""at"", ""user_id"": ""@_user_4"", ""user_name"": ""王鑫隆""}, {""tag"": ""text"", ""text"": "",""}, {""tag"": ""at"", ""user_id"": ""@_user_5"", ""user_name"": ""廖丹""}, {""tag"": ""text"", ""text"": ""\n客户：19017058HONGKONG ZHIHUI TRADE INDUSTRY CO., LIMITED\n救火类型：时效内催上架\n仓库：USGA Warehouse\n入库单号：WI51015697\n头程类型：客户自验货-Winit承运-港提派\n包裹条码：B0400000001431519137整单包裹\nsku：\n救火原因：此单只有一款SKU客户着急发货，帮忙协助尽快处理的，谢谢""}], [{""tag"": ""button"", ""text"": ""确认受理"", ""type"": ""default""}, {""tag"": ""button"", ""text"": ""确认关闭"", ""type"": ""default""}], [{""tag"": ""hr""}], [{""tag"": ""text"", ""text"": ""来自 ""}, {""tag"": ""a"", ""href"": ""https://winitlink.feishu.cn/base/CBUkbTYbma2NAnsSzZ9cq7Qrnvc?ccm_open_type=im_card_automation_link"", ""text"": ""海外仓入库运营（救火）case管理表""}]]}",刘佳；Boris Dong；Jianan Sun；王鑫隆；廖丹,未知/系统,未知/系统,om_x100b6650c5b854a0c3f0e7e70a26689,,入库；上架；包裹条码；仓库；救火
777,发货仓入库&增值运营（救火）- IB&VAS,oc_5b8848d27b7b3fa4a10eab865c4f9ffc,2026-09-01,2026-09-01 12:04,2026-09-01 12:04,omt_19f3c60124d61b88,未知/系统,标准库内增值/入库异常,"异常单\n仓库：DEBR2 Warehouse\n入库单号：EB0126082832600310\n头程类型：海外验-直发-海派\n包裹条码：\nsku：\n救火原因：客户已提交增值关联第三方商品条码，幸苦仓库确认并重新扫描上架商品。""}], [{""tag"": ""button"", ""text"": ""确认受理"", ""type"": ""default""}, {""tag"": ""button"", ""text"": ""确认关闭"", ""type"": ""default""}], [{""tag"": ""hr""}], [{""tag"": ""text"", ""text"": ""来自 ""}, {""tag"": ""a"", ""href"": ""https://winitlink.feishu.cn/base/CBUkbTYbma2NAnsSzZ9cq7Qrnvc?ccm_open_type=im_card_automation_link"", ""text"": ""海外仓入库运营（救火）case管理表""}]]}；上架","20019356智森國際有限公司\n救火类型：异常单\n仓库：DEBR2 Warehouse\n入库单号：EB0126082832600310\n头程类型：海外验-直发-海派\n包裹条码：\nsku：\n救火原因：客户已提交增值关联第三方商品条码，幸苦仓库确认并重新扫描上架商品。""}], [{""tag"": ""button"", ""text"": ""确认受理"", ""type"": ""default""}, {""tag"": ""button"", ""text"": ""确认关闭"", ""type"": ""default""}], [{""tag"": ""hr""}], [{""tag"": ""text"", ""text"": ""来自 ""}, {""tag"": ""a"", ""href"": ""https://winitlink.feishu.cn/base/CBUkbTYbma2NAnsSzZ9cq7Qrnvc?ccm_open_type=im_card_automation_link"", ""text"": ""海外仓入库运营（救火）case管理表""}]]}","DEBR2 Warehouse\n入库单号：EB0126082832600310\n头程类型：海外验-直发-海派\n包裹条码：\nsku：\n救火原因：客户已提交增值关联第三方商品条码，幸苦仓库确认并重新扫描上架商品。""}], [{""tag"": ""button"", ""text"": ""确认受理"", ""type"": ""default""}, {""tag"": ""button"", ""text"": ""确认关闭"", ""type"": ""default""}], [{""tag"": ""hr""}], [{""tag"": ""text"", ""text"": ""来自 ""}, {""tag"": ""a"", ""href"": ""https://winitlink.feishu.cn/base/CBUkbTYbma2NAnsSzZ9cq7Qrnvc?ccm_open_type=im_card_automation_link"", ""text"": ""海外仓入库运营（救火）case管理表""}]]}",EB0126082832600310；B0126082832600310,"{""title"": ""请关注入库救火case"", ""elements"": [[{""tag"": ""text"", ""text"": ""提交人：""}, {""tag"": ""at"", ""user_id"": ""@_user_1"", ""user_name"": ""赖烁骏""}, {""tag"": ""text"", ""text"": ""\n仓库处理人：""}, {""tag"": ""at"", ""user_id"": ""@_user_2"", ""user_name"": ""Vesislava Yovkova""}, {""tag"": ""text"", ""text...","[2026-09-01 12:04] 未知/系统: {""title"": ""请关注入库救火case"", ""elements"": [[{""tag"": ""text"", ""text"": ""提交人：""}, {""tag"": ""at"", ""user_id"": ""@_user_1"", ""user_name"": ""赖烁骏""}, {""tag"": ""text"", ""text"": ""\n仓库处理人：""}, {""tag"": ""at"", ""user_id"": ""@_user_2"", ""user_name"": ""Vesislava Yovkova""}, {""tag"": ""text"", ""text"": "",""}, {""tag"": ""at"", ""user_id"": ""@_user_3"", ""user_name"": ""Aleksandar Yovkov""}, {""tag"": ""text"", ""text"": "",""}, {""tag"": ""at"", ""user_id"": ""@_user_4"", ""user_name"": ""DANIELA""}, {""tag"": ""text"", ""text"": ""\n质控：""}, {""tag"": ""at"", ""user_id"": ""@_user_5"", ""user_name"": ""林佳志""}, {""tag"": ""text"", ""text"": ""\n客户：20019356智森國際有限公司\n救火类型：异常单\n仓库：DEBR2 Warehouse\n入库单号：EB0126082832600310\n头程类型：海外验-直发-海派\n包裹条码：\nsku：\n救火原因：客户已提交增值关联第三方商品条码，幸苦仓库确认并重新扫描上架商品。""}], [{""tag"": ""button"", ""text"": ""确认受理"", ""type"": ""default""}, {""tag"": ""button"", ""text"": ""确认关闭"", ""type"": ""default""}], [{""tag"": ""hr""}], [{""tag"": ""text"", ""text"": ""来自 ""}, {""tag"": ""a"", ""href"": ""https://winitlink.feishu.cn/base/CBUkbTYbma2NAnsSzZ9cq7Qrnvc?ccm_open_type=im_card_automation_link"", ""text"": ""海外仓入库运营（救火）case管理表""}]]}",赖烁骏；Vesislava Yovkova；Aleksandar Yovkov；DANIELA；林佳志,未知/系统,未知/系统,om_x100b6650a24da130c240cb28a8d5aaf,,增值；异常单；异常；EB；入库；上架；包裹条码；商品条码；仓库；救火
781,发货仓入库&增值运营（救火）- IB&VAS,oc_5b8848d27b7b3fa4a10eab865c4f9ffc,2026-09-01,2026-09-01 13:36,2026-09-01 13:36,omt_19f3eca58b0fdcb6,未知/系统,入库/仓库异常,"其他\n仓库：USGA Warehouse\n入库单号：WI52124641\n头程类型：商品仓内上架-含查验验货\n包裹条码：\nsku：\n救火原因：客户这个入库单是换包材入库的\n包材的SKU是992239 商品条码M010000000006525590\n麻烦按照换好的包材的尺寸 验货更新尺寸后 上架的 感谢""}], [{""tag"": ""button"", ""text"": ""确认受理"", ""type"": ""default""}, {""tag"": ""button"", ""text"": ""确认关闭"", ""type"": ""default""}], [{""tag"": ""hr""}], [{""tag"": ""text"", ""text"": ""来自 ""}, {""tag"": ""a"", ""href"": ""https://winitlink.feishu.cn/base/CBUkbTYbma2NAnsSzZ9cq7Qrnvc?ccm_open_type=im_card_automation_link"", ""text"": ""海外仓入库运营（救火）case管理表""}]]}；上架","17792735华佩贸易（上海）有限公司\n救火类型：其他\n仓库：USGA Warehouse\n入库单号：WI52124641\n头程类型：商品仓内上架-含查验验货\n包裹条码：\nsku：\n救火原因：客户这个入库单是换包材入库的\n包材的SKU是992239 商品条码M010000000006525590\n麻烦按照换好的包材的尺寸 验货更新尺寸后 上架的 感谢""}], [{""tag"": ""button"", ""text"": ""确认受理"", ""type"": ""default""}, {""tag"": ""button"", ""text"": ""确认关闭"", ""type"": ""default""}], [{""tag"": ""hr""}], [{""tag"": ""text"", ""text"": ""来自 ""}, {""tag"": ""a"", ""href"": ""https://winitlink.feishu.cn/base/CBUkbTYbma2NAnsSzZ9cq7Qrnvc?ccm_open_type=im_card_automation_link"", ""text"": ""海外仓入库运营（救火）case管理表""}]]}","USGA Warehouse\n入库单号：WI52124641\n头程类型：商品仓内上架-含查验验货\n包裹条码：\nsku：\n救火原因：客户这个入库单是换包材入库的\n包材的SKU是992239 商品条码M010000000006525590\n麻烦按照换好的包材的尺寸 验货更新尺寸后 上架的 感谢""}], [{""tag"": ""button"", ""text"": ""确认受理"", ""type"": ""default""}, {""tag"": ""button"", ""text"": ""确认关闭"", ""type"": ""default""}], [{""tag"": ""hr""}], [{""tag"": ""text"", ""text"": ""来自 ""}, {""tag"": ""a"", ""href"": ""https://winitlink.feishu.cn/base/CBUkbTYbma2NAnsSzZ9cq7Qrnvc?ccm_open_type=im_card_automation_link"", ""text"": ""海外仓入库运营（救火）case管理表""}]]}",WI52124641；M010000000006525590,"{""title"": ""请关注入库救火case"", ""elements"": [[{""tag"": ""text"", ""text"": ""提交人：""}, {""tag"": ""at"", ""user_id"": ""@_user_1"", ""user_name"": ""朱美霖""}, {""tag"": ""text"", ""text"": ""\n仓库处理人：""}, {""tag"": ""at"", ""user_id"": ""@_user_2"", ""user_name"": ""Boris Dong""}, {""tag"": ""text"", ""text"": "",""}...","[2026-09-01 13:36] 未知/系统: {""title"": ""请关注入库救火case"", ""elements"": [[{""tag"": ""text"", ""text"": ""提交人：""}, {""tag"": ""at"", ""user_id"": ""@_user_1"", ""user_name"": ""朱美霖""}, {""tag"": ""text"", ""text"": ""\n仓库处理人：""}, {""tag"": ""at"", ""user_id"": ""@_user_2"", ""user_name"": ""Boris Dong""}, {""tag"": ""text"", ""text"": "",""}, {""tag"": ""at"", ""user_id"": ""@_user_3"", ""user_name"": ""Jianan Sun""}, {""tag"": ""text"", ""text"": ""\n质控：""}, {""tag"": ""at"", ""user_id"": ""@_user_4"", ""user_name"": ""王鑫隆""}, {""tag"": ""text"", ""text"": "",""}, {""tag"": ""at"", ""user_id"": ""@_user_5"", ""user_name"": ""廖丹""}, {""tag"": ""text"", ""text"": ""\n客户：17792735华佩贸易（上海）有限公司\n救火类型：其他\n仓库：USGA Warehouse\n入库单号：WI52124641\n头程类型：商品仓内上架-含查验验货\n包裹条码：\nsku：\n救火原因：客户这个入库单是换包材入库的\n包材的SKU是992239 商品条码M010000000006525590\n麻烦按照换好的包材的尺寸 验货更新尺寸后 上架的 感谢""}], [{""tag"": ""button"", ""text"": ""确认受理"", ""type"": ""default""}, {""tag"": ""button"", ""text"": ""确认关闭"", ""type"": ""default""}], [{""tag"": ""hr""}], [{""tag"": ""text"", ""text"": ""来自 ""}, {""tag"": ""a"", ""href"": ""https://winitlink.feishu.cn/base/CBUkbTYbma2NAnsSzZ9cq7Qrnvc?ccm_open_type=im_card_automation_link"", ""text"": ""海外仓入库运营（救火）case管理表""}]]}",朱美霖；Boris Dong；Jianan Sun；王鑫隆；廖丹,未知/系统,未知/系统,om_x100b665208075cacb1abbdf49c638aa,,入库；上架；包裹条码；商品条码；仓库；救火
785,发货仓入库&增值运营（救火）- IB&VAS,oc_5b8848d27b7b3fa4a10eab865c4f9ffc,2026-09-01,2026-09-01 14:02,2026-09-01 14:02,omt_19f3e249af4d1a55,未知/系统,入库/仓库异常,"已超时效催上架\n仓库：DENW3 Warehouse\n入库单号：WI51381818\n头程类型：自验-直发-海运整柜-40HQ\n包裹条码：B0400000001437484692\nsku：\n救火原因：此单还有12箱8,17卸货后一直未上架，未看到有异常，请尽快安排上架，谢谢""}], [{""tag"": ""button"", ""text"": ""确认受理"", ""type"": ""default""}, {""tag"": ""button"", ""text"": ""确认关闭"", ""type"": ""default""}], [{""tag"": ""hr""}], [{""tag"": ""text"", ""text"": ""来自 ""}, {""tag"": ""a"", ""href"": ""https://winitlink.feishu.cn/base/CBUkbTYbma2NAnsSzZ9cq7Qrnvc?ccm_open_type=im_card_automation_link"", ""text"": ""海外仓入库运营（救火）case管理表""}]]}；上架","16758605Anker Technology (UK) Ltd.-3\n救火类型：已超时效催上架\n仓库：DENW3 Warehouse\n入库单号：WI51381818\n头程类型：自验-直发-海运整柜-40HQ\n包裹条码：B0400000001437484692\nsku：\n救火原因：此单还有12箱8,17卸货后一直未上架，未看到有异常，请尽快安排上架，谢谢""}], [{""tag"": ""button"", ""text"": ""确认受理"", ""type"": ""default""}, {""tag"": ""button"", ""text"": ""确认关闭"", ""type"": ""default""}], [{""tag"": ""hr""}], [{""tag"": ""text"", ""text"": ""来自 ""}, {""tag"": ""a"", ""href"": ""https://winitlink.feishu.cn/base/CBUkbTYbma2NAnsSzZ9cq7Qrnvc?ccm_open_type=im_card_automation_link"", ""text"": ""海外仓入库运营（救火）case管理表""}]]}","DENW3 Warehouse\n入库单号：WI51381818\n头程类型：自验-直发-海运整柜-40HQ\n包裹条码：B0400000001437484692\nsku：\n救火原因：此单还有12箱8,17卸货后一直未上架，未看到有异常，请尽快安排上架，谢谢""}], [{""tag"": ""button"", ""text"": ""确认受理"", ""type"": ""default""}, {""tag"": ""button"", ""text"": ""确认关闭"", ""type"": ""default""}], [{""tag"": ""hr""}], [{""tag"": ""text"", ""text"": ""来自 ""}, {""tag"": ""a"", ""href"": ""https://winitlink.feishu.cn/base/CBUkbTYbma2NAnsSzZ9cq7Qrnvc?ccm_open_type=im_card_automation_link"", ""text"": ""海外仓入库运营（救火）case管理表""}]]}",WI51381818；B0400000001437484692,"{""title"": ""请关注入库救火case"", ""elements"": [[{""tag"": ""text"", ""text"": ""提交人：""}, {""tag"": ""at"", ""user_id"": ""@_user_1"", ""user_name"": ""徐丽红""}, {""tag"": ""text"", ""text"": ""\n仓库处理人：""}, {""tag"": ""at"", ""user_id"": ""@_user_2"", ""user_name"": ""Mohamad Kazan ""}, {""tag"": ""text"", ""text"": ...","[2026-09-01 14:02] 未知/系统: {""title"": ""请关注入库救火case"", ""elements"": [[{""tag"": ""text"", ""text"": ""提交人：""}, {""tag"": ""at"", ""user_id"": ""@_user_1"", ""user_name"": ""徐丽红""}, {""tag"": ""text"", ""text"": ""\n仓库处理人：""}, {""tag"": ""at"", ""user_id"": ""@_user_2"", ""user_name"": ""Mohamad Kazan ""}, {""tag"": ""text"", ""text"": ""\n质控：""}, {""tag"": ""at"", ""user_id"": ""@_user_3"", ""user_name"": ""林佳志""}, {""tag"": ""text"", ""text"": ""\n客户：16758605Anker Technology (UK) Ltd.-3\n救火类型：已超时效催上架\n仓库：DENW3 Warehouse\n入库单号：WI51381818\n头程类型：自验-直发-海运整柜-40HQ\n包裹条码：B0400000001437484692\nsku：\n救火原因：此单还有12箱8,17卸货后一直未上架，未看到有异常，请尽快安排上架，谢谢""}], [{""tag"": ""button"", ""text"": ""确认受理"", ""type"": ""default""}, {""tag"": ""button"", ""text"": ""确认关闭"", ""type"": ""default""}], [{""tag"": ""hr""}], [{""tag"": ""text"", ""text"": ""来自 ""}, {""tag"": ""a"", ""href"": ""https://winitlink.feishu.cn/base/CBUkbTYbma2NAnsSzZ9cq7Qrnvc?ccm_open_type=im_card_automation_link"", ""text"": ""海外仓入库运营（救火）case管理表""}]]}",徐丽红；Mohamad Kazan ；林佳志,未知/系统,未知/系统,om_x100b6652e6c51880df9f1d73ac46f4e,,异常；入库；上架；包裹条码；仓库；救火
795,发货仓入库&增值运营（救火）- IB&VAS,oc_5b8848d27b7b3fa4a10eab865c4f9ffc,2026-09-01,2026-09-01 18:30,2026-09-04 15:52,omt_19f328d4b88f5c91,未知/系统,非标增值,整单商品按不良品上架，；上架,,,VASC000000338904；EB0326081932332206；WI51166114；WI51949082；M010000000013025890；B0326081932332206,"[Image:img_v3_02154_c21579a6-084f-4fe2-8b27-15e6ca39a66h] Please check, this was made by VAS team @_user_1 @_user_1 凡哥。帮忙看看为什么入库单的sku：M010000000013025890 上架会变成不良品的 we just normal putaway, pls ask helpdesk or someone else @_user_1 哥， 可以协助看看，为什么 M010000000013025...","[2026-09-01 18:30] Vesislava Yovkova: [Image:img_v3_02154_c21579a6-084f-4fe2-8b27-15e6ca39a66h]
Please check, this was made by VAS team
[2026-09-01 20:49] Vesislava Yovkova: @_user_1
[2026-09-02 19:15] 许怡引: @_user_1 凡哥。帮忙看看为什么入库单的sku：M010000000013025890 上架会变成不良品的
[2026-09-03 14:14] 张凡: we just normal putaway, pls ask helpdesk or someone else
[2026-09-03 17:38] 许怡引: @_user_1 哥， 可以协助看看，为什么 M010000000013025890 入库的sku 会变成不良品库存吗？
[2026-09-03 17:40] HelpDesk: @_user_1 我看下
[2026-09-03 19:02] HelpDesk: M010000000013025890 出现了额外的商品被登记成不良品
原单是WI51166114，后面出现了B03E03_包裹内出现订单外商品，改为新单入库WI51949082。查验验货后，就是不良品，这里得问下运营了
[Image:img_v3_02156_53e9c2fa-8ffc-479c-9a2a-76e63a98439g]
[Image:img_v3_02156_e81a1a5d-b6f7-4a84-97c9-c916b6b3004g]
[2026-09-03 19:02] HelpDesk: @_user_1
[2026-09-03 19:13] 许怡引: @_user_1  辛苦协助看看 为什么sku 会变成不良品处理上架
[2026-09-03 19:17] 林佳志: @_user_1 看一下M010000000013025890 通过WI51949082上架，怎么变成不良品了
[2026-09-03 19:17] 未知/系统: {""title"": null, ""elements"": [[{""tag"": ""img"", ""image_key"": ""img_v3_02ad_e19fca1f-912a-450e-95de-3c229091b53g""}, {""tag"": ""text"", ""text"": ""请升级至最新版本客户端，以查看内容""}, {""tag"": ""text"", ""text"": """"}]]}
[2026-09-03 21:31] 许怡引: @_user_1 还是没有说明 sku变成不良品的原因哦 ～
[2026-09-04 11:27] 许怡引: @_user_1  辛苦看到信息后核实下哦，客户需要知道为什么sku  M010000000013025890 会是不良品呢， 谢谢啦
[2026-09-04 11:58] 林佳志: [Image:img_v3_02157_51b343fc-5aaa-4bb7-9f9a-0bd8dceb4b0g]
@许怡引   这个我的理解 是不是自己下的增值服务？[emotion]
[2026-09-04 11:59] 林佳志: [Image:img_v3_02157_8ab4703a-302e-463b-b7b2-f2b4581a551g]
[2026-09-04 12:05] 许怡引: @林佳志  原入库单 WI51166114（自验-直发-海卡） 有个异常单号:EB0326081932332206（包裹内出现订单外商品）， 客户按照VASC000000338904：新单上架（客户创建入库单） ：WI51949082       入库-补贴包裹条码维护上架后，  sku   ：M010000000013025890  就变成不良品， 您是这意思不
[Image:img_v3_02157_57d2a48d-84cf-479f-9f88-e706b470a41g]
[2026-09-04 12:15] 林佳志: @_user_1 我的意思是：WI51949082    这个入库单有一个增值服务：整单商品按不良品上架，
这个应该是这个SU自动关联的增值是吧？@_user_2
[2026-09-04 15:49] 耿文文: @林佳志 @许怡引 这个增值是客户增值做新单入库时，新单勾选了这个服务，勾选后上架的就是不良品
[Image:img_v3_02157_ed9e68c7-c1ec-4438-8fa4-f83881ac0bcg]
[2026-09-04 15:52] 许怡引: @_user_1 我明白了， 谢谢谢谢",张凡；HelpDesk；许怡引；林佳志；WMS助手Bot；耿文文,耿文文；未知/系统,Vesislava Yovkova；许怡引；张凡；HelpDesk；林佳志；未知/系统；耿文文,om_x100b665e4f1464a4b3d347342dc9963,,增值；VASC；异常单；异常；EB；入库；补贴；上架；包裹条码
801,发货仓入库&增值运营（救火）- IB&VAS,oc_5b8848d27b7b3fa4a10eab865c4f9ffc,2026-09-01,2026-09-01 18:58,2026-09-01 18:58,omt_19f32776b64fdc9e,未知/系统,入库/仓库异常,"时效内催上架\n仓库：UKTW Warehouse\n入库单号：WI50883484\n头程类型：自验-直发-海卡\n\n包裹条码：B0400000001429197007\nB0400000001429197015\nB0400000001429197026\nB0400000001429197034\nB0400000001429197047\nB0400000001429197052\nB0400000001429197061\nB0400000001429197074\nB0400000001429197087\nB0400000001429197092\n\nsku：M010000000009510509\n救火原因：以上sku即将断货，对应包裹9月1号已卸货，麻烦加急上架""}], [{""tag"": ""button"", ""text"": ""确认受理"", ""type"": ""default""}, {""tag"": ""button"", ""text"": ""确认关闭"", ""type"": ""default""}], [{""tag"": ""hr""}], [{""tag"": ""text"", ""text"": ""来自 ""}, {""tag"": ""a"", ""href"": ""https://winitlink.feishu.cn/base/CBUkbTYbma2NAnsSzZ9cq7Qrnvc?ccm_open_type=im_card_automation_link"", ""text"": ""海外仓入库运营（救火）case管理表""}]]}；上架","11105125深圳市睿联技术有限公司\n救火类型：时效内催上架\n仓库：UKTW Warehouse\n入库单号：WI50883484\n头程类型：自验-直发-海卡\n\n包裹条码：B0400000001429197007\nB0400000001429197015\nB0400000001429197026\nB0400000001429197034\nB0400000001429197047\nB0400000001429197052\nB0400000001429197061\nB0400000001429197074\nB0400000001429197087\nB0400000001429197092\n\nsku：M010000000009510509\n救火原因：以上sku即将断货，对应包裹9月1号已卸货，麻烦加急上架""}], [{""tag"": ""button"", ""text"": ""确认受理"", ""type"": ""default""}, {""tag"": ""button"", ""text"": ""确认关闭"", ""type"": ""default""}], [{""tag"": ""hr""}], [{""tag"": ""text"", ""text"": ""来自 ""}, {""tag"": ""a"", ""href"": ""https://winitlink.feishu.cn/base/CBUkbTYbma2NAnsSzZ9cq7Qrnvc?ccm_open_type=im_card_automation_link"", ""text"": ""海外仓入库运营（救火）case管理表""}]]}","UKTW Warehouse\n入库单号：WI50883484\n头程类型：自验-直发-海卡\n\n包裹条码：B0400000001429197007\nB0400000001429197015\nB0400000001429197026\nB0400000001429197034\nB0400000001429197047\nB0400000001429197052\nB0400000001429197061\nB0400000001429197074\nB0400000001429197087\nB0400000001429197092\n\nsku：M010000000009510509\n救火原因：以上sku即将断货，对应包裹9月1号已卸货，麻烦加急上架""}], [{""tag"": ""button"", ""text"": ""确认受理"", ""type"": ""default""}, {""tag"": ""button"", ""text"": ""确认关闭"", ""type"": ""default""}], [{""tag"": ""hr""}], [{""tag"": ""text"", ""text"": ""来自 ""}, {""tag"": ""a"", ""href"": ""https://winitlink.feishu.cn/base/CBUkbTYbma2NAnsSzZ9cq7Qrnvc?ccm_open_type=im_card_automation_link"", ""text"": ""海外仓入库运营（救火）case管理表""}]]}",WI50883484；M010000000009510509；B0400000001429197007；B0400000001429197015；B0400000001429197026；B0400000001429197034；B0400000001429197047；B0400000001429197052；B0400000001429197061；B0400000001429197074；B0400000001429197087；B0400000001429197092,"{""title"": ""请关注入库救火case"", ""elements"": [[{""tag"": ""text"", ""text"": ""提交人：""}, {""tag"": ""at"", ""user_id"": ""@_user_1"", ""user_name"": ""陈志颖""}, {""tag"": ""text"", ""text"": ""\n仓库处理人：""}, {""tag"": ""at"", ""user_id"": ""@_user_2"", ""user_name"": ""王婉清""}, {""tag"": ""text"", ""text"": ""\n质控：""}, {...","[2026-09-01 18:58] 未知/系统: {""title"": ""请关注入库救火case"", ""elements"": [[{""tag"": ""text"", ""text"": ""提交人：""}, {""tag"": ""at"", ""user_id"": ""@_user_1"", ""user_name"": ""陈志颖""}, {""tag"": ""text"", ""text"": ""\n仓库处理人：""}, {""tag"": ""at"", ""user_id"": ""@_user_2"", ""user_name"": ""王婉清""}, {""tag"": ""text"", ""text"": ""\n质控：""}, {""tag"": ""at"", ""user_id"": ""@_user_3"", ""user_name"": ""罗澳""}, {""tag"": ""text"", ""text"": ""\n客户：11105125深圳市睿联技术有限公司\n救火类型：时效内催上架\n仓库：UKTW Warehouse\n入库单号：WI50883484\n头程类型：自验-直发-海卡\n\n包裹条码：B0400000001429197007\nB0400000001429197015\nB0400000001429197026\nB0400000001429197034\nB0400000001429197047\nB0400000001429197052\nB0400000001429197061\nB0400000001429197074\nB0400000001429197087\nB0400000001429197092\n\nsku：M010000000009510509\n救火原因：以上sku即将断货，对应包裹9月1号已卸货，麻烦加急上架""}], [{""tag"": ""button"", ""text"": ""确认受理"", ""type"": ""default""}, {""tag"": ""button"", ""text"": ""确认关闭"", ""type"": ""default""}], [{""tag"": ""hr""}], [{""tag"": ""text"", ""text"": ""来自 ""}, {""tag"": ""a"", ""href"": ""https://winitlink.feishu.cn/base/CBUkbTYbma2NAnsSzZ9cq7Qrnvc?ccm_open_type=im_card_automation_link"", ""text"": ""海外仓入库运营（救火）case管理表""}]]}",陈志颖；王婉清；罗澳,未知/系统,未知/系统,om_x100b665eb53488acb324c5cc492b0ad,,入库；上架；包裹条码；仓库；救火
806,发货仓入库&增值运营（救火）- IB&VAS,oc_5b8848d27b7b3fa4a10eab865c4f9ffc,2026-09-02,2026-09-02 09:55,2026-09-02 18:25,omt_19f33401944f1b97,未知/系统,非标增值,上架,,,VASC000000349008；VASC000000349011；VASC000000348993；EB0126082932625720；EB0126082932625714；EB0126082932625717；B0126082932625720；B0126082932625714；B0126082932625717,@_user_1 看下这个客户能不能做那个关联第三方条码的增值？还是只能关闭异常线下操作 @_user_1 你找下产品，这种情况是有对应的增值单的，需要客户下增值处理，不能让仓库无单操作的哈 [Image:img_v3_02155_a71631d6-2422-4782-848f-b6d1b3eb97eg] @赖敏 我看定义这里写的是无需关联增值单[emotion] @_user_1 文文，看下这个case，仓库直接不通过增值单就扫描上架？ [Image:img_v3_02155_84378493-78bc-4c50...,"[2026-09-02 09:55] Christopher Deng: @_user_1 看下这个客户能不能做那个关联第三方条码的增值？还是只能关闭异常线下操作
[2026-09-02 11:25] 赖敏: @_user_1 你找下产品，这种情况是有对应的增值单的，需要客户下增值处理，不能让仓库无单操作的哈
[2026-09-02 11:28] 李游游: [Image:img_v3_02155_a71631d6-2422-4782-848f-b6d1b3eb97eg]
@赖敏  我看定义这里写的是无需关联增值单[emotion]
[2026-09-02 11:39] 赖敏: @_user_1 文文，看下这个case，仓库直接不通过增值单就扫描上架？
[2026-09-02 11:52] 耿文文: [Image:img_v3_02155_84378493-78bc-4c50-ad5a-ffe0c5f7b24g]
这个我看历史仓库操作手册里面有些，看看这个还适不适用？@赖敏
[2026-09-02 12:03] 赖敏: @_user_1 仓库直接处理上架，操作上是没有卡点，但是之前产品不是一直在说无单不能操作吗
[2026-09-02 12:19] 耿文文: @_user_1 @_user_2 还是要下增值的，这个产品定义后续会改一下
[2026-09-02 12:47] 李游游: @_user_1 这个要下补贴条码的增值还是什么增值嘞
[2026-09-02 13:16] 耿文文: @李游游 有个入库-第三方条码关联的增值可以下
[Image:img_v3_02155_b8b0c40f-ca81-4a51-beab-1fadb0e34c2g]
[2026-09-02 14:52] 李游游: @_user_1  @_user_2 客户已经关联了三方条码，这次的异常处理方式能先让仓库能上架了吗，后续此类异常客户再下增值[流泪]
[2026-09-02 14:53] 耿文文: @_user_1 不能  走增值处理，不然异常单仓库也关不掉的
[2026-09-02 18:23] 李游游: EB0126082932625720 绑定增值订单VASC000000349008
EB0126082932625714 绑定增值订单VASC000000349011
EB0126082932625717 绑定增值订单VASC000000348993
@_user_1 @_user_2  客户提交增值了，辛苦仓库处理这几个异常，谢谢
[2026-09-02 18:25] 李游游: [Image:img_v3_02155_2bdf417c-119d-4352-b925-b52335ebb90g]
@耿文文  这个处理方式客户在万邑联异常界面也可以看到，辛苦看怎么更改一下，不然可以也会认为不用提交增值关联了三方条码就可以[emotion]",赖敏；李游游；耿文文；Christopher Deng,耿文文,Christopher Deng；赖敏；李游游；耿文文,om_x100b665f8246a8a0c3bbd99117e6748,,增值；VASC；异常单；异常；EB；入库；补贴；上架；仓库
807,发货仓入库&增值运营（救火）- IB&VAS,oc_5b8848d27b7b3fa4a10eab865c4f9ffc,2026-09-01,2026-09-01 21:24,2026-09-01 21:24,omt_19f3593db0969b96,未知/系统,入库/仓库异常,"时效内催上架\n仓库：UKTW Warehouse\n入库单号：WI50727877\n头程类型：自验-海运散货-递延清关（新）\n包裹条码：B0400000001425772415\nB0400000001425772456\nB0400000001425772506\nB0400000001425772515\nB0400000001425772524\nB0400000001425772530\nB0400000001425772540\nB0400000001425772642\nsku：M010000000006793961\nM010000000005700069\n救火原因：客户超卖，麻烦帮忙优先安排上架，谢谢""}], [{""tag"": ""button"", ""text"": ""确认受理"", ""type"": ""default""}, {""tag"": ""button"", ""text"": ""确认关闭"", ""type"": ""default""}], [{""tag"": ""hr""}], [{""tag"": ""text"", ""text"": ""来自 ""}, {""tag"": ""a"", ""href"": ""https://winitlink.feishu.cn/base/CBUkbTYbma2NAnsSzZ9cq7Qrnvc?ccm_open_type=im_card_automation_link"", ""text"": ""海外仓入库运营（救火）case管理表""}]]}；上架","15935055STORMRISE LIMITED\n救火类型：时效内催上架\n仓库：UKTW Warehouse\n入库单号：WI50727877\n头程类型：自验-海运散货-递延清关（新）\n包裹条码：B0400000001425772415\nB0400000001425772456\nB0400000001425772506\nB0400000001425772515\nB0400000001425772524\nB0400000001425772530\nB0400000001425772540\nB0400000001425772642\nsku：M010000000006793961\nM010000000005700069\n救火原因：客户超卖，麻烦帮忙优先安排上架，谢谢""}], [{""tag"": ""button"", ""text"": ""确认受理"", ""type"": ""default""}, {""tag"": ""button"", ""text"": ""确认关闭"", ""type"": ""default""}], [{""tag"": ""hr""}], [{""tag"": ""text"", ""text"": ""来自 ""}, {""tag"": ""a"", ""href"": ""https://winitlink.feishu.cn/base/CBUkbTYbma2NAnsSzZ9cq7Qrnvc?ccm_open_type=im_card_automation_link"", ""text"": ""海外仓入库运营（救火）case管理表""}]]}","UKTW Warehouse\n入库单号：WI50727877\n头程类型：自验-海运散货-递延清关（新）\n包裹条码：B0400000001425772415\nB0400000001425772456\nB0400000001425772506\nB0400000001425772515\nB0400000001425772524\nB0400000001425772530\nB0400000001425772540\nB0400000001425772642\nsku：M010000000006793961\nM010000000005700069\n救火原因：客户超卖，麻烦帮忙优先安排上架，谢谢""}], [{""tag"": ""button"", ""text"": ""确认受理"", ""type"": ""default""}, {""tag"": ""button"", ""text"": ""确认关闭"", ""type"": ""default""}], [{""tag"": ""hr""}], [{""tag"": ""text"", ""text"": ""来自 ""}, {""tag"": ""a"", ""href"": ""https://winitlink.feishu.cn/base/CBUkbTYbma2NAnsSzZ9cq7Qrnvc?ccm_open_type=im_card_automation_link"", ""text"": ""海外仓入库运营（救火）case管理表""}]]}",WI50727877；M010000000006793961；M010000000005700069；B0400000001425772415；B0400000001425772456；B0400000001425772506；B0400000001425772515；B0400000001425772524；B0400000001425772530；B0400000001425772540；B0400000001425772642,"{""title"": ""请关注入库救火case"", ""elements"": [[{""tag"": ""text"", ""text"": ""提交人：""}, {""tag"": ""at"", ""user_id"": ""@_user_1"", ""user_name"": ""张曼""}, {""tag"": ""text"", ""text"": ""\n仓库处理人：""}, {""tag"": ""at"", ""user_id"": ""@_user_2"", ""user_name"": ""王婉清""}, {""tag"": ""text"", ""text"": ""\n质控：""}, {""...","[2026-09-01 21:24] 未知/系统: {""title"": ""请关注入库救火case"", ""elements"": [[{""tag"": ""text"", ""text"": ""提交人：""}, {""tag"": ""at"", ""user_id"": ""@_user_1"", ""user_name"": ""张曼""}, {""tag"": ""text"", ""text"": ""\n仓库处理人：""}, {""tag"": ""at"", ""user_id"": ""@_user_2"", ""user_name"": ""王婉清""}, {""tag"": ""text"", ""text"": ""\n质控：""}, {""tag"": ""at"", ""user_id"": ""@_user_3"", ""user_name"": ""罗澳""}, {""tag"": ""text"", ""text"": ""\n客户：15935055STORMRISE LIMITED\n救火类型：时效内催上架\n仓库：UKTW Warehouse\n入库单号：WI50727877\n头程类型：自验-海运散货-递延清关（新）\n包裹条码：B0400000001425772415\nB0400000001425772456\nB0400000001425772506\nB0400000001425772515\nB0400000001425772524\nB0400000001425772530\nB0400000001425772540\nB0400000001425772642\nsku：M010000000006793961\nM010000000005700069\n救火原因：客户超卖，麻烦帮忙优先安排上架，谢谢""}], [{""tag"": ""button"", ""text"": ""确认受理"", ""type"": ""default""}, {""tag"": ""button"", ""text"": ""确认关闭"", ""type"": ""default""}], [{""tag"": ""hr""}], [{""tag"": ""text"", ""text"": ""来自 ""}, {""tag"": ""a"", ""href"": ""https://winitlink.feishu.cn/base/CBUkbTYbma2NAnsSzZ9cq7Qrnvc?ccm_open_type=im_card_automation_link"", ""text"": ""海外仓入库运营（救火）case管理表""}]]}",张曼；王婉清；罗澳,未知/系统,未知/系统,om_x100b66595184e538c3a0f5de2c270ec,,入库；上架；包裹条码；仓库；救火
819,发货仓入库&增值运营（救火）- IB&VAS,oc_5b8848d27b7b3fa4a10eab865c4f9ffc,2026-09-02,2026-09-02 10:57,2026-09-02 10:57,omt_19f21848844d1c82,未知/系统,入库/仓库异常,"其他\n仓库：UKTW Warehouse\n入库单号：WI51809915\n头程类型：自验-直发-空派\n包裹条码：\nsku：\n救火原因：已到仓，麻烦尽量加急上架，谢谢\n有超卖\n跟踪号\n15503975818960\n15503975818958\n15503975818957\n15503975818959""}], [{""tag"": ""button"", ""text"": ""确认受理"", ""type"": ""default""}, {""tag"": ""button"", ""text"": ""确认关闭"", ""type"": ""default""}], [{""tag"": ""hr""}], [{""tag"": ""text"", ""text"": ""来自 ""}, {""tag"": ""a"", ""href"": ""https://winitlink.feishu.cn/base/CBUkbTYbma2NAnsSzZ9cq7Qrnvc?ccm_open_type=im_card_automation_link"", ""text"": ""海外仓入库运营（救火）case管理表""}]]}；上架","13569333胡子怡\n救火类型：其他\n仓库：UKTW Warehouse\n入库单号：WI51809915\n头程类型：自验-直发-空派\n包裹条码：\nsku：\n救火原因：已到仓，麻烦尽量加急上架，谢谢\n有超卖\n跟踪号\n15503975818960\n15503975818958\n15503975818957\n15503975818959""}], [{""tag"": ""button"", ""text"": ""确认受理"", ""type"": ""default""}, {""tag"": ""button"", ""text"": ""确认关闭"", ""type"": ""default""}], [{""tag"": ""hr""}], [{""tag"": ""text"", ""text"": ""来自 ""}, {""tag"": ""a"", ""href"": ""https://winitlink.feishu.cn/base/CBUkbTYbma2NAnsSzZ9cq7Qrnvc?ccm_open_type=im_card_automation_link"", ""text"": ""海外仓入库运营（救火）case管理表""}]]}","UKTW Warehouse\n入库单号：WI51809915\n头程类型：自验-直发-空派\n包裹条码：\nsku：\n救火原因：已到仓，麻烦尽量加急上架，谢谢\n有超卖\n跟踪号\n15503975818960\n15503975818958\n15503975818957\n15503975818959""}], [{""tag"": ""button"", ""text"": ""确认受理"", ""type"": ""default""}, {""tag"": ""button"", ""text"": ""确认关闭"", ""type"": ""default""}], [{""tag"": ""hr""}], [{""tag"": ""text"", ""text"": ""来自 ""}, {""tag"": ""a"", ""href"": ""https://winitlink.feishu.cn/base/CBUkbTYbma2NAnsSzZ9cq7Qrnvc?ccm_open_type=im_card_automation_link"", ""text"": ""海外仓入库运营（救火）case管理表""}]]}",WI51809915,"{""title"": ""请关注入库救火case"", ""elements"": [[{""tag"": ""text"", ""text"": ""提交人：""}, {""tag"": ""at"", ""user_id"": ""@_user_1"", ""user_name"": ""史绍玉""}, {""tag"": ""text"", ""text"": ""\n仓库处理人：""}, {""tag"": ""at"", ""user_id"": ""@_user_2"", ""user_name"": ""王婉清""}, {""tag"": ""text"", ""text"": ""\n质控：""}, {...","[2026-09-02 10:57] 未知/系统: {""title"": ""请关注入库救火case"", ""elements"": [[{""tag"": ""text"", ""text"": ""提交人：""}, {""tag"": ""at"", ""user_id"": ""@_user_1"", ""user_name"": ""史绍玉""}, {""tag"": ""text"", ""text"": ""\n仓库处理人：""}, {""tag"": ""at"", ""user_id"": ""@_user_2"", ""user_name"": ""王婉清""}, {""tag"": ""text"", ""text"": ""\n质控：""}, {""tag"": ""at"", ""user_id"": ""@_user_3"", ""user_name"": ""罗澳""}, {""tag"": ""text"", ""text"": ""\n客户：13569333胡子怡\n救火类型：其他\n仓库：UKTW Warehouse\n入库单号：WI51809915\n头程类型：自验-直发-空派\n包裹条码：\nsku：\n救火原因：已到仓，麻烦尽量加急上架，谢谢\n有超卖\n跟踪号\n15503975818960\n15503975818958\n15503975818957\n15503975818959""}], [{""tag"": ""button"", ""text"": ""确认受理"", ""type"": ""default""}, {""tag"": ""button"", ""text"": ""确认关闭"", ""type"": ""default""}], [{""tag"": ""hr""}], [{""tag"": ""text"", ""text"": ""来自 ""}, {""tag"": ""a"", ""href"": ""https://winitlink.feishu.cn/base/CBUkbTYbma2NAnsSzZ9cq7Qrnvc?ccm_open_type=im_card_automation_link"", ""text"": ""海外仓入库运营（救火）case管理表""}]]}",史绍玉；王婉清；罗澳,未知/系统,未知/系统,om_x100b664d46d7a880b2e0fac14f6e3b8,,入库；上架；包裹条码；仓库；救火
822,发货仓入库&增值运营（救火）- IB&VAS,oc_5b8848d27b7b3fa4a10eab865c4f9ffc,2026-09-02,2026-09-02 11:37,2026-09-02 11:37,omt_19f211261e4f9ce4,未知/系统,入库/仓库异常,"已超时效催上架\n仓库：DENW3 Warehouse\n入库单号：WI51689135\nWI51692370\n头程类型：海外验-直发-海运整柜-40HQ\n包裹条码：部分包裹\nsku：\n救火原因：两个单都是8月28送达仓库，全部包裹都卸货了，剩下一部分没上齐，请仓库加急，谢谢""}], [{""tag"": ""button"", ""text"": ""确认受理"", ""type"": ""default""}, {""tag"": ""button"", ""text"": ""确认关闭"", ""type"": ""default""}], [{""tag"": ""hr""}], [{""tag"": ""text"", ""text"": ""来自 ""}, {""tag"": ""a"", ""href"": ""https://winitlink.feishu.cn/base/CBUkbTYbma2NAnsSzZ9cq7Qrnvc?ccm_open_type=im_card_automation_link"", ""text"": ""海外仓入库运营（救火）case管理表""}]]}；上架","19227270自由創新(香港)有限公司\n救火类型：已超时效催上架\n仓库：DENW3 Warehouse\n入库单号：WI51689135\nWI51692370\n头程类型：海外验-直发-海运整柜-40HQ\n包裹条码：部分包裹\nsku：\n救火原因：两个单都是8月28送达仓库，全部包裹都卸货了，剩下一部分没上齐，请仓库加急，谢谢""}], [{""tag"": ""button"", ""text"": ""确认受理"", ""type"": ""default""}, {""tag"": ""button"", ""text"": ""确认关闭"", ""type"": ""default""}], [{""tag"": ""hr""}], [{""tag"": ""text"", ""text"": ""来自 ""}, {""tag"": ""a"", ""href"": ""https://winitlink.feishu.cn/base/CBUkbTYbma2NAnsSzZ9cq7Qrnvc?ccm_open_type=im_card_automation_link"", ""text"": ""海外仓入库运营（救火）case管理表""}]]}","DENW3 Warehouse\n入库单号：WI51689135\nWI51692370\n头程类型：海外验-直发-海运整柜-40HQ\n包裹条码：部分包裹\nsku：\n救火原因：两个单都是8月28送达仓库，全部包裹都卸货了，剩下一部分没上齐，请仓库加急，谢谢""}], [{""tag"": ""button"", ""text"": ""确认受理"", ""type"": ""default""}, {""tag"": ""button"", ""text"": ""确认关闭"", ""type"": ""default""}], [{""tag"": ""hr""}], [{""tag"": ""text"", ""text"": ""来自 ""}, {""tag"": ""a"", ""href"": ""https://winitlink.feishu.cn/base/CBUkbTYbma2NAnsSzZ9cq7Qrnvc?ccm_open_type=im_card_automation_link"", ""text"": ""海外仓入库运营（救火）case管理表""}]]}",WI51689135；WI51692370,"{""title"": ""请关注入库救火case"", ""elements"": [[{""tag"": ""text"", ""text"": ""提交人：""}, {""tag"": ""at"", ""user_id"": ""@_user_1"", ""user_name"": ""钟晓环""}, {""tag"": ""text"", ""text"": ""\n仓库处理人：""}, {""tag"": ""at"", ""user_id"": ""@_user_2"", ""user_name"": ""Mohamad Kazan ""}, {""tag"": ""text"", ""text"": ...","[2026-09-02 11:37] 未知/系统: {""title"": ""请关注入库救火case"", ""elements"": [[{""tag"": ""text"", ""text"": ""提交人：""}, {""tag"": ""at"", ""user_id"": ""@_user_1"", ""user_name"": ""钟晓环""}, {""tag"": ""text"", ""text"": ""\n仓库处理人：""}, {""tag"": ""at"", ""user_id"": ""@_user_2"", ""user_name"": ""Mohamad Kazan ""}, {""tag"": ""text"", ""text"": ""\n质控：""}, {""tag"": ""at"", ""user_id"": ""@_user_3"", ""user_name"": ""林佳志""}, {""tag"": ""text"", ""text"": ""\n客户：19227270自由創新(香港)有限公司\n救火类型：已超时效催上架\n仓库：DENW3 Warehouse\n入库单号：WI51689135\nWI51692370\n头程类型：海外验-直发-海运整柜-40HQ\n包裹条码：部分包裹\nsku：\n救火原因：两个单都是8月28送达仓库，全部包裹都卸货了，剩下一部分没上齐，请仓库加急，谢谢""}], [{""tag"": ""button"", ""text"": ""确认受理"", ""type"": ""default""}, {""tag"": ""button"", ""text"": ""确认关闭"", ""type"": ""default""}], [{""tag"": ""hr""}], [{""tag"": ""text"", ""text"": ""来自 ""}, {""tag"": ""a"", ""href"": ""https://winitlink.feishu.cn/base/CBUkbTYbma2NAnsSzZ9cq7Qrnvc?ccm_open_type=im_card_automation_link"", ""text"": ""海外仓入库运营（救火）case管理表""}]]}",钟晓环；Mohamad Kazan ；林佳志,未知/系统,未知/系统,om_x100b664dd03e08a8b484d7d0897920e,,入库；上架；包裹条码；仓库；救火
825,发货仓入库&增值运营（救火）- IB&VAS,oc_5b8848d27b7b3fa4a10eab865c4f9ffc,2026-09-02,2026-09-02 14:14,2026-09-02 14:14,omt_19f2360788cd1c91,未知/系统,入库/仓库异常,"时效内催上架\n仓库：USGA Warehouse\n入库单号：WI51757054\n头程类型：自验整柜港提派\n包裹条码：\nB0400000001444885234等共582个包裹\nsku：\n救火原因：此柜内已有部分货物售出，着急上架出库，辛苦库内同事优先尽快上架，非常感谢！！！""}], [{""tag"": ""button"", ""text"": ""确认受理"", ""type"": ""default""}, {""tag"": ""button"", ""text"": ""确认关闭"", ""type"": ""default""}], [{""tag"": ""hr""}], [{""tag"": ""text"", ""text"": ""来自 ""}, {""tag"": ""a"", ""href"": ""https://winitlink.feishu.cn/base/CBUkbTYbma2NAnsSzZ9cq7Qrnvc?ccm_open_type=im_card_automation_link"", ""text"": ""海外仓入库运营（救火）case管理表""}]]}；上架","19104098RED NOW LIMITED\n救火类型：时效内催上架\n仓库：USGA Warehouse\n入库单号：WI51757054\n头程类型：自验整柜港提派\n包裹条码：\nB0400000001444885234等共582个包裹\nsku：\n救火原因：此柜内已有部分货物售出，着急上架出库，辛苦库内同事优先尽快上架，非常感谢！！！""}], [{""tag"": ""button"", ""text"": ""确认受理"", ""type"": ""default""}, {""tag"": ""button"", ""text"": ""确认关闭"", ""type"": ""default""}], [{""tag"": ""hr""}], [{""tag"": ""text"", ""text"": ""来自 ""}, {""tag"": ""a"", ""href"": ""https://winitlink.feishu.cn/base/CBUkbTYbma2NAnsSzZ9cq7Qrnvc?ccm_open_type=im_card_automation_link"", ""text"": ""海外仓入库运营（救火）case管理表""}]]}","USGA Warehouse\n入库单号：WI51757054\n头程类型：自验整柜港提派\n包裹条码：\nB0400000001444885234等共582个包裹\nsku：\n救火原因：此柜内已有部分货物售出，着急上架出库，辛苦库内同事优先尽快上架，非常感谢！！！""}], [{""tag"": ""button"", ""text"": ""确认受理"", ""type"": ""default""}, {""tag"": ""button"", ""text"": ""确认关闭"", ""type"": ""default""}], [{""tag"": ""hr""}], [{""tag"": ""text"", ""text"": ""来自 ""}, {""tag"": ""a"", ""href"": ""https://winitlink.feishu.cn/base/CBUkbTYbma2NAnsSzZ9cq7Qrnvc?ccm_open_type=im_card_automation_link"", ""text"": ""海外仓入库运营（救火）case管理表""}]]}",WI51757054；B0400000001444885234,"{""title"": ""请关注入库救火case"", ""elements"": [[{""tag"": ""text"", ""text"": ""提交人：""}, {""tag"": ""at"", ""user_id"": ""@_user_1"", ""user_name"": ""刘明振""}, {""tag"": ""text"", ""text"": ""\n仓库处理人：""}, {""tag"": ""at"", ""user_id"": ""@_user_2"", ""user_name"": ""Boris Dong""}, {""tag"": ""text"", ""text"": "",""}...","[2026-09-02 14:14] 未知/系统: {""title"": ""请关注入库救火case"", ""elements"": [[{""tag"": ""text"", ""text"": ""提交人：""}, {""tag"": ""at"", ""user_id"": ""@_user_1"", ""user_name"": ""刘明振""}, {""tag"": ""text"", ""text"": ""\n仓库处理人：""}, {""tag"": ""at"", ""user_id"": ""@_user_2"", ""user_name"": ""Boris Dong""}, {""tag"": ""text"", ""text"": "",""}, {""tag"": ""at"", ""user_id"": ""@_user_3"", ""user_name"": ""Jianan Sun""}, {""tag"": ""text"", ""text"": ""\n质控：""}, {""tag"": ""at"", ""user_id"": ""@_user_4"", ""user_name"": ""王鑫隆""}, {""tag"": ""text"", ""text"": "",""}, {""tag"": ""at"", ""user_id"": ""@_user_5"", ""user_name"": ""廖丹""}, {""tag"": ""text"", ""text"": ""\n客户：19104098RED NOW LIMITED\n救火类型：时效内催上架\n仓库：USGA Warehouse\n入库单号：WI51757054\n头程类型：自验整柜港提派\n包裹条码：\nB0400000001444885234等共582个包裹\nsku：\n救火原因：此柜内已有部分货物售出，着急上架出库，辛苦库内同事优先尽快上架，非常感谢！！！""}], [{""tag"": ""button"", ""text"": ""确认受理"", ""type"": ""default""}, {""tag"": ""button"", ""text"": ""确认关闭"", ""type"": ""default""}], [{""tag"": ""hr""}], [{""tag"": ""text"", ""text"": ""来自 ""}, {""tag"": ""a"", ""href"": ""https://winitlink.feishu.cn/base/CBUkbTYbma2NAnsSzZ9cq7Qrnvc?ccm_open_type=im_card_automation_link"", ""text"": ""海外仓入库运营（救火）case管理表""}]]}",刘明振；Boris Dong；Jianan Sun；王鑫隆；廖丹,未知/系统,未知/系统,om_x100b664fa2276080b3d6d470ff5bd46,,入库；出库；库内；上架；包裹条码；仓库；救火
834,发货仓入库&增值运营（救火）- IB&VAS,oc_5b8848d27b7b3fa4a10eab865c4f9ffc,2026-09-02,2026-09-02 16:36,2026-09-02 16:36,omt_19f268ecf94f5c8b,未知/系统,入库/仓库异常,"时效内催上架\n仓库：DENW3 Warehouse\n入库单号：WI51894962\nWI51699008\nWI51698701\n头程类型：海外验-直发-海运整柜-40HQ\n包裹条码：整单\nsku：\n救火原因：货物到仓时间2026-08-31 ，3单全部都麻烦仓库加急上架，谢谢""}], [{""tag"": ""button"", ""text"": ""确认受理"", ""type"": ""default""}, {""tag"": ""button"", ""text"": ""确认关闭"", ""type"": ""default""}], [{""tag"": ""hr""}], [{""tag"": ""text"", ""text"": ""来自 ""}, {""tag"": ""a"", ""href"": ""https://winitlink.feishu.cn/base/CBUkbTYbma2NAnsSzZ9cq7Qrnvc?ccm_open_type=im_card_automation_link"", ""text"": ""海外仓入库运营（救火）case管理表""}]]}；上架","19227270自由創新(香港)有限公司\n救火类型：时效内催上架\n仓库：DENW3 Warehouse\n入库单号：WI51894962\nWI51699008\nWI51698701\n头程类型：海外验-直发-海运整柜-40HQ\n包裹条码：整单\nsku：\n救火原因：货物到仓时间2026-08-31 ，3单全部都麻烦仓库加急上架，谢谢""}], [{""tag"": ""button"", ""text"": ""确认受理"", ""type"": ""default""}, {""tag"": ""button"", ""text"": ""确认关闭"", ""type"": ""default""}], [{""tag"": ""hr""}], [{""tag"": ""text"", ""text"": ""来自 ""}, {""tag"": ""a"", ""href"": ""https://winitlink.feishu.cn/base/CBUkbTYbma2NAnsSzZ9cq7Qrnvc?ccm_open_type=im_card_automation_link"", ""text"": ""海外仓入库运营（救火）case管理表""}]]}","DENW3 Warehouse\n入库单号：WI51894962\nWI51699008\nWI51698701\n头程类型：海外验-直发-海运整柜-40HQ\n包裹条码：整单\nsku：\n救火原因：货物到仓时间2026-08-31 ，3单全部都麻烦仓库加急上架，谢谢""}], [{""tag"": ""button"", ""text"": ""确认受理"", ""type"": ""default""}, {""tag"": ""button"", ""text"": ""确认关闭"", ""type"": ""default""}], [{""tag"": ""hr""}], [{""tag"": ""text"", ""text"": ""来自 ""}, {""tag"": ""a"", ""href"": ""https://winitlink.feishu.cn/base/CBUkbTYbma2NAnsSzZ9cq7Qrnvc?ccm_open_type=im_card_automation_link"", ""text"": ""海外仓入库运营（救火）case管理表""}]]}",WI51894962；WI51699008；WI51698701,"{""title"": ""请关注入库救火case"", ""elements"": [[{""tag"": ""text"", ""text"": ""提交人：""}, {""tag"": ""at"", ""user_id"": ""@_user_1"", ""user_name"": ""钟晓环""}, {""tag"": ""text"", ""text"": ""\n仓库处理人：""}, {""tag"": ""at"", ""user_id"": ""@_user_2"", ""user_name"": ""Mohamad Kazan ""}, {""tag"": ""text"", ""text"": ...","[2026-09-02 16:36] 未知/系统: {""title"": ""请关注入库救火case"", ""elements"": [[{""tag"": ""text"", ""text"": ""提交人：""}, {""tag"": ""at"", ""user_id"": ""@_user_1"", ""user_name"": ""钟晓环""}, {""tag"": ""text"", ""text"": ""\n仓库处理人：""}, {""tag"": ""at"", ""user_id"": ""@_user_2"", ""user_name"": ""Mohamad Kazan ""}, {""tag"": ""text"", ""text"": ""\n质控：""}, {""tag"": ""at"", ""user_id"": ""@_user_3"", ""user_name"": ""林佳志""}, {""tag"": ""text"", ""text"": ""\n客户：19227270自由創新(香港)有限公司\n救火类型：时效内催上架\n仓库：DENW3 Warehouse\n入库单号：WI51894962\nWI51699008\nWI51698701\n头程类型：海外验-直发-海运整柜-40HQ\n包裹条码：整单\nsku：\n救火原因：货物到仓时间2026-08-31 ，3单全部都麻烦仓库加急上架，谢谢""}], [{""tag"": ""button"", ""text"": ""确认受理"", ""type"": ""default""}, {""tag"": ""button"", ""text"": ""确认关闭"", ""type"": ""default""}], [{""tag"": ""hr""}], [{""tag"": ""text"", ""text"": ""来自 ""}, {""tag"": ""a"", ""href"": ""https://winitlink.feishu.cn/base/CBUkbTYbma2NAnsSzZ9cq7Qrnvc?ccm_open_type=im_card_automation_link"", ""text"": ""海外仓入库运营（救火）case管理表""}]]}",钟晓环；Mohamad Kazan ；林佳志,未知/系统,未知/系统,om_x100b664a4c9078a4b271ed5e4d60de0,,入库；上架；包裹条码；仓库；救火
849,发货仓入库&增值运营（救火）- IB&VAS,oc_5b8848d27b7b3fa4a10eab865c4f9ffc,2026-09-02,2026-09-02 20:14,2026-09-07 18:50,omt_19fd8e74e90edbe8,未知/系统,非标增值,贴标；上架；辨识,,,VASC000000349824；EB0126090232724129；EB0126090432800110；B0126090232724129；B0126090432800110,"I will check EB0126090232724129 I made an exception for this box, all the pieces have the same S code. @_user_1 为啥上了一个，客户这个包裹里是100个 仓库处理人：@_user_1,@_user_2,@_user_3 质控：@_user_4 麻烦帮忙看看这个问题 能把剩下的99个处理上架麽 <p>@_user_1 @_user_2 我看这个应该是异常登记错了，多个单品条码是一样的，需要登记商品条码异常 (...","[2026-09-02 20:14] Vesislava Yovkova: I will check
[2026-09-02 21:02] Vesislava Yovkova: EB0126090232724129 I made an exception for this box, all the pieces have the same S  code.
[2026-09-04 10:22] 吴秋生: @_user_1 为啥上了一个，客户这个包裹里是100个
[2026-09-04 12:16] 吴秋生: 仓库处理人：@_user_1,@_user_2,@_user_3
质控：@_user_4

麻烦帮忙看看这个问题
[2026-09-04 12:17] 吴秋生: 能把剩下的99个处理上架麽
[2026-09-04 12:51] 林佳志: <p>@_user_1 @_user_2 我看这个应该是异常登记错了，多个单品条码是一样的，需要登记商品条码异常 (需客户处理)， 但是登记了商品有条码但系统无法识别， 数量只登记了1si，实际100si @_user_3</p>
[2026-09-04 12:54] 林佳志: @_user_1 @_user_2 @_user_3   这个异常登记太复杂了，培训成本高，操作风险高，如果有新员工货新转岗当地同事就得全套全系列培训。目前应该是都没有做得到的，不应该放到仓库地面基础岗位去做这么多判断然后再指望基础岗位做正确选择
[2026-09-04 12:56] 林佳志: [Image:img_v3_02157_8f7662ff-49d8-40b2-a2af-05545fb4510g]
[2026-09-04 13:33] 吴秋生: 帮忙看下剩下的99个应该怎么处理，先把当前问题解决了
[2026-09-04 13:33] 吴秋生: @_user_1
[2026-09-04 15:43] 耿文文: @_user_1现在这个异常登记错误麻烦仓库重新按正确的类型做登记，否则客户也无法提正确增值处理，异常费用也无法收取；
新员工培训这个本身就是应该要做的呀，我并不觉得仓库操作简单就可以解决问题，本身仓库不做判断客户光靠照片也很难识别是什么问题，反而还需要仓库反复操作辨识
[2026-09-04 16:02] 林佳志: @_user_1 辛苦雪姐和现场员工培训一下这个
[2026-09-04 16:41] Vesislava Yovkova: @_user_1 The problem with this exception is that, in addition to the fact that the S code is not recognized, it is also duplicated for all items. During SKU presorting, I scanned the code and wrote that there were 100 items, but then when doing the Examine, I was only able to make one, since the items are SI and have a duplicate S code. So, there was no way I could make two different types of exception for one carton.I see that this one item is already on the shelf with VASC000000349824, now I will try again to make an exception for a duplicate S code.
[2026-09-04 16:42] 吴秋生: @_user_1 @_user_2 前一个异常的费用怎么办
[2026-09-04 17:04] Vesislava Yovkova: @_user_1 EB0126090432800110-The new exception for duplicate S codes.
[2026-09-04 17:41] 耿文文: @_user_1 原来的异常单也没有收费的呀
[2026-09-04 17:41] 吴秋生: @_user_1 客户提增值，增值会有最低收费
[2026-09-04 17:42] 耿文文: 提了什么增值单
[2026-09-04 17:43] 吴秋生: VASC000000349824 
        原单上架        入库-更换新商品条码
增值最低收费10EUR
[2026-09-04 17:43] 吴秋生: @_user_1
[2026-09-04 17:55] 耿文文: EB0126090232724129  这个异常单又是啥？跟刚才仓库登记的这个不是同一批货吧？@_user_1
[2026-09-04 18:03] 吴秋生: @_user_1 
仓库第一次登记的异常是：EB0126090232724129 ，
异常场景：商品有条码但系统无法识别
客户提增值：VASC000000349824 处理上架了，但是只上架了一个单品。

剩下的99个，仓库重新登记了异常，EB0126090432800110
异常场景：商品条码异常(需客户处理)

客户重新提增值，还会有增值处理费用。

第一个增值的最低收费怎么处理，确实是我们原因，搞错异常了
[2026-09-07 08:59] 吴秋生: @_user_1 是同一批
[2026-09-07 09:00] 吴秋生: 麻烦看看这个应该怎么弄，让客户那边承担两个增值费用？
[2026-09-07 11:08] 耿文文: 实际仓库也贴了一个商品标做上架吧，这个贴标费用正常收取，补齐最低消的费用可以申请退费；@_user_1 
仓库第一次登记的异常是：EB0126090232724129 ，异常场景：商品有条码但系统无法识别；
（实际情况是单品条码重复，且实物有100件，应登记商品条码异常的类型）
客户提增值：VASC000000349824 处理上架了，但是只上架了一个单品，因此补收标签费用，退最低收的差额9.5EUR    cc@_user_2
[2026-09-07 18:50] 吴秋生: https://winitlink.feishu.cn/record/Had1rUwkke3zyTcQ2LucDvUEnBd",Vesislava Yovkova；Aleksandar Yovkov；DANIELA；林佳志；李雪；吴秋生；耿文文；王鑫隆；李颖,耿文文；李颖,Vesislava Yovkova；吴秋生；林佳志；耿文文,om_x100b66b425117cbcc44d046f2ec4fc9,,增值；VASC；异常单；异常；EB；入库；贴标；上架；商品条码；仓库
857,发货仓入库&增值运营（救火）- IB&VAS,oc_5b8848d27b7b3fa4a10eab865c4f9ffc,2026-09-03,2026-09-03 10:17,2026-09-03 10:17,omt_19fd5069988e9c97,未知/系统,入库/仓库异常,"已超时效催上架\n仓库：USGA Warehouse\n入库单号：WI51573993\n头程类型：自验-直发-海运整柜-40HQ\n包裹条码：整单\nsku：\n救火原因：货物8月28到的仓库，整单还没上架完毕，请仓库加急，谢谢""}], [{""tag"": ""button"", ""text"": ""确认受理"", ""type"": ""default""}, {""tag"": ""button"", ""text"": ""确认关闭"", ""type"": ""default""}], [{""tag"": ""hr""}], [{""tag"": ""text"", ""text"": ""来自 ""}, {""tag"": ""a"", ""href"": ""https://winitlink.feishu.cn/base/CBUkbTYbma2NAnsSzZ9cq7Qrnvc?ccm_open_type=im_card_automation_link"", ""text"": ""海外仓入库运营（救火）case管理表""}]]}；上架","19220548香港易跑寰球貿易有限公司\n救火类型：已超时效催上架\n仓库：USGA Warehouse\n入库单号：WI51573993\n头程类型：自验-直发-海运整柜-40HQ\n包裹条码：整单\nsku：\n救火原因：货物8月28到的仓库，整单还没上架完毕，请仓库加急，谢谢""}], [{""tag"": ""button"", ""text"": ""确认受理"", ""type"": ""default""}, {""tag"": ""button"", ""text"": ""确认关闭"", ""type"": ""default""}], [{""tag"": ""hr""}], [{""tag"": ""text"", ""text"": ""来自 ""}, {""tag"": ""a"", ""href"": ""https://winitlink.feishu.cn/base/CBUkbTYbma2NAnsSzZ9cq7Qrnvc?ccm_open_type=im_card_automation_link"", ""text"": ""海外仓入库运营（救火）case管理表""}]]}","USGA Warehouse\n入库单号：WI51573993\n头程类型：自验-直发-海运整柜-40HQ\n包裹条码：整单\nsku：\n救火原因：货物8月28到的仓库，整单还没上架完毕，请仓库加急，谢谢""}], [{""tag"": ""button"", ""text"": ""确认受理"", ""type"": ""default""}, {""tag"": ""button"", ""text"": ""确认关闭"", ""type"": ""default""}], [{""tag"": ""hr""}], [{""tag"": ""text"", ""text"": ""来自 ""}, {""tag"": ""a"", ""href"": ""https://winitlink.feishu.cn/base/CBUkbTYbma2NAnsSzZ9cq7Qrnvc?ccm_open_type=im_card_automation_link"", ""text"": ""海外仓入库运营（救火）case管理表""}]]}",WI51573993,"{""title"": ""请关注入库救火case"", ""elements"": [[{""tag"": ""text"", ""text"": ""提交人：""}, {""tag"": ""at"", ""user_id"": ""@_user_1"", ""user_name"": ""钟晓环""}, {""tag"": ""text"", ""text"": ""\n仓库处理人：""}, {""tag"": ""at"", ""user_id"": ""@_user_2"", ""user_name"": ""Boris Dong""}, {""tag"": ""text"", ""text"": "",""}...","[2026-09-03 10:17] 未知/系统: {""title"": ""请关注入库救火case"", ""elements"": [[{""tag"": ""text"", ""text"": ""提交人：""}, {""tag"": ""at"", ""user_id"": ""@_user_1"", ""user_name"": ""钟晓环""}, {""tag"": ""text"", ""text"": ""\n仓库处理人：""}, {""tag"": ""at"", ""user_id"": ""@_user_2"", ""user_name"": ""Boris Dong""}, {""tag"": ""text"", ""text"": "",""}, {""tag"": ""at"", ""user_id"": ""@_user_3"", ""user_name"": ""Jianan Sun""}, {""tag"": ""text"", ""text"": ""\n质控：""}, {""tag"": ""at"", ""user_id"": ""@_user_4"", ""user_name"": ""王鑫隆""}, {""tag"": ""text"", ""text"": "",""}, {""tag"": ""at"", ""user_id"": ""@_user_5"", ""user_name"": ""廖丹""}, {""tag"": ""text"", ""text"": ""\n客户：19220548香港易跑寰球貿易有限公司\n救火类型：已超时效催上架\n仓库：USGA Warehouse\n入库单号：WI51573993\n头程类型：自验-直发-海运整柜-40HQ\n包裹条码：整单\nsku：\n救火原因：货物8月28到的仓库，整单还没上架完毕，请仓库加急，谢谢""}], [{""tag"": ""button"", ""text"": ""确认受理"", ""type"": ""default""}, {""tag"": ""button"", ""text"": ""确认关闭"", ""type"": ""default""}], [{""tag"": ""hr""}], [{""tag"": ""text"", ""text"": ""来自 ""}, {""tag"": ""a"", ""href"": ""https://winitlink.feishu.cn/base/CBUkbTYbma2NAnsSzZ9cq7Qrnvc?ccm_open_type=im_card_automation_link"", ""text"": ""海外仓入库运营（救火）case管理表""}]]}",钟晓环；Boris Dong；Jianan Sun；王鑫隆；廖丹,未知/系统,未知/系统,om_x100b66b9c4c664b8b3bf47cfdcbb0a2,,入库；上架；包裹条码；仓库；救火
865,发货仓入库&增值运营（救火）- IB&VAS,oc_5b8848d27b7b3fa4a10eab865c4f9ffc,2026-09-03,2026-09-03 11:05,2026-09-03 11:05,omt_19fd6b14f78fdbac,未知/系统,入库/仓库异常,"少包裹确认到仓\n仓库：DENW3 Warehouse\n入库单号：WI50795013\n头程类型：海外验-直发-海运整柜-40HQ\n包裹条码：B0400000001427234994\nB0400000001427235008\nB0400000001427235013\nB0400000001427235021\nB0400000001427235034\nB0400000001427235042\nsku：\n救火原因：还剩6个包裹没有显示卸货，请仓库确认是否有收到，谢谢""}], [{""tag"": ""img"", ""image_key"": ""img_v3_02156_429d04bf-b4b2-41b8-97d2-c8aa5ac5f0dg""}], [{""tag"": ""button"", ""text"": ""确认受理"", ""type"": ""default""}, {""tag"": ""button"", ""text"": ""确认关闭"", ""type"": ""default""}], [{""tag"": ""hr""}], [{""tag"": ""text"", ""text"": ""来自 ""}, {""tag"": ""a"", ""href"": ""https://winitlink.feishu.cn/base/CBUkbTYbma2NAnsSzZ9cq7Qrnvc?ccm_open_type=im_card_automation_link"", ""text"": ""海外仓入库运营（救火）case管理表""}]]}","19227270自由創新(香港)有限公司\n救火类型：少包裹确认到仓\n仓库：DENW3 Warehouse\n入库单号：WI50795013\n头程类型：海外验-直发-海运整柜-40HQ\n包裹条码：B0400000001427234994\nB0400000001427235008\nB0400000001427235013\nB0400000001427235021\nB0400000001427235034\nB0400000001427235042\nsku：\n救火原因：还剩6个包裹没有显示卸货，请仓库确认是否有收到，谢谢""}], [{""tag"": ""img"", ""image_key"": ""img_v3_02156_429d04bf-b4b2-41b8-97d2-c8aa5ac5f0dg""}], [{""tag"": ""button"", ""text"": ""确认受理"", ""type"": ""default""}, {""tag"": ""button"", ""text"": ""确认关闭"", ""type"": ""default""}], [{""tag"": ""hr""}], [{""tag"": ""text"", ""text"": ""来自 ""}, {""tag"": ""a"", ""href"": ""https://winitlink.feishu.cn/base/CBUkbTYbma2NAnsSzZ9cq7Qrnvc?ccm_open_type=im_card_automation_link"", ""text"": ""海外仓入库运营（救火）case管理表""}]]}","DENW3 Warehouse\n入库单号：WI50795013\n头程类型：海外验-直发-海运整柜-40HQ\n包裹条码：B0400000001427234994\nB0400000001427235008\nB0400000001427235013\nB0400000001427235021\nB0400000001427235034\nB0400000001427235042\nsku：\n救火原因：还剩6个包裹没有显示卸货，请仓库确认是否有收到，谢谢""}], [{""tag"": ""img"", ""image_key"": ""img_v3_02156_429d04bf-b4b2-41b8-97d2-c8aa5ac5f0dg""}], [{""tag"": ""button"", ""text"": ""确认受理"", ""type"": ""default""}, {""tag"": ""button"", ""text"": ""确认关闭"", ""type"": ""default""}], [{""tag"": ""hr""}], [{""tag"": ""text"", ""text"": ""来自 ""}, {""tag"": ""a"", ""href"": ""https://winitlink.feishu.cn/base/CBUkbTYbma2NAnsSzZ9cq7Qrnvc?ccm_open_type=im_card_automation_link"", ""text"": ""海外仓入库运营（救火）case管理表""}]]}",WI50795013；B0400000001427234994；B0400000001427235008；B0400000001427235013；B0400000001427235021；B0400000001427235034；B0400000001427235042,"{""title"": ""请关注入库救火case"", ""elements"": [[{""tag"": ""text"", ""text"": ""提交人：""}, {""tag"": ""at"", ""user_id"": ""@_user_1"", ""user_name"": ""钟晓环""}, {""tag"": ""text"", ""text"": ""\n仓库处理人：""}, {""tag"": ""at"", ""user_id"": ""@_user_2"", ""user_name"": ""Mohamad Kazan ""}, {""tag"": ""text"", ""text"": ...","[2026-09-03 11:05] 未知/系统: {""title"": ""请关注入库救火case"", ""elements"": [[{""tag"": ""text"", ""text"": ""提交人：""}, {""tag"": ""at"", ""user_id"": ""@_user_1"", ""user_name"": ""钟晓环""}, {""tag"": ""text"", ""text"": ""\n仓库处理人：""}, {""tag"": ""at"", ""user_id"": ""@_user_2"", ""user_name"": ""Mohamad Kazan ""}, {""tag"": ""text"", ""text"": ""\n质控：""}, {""tag"": ""at"", ""user_id"": ""@_user_3"", ""user_name"": ""林佳志""}, {""tag"": ""text"", ""text"": ""\n客户：19227270自由創新(香港)有限公司\n救火类型：少包裹确认到仓\n仓库：DENW3 Warehouse\n入库单号：WI50795013\n头程类型：海外验-直发-海运整柜-40HQ\n包裹条码：B0400000001427234994\nB0400000001427235008\nB0400000001427235013\nB0400000001427235021\nB0400000001427235034\nB0400000001427235042\nsku：\n救火原因：还剩6个包裹没有显示卸货，请仓库确认是否有收到，谢谢""}], [{""tag"": ""img"", ""image_key"": ""img_v3_02156_429d04bf-b4b2-41b8-97d2-c8aa5ac5f0dg""}], [{""tag"": ""button"", ""text"": ""确认受理"", ""type"": ""default""}, {""tag"": ""button"", ""text"": ""确认关闭"", ""type"": ""default""}], [{""tag"": ""hr""}], [{""tag"": ""text"", ""text"": ""来自 ""}, {""tag"": ""a"", ""href"": ""https://winitlink.feishu.cn/base/CBUkbTYbma2NAnsSzZ9cq7Qrnvc?ccm_open_type=im_card_automation_link"", ""text"": ""海外仓入库运营（救火）case管理表""}]]}",钟晓环；Mohamad Kazan ；林佳志,未知/系统,未知/系统,om_x100b66ba731094acc00dff584f11d1c,,入库；包裹条码；仓库；救火
870,发货仓入库&增值运营（救火）- IB&VAS,oc_5b8848d27b7b3fa4a10eab865c4f9ffc,2026-09-03,2026-09-03 12:14,2026-09-03 12:14,omt_19fd7ceb6e8e1b83,未知/系统,入库/仓库异常,"已超时效催上架\n仓库：DENW3 Warehouse\n入库单号： WI47371141\n头程类型：自验-直发-海运整柜-40HQ\n包裹条码：350个包裹未上\nsku：\n救火原因：8月26送来仓库的，还有350个包裹未上，请加急，谢谢""}], [{""tag"": ""button"", ""text"": ""确认受理"", ""type"": ""default""}, {""tag"": ""button"", ""text"": ""确认关闭"", ""type"": ""default""}], [{""tag"": ""hr""}], [{""tag"": ""text"", ""text"": ""来自 ""}, {""tag"": ""a"", ""href"": ""https://winitlink.feishu.cn/base/CBUkbTYbma2NAnsSzZ9cq7Qrnvc?ccm_open_type=im_card_automation_link"", ""text"": ""海外仓入库运营（救火）case管理表""}]]}；上架","19226389SUPERLEX INTERNATIONAL LIMITED\n救火类型：已超时效催上架\n仓库：DENW3 Warehouse\n入库单号： WI47371141\n头程类型：自验-直发-海运整柜-40HQ\n包裹条码：350个包裹未上\nsku：\n救火原因：8月26送来仓库的，还有350个包裹未上，请加急，谢谢""}], [{""tag"": ""button"", ""text"": ""确认受理"", ""type"": ""default""}, {""tag"": ""button"", ""text"": ""确认关闭"", ""type"": ""default""}], [{""tag"": ""hr""}], [{""tag"": ""text"", ""text"": ""来自 ""}, {""tag"": ""a"", ""href"": ""https://winitlink.feishu.cn/base/CBUkbTYbma2NAnsSzZ9cq7Qrnvc?ccm_open_type=im_card_automation_link"", ""text"": ""海外仓入库运营（救火）case管理表""}]]}","DENW3 Warehouse\n入库单号： WI47371141\n头程类型：自验-直发-海运整柜-40HQ\n包裹条码：350个包裹未上\nsku：\n救火原因：8月26送来仓库的，还有350个包裹未上，请加急，谢谢""}], [{""tag"": ""button"", ""text"": ""确认受理"", ""type"": ""default""}, {""tag"": ""button"", ""text"": ""确认关闭"", ""type"": ""default""}], [{""tag"": ""hr""}], [{""tag"": ""text"", ""text"": ""来自 ""}, {""tag"": ""a"", ""href"": ""https://winitlink.feishu.cn/base/CBUkbTYbma2NAnsSzZ9cq7Qrnvc?ccm_open_type=im_card_automation_link"", ""text"": ""海外仓入库运营（救火）case管理表""}]]}",WI47371141,"{""title"": ""请关注入库救火case"", ""elements"": [[{""tag"": ""text"", ""text"": ""提交人：""}, {""tag"": ""at"", ""user_id"": ""@_user_1"", ""user_name"": ""钟晓环""}, {""tag"": ""text"", ""text"": ""\n仓库处理人：""}, {""tag"": ""at"", ""user_id"": ""@_user_2"", ""user_name"": ""Mohamad Kazan ""}, {""tag"": ""text"", ""text"": ...","[2026-09-03 12:14] 未知/系统: {""title"": ""请关注入库救火case"", ""elements"": [[{""tag"": ""text"", ""text"": ""提交人：""}, {""tag"": ""at"", ""user_id"": ""@_user_1"", ""user_name"": ""钟晓环""}, {""tag"": ""text"", ""text"": ""\n仓库处理人：""}, {""tag"": ""at"", ""user_id"": ""@_user_2"", ""user_name"": ""Mohamad Kazan ""}, {""tag"": ""text"", ""text"": ""\n质控：""}, {""tag"": ""at"", ""user_id"": ""@_user_3"", ""user_name"": ""林佳志""}, {""tag"": ""text"", ""text"": ""\n客户：19226389SUPERLEX INTERNATIONAL LIMITED\n救火类型：已超时效催上架\n仓库：DENW3 Warehouse\n入库单号： WI47371141\n头程类型：自验-直发-海运整柜-40HQ\n包裹条码：350个包裹未上\nsku：\n救火原因：8月26送来仓库的，还有350个包裹未上，请加急，谢谢""}], [{""tag"": ""button"", ""text"": ""确认受理"", ""type"": ""default""}, {""tag"": ""button"", ""text"": ""确认关闭"", ""type"": ""default""}], [{""tag"": ""hr""}], [{""tag"": ""text"", ""text"": ""来自 ""}, {""tag"": ""a"", ""href"": ""https://winitlink.feishu.cn/base/CBUkbTYbma2NAnsSzZ9cq7Qrnvc?ccm_open_type=im_card_automation_link"", ""text"": ""海外仓入库运营（救火）case管理表""}]]}",钟晓环；Mohamad Kazan ；林佳志,未知/系统,未知/系统,om_x100b66bb0ce904b0c2f5c4a5467819f,,入库；上架；包裹条码；仓库；救火
880,发货仓入库&增值运营（救火）- IB&VAS,oc_5b8848d27b7b3fa4a10eab865c4f9ffc,2026-09-03,2026-09-03 17:39,2026-09-03 17:39,omt_19fcc8fe9f0f5a52,未知/系统,入库/仓库异常,"时效内催上架\n仓库：UKTW Warehouse\n入库单号：WI50592034\nWI50127330\nWI47462467\n头程类型：自验-直发-海运整柜-40HQ\n包裹条码：整单\nsku：WI50592034-M010000000007131160\nWI50127330-M010000000007730797\nWI47462467-M010000000007126393\n救火原因：预约今天送仓，麻烦这3个单加急上，每单只有1款仓库，先上部分，客户有单要推，比较着急，谢谢""}], [{""tag"": ""button"", ""text"": ""确认受理"", ""type"": ""default""}, {""tag"": ""button"", ""text"": ""确认关闭"", ""type"": ""default""}], [{""tag"": ""hr""}], [{""tag"": ""text"", ""text"": ""来自 ""}, {""tag"": ""a"", ""href"": ""https://winitlink.feishu.cn/base/CBUkbTYbma2NAnsSzZ9cq7Qrnvc?ccm_open_type=im_card_automation_link"", ""text"": ""海外仓入库运营（救火）case管理表""}]]}；上架","19226389SUPERLEX INTERNATIONAL LIMITED\n救火类型：时效内催上架\n仓库：UKTW Warehouse\n入库单号：WI50592034\nWI50127330\nWI47462467\n头程类型：自验-直发-海运整柜-40HQ\n包裹条码：整单\nsku：WI50592034-M010000000007131160\nWI50127330-M010000000007730797\nWI47462467-M010000000007126393\n救火原因：预约今天送仓，麻烦这3个单加急上，每单只有1款仓库，先上部分，客户有单要推，比较着急，谢谢""}], [{""tag"": ""button"", ""text"": ""确认受理"", ""type"": ""default""}, {""tag"": ""button"", ""text"": ""确认关闭"", ""type"": ""default""}], [{""tag"": ""hr""}], [{""tag"": ""text"", ""text"": ""来自 ""}, {""tag"": ""a"", ""href"": ""https://winitlink.feishu.cn/base/CBUkbTYbma2NAnsSzZ9cq7Qrnvc?ccm_open_type=im_card_automation_link"", ""text"": ""海外仓入库运营（救火）case管理表""}]]}","UKTW Warehouse\n入库单号：WI50592034\nWI50127330\nWI47462467\n头程类型：自验-直发-海运整柜-40HQ\n包裹条码：整单\nsku：WI50592034-M010000000007131160\nWI50127330-M010000000007730797\nWI47462467-M010000000007126393\n救火原因：预约今天送仓，麻烦这3个单加急上，每单只有1款仓库，先上部分，客户有单要推，比较着急，谢谢""}], [{""tag"": ""button"", ""text"": ""确认受理"", ""type"": ""default""}, {""tag"": ""button"", ""text"": ""确认关闭"", ""type"": ""default""}], [{""tag"": ""hr""}], [{""tag"": ""text"", ""text"": ""来自 ""}, {""tag"": ""a"", ""href"": ""https://winitlink.feishu.cn/base/CBUkbTYbma2NAnsSzZ9cq7Qrnvc?ccm_open_type=im_card_automation_link"", ""text"": ""海外仓入库运营（救火）case管理表""}]]}",WI50592034；WI50127330；WI47462467；M010000000007131160；M010000000007730797；M010000000007126393,"{""title"": ""请关注入库救火case"", ""elements"": [[{""tag"": ""text"", ""text"": ""提交人：""}, {""tag"": ""at"", ""user_id"": ""@_user_1"", ""user_name"": ""钟晓环""}, {""tag"": ""text"", ""text"": ""\n仓库处理人：""}, {""tag"": ""at"", ""user_id"": ""@_user_2"", ""user_name"": ""王婉清""}, {""tag"": ""text"", ""text"": ""\n质控：""}, {...","[2026-09-03 17:39] 未知/系统: {""title"": ""请关注入库救火case"", ""elements"": [[{""tag"": ""text"", ""text"": ""提交人：""}, {""tag"": ""at"", ""user_id"": ""@_user_1"", ""user_name"": ""钟晓环""}, {""tag"": ""text"", ""text"": ""\n仓库处理人：""}, {""tag"": ""at"", ""user_id"": ""@_user_2"", ""user_name"": ""王婉清""}, {""tag"": ""text"", ""text"": ""\n质控：""}, {""tag"": ""at"", ""user_id"": ""@_user_3"", ""user_name"": ""罗澳""}, {""tag"": ""text"", ""text"": ""\n客户：19226389SUPERLEX INTERNATIONAL LIMITED\n救火类型：时效内催上架\n仓库：UKTW Warehouse\n入库单号：WI50592034\nWI50127330\nWI47462467\n头程类型：自验-直发-海运整柜-40HQ\n包裹条码：整单\nsku：WI50592034-M010000000007131160\nWI50127330-M010000000007730797\nWI47462467-M010000000007126393\n救火原因：预约今天送仓，麻烦这3个单加急上，每单只有1款仓库，先上部分，客户有单要推，比较着急，谢谢""}], [{""tag"": ""button"", ""text"": ""确认受理"", ""type"": ""default""}, {""tag"": ""button"", ""text"": ""确认关闭"", ""type"": ""default""}], [{""tag"": ""hr""}], [{""tag"": ""text"", ""text"": ""来自 ""}, {""tag"": ""a"", ""href"": ""https://winitlink.feishu.cn/base/CBUkbTYbma2NAnsSzZ9cq7Qrnvc?ccm_open_type=im_card_automation_link"", ""text"": ""海外仓入库运营（救火）case管理表""}]]}",钟晓环；王婉清；罗澳,未知/系统,未知/系统,om_x100b66a04db61ca4dfe7dc90a30cd4f,,入库；上架；包裹条码；仓库；救火
884,发货仓入库&增值运营（救火）- IB&VAS,oc_5b8848d27b7b3fa4a10eab865c4f9ffc,2026-09-03,2026-09-03 18:30,2026-09-04 10:58,omt_19fcc482e0551be3,未知/系统,非标增值,上架；辨识,,,EB0126090232727249；EB0126090232718855；WI51476736；B0126090232727249；B0126090232718855,[Image:img_v3_02156_d45edd22-44f0-4d5c-965e-56e3e319a64g] @_user_1 @_user_1 现在这个产品条码可以扫描了，也是正确的SKU。我们可以操作上架了 你能作废异常单吗？ @_user_1 EB0126090232727249货物已经可以识别，麻烦作废一下这个异常单 @刘泽雄 异常后才关联的，麻烦提增值，谢谢 [Image:img_v3_02157_233f91a0-bb16-47bb-9145-2e9041f5066g] @_user_1 但是现在...,"[2026-09-03 18:30] 刘泽雄: [Image:img_v3_02156_d45edd22-44f0-4d5c-965e-56e3e319a64g]
[2026-09-03 21:22] 王婉清: @_user_1
[2026-09-03 21:29] 王婉清: @_user_1 现在这个产品条码可以扫描了，也是正确的SKU。我们可以操作上架了
你能作废异常单吗？
[2026-09-04 09:19] 刘泽雄: @_user_1 EB0126090232727249货物已经可以识别，麻烦作废一下这个异常单
[2026-09-04 10:12] 罗澳: @刘泽雄 异常后才关联的，麻烦提增值，谢谢
[Image:img_v3_02157_233f91a0-bb16-47bb-9145-2e9041f5066g]
[2026-09-04 10:13] 刘泽雄: @_user_1 但是现在登记的异常是商品条码无法识别的异常，客户无法提交第三方条码关联增值的
实际条码是可以识别的，要客户提交增值的话，也得登记正确的异常，登记条码可以识别但辨识不了的异常，或者作废异常单直接上架
[2026-09-04 10:18] 罗澳: 在关联之前确实无法识别@_user_1是因为关联了才可以识别。
@_user_2  文文，麻烦看下这个怎么提增值吧
[2026-09-04 10:20] 刘泽雄: @_user_1 不是，关联之前无法直接识别上架，我知道
但是EB0126090232727249的正确的登记异常方式，应该是跟这个入库单WI51476736另外一个异常单EB0126090232718855一样，登记商品有条码但系统无法识别，
而不是现在EB0126090232727249商品条码异常(需客户处理)，因为这个货物上面实际是有第三方条码，只是之前没有关联而已，所以无法直接上架，登记的话，也是应该登记商品有条码但系统无法识别，这样子客户才能提交第三方条码关联的增值单的
[2026-09-04 10:20] 刘泽雄: [Image:img_v3_02157_4828218d-4a37-4255-a564-c2e77abe0c9g]
[2026-09-04 10:21] 罗澳: @_user_1 好的
@_user_2 @_user_3 这个场景后续关注一下，有条码的需要登记有条码无法识别~
[2026-09-04 10:24] 刘泽雄: @_user_1 嗯嗯，你看现在这个还能不能登记有条码无法识别的异常，如果不能的话，就作废原异常单，直接识别上架吧
因为原本这个异常，客户用第三方条码直接关联上架，我们也不会收增值费用的
[2026-09-04 10:52] 耿文文: @_user_1 确实仓库登记了商品条码异常没法提第三方条码关联的增值；
这种走非标增值也没法原单上架；
[2026-09-04 10:56] 罗澳: 嗯嗯
[2026-09-04 10:56] 罗澳: 我作废了
[2026-09-04 10:58] 刘泽雄: @_user_1@_user_2 异常单EB0126090232727249已经作废，麻烦将货物识别上架的",Jessica Chu；罗澳；刘泽雄；耿文文；王婉清,耿文文,刘泽雄；王婉清；罗澳；耿文文,om_x100b66a08a71e900c4fd5c6c5bd0a23,,非标；增值；异常单；异常；EB；入库；上架；商品条码；仓库
885,发货仓入库&增值运营（救火）- IB&VAS,oc_5b8848d27b7b3fa4a10eab865c4f9ffc,2026-09-03,2026-09-03 21:14,2026-09-08 15:53,omt_19fcc5131f8f1b87,未知/系统,非标增值,拍照；上架,,,VASC000000351693,[Image:img_v3_02156_0d7d2c1d-b676-449f-b2b3-450de1f6ab0h] 我也只能看到这种程度，看不出来里面坏没坏 好的谢谢 <p>可以看一下里面的商品吗 婉清姐@_user_1</p> 我要开箱？？？？ 方便看下吗 因为这种异常的客户没得提增值开箱拍照的选择 [Image:img_v3_02156_cd801b85-f877-4909-89f9-e28ad1fc752h] [Image:img_v3_02156_2e3d4919-ad60-44aa-be94-ef6c6f...,"[2026-09-03 21:14] 王婉清: [Image:img_v3_02156_0d7d2c1d-b676-449f-b2b3-450de1f6ab0h]
[2026-09-03 21:14] 王婉清: 我也只能看到这种程度，看不出来里面坏没坏
[2026-09-03 22:09] 朱美霖: 好的谢谢
[2026-09-03 22:38] 朱美霖: <p>可以看一下里面的商品吗 婉清姐@_user_1</p>
[2026-09-03 22:38] 王婉清: 我要开箱？？？？
[2026-09-03 22:39] 朱美霖: 方便看下吗 因为这种异常的客户没得提增值开箱拍照的选择
[2026-09-03 22:43] 王婉清: [Image:img_v3_02156_cd801b85-f877-4909-89f9-e28ad1fc752h]
[2026-09-03 22:43] 王婉清: [Image:img_v3_02156_2e3d4919-ad60-44aa-be94-ef6c6fc9625h]
[2026-09-03 22:43] 王婉清: [Image:img_v3_02156_c7c00954-9319-4b61-8503-6eb3c2dfa44h]
[2026-09-03 22:44] 朱美霖: 非常感谢
[2026-09-03 22:44] 朱美霖: [爱心]
[2026-09-04 11:17] 朱美霖: @耿文文 客户现在需求
需要拍照2个轮子正反两面，整体情况，边缘，以及需要仓库人力手动握住2根辐条核实是否出现松动（可以手动握压）
[Image:img_v3_02157_5b72db34-5daa-47ab-aff6-859054472d1g]
[Image:img_v3_02157_851e0bf0-775f-4430-89bb-8b453626d46g]
这种需求我要让客户这边提拍照 还是提非标特批增值吗 辛苦看看
[2026-09-04 11:36] 耿文文: @_user_1 人力手动握住2根辐条核实是否出现松动（可以手动握压）------这个具体是什么操作？客户能给个视频示例吗？
[2026-09-04 11:36] 朱美霖: 我问下客户
[2026-09-04 11:38] 耿文文: 让仓库判断是否松动这个程度仓库估计不好拿捏，要么就是仓库可以根据客户提供的视频去操作，仓库拍摄视频返回客户，客户自行判断松动情况@_user_1 
如果客户能提供视频就走非标
[2026-09-04 11:38] 朱美霖: 好滴 感谢
[2026-09-04 14:28] 朱美霖: [Image:img_v3_02157_7fbee68e-e1d6-43dc-b815-0b6db45543cg]
[Image:img_v3_02157_e17a8ae4-715f-4500-b275-deea037e363g]
VASC000000351693
客户下拍照的增值单了辛苦上班后补拍下感谢
 补拍需求
2个轮子的正反面
两个轮的这个钩两侧都看看
外箱快递面单
[2026-09-04 14:28] 朱美霖: @_user_1 他不需要核实判断松动情况了就拍照就行的
[2026-09-05 13:36] 陈志颖: @_user_1 这个异常客户前面反馈需要补拍面单的，增值单上传图片没有，麻烦看下是外箱没有面单吗，能否补拍到
[2026-09-05 13:37] 陈志颖: VASC000000351693
[2026-09-07 21:30] 王婉清: 我看这个下增值上架了
[2026-09-07 21:30] 王婉清: [Image:img_v3_0215a_59a14596-4c8c-49f3-8c42-d95001a2c80h]
[2026-09-08 10:45] 陈志颖: @_user_1 客户是处理上架了，但是面单也需要提供的，客户需要根据单号联系货代申请索赔，能否补拍到
[2026-09-08 15:53] 王婉清: @_user_1 没有面单",王婉清；耿文文；朱美霖；陈志颖,耿文文,王婉清；朱美霖；耿文文；陈志颖,om_x100b66a0936e14a0c2b5b0a855ba7d6,,非标；增值；VASC；异常；EB；上架；拍照；仓库
